{"type":"FeatureCollection","features":[{"type":"Feature","geometry":{"type":"Point","coordinates":[-17.92,28.852778]},"properties":{"GSM_down":-74,"GSM_up":-64,"UMTS":-104,"fecha":1386288000000}},{"type":"Feature","geometry":{"type":"Point","coordinates":[-17.909722,28.843611]},"properties":{"GSM_down":-84,"GSM_up":-89,"UMTS":-114,"fecha":1386374400000}},{"type":"Feature","geometry":{"type":"Point","coordinates":[-17.92,28.839722]},"properties":{"GSM_down":-64,"GSM_up":-64,"UMTS":-109,"fecha":1386288000000}},{"type":"Feature","geometry":{"type":"Point","coordinates":[-17.9325,28.840833]},"properties":{"GSM_down":-74,"GSM_up":-64,"UMTS":-104,"fecha":1386288000000}},{"type":"Feature","geometry":{"type":"Point","coordinates":[-17.895556,28.834167]},"properties":{"GSM_down":-66,"GSM_up":-74,"UMTS":-109,"fecha":1386374400000}},{"type":"Feature","geometry":{"type":"Point","coordinates":[-17.904722,28.843333]},"properties":{"GSM_down":-74,"GSM_up":-74,"UMTS":-110,"fecha":1386374400000}},{"type":"Feature","geometry":{"type":"Point","coordinates":[-17.809722,28.834722]},"properties":{"GSM_down":-76,"GSM_up":-79,"UMTS":-104,"fecha":1387238400000}},{"type":"Feature","geometry":{"type":"Point","coordinates":[-17.789444,28.842778]},"properties":{"GSM_down":-74,"GSM_up":-84,"UMTS":-114,"fecha":1387238400000}},{"type":"Feature","geometry":{"type":"Point","coordinates":[-17.789444,28.842778]},"properties":{"GSM_down":-74,"GSM_up":-84,"UMTS":-114,"fecha":1387238400000}},{"type":"Feature","geometry":{"type":"Point","coordinates":[-17.945,28.83]},"properties":{"GSM_down":-64,"GSM_up":-64,"UMTS":-104,"fecha":1386288000000}},{"type":"Feature","geometry":{"type":"Point","coordinates":[-17.931944,28.8325]},"properties":{"GSM_down":-64,"GSM_up":-64,"UMTS":-104,"fecha":1386288000000}},{"type":"Feature","geometry":{"type":"Point","coordinates":[-17.931944,28.8325]},"properties":{"GSM_down":-64,"GSM_up":-64,"UMTS":-104,"fecha":1386288000000}},{"type":"Feature","geometry":{"type":"Point","coordinates":[-17.909722,28.830556]},"properties":{"GSM_down":-94,"GSM_up":-94,"UMTS":-114,"fecha":1386374400000}},{"type":"Feature","geometry":{"type":"Point","coordinates":[-17.899167,28.831944]},"properties":{"GSM_down":-64,"GSM_up":-94,"UMTS":-112,"fecha":1386374400000}},{"type":"Feature","geometry":{"type":"Point","coordinates":[-17.895,28.834167]},"properties":{"GSM_down":-64,"GSM_up":-94,"UMTS":-110,"fecha":1386374400000}},{"type":"Feature","geometry":{"type":"Point","coordinates":[-17.877222,28.831389]},"properties":{"GSM_down":-64,"GSM_up":-74,"UMTS":-109,"fecha":1386374400000}},{"type":"Feature","geometry":{"type":"Point","coordinates":[-17.864444,28.825833]},"properties":{"GSM_down":-74,"GSM_up":-64,"UMTS":-110,"fecha":1386374400000}},{"type":"Feature","geometry":{"type":"Point","coordinates":[-17.854722,28.826944]},"properties":{"GSM_down":-69,"GSM_up":-74,"UMTS":-109,"fecha":1386374400000}},{"type":"Feature","geometry":{"type":"Point","coordinates":[-17.8525,28.822778]},"properties":{"GSM_down":-67,"GSM_up":-74,"UMTS":-107,"fecha":1386374400000}},{"type":"Feature","geometry":{"type":"Point","coordinates":[-17.850278,28.825]},"properties":{"GSM_down":-64,"GSM_up":-64,"UMTS":-104,"fecha":1386288000000}},{"type":"Feature","geometry":{"type":"Point","coordinates":[-17.829444,28.829722]},"properties":{"GSM_down":-69,"GSM_up":-74,"UMTS":-108,"fecha":1387238400000}},{"type":"Feature","geometry":{"type":"Point","coordinates":[-17.823889,28.831111]},"properties":{"GSM_down":-74,"GSM_up":-79,"UMTS":-104,"fecha":1387238400000}},{"type":"Feature","geometry":{"type":"Point","coordinates":[-17.791111,28.835833]},"properties":{"GSM_down":-64,"GSM_up":-100,"UMTS":-104,"fecha":1387238400000}},{"type":"Feature","geometry":{"type":"Point","coordinates":[-17.786667,28.830278]},"properties":{"GSM_down":-69,"GSM_up":-64,"UMTS":-104,"fecha":1387238400000}},{"type":"Feature","geometry":{"type":"Point","coordinates":[-17.776667,28.828056]},"properties":{"GSM_down":-79,"GSM_up":-74,"UMTS":-104,"fecha":1387238400000}},{"type":"Feature","geometry":{"type":"Point","coordinates":[-17.953056,28.822778]},"properties":{"GSM_down":-89,"GSM_up":-84,"UMTS":-105,"fecha":1386201600000}},{"type":"Feature","geometry":{"type":"Point","coordinates":[-17.945,28.83]},"properties":{"GSM_down":-64,"GSM_up":-64,"UMTS":-104,"fecha":1386288000000}},{"type":"Feature","geometry":{"type":"Point","coordinates":[-17.936111,28.826944]},"properties":{"GSM_down":-64,"GSM_up":-74,"UMTS":-104,"fecha":1386288000000}},{"type":"Feature","geometry":{"type":"Point","coordinates":[-17.850278,28.825]},"properties":{"GSM_down":-64,"GSM_up":-64,"UMTS":-104,"fecha":1386288000000}},{"type":"Feature","geometry":{"type":"Point","coordinates":[-17.9,28.824722]},"properties":{"GSM_down":-84,"GSM_up":-74,"UMTS":-104,"fecha":1386288000000}},{"type":"Feature","geometry":{"type":"Point","coordinates":[-17.8975,28.823333]},"properties":{"GSM_down":-94,"GSM_up":-64,"UMTS":-104,"fecha":1386374400000}},{"type":"Feature","geometry":{"type":"Point","coordinates":[-17.894722,28.826944]},"properties":{"GSM_down":-64,"GSM_up":-64,"UMTS":-109,"fecha":1386374400000}},{"type":"Feature","geometry":{"type":"Point","coordinates":[-17.881667,28.824167]},"properties":{"GSM_down":-84,"GSM_up":-89,"UMTS":-105,"fecha":1386374400000}},{"type":"Feature","geometry":{"type":"Point","coordinates":[-17.864444,28.825833]},"properties":{"GSM_down":-74,"GSM_up":-64,"UMTS":-108,"fecha":1386374400000}},{"type":"Feature","geometry":{"type":"Point","coordinates":[-17.854722,28.826944]},"properties":{"GSM_down":-69,"GSM_up":-74,"UMTS":-108,"fecha":1386374400000}},{"type":"Feature","geometry":{"type":"Point","coordinates":[-17.8525,28.822778]},"properties":{"GSM_down":-67,"GSM_up":-74,"UMTS":-104,"fecha":1386374400000}},{"type":"Feature","geometry":{"type":"Point","coordinates":[-17.845,28.822778]},"properties":{"GSM_down":-67,"GSM_up":-74,"UMTS":-104,"fecha":1386374400000}},{"type":"Feature","geometry":{"type":"Point","coordinates":[-17.838333,28.8225]},"properties":{"GSM_down":-64,"GSM_up":-69,"UMTS":-109,"fecha":1386374400000}},{"type":"Feature","geometry":{"type":"Point","coordinates":[-17.815,28.82]},"properties":{"GSM_down":-69,"GSM_up":-74,"UMTS":-106,"fecha":1386374400000}},{"type":"Feature","geometry":{"type":"Point","coordinates":[-17.808889,28.819167]},"properties":{"GSM_down":-69,"GSM_up":-84,"UMTS":-104,"fecha":1387238400000}},{"type":"Feature","geometry":{"type":"Point","coordinates":[-17.798611,28.824167]},"properties":{"GSM_down":-99,"GSM_up":-64,"UMTS":-104,"fecha":1387238400000}},{"type":"Feature","geometry":{"type":"Point","coordinates":[-17.782778,28.823333]},"properties":{"GSM_down":-69,"GSM_up":-64,"UMTS":-104,"fecha":1387238400000}},{"type":"Feature","geometry":{"type":"Point","coordinates":[-17.773333,28.819722]},"properties":{"GSM_down":-64,"GSM_up":-64,"UMTS":-104,"fecha":1387238400000}},{"type":"Feature","geometry":{"type":"Point","coordinates":[-17.956944,28.816667]},"properties":{"GSM_down":-100,"GSM_up":-94,"UMTS":-109,"fecha":1386201600000}},{"type":"Feature","geometry":{"type":"Point","coordinates":[-17.953333,28.812222]},"properties":{"GSM_down":-84,"GSM_up":-84,"UMTS":-104,"fecha":1386201600000}},{"type":"Feature","geometry":{"type":"Point","coordinates":[-17.951111,28.813889]},"properties":{"GSM_down":-84,"GSM_up":-84,"UMTS":-104,"fecha":1386201600000}},{"type":"Feature","geometry":{"type":"Point","coordinates":[-17.942778,28.821111]},"properties":{"GSM_down":-89,"GSM_up":-94,"UMTS":-109,"fecha":1386288000000}},{"type":"Feature","geometry":{"type":"Point","coordinates":[-17.943889,28.8175]},"properties":{"GSM_down":-89,"GSM_up":-99,"UMTS":-109,"fecha":1386288000000}},{"type":"Feature","geometry":{"type":"Point","coordinates":[-17.917778,28.816389]},"properties":{"GSM_down":-74,"GSM_up":-69,"UMTS":-94,"fecha":1386288000000}},{"type":"Feature","geometry":{"type":"Point","coordinates":[-17.903056,28.815833]},"properties":{"GSM_down":-94,"GSM_up":-74,"UMTS":-110,"fecha":1386374400000}},{"type":"Feature","geometry":{"type":"Point","coordinates":[-17.895278,28.802222]},"properties":{"GSM_down":-99,"GSM_up":-82,"UMTS":-110,"fecha":1386374400000}},{"type":"Feature","geometry":{"type":"Point","coordinates":[-17.885833,28.815833]},"properties":{"GSM_down":-89,"GSM_up":-74,"UMTS":-108,"fecha":1386374400000}},{"type":"Feature","geometry":{"type":"Point","coordinates":[-17.858611,28.814444]},"properties":{"GSM_down":-89,"GSM_up":-84,"UMTS":-108,"fecha":1386374400000}},{"type":"Feature","geometry":{"type":"Point","coordinates":[-17.858611,28.813611]},"properties":{"GSM_down":-109,"GSM_up":-114,"UMTS":-114,"fecha":1386374400000}},{"type":"Feature","geometry":{"type":"Point","coordinates":[-17.871667,28.798889]},"properties":{"GSM_down":-104,"GSM_up":-94,"UMTS":-114,"fecha":1386374400000}},{"type":"Feature","geometry":{"type":"Point","coordinates":[-17.839722,28.817222]},"properties":{"GSM_down":-104,"GSM_up":-94,"UMTS":-109,"fecha":1386374400000}},{"type":"Feature","geometry":{"type":"Point","coordinates":[-17.847778,28.822778]},"properties":{"GSM_down":-92,"GSM_up":-94,"UMTS":-114,"fecha":1386374400000}},{"type":"Feature","geometry":{"type":"Point","coordinates":[-17.839722,28.818611]},"properties":{"GSM_down":-104,"GSM_up":-94,"UMTS":-114,"fecha":1386374400000}},{"type":"Feature","geometry":{"type":"Point","coordinates":[-17.803056,28.811667]},"properties":{"GSM_down":-89,"GSM_up":-74,"UMTS":-104,"fecha":1387238400000}},{"type":"Feature","geometry":{"type":"Point","coordinates":[-17.791111,28.813611]},"properties":{"GSM_down":-79,"GSM_up":-64,"UMTS":-104,"fecha":1387238400000}},{"type":"Feature","geometry":{"type":"Point","coordinates":[-17.789167,28.813611]},"properties":{"GSM_down":-89,"GSM_up":-94,"UMTS":-104,"fecha":1387238400000}},{"type":"Feature","geometry":{"type":"Point","coordinates":[-17.78,28.805833]},"properties":{"GSM_down":-89,"GSM_up":-79,"UMTS":-104,"fecha":1387238400000}},{"type":"Feature","geometry":{"type":"Point","coordinates":[-17.770278,28.812778]},"properties":{"GSM_down":-89,"GSM_up":-74,"UMTS":-104,"fecha":1387238400000}},{"type":"Feature","geometry":{"type":"Point","coordinates":[-17.968333,28.804167]},"properties":{"GSM_down":-89,"GSM_up":-84,"UMTS":-109,"fecha":1386201600000}},{"type":"Feature","geometry":{"type":"Point","coordinates":[-17.968333,28.804167]},"properties":{"GSM_down":-89,"GSM_up":-84,"UMTS":-109,"fecha":1386201600000}},{"type":"Feature","geometry":{"type":"Point","coordinates":[-17.968333,28.804167]},"properties":{"GSM_down":-89,"GSM_up":-84,"UMTS":-111,"fecha":1386201600000}},{"type":"Feature","geometry":{"type":"Point","coordinates":[-17.951667,28.805278]},"properties":{"GSM_down":-96,"GSM_up":-94,"UMTS":-110,"fecha":1386201600000}},{"type":"Feature","geometry":{"type":"Point","coordinates":[-17.935,28.811667]},"properties":{"GSM_down":-74,"GSM_up":-94,"UMTS":-104,"fecha":1386288000000}},{"type":"Feature","geometry":{"type":"Point","coordinates":[-17.923333,28.805278]},"properties":{"GSM_down":-74,"GSM_up":-74,"UMTS":-104,"fecha":1386201600000}},{"type":"Feature","geometry":{"type":"Point","coordinates":[-17.913889,28.808889]},"properties":{"GSM_down":-84,"GSM_up":-64,"UMTS":-109,"fecha":1386288000000}},{"type":"Feature","geometry":{"type":"Point","coordinates":[-17.905,28.808056]},"properties":{"GSM_down":-94,"GSM_up":-69,"UMTS":-109,"fecha":1386374400000}},{"type":"Feature","geometry":{"type":"Point","coordinates":[-17.894167,28.799444]},"properties":{"GSM_down":-86,"GSM_up":-84,"UMTS":-104,"fecha":1386374400000}},{"type":"Feature","geometry":{"type":"Point","coordinates":[-17.888611,28.808056]},"properties":{"GSM_down":-100,"GSM_up":-74,"UMTS":-108,"fecha":1386374400000}},{"type":"Feature","geometry":{"type":"Point","coordinates":[-17.868333,28.807222]},"properties":{"GSM_down":-99,"GSM_up":-94,"UMTS":-108,"fecha":1386374400000}},{"type":"Feature","geometry":{"type":"Point","coordinates":[-17.864444,28.800278]},"properties":{"GSM_down":-114,"GSM_up":-104,"UMTS":-114,"fecha":1387497600000}},{"type":"Feature","geometry":{"type":"Point","coordinates":[-17.861111,28.798889]},"properties":{"GSM_down":-114,"GSM_up":-104,"UMTS":-114,"fecha":1387497600000}},{"type":"Feature","geometry":{"type":"Point","coordinates":[-17.825278,28.8075]},"properties":{"GSM_down":-99,"GSM_up":-99,"UMTS":-104,"fecha":1387497600000}},{"type":"Feature","geometry":{"type":"Point","coordinates":[-17.816667,28.808611]},"properties":{"GSM_down":-99,"GSM_up":-99,"UMTS":-109,"fecha":1387497600000}},{"type":"Feature","geometry":{"type":"Point","coordinates":[-17.825,28.809722]},"properties":{"GSM_down":-107,"GSM_up":-109,"UMTS":-114,"fecha":1387497600000}},{"type":"Feature","geometry":{"type":"Point","coordinates":[-17.786944,28.8025]},"properties":{"GSM_down":-94,"GSM_up":-79,"UMTS":-109,"fecha":1387324800000}},{"type":"Feature","geometry":{"type":"Point","coordinates":[-17.783333,28.802778]},"properties":{"GSM_down":-79,"GSM_up":-74,"UMTS":-104,"fecha":1387324800000}},{"type":"Feature","geometry":{"type":"Point","coordinates":[-17.783056,28.802778]},"properties":{"GSM_down":-64,"GSM_up":-74,"UMTS":-104,"fecha":1387324800000}},{"type":"Feature","geometry":{"type":"Point","coordinates":[-17.773889,28.804722]},"properties":{"GSM_down":-64,"GSM_up":-74,"UMTS":-99,"fecha":1387238400000}},{"type":"Feature","geometry":{"type":"Point","coordinates":[-17.760556,28.799722]},"properties":{"GSM_down":-89,"GSM_up":-79,"UMTS":-104,"fecha":1387238400000}},{"type":"Feature","geometry":{"type":"Point","coordinates":[-17.976389,28.796944]},"properties":{"GSM_down":-99,"GSM_up":-99,"UMTS":-114,"fecha":1386028800000}},{"type":"Feature","geometry":{"type":"Point","coordinates":[-17.976389,28.796944]},"properties":{"GSM_down":-99,"GSM_up":-99,"UMTS":-114,"fecha":1386028800000}},{"type":"Feature","geometry":{"type":"Point","coordinates":[-17.973056,28.792778]},"properties":{"GSM_down":-84,"GSM_up":-94,"UMTS":-104,"fecha":1386028800000}},{"type":"Feature","geometry":{"type":"Point","coordinates":[-17.961389,28.791111]},"properties":{"GSM_down":-94,"GSM_up":-111,"UMTS":-114,"fecha":1386201600000}},{"type":"Feature","geometry":{"type":"Point","coordinates":[-17.950278,28.788889]},"properties":{"GSM_down":-99,"GSM_up":-94,"UMTS":-104,"fecha":1386201600000}},{"type":"Feature","geometry":{"type":"Point","coordinates":[-17.938056,28.805278]},"properties":{"GSM_down":-84,"GSM_up":-84,"UMTS":-102,"fecha":1386201600000}},{"type":"Feature","geometry":{"type":"Point","coordinates":[-17.921389,28.801667]},"properties":{"GSM_down":-74,"GSM_up":-74,"UMTS":-104,"fecha":1386201600000}},{"type":"Feature","geometry":{"type":"Point","coordinates":[-17.918611,28.795556]},"properties":{"GSM_down":-79,"GSM_up":-84,"UMTS":-105,"fecha":1386201600000}},{"type":"Feature","geometry":{"type":"Point","coordinates":[-17.899167,28.795833]},"properties":{"GSM_down":-99,"GSM_up":-94,"UMTS":-109,"fecha":1386374400000}},{"type":"Feature","geometry":{"type":"Point","coordinates":[-17.893611,28.796389]},"properties":{"GSM_down":-98,"GSM_up":-94,"UMTS":-109,"fecha":1386374400000}},{"type":"Feature","geometry":{"type":"Point","coordinates":[-17.886944,28.798611]},"properties":{"GSM_down":-99,"GSM_up":-84,"UMTS":-108,"fecha":1386374400000}},{"type":"Feature","geometry":{"type":"Point","coordinates":[-17.871944,28.799167]},"properties":{"GSM_down":-94,"GSM_up":-84,"UMTS":-106,"fecha":1386374400000}},{"type":"Feature","geometry":{"type":"Point","coordinates":[-17.856111,28.790556]},"properties":{"GSM_down":-114,"GSM_up":-109,"UMTS":-114,"fecha":1387497600000}},{"type":"Feature","geometry":{"type":"Point","coordinates":[-17.85,28.795278]},"properties":{"GSM_down":-114,"GSM_up":-109,"UMTS":-114,"fecha":1387497600000}},{"type":"Feature","geometry":{"type":"Point","coordinates":[-17.855278,28.798611]},"properties":{"GSM_down":-102,"GSM_up":-109,"UMTS":-109,"fecha":1387497600000}},{"type":"Feature","geometry":{"type":"Point","coordinates":[-17.833333,28.801111]},"properties":{"GSM_down":-112,"GSM_up":-112,"UMTS":-114,"fecha":1387497600000}},{"type":"Feature","geometry":{"type":"Point","coordinates":[-17.820556,28.7975]},"properties":{"GSM_down":-104,"GSM_up":-106,"UMTS":-114,"fecha":1387497600000}},{"type":"Feature","geometry":{"type":"Point","coordinates":[-17.805278,28.796667]},"properties":{"GSM_down":-104,"GSM_up":-106,"UMTS":-114,"fecha":1387497600000}},{"type":"Feature","geometry":{"type":"Point","coordinates":[-17.801111,28.789722]},"properties":{"GSM_down":-105,"GSM_up":-106,"UMTS":-114,"fecha":1387324800000}},{"type":"Feature","geometry":{"type":"Point","coordinates":[-17.788056,28.797778]},"properties":{"GSM_down":-92,"GSM_up":-99,"UMTS":-104,"fecha":1387324800000}},{"type":"Feature","geometry":{"type":"Point","coordinates":[-17.769722,28.7925]},"properties":{"GSM_down":-89,"GSM_up":-64,"UMTS":-99,"fecha":1387238400000}},{"type":"Feature","geometry":{"type":"Point","coordinates":[-17.763056,28.794444]},"properties":{"GSM_down":-84,"GSM_up":-84,"UMTS":-104,"fecha":1387238400000}},{"type":"Feature","geometry":{"type":"Point","coordinates":[-17.998333,28.778889]},"properties":{"GSM_down":-74,"GSM_up":-74,"UMTS":-106,"fecha":1386028800000}},{"type":"Feature","geometry":{"type":"Point","coordinates":[-17.991111,28.779167]},"properties":{"GSM_down":-74,"GSM_up":-74,"UMTS":-104,"fecha":1386028800000}},{"type":"Feature","geometry":{"type":"Point","coordinates":[-17.984722,28.778889]},"properties":{"GSM_down":-94,"GSM_up":-99,"UMTS":-104,"fecha":1386028800000}},{"type":"Feature","geometry":{"type":"Point","coordinates":[-17.972778,28.786389]},"properties":{"GSM_down":-74,"GSM_up":-74,"UMTS":-104,"fecha":1386028800000}},{"type":"Feature","geometry":{"type":"Point","coordinates":[-17.968889,28.789722]},"properties":{"GSM_down":-99,"GSM_up":-99,"UMTS":-104,"fecha":1386201600000}},{"type":"Feature","geometry":{"type":"Point","coordinates":[-17.9575,28.777778]},"properties":{"GSM_down":-94,"GSM_up":-99,"UMTS":-104,"fecha":1387497600000}},{"type":"Feature","geometry":{"type":"Point","coordinates":[-17.999444,28.784444]},"properties":{"GSM_down":-99,"GSM_up":-94,"UMTS":-104,"fecha":1386201600000}},{"type":"Feature","geometry":{"type":"Point","coordinates":[-17.926667,28.789167]},"properties":{"GSM_down":-99,"GSM_up":-94,"UMTS":-105,"fecha":1386201600000}},{"type":"Feature","geometry":{"type":"Point","coordinates":[-17.914167,28.777222]},"properties":{"GSM_down":-99,"GSM_up":-94,"UMTS":-106,"fecha":1387497600000}},{"type":"Feature","geometry":{"type":"Point","coordinates":[-17.894444,28.792778]},"properties":{"GSM_down":-94,"GSM_up":-94,"UMTS":-109,"fecha":1386374400000}},{"type":"Feature","geometry":{"type":"Point","coordinates":[-17.890278,28.779167]},"properties":{"GSM_down":-94,"GSM_up":-94,"UMTS":-109,"fecha":1386374400000}},{"type":"Feature","geometry":{"type":"Point","coordinates":[-17.886667,28.779722]},"properties":{"GSM_down":-94,"GSM_up":-94,"UMTS":-109,"fecha":1386374400000}},{"type":"Feature","geometry":{"type":"Point","coordinates":[-17.873056,28.780278]},"properties":{"GSM_down":-96,"GSM_up":-94,"UMTS":-110,"fecha":1385856000000}},{"type":"Feature","geometry":{"type":"Point","coordinates":[-17.862222,28.78]},"properties":{"GSM_down":-104,"GSM_up":-106,"UMTS":-114,"fecha":1387497600000}},{"type":"Feature","geometry":{"type":"Point","coordinates":[-17.853056,28.780556]},"properties":{"GSM_down":-112,"GSM_up":-112,"UMTS":-114,"fecha":1387497600000}},{"type":"Feature","geometry":{"type":"Point","coordinates":[-17.841111,28.781389]},"properties":{"GSM_down":-112,"GSM_up":-112,"UMTS":-114,"fecha":1387497600000}},{"type":"Feature","geometry":{"type":"Point","coordinates":[-17.828333,28.781667]},"properties":{"GSM_down":-106,"GSM_up":-106,"UMTS":-114,"fecha":1387497600000}},{"type":"Feature","geometry":{"type":"Point","coordinates":[-17.785,28.785]},"properties":{"GSM_down":-94,"GSM_up":-79,"UMTS":-104,"fecha":1387324800000}},{"type":"Feature","geometry":{"type":"Point","coordinates":[-17.785,28.785]},"properties":{"GSM_down":-94,"GSM_up":-79,"UMTS":-104,"fecha":1387411200000}},{"type":"Feature","geometry":{"type":"Point","coordinates":[-17.785,28.785]},"properties":{"GSM_down":-94,"GSM_up":-79,"UMTS":-99,"fecha":1387411200000}},{"type":"Feature","geometry":{"type":"Point","coordinates":[-17.7725,28.775833]},"properties":{"GSM_down":-74,"GSM_up":-64,"UMTS":-102,"fecha":1387411200000}},{"type":"Feature","geometry":{"type":"Point","coordinates":[-17.776667,28.789167]},"properties":{"GSM_down":-86,"GSM_up":-84,"UMTS":-104,"fecha":1387324800000}},{"type":"Feature","geometry":{"type":"Point","coordinates":[-17.763889,28.786111]},"properties":{"GSM_down":-79,"GSM_up":-84,"UMTS":-102,"fecha":1387324800000}},{"type":"Feature","geometry":{"type":"Point","coordinates":[-17.763889,28.786111]},"properties":{"GSM_down":-79,"GSM_up":-84,"UMTS":-104,"fecha":1387324800000}},{"type":"Feature","geometry":{"type":"Point","coordinates":[-17.9875,28.784444]},"properties":{"GSM_down":-74,"GSM_up":-74,"UMTS":-104,"fecha":1386028800000}},{"type":"Feature","geometry":{"type":"Point","coordinates":[-17.9875,28.784444]},"properties":{"GSM_down":-74,"GSM_up":-74,"UMTS":-104,"fecha":1386028800000}},{"type":"Feature","geometry":{"type":"Point","coordinates":[-17.988611,28.782222]},"properties":{"GSM_down":-74,"GSM_up":-72,"UMTS":-104,"fecha":1386028800000}},{"type":"Feature","geometry":{"type":"Point","coordinates":[-17.98,28.783333]},"properties":{"GSM_down":-96,"GSM_up":-89,"UMTS":-112,"fecha":1386028800000}},{"type":"Feature","geometry":{"type":"Point","coordinates":[-17.969444,28.776389]},"properties":{"GSM_down":-74,"GSM_up":-99,"UMTS":-104,"fecha":1386028800000}},{"type":"Feature","geometry":{"type":"Point","coordinates":[-17.954444,28.778333]},"properties":{"GSM_down":-74,"GSM_up":-64,"UMTS":-92,"fecha":1386028800000}},{"type":"Feature","geometry":{"type":"Point","coordinates":[-17.944444,28.776389]},"properties":{"GSM_down":-66,"GSM_up":-99,"UMTS":-99,"fecha":1386028800000}},{"type":"Feature","geometry":{"type":"Point","coordinates":[-17.931944,28.778056]},"properties":{"GSM_down":-66,"GSM_up":-99,"UMTS":-98,"fecha":1386028800000}},{"type":"Feature","geometry":{"type":"Point","coordinates":[-17.937778,28.776389]},"properties":{"GSM_down":-74,"GSM_up":-89,"UMTS":-94,"fecha":1386028800000}},{"type":"Feature","geometry":{"type":"Point","coordinates":[-17.913889,28.791389]},"properties":{"GSM_down":-99,"GSM_up":-94,"UMTS":-110,"fecha":1386374400000}},{"type":"Feature","geometry":{"type":"Point","coordinates":[-17.915278,28.777778]},"properties":{"GSM_down":-102,"GSM_up":-109,"UMTS":-110,"fecha":1385510400000}},{"type":"Feature","geometry":{"type":"Point","coordinates":[-17.893889,28.780556]},"properties":{"GSM_down":-105,"GSM_up":-106,"UMTS":-114,"fecha":1385510400000}},{"type":"Feature","geometry":{"type":"Point","coordinates":[-17.886111,28.781667]},"properties":{"GSM_down":-105,"GSM_up":-106,"UMTS":-114,"fecha":1385510400000}},{"type":"Feature","geometry":{"type":"Point","coordinates":[-17.876111,28.788611]},"properties":{"GSM_down":-112,"GSM_up":-112,"UMTS":114,"fecha":1385510400000}},{"type":"Feature","geometry":{"type":"Point","coordinates":[-17.863889,28.788889]},"properties":{"GSM_down":-112,"GSM_up":-112,"UMTS":-114,"fecha":1385510400000}},{"type":"Feature","geometry":{"type":"Point","coordinates":[-17.856667,28.796111]},"properties":{"GSM_down":-112,"GSM_up":-112,"UMTS":-114,"fecha":1385510400000}},{"type":"Feature","geometry":{"type":"Point","coordinates":[-17.844444,28.796111]},"properties":{"GSM_down":-106,"GSM_up":-106,"UMTS":-114,"fecha":1385510400000}},{"type":"Feature","geometry":{"type":"Point","coordinates":[-17.833333,28.798333]},"properties":{"GSM_down":-102,"GSM_up":-107,"UMTS":-109,"fecha":1385510400000}},{"type":"Feature","geometry":{"type":"Point","coordinates":[-17.821389,28.7975]},"properties":{"GSM_down":-99,"GSM_up":-94,"UMTS":-99,"fecha":1385510400000}},{"type":"Feature","geometry":{"type":"Point","coordinates":[-17.801944,28.778333]},"properties":{"GSM_down":-64,"GSM_up":-74,"UMTS":-99,"fecha":1387411200000}},{"type":"Feature","geometry":{"type":"Point","coordinates":[-17.793333,28.778333]},"properties":{"GSM_down":-74,"GSM_up":-64,"UMTS":-102,"fecha":1387411200000}},{"type":"Feature","geometry":{"type":"Point","coordinates":[-17.775556,28.775556]},"properties":{"GSM_down":-74,"GSM_up":-64,"UMTS":-104,"fecha":1387411200000}},{"type":"Feature","geometry":{"type":"Point","coordinates":[-17.7725,28.775833]},"properties":{"GSM_down":-64,"GSM_up":-64,"UMTS":-99,"fecha":1387411200000}},{"type":"Feature","geometry":{"type":"Point","coordinates":[-17.766389,28.772222]},"properties":{"GSM_down":-86,"GSM_up":-64,"UMTS":-98,"fecha":1387324800000}},{"type":"Feature","geometry":{"type":"Point","coordinates":[-17.758611,28.781111]},"properties":{"GSM_down":-79,"GSM_up":-64,"UMTS":-89,"fecha":1387411200000}},{"type":"Feature","geometry":{"type":"Point","coordinates":[-17.993889,28.767222]},"properties":{"GSM_down":-104,"GSM_up":-98,"UMTS":-109,"fecha":1385683200000}},{"type":"Feature","geometry":{"type":"Point","coordinates":[-17.993889,28.767222]},"properties":{"GSM_down":-104,"GSM_up":-98,"UMTS":-110,"fecha":1385683200000}},{"type":"Feature","geometry":{"type":"Point","coordinates":[-17.990833,28.759722]},"properties":{"GSM_down":-59,"GSM_up":-59,"UMTS":-76,"fecha":1385683200000}},{"type":"Feature","geometry":{"type":"Point","coordinates":[-17.990833,28.759722]},"properties":{"GSM_down":-57,"GSM_up":-59,"UMTS":-76,"fecha":1385683200000}},{"type":"Feature","geometry":{"type":"Point","coordinates":[-17.965556,28.766944]},"properties":{"GSM_down":-74,"GSM_up":-99,"UMTS":-94,"fecha":1386028800000}},{"type":"Feature","geometry":{"type":"Point","coordinates":[-17.954722,28.765278]},"properties":{"GSM_down":-74,"GSM_up":-99,"UMTS":-94,"fecha":1386028800000}},{"type":"Feature","geometry":{"type":"Point","coordinates":[-17.949167,28.761944]},"properties":{"GSM_down":-79,"GSM_up":-64,"UMTS":-89,"fecha":1386028800000}},{"type":"Feature","geometry":{"type":"Point","coordinates":[-17.935556,28.766111]},"properties":{"GSM_down":-114,"GSM_up":-110,"UMTS":-114,"fecha":1386028800000}},{"type":"Feature","geometry":{"type":"Point","coordinates":[-17.922778,28.768056]},"properties":{"GSM_down":-110,"GSM_up":-114,"UMTS":-114,"fecha":1386028800000}},{"type":"Feature","geometry":{"type":"Point","coordinates":[-17.9175,28.763889]},"properties":{"GSM_down":-104,"GSM_up":-94,"UMTS":-109,"fecha":1386028800000}},{"type":"Feature","geometry":{"type":"Point","coordinates":[-17.904444,28.771944]},"properties":{"GSM_down":-104,"GSM_up":-94,"UMTS":-114,"fecha":1387497600000}},{"type":"Feature","geometry":{"type":"Point","coordinates":[-17.888611,28.765]},"properties":{"GSM_down":-84,"GSM_up":-64,"UMTS":-109,"fecha":1387497600000}},{"type":"Feature","geometry":{"type":"Point","coordinates":[-17.887222,28.765278]},"properties":{"GSM_down":-84,"GSM_up":-64,"UMTS":-109,"fecha":1387497600000}},{"type":"Feature","geometry":{"type":"Point","coordinates":[-17.867222,28.761389]},"properties":{"GSM_down":-84,"GSM_up":-94,"UMTS":-109,"fecha":1387497600000}},{"type":"Feature","geometry":{"type":"Point","coordinates":[-17.844722,28.762222]},"properties":{"GSM_down":-84,"GSM_up":-84,"UMTS":-109,"fecha":1387497600000}},{"type":"Feature","geometry":{"type":"Point","coordinates":[-17.846944,28.760833]},"properties":{"GSM_down":-106,"GSM_up":-98,"UMTS":-109,"fecha":1387411200000}},{"type":"Feature","geometry":{"type":"Point","coordinates":[-17.838333,28.76]},"properties":{"GSM_down":-105,"GSM_up":-106,"UMTS":-114,"fecha":1387411200000}},{"type":"Feature","geometry":{"type":"Point","coordinates":[-17.824444,28.76]},"properties":{"GSM_down":-106,"GSM_up":-98,"UMTS":-114,"fecha":1387411200000}},{"type":"Feature","geometry":{"type":"Point","coordinates":[-17.810556,28.773056]},"properties":{"GSM_down":-106,"GSM_up":-94,"UMTS":-110,"fecha":1387411200000}},{"type":"Feature","geometry":{"type":"Point","coordinates":[-17.791111,28.768611]},"properties":{"GSM_down":-106,"GSM_up":-94,"UMTS":-110,"fecha":1387411200000}},{"type":"Feature","geometry":{"type":"Point","coordinates":[-17.791111,28.768611]},"properties":{"GSM_down":-106,"GSM_up":-94,"UMTS":-109,"fecha":1387411200000}},{"type":"Feature","geometry":{"type":"Point","coordinates":[-17.78,28.769444]},"properties":{"GSM_down":-84,"GSM_up":-94,"UMTS":-109,"fecha":1387411200000}},{"type":"Feature","geometry":{"type":"Point","coordinates":[-17.769722,28.766944]},"properties":{"GSM_down":-84,"GSM_up":-94,"UMTS":-99,"fecha":1387411200000}},{"type":"Feature","geometry":{"type":"Point","coordinates":[-17.761111,28.769444]},"properties":{"GSM_down":-69,"GSM_up":-72,"UMTS":-98,"fecha":1387411200000}},{"type":"Feature","geometry":{"type":"Point","coordinates":[-17.756389,28.767222]},"properties":{"GSM_down":-64,"GSM_up":-69,"UMTS":-94,"fecha":1387411200000}},{"type":"Feature","geometry":{"type":"Point","coordinates":[-17.756389,28.767222]},"properties":{"GSM_down":-64,"GSM_up":-69,"UMTS":-89,"fecha":1387411200000}},{"type":"Feature","geometry":{"type":"Point","coordinates":[-17.977778,28.763333]},"properties":{"GSM_down":-96,"GSM_up":-104,"UMTS":-106,"fecha":1385683200000}},{"type":"Feature","geometry":{"type":"Point","coordinates":[-17.990833,28.759722]},"properties":{"GSM_down":-59,"GSM_up":-59,"UMTS":-76,"fecha":1385683200000}},{"type":"Feature","geometry":{"type":"Point","coordinates":[-17.990833,28.759722]},"properties":{"GSM_down":-59,"GSM_up":-58,"UMTS":-76,"fecha":1385683200000}},{"type":"Feature","geometry":{"type":"Point","coordinates":[-17.977778,28.763333]},"properties":{"GSM_down":-69,"GSM_up":-59,"UMTS":-104,"fecha":1385683200000}},{"type":"Feature","geometry":{"type":"Point","coordinates":[-17.966667,28.7425]},"properties":{"GSM_down":-74,"GSM_up":-84,"UMTS":-104,"fecha":1386028800000}},{"type":"Feature","geometry":{"type":"Point","coordinates":[-17.952222,28.757222]},"properties":{"GSM_down":-96,"GSM_up":-94,"UMTS":-113,"fecha":1386028800000}},{"type":"Feature","geometry":{"type":"Point","coordinates":[-17.944167,28.756389]},"properties":{"GSM_down":-84,"GSM_up":-84,"UMTS":-109,"fecha":1386028800000}},{"type":"Feature","geometry":{"type":"Point","coordinates":[-17.933333,28.752778]},"properties":{"GSM_down":-89,"GSM_up":-84,"UMTS":-109,"fecha":1386028800000}},{"type":"Feature","geometry":{"type":"Point","coordinates":[-17.933333,28.752778]},"properties":{"GSM_down":-89,"GSM_up":-84,"UMTS":-109,"fecha":1386028800000}},{"type":"Feature","geometry":{"type":"Point","coordinates":[-17.899722,28.766111]},"properties":{"GSM_down":-89,"GSM_up":-64,"UMTS":-111,"fecha":1387497600000}},{"type":"Feature","geometry":{"type":"Point","coordinates":[-17.878889,28.761944]},"properties":{"GSM_down":-64,"GSM_up":-59,"UMTS":-110,"fecha":1387497600000}},{"type":"Feature","geometry":{"type":"Point","coordinates":[-17.885556,28.754722]},"properties":{"GSM_down":-70,"GSM_up":-70,"UMTS":-109,"fecha":1387497600000}},{"type":"Feature","geometry":{"type":"Point","coordinates":[-17.871389,28.758333]},"properties":{"GSM_down":-114,"GSM_up":-94,"UMTS":-111,"fecha":1387497600000}},{"type":"Feature","geometry":{"type":"Point","coordinates":[-17.861389,28.756667]},"properties":{"GSM_down":-105,"GSM_up":-106,"UMTS":-114,"fecha":1387497600000}},{"type":"Feature","geometry":{"type":"Point","coordinates":[-17.844722,28.818333]},"properties":{"GSM_down":-114,"GSM_up":-84,"UMTS":-114,"fecha":1387497600000}},{"type":"Feature","geometry":{"type":"Point","coordinates":[-17.834167,28.7525]},"properties":{"GSM_down":-94,"GSM_up":-84,"UMTS":-114,"fecha":1387497600000}},{"type":"Feature","geometry":{"type":"Point","coordinates":[-17.827778,28.752222]},"properties":{"GSM_down":-108,"GSM_up":-106,"UMTS":-114,"fecha":1387497600000}},{"type":"Feature","geometry":{"type":"Point","coordinates":[-17.8175,28.750278]},"properties":{"GSM_down":-108,"GSM_up":-106,"UMTS":-114,"fecha":1387497600000}},{"type":"Feature","geometry":{"type":"Point","coordinates":[-17.799722,28.752778]},"properties":{"GSM_down":-82,"GSM_up":-74,"UMTS":-109,"fecha":1387411200000}},{"type":"Feature","geometry":{"type":"Point","coordinates":[-17.773333,28.7125]},"properties":{"GSM_down":-74,"GSM_up":-79,"UMTS":-82,"fecha":1387411200000}},{"type":"Feature","geometry":{"type":"Point","coordinates":[-17.773333,28.7125]},"properties":{"GSM_down":-74,"GSM_up":-79,"UMTS":-85,"fecha":1387411200000}},{"type":"Feature","geometry":{"type":"Point","coordinates":[-17.768333,28.761111]},"properties":{"GSM_down":-59,"GSM_up":-84,"UMTS":-99,"fecha":1387411200000}},{"type":"Feature","geometry":{"type":"Point","coordinates":[-17.768333,28.756944]},"properties":{"GSM_down":-64,"GSM_up":-97,"UMTS":-89,"fecha":1387411200000}},{"type":"Feature","geometry":{"type":"Point","coordinates":[-17.755556,28.757222]},"properties":{"GSM_down":-59,"GSM_up":-84,"UMTS":-95,"fecha":1387411200000}},{"type":"Feature","geometry":{"type":"Point","coordinates":[-17.748611,28.761389]},"properties":{"GSM_down":-69,"GSM_up":-64,"UMTS":-102,"fecha":1387411200000}},{"type":"Feature","geometry":{"type":"Point","coordinates":[-17.748611,28.761389]},"properties":{"GSM_down":-64,"GSM_up":-69,"UMTS":-99,"fecha":1387411200000}},{"type":"Feature","geometry":{"type":"Point","coordinates":[-17.9925,28.748056]},"properties":{"GSM_down":-94,"GSM_up":-99,"UMTS":-110,"fecha":1385856000000}},{"type":"Feature","geometry":{"type":"Point","coordinates":[-17.9925,28.748056]},"properties":{"GSM_down":-99,"GSM_up":-94,"UMTS":-109,"fecha":1385856000000}},{"type":"Feature","geometry":{"type":"Point","coordinates":[-17.971944,28.741944]},"properties":{"GSM_down":-99,"GSM_up":-94,"UMTS":-110,"fecha":1385856000000}},{"type":"Feature","geometry":{"type":"Point","coordinates":[-17.971111,28.775278]},"properties":{"GSM_down":-69,"GSM_up":-76,"UMTS":-109,"fecha":1385683200000}},{"type":"Feature","geometry":{"type":"Point","coordinates":[-17.971111,28.775278]},"properties":{"GSM_down":-69,"GSM_up":-76,"UMTS":-109,"fecha":1385683200000}},{"type":"Feature","geometry":{"type":"Point","coordinates":[-17.958056,28.738611]},"properties":{"GSM_down":-84,"GSM_up":-84,"UMTS":-99,"fecha":1386028800000}},{"type":"Feature","geometry":{"type":"Point","coordinates":[-17.938333,28.746389]},"properties":{"GSM_down":-84,"GSM_up":-84,"UMTS":-99,"fecha":1386028800000}},{"type":"Feature","geometry":{"type":"Point","coordinates":[-17.928889,28.746389]},"properties":{"GSM_down":-101,"GSM_up":-94,"UMTS":-109,"fecha":1386028800000}},{"type":"Feature","geometry":{"type":"Point","coordinates":[-17.928889,28.746389]},"properties":{"GSM_down":-101,"GSM_up":-94,"UMTS":-109,"fecha":1386028800000}},{"type":"Feature","geometry":{"type":"Point","coordinates":[-17.911111,28.747778]},"properties":{"GSM_down":-107,"GSM_up":-106,"UMTS":-114,"fecha":1387411200000}},{"type":"Feature","geometry":{"type":"Point","coordinates":[-17.890278,28.748611]},"properties":{"GSM_down":-103,"GSM_up":-98,"UMTS":-107,"fecha":1387411200000}},{"type":"Feature","geometry":{"type":"Point","coordinates":[-17.890833,28.748611]},"properties":{"GSM_down":-103,"GSM_up":-98,"UMTS":-110,"fecha":1387411200000}},{"type":"Feature","geometry":{"type":"Point","coordinates":[-17.890833,28.748611]},"properties":{"GSM_down":-107,"GSM_up":-101,"UMTS":-111,"fecha":1387411200000}},{"type":"Feature","geometry":{"type":"Point","coordinates":[-17.861389,28.756667]},"properties":{"GSM_down":-105,"GSM_up":-106,"UMTS":-114,"fecha":1387497600000}},{"type":"Feature","geometry":{"type":"Point","coordinates":[-17.844722,28.818333]},"properties":{"GSM_down":-114,"GSM_up":-84,"UMTS":-109,"fecha":1387497600000}},{"type":"Feature","geometry":{"type":"Point","coordinates":[-17.831389,28.743889]},"properties":{"GSM_down":-104,"GSM_up":-94,"UMTS":-114,"fecha":1387497600000}},{"type":"Feature","geometry":{"type":"Point","coordinates":[-17.824444,28.735833]},"properties":{"GSM_down":-99,"GSM_up":-114,"UMTS":-114,"fecha":1387497600000}},{"type":"Feature","geometry":{"type":"Point","coordinates":[-17.830556,28.734167]},"properties":{"GSM_down":-114,"GSM_up":-114,"UMTS":-114,"fecha":1387497600000}},{"type":"Feature","geometry":{"type":"Point","coordinates":[-17.819444,28.745556]},"properties":{"GSM_down":-106,"GSM_up":-99,"UMTS":-119,"fecha":1387497600000}},{"type":"Feature","geometry":{"type":"Point","coordinates":[-17.809722,28.733333]},"properties":{"GSM_down":-119,"GSM_up":-114,"UMTS":-110,"fecha":1387497600000}},{"type":"Feature","geometry":{"type":"Point","coordinates":[-17.773333,28.7125]},"properties":{"GSM_down":-74,"GSM_up":-79,"UMTS":-104,"fecha":1387411200000}},{"type":"Feature","geometry":{"type":"Point","coordinates":[-17.7725,28.745833]},"properties":{"GSM_down":-97,"GSM_up":-99,"UMTS":-109,"fecha":1387497600000}},{"type":"Feature","geometry":{"type":"Point","coordinates":[-17.759722,28.744722]},"properties":{"GSM_down":-94,"GSM_up":-99,"UMTS":-110,"fecha":1387497600000}},{"type":"Feature","geometry":{"type":"Point","coordinates":[-17.750833,28.746389]},"properties":{"GSM_down":-59,"GSM_up":-59,"UMTS":-84,"fecha":1387497600000}},{"type":"Feature","geometry":{"type":"Point","coordinates":[-17.739444,28.7425]},"properties":{"GSM_down":-64,"GSM_up":-74,"UMTS":-94,"fecha":1387497600000}},{"type":"Feature","geometry":{"type":"Point","coordinates":[-17.732222,28.744444]},"properties":{"GSM_down":-104,"GSM_up":-99,"UMTS":-114,"fecha":1387497600000}},{"type":"Feature","geometry":{"type":"Point","coordinates":[-17.981389,28.737222]},"properties":{"GSM_down":-97,"GSM_up":-99,"UMTS":-110,"fecha":1385856000000}},{"type":"Feature","geometry":{"type":"Point","coordinates":[-17.972222,28.7425]},"properties":{"GSM_down":-79,"GSM_up":-74,"UMTS":-104,"fecha":1385683200000}},{"type":"Feature","geometry":{"type":"Point","coordinates":[-17.967778,28.747222]},"properties":{"GSM_down":-69,"GSM_up":-77,"UMTS":-114,"fecha":1385683200000}},{"type":"Feature","geometry":{"type":"Point","coordinates":[-17.9575,28.734444]},"properties":{"GSM_down":-92,"GSM_up":-94,"UMTS":-109,"fecha":1385856000000}},{"type":"Feature","geometry":{"type":"Point","coordinates":[-17.955833,28.736111]},"properties":{"GSM_down":-74,"GSM_up":-84,"UMTS":-104,"fecha":1386028800000}},{"type":"Feature","geometry":{"type":"Point","coordinates":[-17.953333,28.734722]},"properties":{"GSM_down":-94,"GSM_up":-99,"UMTS":-109,"fecha":1385856000000}},{"type":"Feature","geometry":{"type":"Point","coordinates":[-17.949444,28.735556]},"properties":{"GSM_down":-99,"GSM_up":-99,"UMTS":-114,"fecha":1386028800000}},{"type":"Feature","geometry":{"type":"Point","coordinates":[-17.902222,28.733056]},"properties":{"GSM_down":-119,"GSM_up":-114,"UMTS":-114,"fecha":1387497600000}},{"type":"Feature","geometry":{"type":"Point","coordinates":[-17.902222,28.733056]},"properties":{"GSM_down":-119,"GSM_up":-114,"UMTS":-114,"fecha":1387497600000}},{"type":"Feature","geometry":{"type":"Point","coordinates":[-17.871389,28.758333]},"properties":{"GSM_down":-114,"GSM_up":-94,"UMTS":-109,"fecha":1387497600000}},{"type":"Feature","geometry":{"type":"Point","coordinates":[-17.871389,28.758333]},"properties":{"GSM_down":-114,"GSM_up":-94,"UMTS":-110,"fecha":1387497600000}},{"type":"Feature","geometry":{"type":"Point","coordinates":[-17.871389,28.758333]},"properties":{"GSM_down":-114,"GSM_up":-94,"UMTS":-110,"fecha":1387497600000}},{"type":"Feature","geometry":{"type":"Point","coordinates":[-17.871389,28.758333]},"properties":{"GSM_down":-114,"GSM_up":-94,"UMTS":-109,"fecha":1387497600000}},{"type":"Feature","geometry":{"type":"Point","coordinates":[-17.871389,28.758333]},"properties":{"GSM_down":-114,"GSM_up":-94,"UMTS":-110,"fecha":1387497600000}},{"type":"Feature","geometry":{"type":"Point","coordinates":[-17.871389,28.758333]},"properties":{"GSM_down":-114,"GSM_up":-94,"UMTS":-114,"fecha":1387497600000}},{"type":"Feature","geometry":{"type":"Point","coordinates":[-17.828056,28.730556]},"properties":{"GSM_down":-114,"GSM_up":-94,"UMTS":-114,"fecha":1387497600000}},{"type":"Feature","geometry":{"type":"Point","coordinates":[-17.814444,28.728889]},"properties":{"GSM_down":-92,"GSM_up":-84,"UMTS":-104,"fecha":1387497600000}},{"type":"Feature","geometry":{"type":"Point","coordinates":[-17.809722,28.733333]},"properties":{"GSM_down":-119,"GSM_up":-114,"UMTS":-114,"fecha":1387497600000}},{"type":"Feature","geometry":{"type":"Point","coordinates":[-17.798889,28.730833]},"properties":{"GSM_down":-119,"GSM_up":-114,"UMTS":-114,"fecha":1387497600000}},{"type":"Feature","geometry":{"type":"Point","coordinates":[-17.781667,28.730833]},"properties":{"GSM_down":-92,"GSM_up":-89,"UMTS":-104,"fecha":1387497600000}},{"type":"Feature","geometry":{"type":"Point","coordinates":[-17.770833,28.736389]},"properties":{"GSM_down":-78,"GSM_up":-84,"UMTS":-104,"fecha":1387497600000}},{"type":"Feature","geometry":{"type":"Point","coordinates":[-17.760833,28.735278]},"properties":{"GSM_down":-74,"GSM_up":-84,"UMTS":-108,"fecha":1387497600000}},{"type":"Feature","geometry":{"type":"Point","coordinates":[-17.750833,28.738889]},"properties":{"GSM_down":-74,"GSM_up":-79,"UMTS":-99,"fecha":1387497600000}},{"type":"Feature","geometry":{"type":"Point","coordinates":[-17.744444,28.739167]},"properties":{"GSM_down":-64,"GSM_up":-79,"UMTS":-94,"fecha":1387497600000}},{"type":"Feature","geometry":{"type":"Point","coordinates":[-17.731667,28.735556]},"properties":{"GSM_down":-74,"GSM_up":-84,"UMTS":-109,"fecha":1387497600000}},{"type":"Feature","geometry":{"type":"Point","coordinates":[-17.731667,28.735556]},"properties":{"GSM_down":-74,"GSM_up":-84,"UMTS":-109,"fecha":1387497600000}},{"type":"Feature","geometry":{"type":"Point","coordinates":[-17.971944,28.721944]},"properties":{"GSM_down":-74,"GSM_up":-84,"UMTS":-104,"fecha":1385856000000}},{"type":"Feature","geometry":{"type":"Point","coordinates":[-17.971944,28.721944]},"properties":{"GSM_down":-74,"GSM_up":-84,"UMTS":-104,"fecha":1385856000000}},{"type":"Feature","geometry":{"type":"Point","coordinates":[-17.967778,28.740556]},"properties":{"GSM_down":-59,"GSM_up":-54,"UMTS":-104,"fecha":1385683200000}},{"type":"Feature","geometry":{"type":"Point","coordinates":[-17.967778,28.740556]},"properties":{"GSM_down":-64,"GSM_up":-54,"UMTS":-106,"fecha":1385683200000}},{"type":"Feature","geometry":{"type":"Point","coordinates":[-17.956667,28.724167]},"properties":{"GSM_down":-84,"GSM_up":-79,"UMTS":-104,"fecha":1385856000000}},{"type":"Feature","geometry":{"type":"Point","coordinates":[-17.938611,28.720833]},"properties":{"GSM_down":-94,"GSM_up":-99,"UMTS":-110,"fecha":1385683200000}},{"type":"Feature","geometry":{"type":"Point","coordinates":[-17.884722,28.723056]},"properties":{"GSM_down":-105,"GSM_up":-106,"UMTS":-114,"fecha":1385683200000}},{"type":"Feature","geometry":{"type":"Point","coordinates":[-17.884722,28.723056]},"properties":{"GSM_down":-105,"GSM_up":-106,"UMTS":-114,"fecha":1385683200000}},{"type":"Feature","geometry":{"type":"Point","coordinates":[-17.884722,28.723056]},"properties":{"GSM_down":-105,"GSM_up":-106,"UMTS":-110,"fecha":1385683200000}},{"type":"Feature","geometry":{"type":"Point","coordinates":[-17.873611,28.723056]},"properties":{"GSM_down":-114,"GSM_up":-114,"UMTS":-114,"fecha":1384732800000}},{"type":"Feature","geometry":{"type":"Point","coordinates":[-17.873611,28.725556]},"properties":{"GSM_down":-84,"GSM_up":-79,"UMTS":-104,"fecha":1384732800000}},{"type":"Feature","geometry":{"type":"Point","coordinates":[-17.864722,28.725556]},"properties":{"GSM_down":-114,"GSM_up":-114,"UMTS":-114,"fecha":1384732800000}},{"type":"Feature","geometry":{"type":"Point","coordinates":[-17.856389,28.727222]},"properties":{"GSM_down":-114,"GSM_up":-114,"UMTS":-114,"fecha":1384732800000}},{"type":"Feature","geometry":{"type":"Point","coordinates":[-17.856389,28.727222]},"properties":{"GSM_down":-114,"GSM_up":-114,"UMTS":-111,"fecha":1384732800000}},{"type":"Feature","geometry":{"type":"Point","coordinates":[-17.871389,28.758333]},"properties":{"GSM_down":-114,"GSM_up":-94,"UMTS":-114,"fecha":1387497600000}},{"type":"Feature","geometry":{"type":"Point","coordinates":[-17.820556,28.728611]},"properties":{"GSM_down":-114,"GSM_up":-114,"UMTS":-114,"fecha":1387497600000}},{"type":"Feature","geometry":{"type":"Point","coordinates":[-17.820556,28.728611]},"properties":{"GSM_down":-114,"GSM_up":-94,"UMTS":-110,"fecha":1387497600000}},{"type":"Feature","geometry":{"type":"Point","coordinates":[-17.806111,28.723056]},"properties":{"GSM_down":-89,"GSM_up":-84,"UMTS":-106,"fecha":1387497600000}},{"type":"Feature","geometry":{"type":"Point","coordinates":[-17.790833,28.726111]},"properties":{"GSM_down":-92,"GSM_up":-79,"UMTS":-104,"fecha":1387497600000}},{"type":"Feature","geometry":{"type":"Point","coordinates":[-17.780833,28.724167]},"properties":{"GSM_down":-104,"GSM_up":-104,"UMTS":-114,"fecha":1387497600000}},{"type":"Feature","geometry":{"type":"Point","coordinates":[-17.766667,28.72]},"properties":{"GSM_down":-94,"GSM_up":-84,"UMTS":-109,"fecha":1387497600000}},{"type":"Feature","geometry":{"type":"Point","coordinates":[-17.768611,28.721389]},"properties":{"GSM_down":-110,"GSM_up":-112,"UMTS":-114,"fecha":1387497600000}},{"type":"Feature","geometry":{"type":"Point","coordinates":[-17.748889,28.749722]},"properties":{"GSM_down":-74,"GSM_up":-100,"UMTS":-94,"fecha":1387497600000}},{"type":"Feature","geometry":{"type":"Point","coordinates":[-17.733611,28.724722]},"properties":{"GSM_down":-99,"GSM_up":-94,"UMTS":-104,"fecha":1387497600000}},{"type":"Feature","geometry":{"type":"Point","coordinates":[-17.734722,28.726389]},"properties":{"GSM_down":-84,"GSM_up":-79,"UMTS":-110,"fecha":1387497600000}},{"type":"Feature","geometry":{"type":"Point","coordinates":[-17.968889,28.714444]},"properties":{"GSM_down":-84,"GSM_up":-84,"UMTS":-109,"fecha":1385856000000}},{"type":"Feature","geometry":{"type":"Point","coordinates":[-17.965,28.715833]},"properties":{"GSM_down":-84,"GSM_up":-79,"UMTS":-109,"fecha":1385856000000}},{"type":"Feature","geometry":{"type":"Point","coordinates":[-17.959167,28.724444]},"properties":{"GSM_down":-99,"GSM_up":-94,"UMTS":-109,"fecha":1385856000000}},{"type":"Feature","geometry":{"type":"Point","coordinates":[-17.956667,28.724167]},"properties":{"GSM_down":-84,"GSM_up":-79,"UMTS":-104,"fecha":1385856000000}},{"type":"Feature","geometry":{"type":"Point","coordinates":[-17.938889,28.711389]},"properties":{"GSM_down":-94,"GSM_up":-99,"UMTS":-107,"fecha":1385856000000}},{"type":"Feature","geometry":{"type":"Point","coordinates":[-17.928889,28.711389]},"properties":{"GSM_down":-114,"GSM_up":-101,"UMTS":-109,"fecha":1385856000000}},{"type":"Feature","geometry":{"type":"Point","coordinates":[-17.911111,28.708056]},"properties":{"GSM_down":-114,"GSM_up":-101,"UMTS":-109,"fecha":1385856000000}},{"type":"Feature","geometry":{"type":"Point","coordinates":[-17.917778,28.711389]},"properties":{"GSM_down":-114,"GSM_up":-114,"UMTS":-114,"fecha":1385856000000}},{"type":"Feature","geometry":{"type":"Point","coordinates":[-17.928611,28.710278]},"properties":{"GSM_down":-114,"GSM_up":-114,"UMTS":-114,"fecha":1385856000000}},{"type":"Feature","geometry":{"type":"Point","coordinates":[-17.884722,28.723056]},"properties":{"GSM_down":-105,"GSM_up":-101,"UMTS":-110,"fecha":1385683200000}},{"type":"Feature","geometry":{"type":"Point","coordinates":[-17.871944,28.713889]},"properties":{"GSM_down":-105,"GSM_up":-101,"UMTS":-110,"fecha":1385683200000}},{"type":"Feature","geometry":{"type":"Point","coordinates":[-17.892778,28.711389]},"properties":{"GSM_down":-114,"GSM_up":-114,"UMTS":-114,"fecha":1384732800000}},{"type":"Feature","geometry":{"type":"Point","coordinates":[-17.8825,28.711111]},"properties":{"GSM_down":-114,"GSM_up":-114,"UMTS":-114,"fecha":1384732800000}},{"type":"Feature","geometry":{"type":"Point","coordinates":[-17.873611,28.710833]},"properties":{"GSM_down":-103,"GSM_up":-101,"UMTS":-114,"fecha":1384732800000}},{"type":"Feature","geometry":{"type":"Point","coordinates":[-17.861944,28.712778]},"properties":{"GSM_down":-105,"GSM_up":-101,"UMTS":-110,"fecha":1384732800000}},{"type":"Feature","geometry":{"type":"Point","coordinates":[-17.855,28.712778]},"properties":{"GSM_down":-114,"GSM_up":-114,"UMTS":-114,"fecha":1386633600000}},{"type":"Feature","geometry":{"type":"Point","coordinates":[-17.849167,28.701667]},"properties":{"GSM_down":-106,"GSM_up":-104,"UMTS":-114,"fecha":1386633600000}},{"type":"Feature","geometry":{"type":"Point","coordinates":[-17.838333,28.7]},"properties":{"GSM_down":-106,"GSM_up":-104,"UMTS":-114,"fecha":1386633600000}},{"type":"Feature","geometry":{"type":"Point","coordinates":[-17.778333,28.72]},"properties":{"GSM_down":-94,"GSM_up":-92,"UMTS":-109,"fecha":1387497600000}},{"type":"Feature","geometry":{"type":"Point","coordinates":[-17.769167,28.714167]},"properties":{"GSM_down":-74,"GSM_up":-69,"UMTS":-94,"fecha":1387497600000}},{"type":"Feature","geometry":{"type":"Point","coordinates":[-17.799722,28.714167]},"properties":{"GSM_down":-69,"GSM_up":-69,"UMTS":-94,"fecha":1387497600000}},{"type":"Feature","geometry":{"type":"Point","coordinates":[-17.749444,28.716667]},"properties":{"GSM_down":-79,"GSM_up":-74,"UMTS":-99,"fecha":1387497600000}},{"type":"Feature","geometry":{"type":"Point","coordinates":[-17.7475,28.716667]},"properties":{"GSM_down":-64,"GSM_up":-64,"UMTS":-94,"fecha":1387497600000}},{"type":"Feature","geometry":{"type":"Point","coordinates":[-17.736944,28.720278]},"properties":{"GSM_down":-74,"GSM_up":-74,"UMTS":-109,"fecha":1387497600000}},{"type":"Feature","geometry":{"type":"Point","coordinates":[-17.964722,28.706389]},"properties":{"GSM_down":-66,"GSM_up":-64,"UMTS":-104,"fecha":1385856000000}},{"type":"Feature","geometry":{"type":"Point","coordinates":[-17.964722,28.706389]},"properties":{"GSM_down":-66,"GSM_up":-64,"UMTS":-104,"fecha":1385856000000}},{"type":"Feature","geometry":{"type":"Point","coordinates":[-17.956389,28.711667]},"properties":{"GSM_down":-84,"GSM_up":-66,"UMTS":-104,"fecha":1385856000000}},{"type":"Feature","geometry":{"type":"Point","coordinates":[-17.948056,28.7075]},"properties":{"GSM_down":-74,"GSM_up":-89,"UMTS":-109,"fecha":1385856000000}},{"type":"Feature","geometry":{"type":"Point","coordinates":[-17.936389,28.705556]},"properties":{"GSM_down":-94,"GSM_up":-89,"UMTS":-109,"fecha":1385856000000}},{"type":"Feature","geometry":{"type":"Point","coordinates":[-17.924722,28.704167]},"properties":{"GSM_down":-114,"GSM_up":-114,"UMTS":-114,"fecha":1385856000000}},{"type":"Feature","geometry":{"type":"Point","coordinates":[-17.924722,28.704167]},"properties":{"GSM_down":-114,"GSM_up":-114,"UMTS":-114,"fecha":1385856000000}},{"type":"Feature","geometry":{"type":"Point","coordinates":[-17.929167,28.701667]},"properties":{"GSM_down":-114,"GSM_up":-114,"UMTS":-114,"fecha":1385856000000}},{"type":"Feature","geometry":{"type":"Point","coordinates":[-17.918056,28.700556]},"properties":{"GSM_down":-114,"GSM_up":-101,"UMTS":-110,"fecha":1385683200000}},{"type":"Feature","geometry":{"type":"Point","coordinates":[-17.900556,28.699444]},"properties":{"GSM_down":-114,"GSM_up":-102,"UMTS":-109,"fecha":1384732800000}},{"type":"Feature","geometry":{"type":"Point","coordinates":[-17.894167,28.701111]},"properties":{"GSM_down":-94,"GSM_up":-92,"UMTS":-114,"fecha":1384732800000}},{"type":"Feature","geometry":{"type":"Point","coordinates":[-17.875,28.7075]},"properties":{"GSM_down":-66,"GSM_up":-64,"UMTS":-102,"fecha":1385251200000}},{"type":"Feature","geometry":{"type":"Point","coordinates":[-17.868611,28.708056]},"properties":{"GSM_down":-98,"GSM_up":-92,"UMTS":-114,"fecha":1385251200000}},{"type":"Feature","geometry":{"type":"Point","coordinates":[-17.799444,28.703056]},"properties":{"GSM_down":-114,"GSM_up":-114,"UMTS":-114,"fecha":1387497600000}},{"type":"Feature","geometry":{"type":"Point","coordinates":[-17.799444,28.703056]},"properties":{"GSM_down":-114,"GSM_up":-114,"UMTS":-114,"fecha":1387497600000}},{"type":"Feature","geometry":{"type":"Point","coordinates":[-17.799444,28.703056]},"properties":{"GSM_down":-114,"GSM_up":-114,"UMTS":-114,"fecha":1387497600000}},{"type":"Feature","geometry":{"type":"Point","coordinates":[-17.799444,28.703056]},"properties":{"GSM_down":-114,"GSM_up":-114,"UMTS":-114,"fecha":1387497600000}},{"type":"Feature","geometry":{"type":"Point","coordinates":[-17.792778,28.703056]},"properties":{"GSM_down":-106,"GSM_up":-104,"UMTS":-114,"fecha":1387497600000}},{"type":"Feature","geometry":{"type":"Point","coordinates":[-17.765278,28.703333]},"properties":{"GSM_down":-94,"GSM_up":-89,"UMTS":-110,"fecha":1387497600000}},{"type":"Feature","geometry":{"type":"Point","coordinates":[-17.766667,28.706944]},"properties":{"GSM_down":-79,"GSM_up":-79,"UMTS":-96,"fecha":1387497600000}},{"type":"Feature","geometry":{"type":"Point","coordinates":[-17.765278,28.703333]},"properties":{"GSM_down":-89,"GSM_up":-84,"UMTS":-99,"fecha":1387411200000}},{"type":"Feature","geometry":{"type":"Point","coordinates":[-17.776944,28.696111]},"properties":{"GSM_down":-99,"GSM_up":-94,"UMTS":-102,"fecha":1387411200000}},{"type":"Feature","geometry":{"type":"Point","coordinates":[-17.961389,28.698333]},"properties":{"GSM_down":-94,"GSM_up":-89,"UMTS":-107,"fecha":1385856000000}},{"type":"Feature","geometry":{"type":"Point","coordinates":[-17.961389,28.698333]},"properties":{"GSM_down":-94,"GSM_up":-89,"UMTS":-106,"fecha":1385856000000}},{"type":"Feature","geometry":{"type":"Point","coordinates":[-17.959167,28.700833]},"properties":{"GSM_down":-89,"GSM_up":-84,"UMTS":-104,"fecha":1385856000000}},{"type":"Feature","geometry":{"type":"Point","coordinates":[-17.951111,28.701111]},"properties":{"GSM_down":-59,"GSM_up":-64,"UMTS":-104,"fecha":1385856000000}},{"type":"Feature","geometry":{"type":"Point","coordinates":[-17.938611,28.699167]},"properties":{"GSM_down":-99,"GSM_up":-94,"UMTS":-106,"fecha":1385856000000}},{"type":"Feature","geometry":{"type":"Point","coordinates":[-17.932778,28.703333]},"properties":{"GSM_down":-94,"GSM_up":-99,"UMTS":-114,"fecha":1385856000000}},{"type":"Feature","geometry":{"type":"Point","coordinates":[-17.918611,28.695]},"properties":{"GSM_down":-94,"GSM_up":-99,"UMTS":-109,"fecha":1385856000000}},{"type":"Feature","geometry":{"type":"Point","coordinates":[-17.902222,28.693056]},"properties":{"GSM_down":-94,"GSM_up":-99,"UMTS":-106,"fecha":1385856000000}},{"type":"Feature","geometry":{"type":"Point","coordinates":[-17.895556,28.695]},"properties":{"GSM_down":-105,"GSM_up":-101,"UMTS":-110,"fecha":1385856000000}},{"type":"Feature","geometry":{"type":"Point","coordinates":[-17.886667,28.698333]},"properties":{"GSM_down":-114,"GSM_up":-114,"UMTS":-114,"fecha":1385856000000}},{"type":"Feature","geometry":{"type":"Point","coordinates":[-17.878333,28.701111]},"properties":{"GSM_down":-114,"GSM_up":-114,"UMTS":-114,"fecha":1385856000000}},{"type":"Feature","geometry":{"type":"Point","coordinates":[-17.866667,28.709444]},"properties":{"GSM_down":-114,"GSM_up":-114,"UMTS":-114,"fecha":1385856000000}},{"type":"Feature","geometry":{"type":"Point","coordinates":[-17.852222,28.693333]},"properties":{"GSM_down":-114,"GSM_up":-102,"UMTS":-106,"fecha":1385251200000}},{"type":"Feature","geometry":{"type":"Point","coordinates":[-17.846389,28.690556]},"properties":{"GSM_down":-103,"GSM_up":-101,"UMTS":-109,"fecha":1385251200000}},{"type":"Feature","geometry":{"type":"Point","coordinates":[-17.846389,28.690556]},"properties":{"GSM_down":-103,"GSM_up":-101,"UMTS":-114,"fecha":1385251200000}},{"type":"Feature","geometry":{"type":"Point","coordinates":[-17.819722,28.690278]},"properties":{"GSM_down":-114,"GSM_up":-108,"UMTS":-114,"fecha":1387411200000}},{"type":"Feature","geometry":{"type":"Point","coordinates":[-17.81,28.688611]},"properties":{"GSM_down":-109,"GSM_up":-102,"UMTS":-109,"fecha":1387411200000}},{"type":"Feature","geometry":{"type":"Point","coordinates":[-17.800556,28.684722]},"properties":{"GSM_down":-103,"GSM_up":-99,"UMTS":-110,"fecha":1387411200000}},{"type":"Feature","geometry":{"type":"Point","coordinates":[-17.751667,28.71]},"properties":{"GSM_down":-84,"GSM_up":-84,"UMTS":-109,"fecha":1387497600000}},{"type":"Feature","geometry":{"type":"Point","coordinates":[-17.7725,28.701944]},"properties":{"GSM_down":-69,"GSM_up":-64,"UMTS":-94,"fecha":1387497600000}},{"type":"Feature","geometry":{"type":"Point","coordinates":[-17.769167,28.695]},"properties":{"GSM_down":-59,"GSM_up":-64,"UMTS":-102,"fecha":1387497600000}},{"type":"Feature","geometry":{"type":"Point","coordinates":[-17.769167,28.695]},"properties":{"GSM_down":-59,"GSM_up":-64,"UMTS":-99,"fecha":1387497600000}},{"type":"Feature","geometry":{"type":"Point","coordinates":[-17.957222,28.689722]},"properties":{"GSM_down":-59,"GSM_up":-74,"UMTS":-104,"fecha":1385856000000}},{"type":"Feature","geometry":{"type":"Point","coordinates":[-17.957222,28.689722]},"properties":{"GSM_down":-59,"GSM_up":-74,"UMTS":-104,"fecha":1385856000000}},{"type":"Feature","geometry":{"type":"Point","coordinates":[-17.949444,28.691111]},"properties":{"GSM_down":-64,"GSM_up":-64,"UMTS":-104,"fecha":1385856000000}},{"type":"Feature","geometry":{"type":"Point","coordinates":[-17.937778,28.690278]},"properties":{"GSM_down":-104,"GSM_up":-94,"UMTS":-109,"fecha":1385856000000}},{"type":"Feature","geometry":{"type":"Point","coordinates":[-17.925278,28.691111]},"properties":{"GSM_down":-94,"GSM_up":-99,"UMTS":-114,"fecha":1385856000000}},{"type":"Feature","geometry":{"type":"Point","coordinates":[-17.911111,28.690278]},"properties":{"GSM_down":-94,"GSM_up":-99,"UMTS":-99,"fecha":1385337600000}},{"type":"Feature","geometry":{"type":"Point","coordinates":[-17.901667,28.690556]},"properties":{"GSM_down":-94,"GSM_up":-99,"UMTS":-109,"fecha":1385337600000}},{"type":"Feature","geometry":{"type":"Point","coordinates":[-17.897222,28.695833]},"properties":{"GSM_down":-98,"GSM_up":-99,"UMTS":-106,"fecha":1385337600000}},{"type":"Feature","geometry":{"type":"Point","coordinates":[-17.898333,28.68]},"properties":{"GSM_down":-94,"GSM_up":-99,"UMTS":-109,"fecha":1385337600000}},{"type":"Feature","geometry":{"type":"Point","coordinates":[-17.887778,28.6725]},"properties":{"GSM_down":-94,"GSM_up":-99,"UMTS":-106,"fecha":1385337600000}},{"type":"Feature","geometry":{"type":"Point","coordinates":[-17.877222,28.669444]},"properties":{"GSM_down":-94,"GSM_up":-99,"UMTS":-109,"fecha":1385337600000}},{"type":"Feature","geometry":{"type":"Point","coordinates":[-17.861389,28.679722]},"properties":{"GSM_down":-104,"GSM_up":-99,"UMTS":-110,"fecha":1385337600000}},{"type":"Feature","geometry":{"type":"Point","coordinates":[-17.851111,28.680556]},"properties":{"GSM_down":-94,"GSM_up":-99,"UMTS":-109,"fecha":1385337600000}},{"type":"Feature","geometry":{"type":"Point","coordinates":[-17.957222,28.716944]},"properties":{"GSM_down":-114,"GSM_up":-108,"UMTS":-114,"fecha":1385856000000}},{"type":"Feature","geometry":{"type":"Point","coordinates":[-17.844444,28.679444]},"properties":{"GSM_down":-104,"GSM_up":-94,"UMTS":-106,"fecha":1385337600000}},{"type":"Feature","geometry":{"type":"Point","coordinates":[-17.828889,28.681389]},"properties":{"GSM_down":-99,"GSM_up":-104,"UMTS":-110,"fecha":1385337600000}},{"type":"Feature","geometry":{"type":"Point","coordinates":[-17.810833,28.678889]},"properties":{"GSM_down":-84,"GSM_up":-76,"UMTS":-99,"fecha":1385337600000}},{"type":"Feature","geometry":{"type":"Point","coordinates":[-17.778333,28.698333]},"properties":{"GSM_down":-84,"GSM_up":-74,"UMTS":-102,"fecha":1387497600000}},{"type":"Feature","geometry":{"type":"Point","coordinates":[-17.765833,28.692778]},"properties":{"GSM_down":-59,"GSM_up":-64,"UMTS":-84,"fecha":1387497600000}},{"type":"Feature","geometry":{"type":"Point","coordinates":[-17.760278,28.686667]},"properties":{"GSM_down":-59,"GSM_up":-64,"UMTS":-92,"fecha":1387497600000}},{"type":"Feature","geometry":{"type":"Point","coordinates":[-17.760556,28.688611]},"properties":{"GSM_down":-59,"GSM_up":-64,"UMTS":-92,"fecha":1387497600000}},{"type":"Feature","geometry":{"type":"Point","coordinates":[-17.953333,28.681389]},"properties":{"GSM_down":-99,"GSM_up":-99,"UMTS":-109,"fecha":1385856000000}},{"type":"Feature","geometry":{"type":"Point","coordinates":[-17.953333,28.681389]},"properties":{"GSM_down":-99,"GSM_up":-99,"UMTS":-109,"fecha":1385856000000}},{"type":"Feature","geometry":{"type":"Point","coordinates":[-17.946111,28.6825]},"properties":{"GSM_down":-59,"GSM_up":-94,"UMTS":-89,"fecha":1385856000000}},{"type":"Feature","geometry":{"type":"Point","coordinates":[-17.936389,28.68]},"properties":{"GSM_down":-69,"GSM_up":-94,"UMTS":-94,"fecha":1385856000000}},{"type":"Feature","geometry":{"type":"Point","coordinates":[-17.926944,28.691667]},"properties":{"GSM_down":-74,"GSM_up":-89,"UMTS":-94,"fecha":1385856000000}},{"type":"Feature","geometry":{"type":"Point","coordinates":[-17.916389,28.688333]},"properties":{"GSM_down":-92,"GSM_up":-79,"UMTS":-89,"fecha":1385856000000}},{"type":"Feature","geometry":{"type":"Point","coordinates":[-17.897222,28.679444]},"properties":{"GSM_down":-79,"GSM_up":-89,"UMTS":-99,"fecha":1385856000000}},{"type":"Feature","geometry":{"type":"Point","coordinates":[-17.877778,28.678889]},"properties":{"GSM_down":-74,"GSM_up":-79,"UMTS":-109,"fecha":1385856000000}},{"type":"Feature","geometry":{"type":"Point","coordinates":[-17.866944,28.675833]},"properties":{"GSM_down":-79,"GSM_up":-89,"UMTS":-107,"fecha":1385856000000}},{"type":"Feature","geometry":{"type":"Point","coordinates":[-17.856111,28.678333]},"properties":{"GSM_down":-92,"GSM_up":-79,"UMTS":-110,"fecha":1385856000000}},{"type":"Feature","geometry":{"type":"Point","coordinates":[-17.846111,28.680556]},"properties":{"GSM_down":-92,"GSM_up":-89,"UMTS":-109,"fecha":1385856000000}},{"type":"Feature","geometry":{"type":"Point","coordinates":[-17.846389,28.674722]},"properties":{"GSM_down":-104,"GSM_up":-109,"UMTS":-114,"fecha":1385337600000}},{"type":"Feature","geometry":{"type":"Point","coordinates":[-17.848333,28.676389]},"properties":{"GSM_down":-89,"GSM_up":-92,"UMTS":-110,"fecha":1385337600000}},{"type":"Feature","geometry":{"type":"Point","coordinates":[-17.825833,28.675833]},"properties":{"GSM_down":-99,"GSM_up":-104,"UMTS":-106,"fecha":1385337600000}},{"type":"Feature","geometry":{"type":"Point","coordinates":[-17.815833,28.68]},"properties":{"GSM_down":-104,"GSM_up":-99,"UMTS":-109,"fecha":1385337600000}},{"type":"Feature","geometry":{"type":"Point","coordinates":[-17.805,28.680278]},"properties":{"GSM_down":-79,"GSM_up":-89,"UMTS":-102,"fecha":1387497600000}},{"type":"Feature","geometry":{"type":"Point","coordinates":[-17.794167,28.676944]},"properties":{"GSM_down":-84,"GSM_up":-94,"UMTS":-109,"fecha":1387497600000}},{"type":"Feature","geometry":{"type":"Point","coordinates":[-17.784167,28.690556]},"properties":{"GSM_down":-64,"GSM_up":-64,"UMTS":-94,"fecha":1387497600000}},{"type":"Feature","geometry":{"type":"Point","coordinates":[-17.760833,28.686111]},"properties":{"GSM_down":-64,"GSM_up":-62,"UMTS":-89,"fecha":1387584000000}},{"type":"Feature","geometry":{"type":"Point","coordinates":[-17.954722,28.672778]},"properties":{"GSM_down":-64,"GSM_up":-87,"UMTS":-109,"fecha":1385856000000}},{"type":"Feature","geometry":{"type":"Point","coordinates":[-17.943889,28.675278]},"properties":{"GSM_down":-64,"GSM_up":-84,"UMTS":-109,"fecha":1385856000000}},{"type":"Feature","geometry":{"type":"Point","coordinates":[-17.938333,28.673611]},"properties":{"GSM_down":-54,"GSM_up":-84,"UMTS":-89,"fecha":1385856000000}},{"type":"Feature","geometry":{"type":"Point","coordinates":[-17.911944,28.662222]},"properties":{"GSM_down":-69,"GSM_up":-79,"UMTS":-100,"fecha":1385337600000}},{"type":"Feature","geometry":{"type":"Point","coordinates":[-17.922222,28.669444]},"properties":{"GSM_down":-64,"GSM_up":-74,"UMTS":-99,"fecha":1385337600000}},{"type":"Feature","geometry":{"type":"Point","coordinates":[-17.913611,28.675833]},"properties":{"GSM_down":-84,"GSM_up":-74,"UMTS":-104,"fecha":1385337600000}},{"type":"Feature","geometry":{"type":"Point","coordinates":[-17.888889,28.666667]},"properties":{"GSM_down":-79,"GSM_up":-89,"UMTS":-99,"fecha":1385337600000}},{"type":"Feature","geometry":{"type":"Point","coordinates":[-17.868889,28.671944]},"properties":{"GSM_down":-95,"GSM_up":-69,"UMTS":-102,"fecha":1385337600000}},{"type":"Feature","geometry":{"type":"Point","coordinates":[-17.868889,28.669722]},"properties":{"GSM_down":-69,"GSM_up":-79,"UMTS":-99,"fecha":1385337600000}},{"type":"Feature","geometry":{"type":"Point","coordinates":[-17.8575,28.669444]},"properties":{"GSM_down":-74,"GSM_up":-64,"UMTS":-92,"fecha":1385337600000}},{"type":"Feature","geometry":{"type":"Point","coordinates":[-17.848056,28.669722]},"properties":{"GSM_down":-96,"GSM_up":-72,"UMTS":-109,"fecha":1385337600000}},{"type":"Feature","geometry":{"type":"Point","coordinates":[-17.846667,28.670556]},"properties":{"GSM_down":-104,"GSM_up":-94,"UMTS":-114,"fecha":1385337600000}},{"type":"Feature","geometry":{"type":"Point","coordinates":[-17.825556,28.664722]},"properties":{"GSM_down":-99,"GSM_up":-92,"UMTS":-102,"fecha":1385337600000}},{"type":"Feature","geometry":{"type":"Point","coordinates":[-17.804167,28.66]},"properties":{"GSM_down":-89,"GSM_up":-97,"UMTS":-107,"fecha":1385337600000}},{"type":"Feature","geometry":{"type":"Point","coordinates":[-17.8025,28.652778]},"properties":{"GSM_down":-99,"GSM_up":-99,"UMTS":-104,"fecha":1385337600000}},{"type":"Feature","geometry":{"type":"Point","coordinates":[-17.782778,28.6675]},"properties":{"GSM_down":-97,"GSM_up":-99,"UMTS":-104,"fecha":1385337600000}},{"type":"Feature","geometry":{"type":"Point","coordinates":[-17.785278,28.676944]},"properties":{"GSM_down":-82,"GSM_up":-74,"UMTS":-84,"fecha":1384560000000}},{"type":"Feature","geometry":{"type":"Point","coordinates":[-17.778056,28.673611]},"properties":{"GSM_down":-56,"GSM_up":-64,"UMTS":-79,"fecha":1384560000000}},{"type":"Feature","geometry":{"type":"Point","coordinates":[-17.78,28.670556]},"properties":{"GSM_down":-74,"GSM_up":-69,"UMTS":-99,"fecha":1384560000000}},{"type":"Feature","geometry":{"type":"Point","coordinates":[-17.948611,28.655]},"properties":{"GSM_down":-99,"GSM_up":-94,"UMTS":-104,"fecha":1385683200000}},{"type":"Feature","geometry":{"type":"Point","coordinates":[-17.948611,28.655]},"properties":{"GSM_down":-99,"GSM_up":-94,"UMTS":-104,"fecha":1385683200000}},{"type":"Feature","geometry":{"type":"Point","coordinates":[-17.933333,28.661389]},"properties":{"GSM_down":-76,"GSM_up":-89,"UMTS":-104,"fecha":1385683200000}},{"type":"Feature","geometry":{"type":"Point","coordinates":[-17.927778,28.661389]},"properties":{"GSM_down":-63,"GSM_up":-64,"UMTS":-94,"fecha":1385337600000}},{"type":"Feature","geometry":{"type":"Point","coordinates":[-17.911944,28.662222]},"properties":{"GSM_down":-62,"GSM_up":-64,"UMTS":-92,"fecha":1385337600000}},{"type":"Feature","geometry":{"type":"Point","coordinates":[-17.883333,28.659722]},"properties":{"GSM_down":-79,"GSM_up":-84,"UMTS":-94,"fecha":1385337600000}},{"type":"Feature","geometry":{"type":"Point","coordinates":[-17.89,28.653611]},"properties":{"GSM_down":-74,"GSM_up":-86,"UMTS":-104,"fecha":1385337600000}},{"type":"Feature","geometry":{"type":"Point","coordinates":[-17.879722,28.653889]},"properties":{"GSM_down":-79,"GSM_up":-64,"UMTS":-104,"fecha":1385251200000}},{"type":"Feature","geometry":{"type":"Point","coordinates":[-17.874722,28.654167]},"properties":{"GSM_down":-69,"GSM_up":-72,"UMTS":-96,"fecha":1385337600000}},{"type":"Feature","geometry":{"type":"Point","coordinates":[-17.869444,28.656389]},"properties":{"GSM_down":-96,"GSM_up":-74,"UMTS":-99,"fecha":1385337600000}},{"type":"Feature","geometry":{"type":"Point","coordinates":[-17.858056,28.66]},"properties":{"GSM_down":-64,"GSM_up":-74,"UMTS":-89,"fecha":1385337600000}},{"type":"Feature","geometry":{"type":"Point","coordinates":[-17.845833,28.661667]},"properties":{"GSM_down":-89,"GSM_up":-72,"UMTS":-94,"fecha":1385683200000}},{"type":"Feature","geometry":{"type":"Point","coordinates":[-17.825,28.825]},"properties":{"GSM_down":-74,"GSM_up":-94,"UMTS":-102,"fecha":1387238400000}},{"type":"Feature","geometry":{"type":"Point","coordinates":[-17.813333,28.659167]},"properties":{"GSM_down":-94,"GSM_up":-94,"UMTS":-109,"fecha":1385337600000}},{"type":"Feature","geometry":{"type":"Point","coordinates":[-17.806111,28.655]},"properties":{"GSM_down":-109,"GSM_up":-94,"UMTS":-110,"fecha":1385337600000}},{"type":"Feature","geometry":{"type":"Point","coordinates":[-17.792778,28.661667]},"properties":{"GSM_down":-79,"GSM_up":-89,"UMTS":-99,"fecha":1385337600000}},{"type":"Feature","geometry":{"type":"Point","coordinates":[-17.786389,28.670833]},"properties":{"GSM_down":-60,"GSM_up":-63,"UMTS":-89,"fecha":1384560000000}},{"type":"Feature","geometry":{"type":"Point","coordinates":[-17.776389,28.658056]},"properties":{"GSM_down":-59,"GSM_up":-74,"UMTS":-86,"fecha":1384646400000}},{"type":"Feature","geometry":{"type":"Point","coordinates":[-17.766944,28.663333]},"properties":{"GSM_down":-74,"GSM_up":-64,"UMTS":-102,"fecha":1384646400000}},{"type":"Feature","geometry":{"type":"Point","coordinates":[-17.933333,28.651944]},"properties":{"GSM_down":-59,"GSM_up":-64,"UMTS":-94,"fecha":1385683200000}},{"type":"Feature","geometry":{"type":"Point","coordinates":[-17.938333,28.65]},"properties":{"GSM_down":-74,"GSM_up":-69,"UMTS":-99,"fecha":1385337600000}},{"type":"Feature","geometry":{"type":"Point","coordinates":[-17.93,28.631944]},"properties":{"GSM_down":-64,"GSM_up":-74,"UMTS":-92,"fecha":1385337600000}},{"type":"Feature","geometry":{"type":"Point","coordinates":[-17.918611,28.6575]},"properties":{"GSM_down":-64,"GSM_up":-64,"UMTS":-104,"fecha":1385337600000}},{"type":"Feature","geometry":{"type":"Point","coordinates":[-17.821389,28.619444]},"properties":{"GSM_down":-84,"GSM_up":-94,"UMTS":-111,"fecha":1385337600000}},{"type":"Feature","geometry":{"type":"Point","coordinates":[-17.89,28.653611]},"properties":{"GSM_down":-74,"GSM_up":-86,"UMTS":-104,"fecha":1385337600000}},{"type":"Feature","geometry":{"type":"Point","coordinates":[-17.879722,28.653889]},"properties":{"GSM_down":-79,"GSM_up":-64,"UMTS":-104,"fecha":1385251200000}},{"type":"Feature","geometry":{"type":"Point","coordinates":[-17.873889,28.648611]},"properties":{"GSM_down":-74,"GSM_up":-74,"UMTS":-84,"fecha":1385251200000}},{"type":"Feature","geometry":{"type":"Point","coordinates":[-17.862222,28.651389]},"properties":{"GSM_down":-74,"GSM_up":-90,"UMTS":-84,"fecha":1385251200000}},{"type":"Feature","geometry":{"type":"Point","coordinates":[-17.8525,28.653889]},"properties":{"GSM_down":-74,"GSM_up":-69,"UMTS":-84,"fecha":1385251200000}},{"type":"Feature","geometry":{"type":"Point","coordinates":[-17.838333,28.653611]},"properties":{"GSM_down":-76,"GSM_up":-64,"UMTS":-94,"fecha":1385683200000}},{"type":"Feature","geometry":{"type":"Point","coordinates":[-17.814722,28.654444]},"properties":{"GSM_down":-84,"GSM_up":-84,"UMTS":-109,"fecha":1385337600000}},{"type":"Feature","geometry":{"type":"Point","coordinates":[-17.816389,28.657778]},"properties":{"GSM_down":-96,"GSM_up":-84,"UMTS":-109,"fecha":1385337600000}},{"type":"Feature","geometry":{"type":"Point","coordinates":[-17.805833,28.65]},"properties":{"GSM_down":-95,"GSM_up":-89,"UMTS":-99,"fecha":1385337600000}},{"type":"Feature","geometry":{"type":"Point","coordinates":[-17.786667,28.650556]},"properties":{"GSM_down":-84,"GSM_up":-68,"UMTS":-96,"fecha":1384560000000}},{"type":"Feature","geometry":{"type":"Point","coordinates":[-17.766944,28.656667]},"properties":{"GSM_down":-94,"GSM_up":-76,"UMTS":-102,"fecha":1384646400000}},{"type":"Feature","geometry":{"type":"Point","coordinates":[-17.761111,28.663333]},"properties":{"GSM_down":-94,"GSM_up":-84,"UMTS":-94,"fecha":1384646400000}},{"type":"Feature","geometry":{"type":"Point","coordinates":[-17.761111,28.652778]},"properties":{"GSM_down":-94,"GSM_up":-84,"UMTS":-94,"fecha":1384646400000}},{"type":"Feature","geometry":{"type":"Point","coordinates":[-17.945,28.651944]},"properties":{"GSM_down":-57,"GSM_up":-64,"UMTS":-94,"fecha":1385683200000}},{"type":"Feature","geometry":{"type":"Point","coordinates":[-17.903611,28.618056]},"properties":{"GSM_down":-79,"GSM_up":-99,"UMTS":-110,"fecha":1385251200000}},{"type":"Feature","geometry":{"type":"Point","coordinates":[-17.895,28.615833]},"properties":{"GSM_down":-76,"GSM_up":-89,"UMTS":-111,"fecha":1385251200000}},{"type":"Feature","geometry":{"type":"Point","coordinates":[-17.885,28.616111]},"properties":{"GSM_down":-72,"GSM_up":-89,"UMTS":-104,"fecha":1385251200000}},{"type":"Feature","geometry":{"type":"Point","coordinates":[-17.896389,28.64]},"properties":{"GSM_down":-79,"GSM_up":-84,"UMTS":-102,"fecha":1385251200000}},{"type":"Feature","geometry":{"type":"Point","coordinates":[-17.890278,28.647778]},"properties":{"GSM_down":-79,"GSM_up":-84,"UMTS":-102,"fecha":1385251200000}},{"type":"Feature","geometry":{"type":"Point","coordinates":[-17.910278,28.588056]},"properties":{"GSM_down":-84,"GSM_up":-79,"UMTS":-92,"fecha":1385251200000}},{"type":"Feature","geometry":{"type":"Point","coordinates":[-17.900833,28.587222]},"properties":{"GSM_down":-89,"GSM_up":-84,"UMTS":-94,"fecha":1385251200000}},{"type":"Feature","geometry":{"type":"Point","coordinates":[-17.892222,28.585833]},"properties":{"GSM_down":-79,"GSM_up":-89,"UMTS":-102,"fecha":1385251200000}},{"type":"Feature","geometry":{"type":"Point","coordinates":[-17.880556,28.585556]},"properties":{"GSM_down":-89,"GSM_up":-94,"UMTS":-99,"fecha":1385251200000}},{"type":"Feature","geometry":{"type":"Point","coordinates":[-17.855556,28.649167]},"properties":{"GSM_down":-64,"GSM_up":-74,"UMTS":-104,"fecha":1385251200000}},{"type":"Feature","geometry":{"type":"Point","coordinates":[-17.855556,28.649167]},"properties":{"GSM_down":-64,"GSM_up":-74,"UMTS":-104,"fecha":1385251200000}},{"type":"Feature","geometry":{"type":"Point","coordinates":[-17.823889,28.635556]},"properties":{"GSM_down":-84,"GSM_up":-79,"UMTS":-109,"fecha":1385251200000}},{"type":"Feature","geometry":{"type":"Point","coordinates":[-17.783333,28.68]},"properties":{"GSM_down":-86,"GSM_up":-99,"UMTS":-105,"fecha":1384560000000}},{"type":"Feature","geometry":{"type":"Point","coordinates":[-17.775278,28.65]},"properties":{"GSM_down":-72,"GSM_up":-59,"UMTS":-84,"fecha":1384560000000}},{"type":"Feature","geometry":{"type":"Point","coordinates":[-17.782222,28.640833]},"properties":{"GSM_down":-81,"GSM_up":-61,"UMTS":-92,"fecha":1384560000000}},{"type":"Feature","geometry":{"type":"Point","coordinates":[-17.778333,28.63]},"properties":{"GSM_down":-64,"GSM_up":-74,"UMTS":-89,"fecha":1384560000000}},{"type":"Feature","geometry":{"type":"Point","coordinates":[-17.769722,28.648889]},"properties":{"GSM_down":-82,"GSM_up":-76,"UMTS":-99,"fecha":1384646400000}},{"type":"Feature","geometry":{"type":"Point","coordinates":[-17.757222,28.637222]},"properties":{"GSM_down":-82,"GSM_up":-76,"UMTS":-99,"fecha":1384646400000}},{"type":"Feature","geometry":{"type":"Point","coordinates":[-17.922778,28.636667]},"properties":{"GSM_down":-79,"GSM_up":-74,"UMTS":-109,"fecha":1385337600000}},{"type":"Feature","geometry":{"type":"Point","coordinates":[-17.922778,28.636667]},"properties":{"GSM_down":-79,"GSM_up":-74,"UMTS":-104,"fecha":1385337600000}},{"type":"Feature","geometry":{"type":"Point","coordinates":[-17.905556,28.631944]},"properties":{"GSM_down":-69,"GSM_up":-84,"UMTS":-102,"fecha":1385251200000}},{"type":"Feature","geometry":{"type":"Point","coordinates":[-17.9,28.633056]},"properties":{"GSM_down":-69,"GSM_up":-79,"UMTS":-104,"fecha":1385251200000}},{"type":"Feature","geometry":{"type":"Point","coordinates":[-17.89,28.633611]},"properties":{"GSM_down":-79,"GSM_up":-99,"UMTS":-104,"fecha":1385251200000}},{"type":"Feature","geometry":{"type":"Point","coordinates":[-17.875,28.629444]},"properties":{"GSM_down":-84,"GSM_up":-94,"UMTS":-104,"fecha":1385251200000}},{"type":"Feature","geometry":{"type":"Point","coordinates":[-17.8675,28.634722]},"properties":{"GSM_down":-79,"GSM_up":-89,"UMTS":-99,"fecha":1385251200000}},{"type":"Feature","geometry":{"type":"Point","coordinates":[-17.858333,28.633889]},"properties":{"GSM_down":-85,"GSM_up":-76,"UMTS":-94,"fecha":1385251200000}},{"type":"Feature","geometry":{"type":"Point","coordinates":[-17.848333,28.633333]},"properties":{"GSM_down":-95,"GSM_up":-89,"UMTS":-102,"fecha":1385337600000}},{"type":"Feature","geometry":{"type":"Point","coordinates":[-17.831389,28.632778]},"properties":{"GSM_down":-72,"GSM_up":-58,"UMTS":-94,"fecha":1385337600000}},{"type":"Feature","geometry":{"type":"Point","coordinates":[-17.831389,28.632778]},"properties":{"GSM_down":-74,"GSM_up":-59,"UMTS":-94,"fecha":1385337600000}},{"type":"Feature","geometry":{"type":"Point","coordinates":[-17.805278,28.63]},"properties":{"GSM_down":-107,"GSM_up":-104,"UMTS":-114,"fecha":1385337600000}},{"type":"Feature","geometry":{"type":"Point","coordinates":[-17.795278,28.630556]},"properties":{"GSM_down":-111,"GSM_up":-107,"UMTS":-114,"fecha":1385337600000}},{"type":"Feature","geometry":{"type":"Point","coordinates":[-17.79,28.626944]},"properties":{"GSM_down":-94,"GSM_up":-84,"UMTS":-102,"fecha":1384560000000}},{"type":"Feature","geometry":{"type":"Point","coordinates":[-17.770833,28.630278]},"properties":{"GSM_down":-94,"GSM_up":-86,"UMTS":-102,"fecha":1384560000000}},{"type":"Feature","geometry":{"type":"Point","coordinates":[-17.753611,28.621111]},"properties":{"GSM_down":-74,"GSM_up":-74,"UMTS":-102,"fecha":1384646400000}},{"type":"Feature","geometry":{"type":"Point","coordinates":[-17.759444,28.646389]},"properties":{"GSM_down":-74,"GSM_up":-84,"UMTS":-102,"fecha":1384646400000}},{"type":"Feature","geometry":{"type":"Point","coordinates":[-17.923333,28.6275]},"properties":{"GSM_down":-79,"GSM_up":-89,"UMTS":-104,"fecha":1385337600000}},{"type":"Feature","geometry":{"type":"Point","coordinates":[-17.923333,28.6275]},"properties":{"GSM_down":-79,"GSM_up":-89,"UMTS":-104,"fecha":1385337600000}},{"type":"Feature","geometry":{"type":"Point","coordinates":[-17.923333,28.629722]},"properties":{"GSM_down":-84,"GSM_up":-84,"UMTS":-112,"fecha":1385337600000}},{"type":"Feature","geometry":{"type":"Point","coordinates":[-17.903333,28.621111]},"properties":{"GSM_down":-82,"GSM_up":-74,"UMTS":-102,"fecha":1385251200000}},{"type":"Feature","geometry":{"type":"Point","coordinates":[-17.893611,28.620278]},"properties":{"GSM_down":-74,"GSM_up":-84,"UMTS":-112,"fecha":1385251200000}},{"type":"Feature","geometry":{"type":"Point","coordinates":[-17.885556,28.624167]},"properties":{"GSM_down":-64,"GSM_up":-79,"UMTS":-104,"fecha":1385251200000}},{"type":"Feature","geometry":{"type":"Point","coordinates":[-17.863333,28.623889]},"properties":{"GSM_down":-69,"GSM_up":-89,"UMTS":-92,"fecha":1385251200000}},{"type":"Feature","geometry":{"type":"Point","coordinates":[-17.851667,28.621667]},"properties":{"GSM_down":-84,"GSM_up":-79,"UMTS":-99,"fecha":1385251200000}},{"type":"Feature","geometry":{"type":"Point","coordinates":[-17.838056,28.620833]},"properties":{"GSM_down":-104,"GSM_up":-99,"UMTS":-106,"fecha":1385251200000}},{"type":"Feature","geometry":{"type":"Point","coordinates":[-17.836667,28.625833]},"properties":{"GSM_down":-107,"GSM_up":-94,"UMTS":-109,"fecha":1385337600000}},{"type":"Feature","geometry":{"type":"Point","coordinates":[-17.809722,28.613056]},"properties":{"GSM_down":-104,"GSM_up":-99,"UMTS":-114,"fecha":1385337600000}},{"type":"Feature","geometry":{"type":"Point","coordinates":[-17.803611,28.613889]},"properties":{"GSM_down":-107,"GSM_up":-104,"UMTS":-114,"fecha":1385337600000}},{"type":"Feature","geometry":{"type":"Point","coordinates":[-17.795556,28.618889]},"properties":{"GSM_down":-104,"GSM_up":-107,"UMTS":-114,"fecha":1384646400000}},{"type":"Feature","geometry":{"type":"Point","coordinates":[-17.786944,28.646944]},"properties":{"GSM_down":-74,"GSM_up":-84,"UMTS":-106,"fecha":1384646400000}},{"type":"Feature","geometry":{"type":"Point","coordinates":[-17.7775,28.6275]},"properties":{"GSM_down":-86,"GSM_up":-79,"UMTS":-99,"fecha":1384646400000}},{"type":"Feature","geometry":{"type":"Point","coordinates":[-17.772222,28.624167]},"properties":{"GSM_down":-84,"GSM_up":-74,"UMTS":-102,"fecha":1384646400000}},{"type":"Feature","geometry":{"type":"Point","coordinates":[-17.773056,28.613056]},"properties":{"GSM_down":-61,"GSM_up":-79,"UMTS":-89,"fecha":1384646400000}},{"type":"Feature","geometry":{"type":"Point","coordinates":[-17.765556,28.616944]},"properties":{"GSM_down":-61,"GSM_up":-61,"UMTS":-89,"fecha":1384646400000}},{"type":"Feature","geometry":{"type":"Point","coordinates":[-17.920833,28.616667]},"properties":{"GSM_down":-84,"GSM_up":-94,"UMTS":-104,"fecha":1385337600000}},{"type":"Feature","geometry":{"type":"Point","coordinates":[-17.916111,28.6125]},"properties":{"GSM_down":-93,"GSM_up":-94,"UMTS":-109,"fecha":1385337600000}},{"type":"Feature","geometry":{"type":"Point","coordinates":[-17.921667,28.653056]},"properties":{"GSM_down":-89,"GSM_up":-98,"UMTS":-107,"fecha":1385337600000}},{"type":"Feature","geometry":{"type":"Point","coordinates":[-17.910833,28.652778]},"properties":{"GSM_down":-95,"GSM_up":-87,"UMTS":-99,"fecha":1385337600000}},{"type":"Feature","geometry":{"type":"Point","coordinates":[-17.901944,28.6525]},"properties":{"GSM_down":-92,"GSM_up":-89,"UMTS":-102,"fecha":1385337600000}},{"type":"Feature","geometry":{"type":"Point","coordinates":[-17.875833,28.612222]},"properties":{"GSM_down":-84,"GSM_up":-94,"UMTS":-109,"fecha":1385251200000}},{"type":"Feature","geometry":{"type":"Point","coordinates":[-17.884722,28.650833]},"properties":{"GSM_down":-104,"GSM_up":-99,"UMTS":-107,"fecha":1385251200000}},{"type":"Feature","geometry":{"type":"Point","coordinates":[-17.879722,28.650833]},"properties":{"GSM_down":-99,"GSM_up":-104,"UMTS":-109,"fecha":1385251200000}},{"type":"Feature","geometry":{"type":"Point","coordinates":[-17.848333,28.617222]},"properties":{"GSM_down":-107,"GSM_up":-74,"UMTS":-107,"fecha":1385337600000}},{"type":"Feature","geometry":{"type":"Point","coordinates":[-17.834167,28.614444]},"properties":{"GSM_down":-104,"GSM_up":-104,"UMTS":-114,"fecha":1385337600000}},{"type":"Feature","geometry":{"type":"Point","coordinates":[-17.83,28.609722]},"properties":{"GSM_down":-104,"GSM_up":-109,"UMTS":-114,"fecha":1385337600000}},{"type":"Feature","geometry":{"type":"Point","coordinates":[-17.824722,28.608611]},"properties":{"GSM_down":-107,"GSM_up":-105,"UMTS":-114,"fecha":1385337600000}},{"type":"Feature","geometry":{"type":"Point","coordinates":[-17.776111,28.626667]},"properties":{"GSM_down":-69,"GSM_up":-89,"UMTS":-109,"fecha":1384646400000}},{"type":"Feature","geometry":{"type":"Point","coordinates":[-17.781667,28.624167]},"properties":{"GSM_down":-89,"GSM_up":-79,"UMTS":-102,"fecha":1384646400000}},{"type":"Feature","geometry":{"type":"Point","coordinates":[-17.773056,28.624167]},"properties":{"GSM_down":-89,"GSM_up":-74,"UMTS":-104,"fecha":1384646400000}},{"type":"Feature","geometry":{"type":"Point","coordinates":[-17.765833,28.616944]},"properties":{"GSM_down":-84,"GSM_up":-79,"UMTS":-99,"fecha":1384646400000}},{"type":"Feature","geometry":{"type":"Point","coordinates":[-17.768056,28.622222]},"properties":{"GSM_down":-79,"GSM_up":-79,"UMTS":-94,"fecha":1384646400000}},{"type":"Feature","geometry":{"type":"Point","coordinates":[-17.9225,28.605556]},"properties":{"GSM_down":-74,"GSM_up":-74,"UMTS":-104,"fecha":1385251200000}},{"type":"Feature","geometry":{"type":"Point","coordinates":[-17.913333,28.609167]},"properties":{"GSM_down":-84,"GSM_up":-84,"UMTS":-96,"fecha":1385337600000}},{"type":"Feature","geometry":{"type":"Point","coordinates":[-17.895,28.604444]},"properties":{"GSM_down":-72,"GSM_up":-79,"UMTS":-102,"fecha":1385251200000}},{"type":"Feature","geometry":{"type":"Point","coordinates":[-17.897222,28.596667]},"properties":{"GSM_down":-74,"GSM_up":-84,"UMTS":-84,"fecha":1385251200000}},{"type":"Feature","geometry":{"type":"Point","coordinates":[-17.880833,28.602222]},"properties":{"GSM_down":-79,"GSM_up":-94,"UMTS":-104,"fecha":1385251200000}},{"type":"Feature","geometry":{"type":"Point","coordinates":[-17.876389,28.601944]},"properties":{"GSM_down":-78,"GSM_up":-94,"UMTS":-104,"fecha":1385251200000}},{"type":"Feature","geometry":{"type":"Point","coordinates":[-17.863056,28.6225]},"properties":{"GSM_down":-105,"GSM_up":-98,"UMTS":-109,"fecha":1384646400000}},{"type":"Feature","geometry":{"type":"Point","coordinates":[-17.850556,28.619167]},"properties":{"GSM_down":-107,"GSM_up":-97,"UMTS":-106,"fecha":1384646400000}},{"type":"Feature","geometry":{"type":"Point","coordinates":[-17.841389,28.619167]},"properties":{"GSM_down":-104,"GSM_up":-99,"UMTS":-109,"fecha":1384646400000}},{"type":"Feature","geometry":{"type":"Point","coordinates":[-17.829722,28.617778]},"properties":{"GSM_down":-110,"GSM_up":-107,"UMTS":-114,"fecha":1384646400000}},{"type":"Feature","geometry":{"type":"Point","coordinates":[-17.82,28.618333]},"properties":{"GSM_down":-104,"GSM_up":-112,"UMTS":-114,"fecha":1384646400000}},{"type":"Feature","geometry":{"type":"Point","coordinates":[-17.81,28.618889]},"properties":{"GSM_down":-111,"GSM_up":-104,"UMTS":-114,"fecha":1384646400000}},{"type":"Feature","geometry":{"type":"Point","coordinates":[-17.768611,28.601389]},"properties":{"GSM_down":-79,"GSM_up":-94,"UMTS":-74,"fecha":1384646400000}},{"type":"Feature","geometry":{"type":"Point","coordinates":[-17.776667,28.605278]},"properties":{"GSM_down":-79,"GSM_up":-84,"UMTS":-74,"fecha":1384646400000}},{"type":"Feature","geometry":{"type":"Point","coordinates":[-17.774167,28.611944]},"properties":{"GSM_down":-74,"GSM_up":-74,"UMTS":-79,"fecha":1384646400000}},{"type":"Feature","geometry":{"type":"Point","coordinates":[-17.757778,28.604722]},"properties":{"GSM_down":-74,"GSM_up":-74,"UMTS":-79,"fecha":1384646400000}},{"type":"Feature","geometry":{"type":"Point","coordinates":[-17.917222,28.593611]},"properties":{"GSM_down":-84,"GSM_up":-79,"UMTS":-99,"fecha":1385251200000}},{"type":"Feature","geometry":{"type":"Point","coordinates":[-17.917222,28.593611]},"properties":{"GSM_down":-84,"GSM_up":-79,"UMTS":-99,"fecha":1385251200000}},{"type":"Feature","geometry":{"type":"Point","coordinates":[-17.908333,28.603056]},"properties":{"GSM_down":-79,"GSM_up":-94,"UMTS":-104,"fecha":1385251200000}},{"type":"Feature","geometry":{"type":"Point","coordinates":[-17.896389,28.596389]},"properties":{"GSM_down":-69,"GSM_up":-84,"UMTS":-89,"fecha":1385251200000}},{"type":"Feature","geometry":{"type":"Point","coordinates":[-17.88,28.591111]},"properties":{"GSM_down":-84,"GSM_up":-89,"UMTS":-89,"fecha":1385251200000}},{"type":"Feature","geometry":{"type":"Point","coordinates":[-17.870833,28.600556]},"properties":{"GSM_down":-89,"GSM_up":-79,"UMTS":-107,"fecha":1387324800000}},{"type":"Feature","geometry":{"type":"Point","coordinates":[-17.861667,28.597778]},"properties":{"GSM_down":-84,"GSM_up":-89,"UMTS":-109,"fecha":1387324800000}},{"type":"Feature","geometry":{"type":"Point","coordinates":[-17.851944,28.596667]},"properties":{"GSM_down":-99,"GSM_up":-104,"UMTS":-106,"fecha":1387324800000}},{"type":"Feature","geometry":{"type":"Point","coordinates":[-17.8425,28.594444]},"properties":{"GSM_down":-104,"GSM_up":-89,"UMTS":-109,"fecha":1387324800000}},{"type":"Feature","geometry":{"type":"Point","coordinates":[-17.830833,28.596111]},"properties":{"GSM_down":-104,"GSM_up":-110,"UMTS":-114,"fecha":1387324800000}},{"type":"Feature","geometry":{"type":"Point","coordinates":[-17.818056,28.618611]},"properties":{"GSM_down":-104,"GSM_up":-104,"UMTS":-114,"fecha":1384646400000}},{"type":"Feature","geometry":{"type":"Point","coordinates":[-17.809722,28.6]},"properties":{"GSM_down":-104,"GSM_up":-104,"UMTS":-114,"fecha":1384646400000}},{"type":"Feature","geometry":{"type":"Point","coordinates":[-17.759167,28.655]},"properties":{"GSM_down":-95,"GSM_up":-99,"UMTS":-109,"fecha":1384646400000}},{"type":"Feature","geometry":{"type":"Point","coordinates":[-17.754444,28.667778]},"properties":{"GSM_down":-94,"GSM_up":-104,"UMTS":-111,"fecha":1384646400000}},{"type":"Feature","geometry":{"type":"Point","coordinates":[-17.776944,28.603611]},"properties":{"GSM_down":-69,"GSM_up":-74,"UMTS":-96,"fecha":1384732800000}},{"type":"Feature","geometry":{"type":"Point","coordinates":[-17.772222,28.617778]},"properties":{"GSM_down":-89,"GSM_up":-84,"UMTS":-84,"fecha":1384646400000}},{"type":"Feature","geometry":{"type":"Point","coordinates":[-17.759722,28.593333]},"properties":{"GSM_down":-89,"GSM_up":-84,"UMTS":-84,"fecha":1384646400000}},{"type":"Feature","geometry":{"type":"Point","coordinates":[-17.909722,28.588056]},"properties":{"GSM_down":-74,"GSM_up":-64,"UMTS":-94,"fecha":1385251200000}},{"type":"Feature","geometry":{"type":"Point","coordinates":[-17.909722,28.588056]},"properties":{"GSM_down":-74,"GSM_up":-64,"UMTS":-94,"fecha":1385251200000}},{"type":"Feature","geometry":{"type":"Point","coordinates":[-17.897778,28.595556]},"properties":{"GSM_down":-59,"GSM_up":-89,"UMTS":-79,"fecha":1385251200000}},{"type":"Feature","geometry":{"type":"Point","coordinates":[-17.895556,28.591389]},"properties":{"GSM_down":-74,"GSM_up":-59,"UMTS":-89,"fecha":1385251200000}},{"type":"Feature","geometry":{"type":"Point","coordinates":[-17.886944,28.625833]},"properties":{"GSM_down":-84,"GSM_up":-96,"UMTS":-109,"fecha":1385251200000}},{"type":"Feature","geometry":{"type":"Point","coordinates":[-17.888611,28.631111]},"properties":{"GSM_down":-84,"GSM_up":-89,"UMTS":-99,"fecha":1385251200000}},{"type":"Feature","geometry":{"type":"Point","coordinates":[-17.844444,28.580833]},"properties":{"GSM_down":-84,"GSM_up":-89,"UMTS":-106,"fecha":1385251200000}},{"type":"Feature","geometry":{"type":"Point","coordinates":[-17.820556,28.579167]},"properties":{"GSM_down":-104,"GSM_up":-104,"UMTS":-113,"fecha":1385251200000}},{"type":"Feature","geometry":{"type":"Point","coordinates":[-17.826944,28.5725]},"properties":{"GSM_down":-106,"GSM_up":-100,"UMTS":-104,"fecha":1384732800000}},{"type":"Feature","geometry":{"type":"Point","coordinates":[-17.825556,28.572778]},"properties":{"GSM_down":-104,"GSM_up":-94,"UMTS":-104,"fecha":1384732800000}},{"type":"Feature","geometry":{"type":"Point","coordinates":[-17.808056,28.573611]},"properties":{"GSM_down":-82,"GSM_up":-84,"UMTS":-104,"fecha":1384732800000}},{"type":"Feature","geometry":{"type":"Point","coordinates":[-17.774167,28.613611]},"properties":{"GSM_down":-84,"GSM_up":-84,"UMTS":-102,"fecha":1384732800000}},{"type":"Feature","geometry":{"type":"Point","coordinates":[-17.775,28.610556]},"properties":{"GSM_down":-79,"GSM_up":-64,"UMTS":-102,"fecha":1384646400000}},{"type":"Feature","geometry":{"type":"Point","coordinates":[-17.7725,28.583056]},"properties":{"GSM_down":-59,"GSM_up":-69,"UMTS":-94,"fecha":1384732800000}},{"type":"Feature","geometry":{"type":"Point","coordinates":[-17.768611,28.591389]},"properties":{"GSM_down":-82,"GSM_up":-84,"UMTS":-94,"fecha":1384732800000}},{"type":"Feature","geometry":{"type":"Point","coordinates":[-17.768611,28.591389]},"properties":{"GSM_down":-82,"GSM_up":-84,"UMTS":-94,"fecha":1384732800000}},{"type":"Feature","geometry":{"type":"Point","coordinates":[-17.905556,28.579444]},"properties":{"GSM_down":-84,"GSM_up":-79,"UMTS":-102,"fecha":1385251200000}},{"type":"Feature","geometry":{"type":"Point","coordinates":[-17.905556,28.579444]},"properties":{"GSM_down":-84,"GSM_up":-79,"UMTS":-102,"fecha":1385251200000}},{"type":"Feature","geometry":{"type":"Point","coordinates":[-17.881667,28.585833]},"properties":{"GSM_down":-99,"GSM_up":-99,"UMTS":-109,"fecha":1385251200000}},{"type":"Feature","geometry":{"type":"Point","coordinates":[-17.936111,28.681389]},"properties":{"GSM_down":-89,"GSM_up":-89,"UMTS":-109,"fecha":1385164800000}},{"type":"Feature","geometry":{"type":"Point","coordinates":[-17.869722,28.580556]},"properties":{"GSM_down":-89,"GSM_up":-89,"UMTS":-109,"fecha":1385164800000}},{"type":"Feature","geometry":{"type":"Point","coordinates":[-17.863333,28.579444]},"properties":{"GSM_down":-89,"GSM_up":-89,"UMTS":-109,"fecha":1386806400000}},{"type":"Feature","geometry":{"type":"Point","coordinates":[-17.857778,28.581667]},"properties":{"GSM_down":-104,"GSM_up":-104,"UMTS":-109,"fecha":1386806400000}},{"type":"Feature","geometry":{"type":"Point","coordinates":[-17.8325,28.5775]},"properties":{"GSM_down":-104,"GSM_up":-104,"UMTS":-107,"fecha":1386806400000}},{"type":"Feature","geometry":{"type":"Point","coordinates":[-17.776389,28.6075]},"properties":{"GSM_down":-69,"GSM_up":-64,"UMTS":-82,"fecha":1384732800000}},{"type":"Feature","geometry":{"type":"Point","coordinates":[-17.8175,28.568056]},"properties":{"GSM_down":-69,"GSM_up":-64,"UMTS":-84,"fecha":1384732800000}},{"type":"Feature","geometry":{"type":"Point","coordinates":[-17.794444,28.575556]},"properties":{"GSM_down":-74,"GSM_up":-84,"UMTS":-99,"fecha":1384732800000}},{"type":"Feature","geometry":{"type":"Point","coordinates":[-17.768889,28.577778]},"properties":{"GSM_down":-74,"GSM_up":-59,"UMTS":-89,"fecha":1384646400000}},{"type":"Feature","geometry":{"type":"Point","coordinates":[-17.796667,28.553889]},"properties":{"GSM_down":-64,"GSM_up":-69,"UMTS":-94,"fecha":1384732800000}},{"type":"Feature","geometry":{"type":"Point","coordinates":[-17.769722,28.576667]},"properties":{"GSM_down":-59,"GSM_up":-64,"UMTS":-94,"fecha":1384819200000}},{"type":"Feature","geometry":{"type":"Point","coordinates":[-17.897778,28.573056]},"properties":{"GSM_down":-99,"GSM_up":-84,"UMTS":-112,"fecha":1385251200000}},{"type":"Feature","geometry":{"type":"Point","coordinates":[-17.881389,28.639167]},"properties":{"GSM_down":-99,"GSM_up":-109,"UMTS":-114,"fecha":1385251200000}},{"type":"Feature","geometry":{"type":"Point","coordinates":[-17.860278,28.553056]},"properties":{"GSM_down":-74,"GSM_up":-84,"UMTS":-109,"fecha":1385164800000}},{"type":"Feature","geometry":{"type":"Point","coordinates":[-17.858333,28.559722]},"properties":{"GSM_down":-74,"GSM_up":-84,"UMTS":-106,"fecha":1385164800000}},{"type":"Feature","geometry":{"type":"Point","coordinates":[-17.8525,28.559722]},"properties":{"GSM_down":-104,"GSM_up":-101,"UMTS":-114,"fecha":1386806400000}},{"type":"Feature","geometry":{"type":"Point","coordinates":[-17.845278,28.561667]},"properties":{"GSM_down":-104,"GSM_up":-104,"UMTS":-114,"fecha":1384819200000}},{"type":"Feature","geometry":{"type":"Point","coordinates":[-17.8375,28.561667]},"properties":{"GSM_down":-104,"GSM_up":-104,"UMTS":-107,"fecha":1384819200000}},{"type":"Feature","geometry":{"type":"Point","coordinates":[-17.805,28.545]},"properties":{"GSM_down":-84,"GSM_up":-92,"UMTS":-105,"fecha":1384732800000}},{"type":"Feature","geometry":{"type":"Point","coordinates":[-17.798333,28.563056]},"properties":{"GSM_down":-84,"GSM_up":-84,"UMTS":-102,"fecha":1384732800000}},{"type":"Feature","geometry":{"type":"Point","coordinates":[-17.796667,28.553889]},"properties":{"GSM_down":-64,"GSM_up":-64,"UMTS":-99,"fecha":1384819200000}},{"type":"Feature","geometry":{"type":"Point","coordinates":[-17.768889,28.574444]},"properties":{"GSM_down":-64,"GSM_up":-64,"UMTS":-99,"fecha":1384819200000}},{"type":"Feature","geometry":{"type":"Point","coordinates":[-17.768889,28.574444]},"properties":{"GSM_down":-96,"GSM_up":-84,"UMTS":-109,"fecha":1384819200000}},{"type":"Feature","geometry":{"type":"Point","coordinates":[-17.886111,28.552222]},"properties":{"GSM_down":-99,"GSM_up":-74,"UMTS":-104,"fecha":1385251200000}},{"type":"Feature","geometry":{"type":"Point","coordinates":[-17.886111,28.552222]},"properties":{"GSM_down":-99,"GSM_up":-74,"UMTS":-104,"fecha":1385251200000}},{"type":"Feature","geometry":{"type":"Point","coordinates":[-17.878056,28.566667]},"properties":{"GSM_down":-99,"GSM_up":-99,"UMTS":-112,"fecha":1385164800000}},{"type":"Feature","geometry":{"type":"Point","coordinates":[-17.891944,28.564167]},"properties":{"GSM_down":-104,"GSM_up":-104,"UMTS":-114,"fecha":1385164800000}},{"type":"Feature","geometry":{"type":"Point","coordinates":[-17.862778,28.555]},"properties":{"GSM_down":-104,"GSM_up":-104,"UMTS":-114,"fecha":1385164800000}},{"type":"Feature","geometry":{"type":"Point","coordinates":[-17.853889,28.553889]},"properties":{"GSM_down":-104,"GSM_up":-86,"UMTS":-114,"fecha":1385164800000}},{"type":"Feature","geometry":{"type":"Point","coordinates":[-17.846389,28.551944]},"properties":{"GSM_down":-94,"GSM_up":-86,"UMTS":-114,"fecha":1385164800000}},{"type":"Feature","geometry":{"type":"Point","coordinates":[-17.838056,28.554167]},"properties":{"GSM_down":-74,"GSM_up":-89,"UMTS":-109,"fecha":1385164800000}},{"type":"Feature","geometry":{"type":"Point","coordinates":[-17.804722,28.554167]},"properties":{"GSM_down":-74,"GSM_up":-89,"UMTS":-94,"fecha":1384732800000}},{"type":"Feature","geometry":{"type":"Point","coordinates":[-17.798056,28.553889]},"properties":{"GSM_down":-74,"GSM_up":-84,"UMTS":-94,"fecha":1384732800000}},{"type":"Feature","geometry":{"type":"Point","coordinates":[-17.811111,28.549444]},"properties":{"GSM_down":-74,"GSM_up":-84,"UMTS":-99,"fecha":1384732800000}},{"type":"Feature","geometry":{"type":"Point","coordinates":[-17.7775,28.5575]},"properties":{"GSM_down":-74,"GSM_up":-84,"UMTS":-99,"fecha":1384732800000}},{"type":"Feature","geometry":{"type":"Point","coordinates":[-17.885278,28.549722]},"properties":{"GSM_down":-74,"GSM_up":-84,"UMTS":-109,"fecha":1385164800000}},{"type":"Feature","geometry":{"type":"Point","coordinates":[-17.949167,28.698611]},"properties":{"GSM_down":-79,"GSM_up":-74,"UMTS":-112,"fecha":1385164800000}},{"type":"Feature","geometry":{"type":"Point","coordinates":[-17.8725,28.554167]},"properties":{"GSM_down":-81,"GSM_up":-74,"UMTS":-112,"fecha":1385164800000}},{"type":"Feature","geometry":{"type":"Point","coordinates":[-17.833611,28.545556]},"properties":{"GSM_down":-104,"GSM_up":-104,"UMTS":-114,"fecha":1384732800000}},{"type":"Feature","geometry":{"type":"Point","coordinates":[-17.826667,28.544444]},"properties":{"GSM_down":-104,"GSM_up":-104,"UMTS":-114,"fecha":1384732800000}},{"type":"Feature","geometry":{"type":"Point","coordinates":[-17.820833,28.546389]},"properties":{"GSM_down":-104,"GSM_up":-104,"UMTS":-114,"fecha":1384732800000}},{"type":"Feature","geometry":{"type":"Point","coordinates":[-17.815,28.546389]},"properties":{"GSM_down":-104,"GSM_up":-104,"UMTS":-114,"fecha":1384732800000}},{"type":"Feature","geometry":{"type":"Point","coordinates":[-17.861389,28.501389]},"properties":{"GSM_down":-94,"GSM_up":-86,"UMTS":-109,"fecha":1384992000000}},{"type":"Feature","geometry":{"type":"Point","coordinates":[-17.861389,28.501389]},"properties":{"GSM_down":-94,"GSM_up":-86,"UMTS":-109,"fecha":1384992000000}},{"type":"Feature","geometry":{"type":"Point","coordinates":[-17.890556,28.616667]},"properties":{"GSM_down":-84,"GSM_up":-74,"UMTS":-104,"fecha":1385164800000}},{"type":"Feature","geometry":{"type":"Point","coordinates":[-17.901944,28.604722]},"properties":{"GSM_down":-94,"GSM_up":-77,"UMTS":-112,"fecha":1385164800000}},{"type":"Feature","geometry":{"type":"Point","coordinates":[-17.832778,28.533611]},"properties":{"GSM_down":-64,"GSM_up":-79,"UMTS":-106,"fecha":1384819200000}},{"type":"Feature","geometry":{"type":"Point","coordinates":[-17.832778,28.533611]},"properties":{"GSM_down":-64,"GSM_up":-79,"UMTS":-99,"fecha":1384819200000}},{"type":"Feature","geometry":{"type":"Point","coordinates":[-17.817778,28.534444]},"properties":{"GSM_down":-64,"GSM_up":-79,"UMTS":-82,"fecha":1384819200000}},{"type":"Feature","geometry":{"type":"Point","coordinates":[-17.809722,28.534444]},"properties":{"GSM_down":-66,"GSM_up":-85,"UMTS":-89,"fecha":1384819200000}},{"type":"Feature","geometry":{"type":"Point","coordinates":[-17.862778,28.502222]},"properties":{"GSM_down":-94,"GSM_up":-84,"UMTS":-104,"fecha":1384992000000}},{"type":"Feature","geometry":{"type":"Point","coordinates":[-17.862778,28.502222]},"properties":{"GSM_down":-94,"GSM_up":-84,"UMTS":-104,"fecha":1384992000000}},{"type":"Feature","geometry":{"type":"Point","coordinates":[-17.865556,28.505556]},"properties":{"GSM_down":-89,"GSM_up":-84,"UMTS":-111,"fecha":1385164800000}},{"type":"Feature","geometry":{"type":"Point","coordinates":[-17.857778,28.530278]},"properties":{"GSM_down":-94,"GSM_up":-94,"UMTS":-111,"fecha":1385164800000}},{"type":"Feature","geometry":{"type":"Point","coordinates":[-17.832222,28.531389]},"properties":{"GSM_down":-104,"GSM_up":-86,"UMTS":-109,"fecha":1384819200000}},{"type":"Feature","geometry":{"type":"Point","coordinates":[-17.8225,28.531389]},"properties":{"GSM_down":-64,"GSM_up":-74,"UMTS":-69,"fecha":1384819200000}},{"type":"Feature","geometry":{"type":"Point","coordinates":[-17.815278,28.531389]},"properties":{"GSM_down":-64,"GSM_up":-74,"UMTS":-69,"fecha":1384819200000}},{"type":"Feature","geometry":{"type":"Point","coordinates":[-17.807222,28.534444]},"properties":{"GSM_down":-69,"GSM_up":-84,"UMTS":-94,"fecha":1384819200000}},{"type":"Feature","geometry":{"type":"Point","coordinates":[-17.793611,28.532222]},"properties":{"GSM_down":-79,"GSM_up":-86,"UMTS":-104,"fecha":1384819200000}},{"type":"Feature","geometry":{"type":"Point","coordinates":[-17.863333,28.505]},"properties":{"GSM_down":-78,"GSM_up":-84,"UMTS":-104,"fecha":1384992000000}},{"type":"Feature","geometry":{"type":"Point","coordinates":[-17.864722,28.504444]},"properties":{"GSM_down":-94,"GSM_up":-74,"UMTS":-99,"fecha":1385164800000}},{"type":"Feature","geometry":{"type":"Point","coordinates":[-17.848333,28.507778]},"properties":{"GSM_down":-104,"GSM_up":-86,"UMTS":-111,"fecha":1385164800000}},{"type":"Feature","geometry":{"type":"Point","coordinates":[-17.842222,28.509167]},"properties":{"GSM_down":-104,"GSM_up":-103,"UMTS":-114,"fecha":1384819200000}},{"type":"Feature","geometry":{"type":"Point","coordinates":[-17.8325,28.526667]},"properties":{"GSM_down":-74,"GSM_up":-79,"UMTS":-109,"fecha":1384819200000}},{"type":"Feature","geometry":{"type":"Point","coordinates":[-17.817778,28.526389]},"properties":{"GSM_down":-74,"GSM_up":-79,"UMTS":-109,"fecha":1384819200000}},{"type":"Feature","geometry":{"type":"Point","coordinates":[-17.816944,28.508333]},"properties":{"GSM_down":-74,"GSM_up":-79,"UMTS":-107,"fecha":1384819200000}},{"type":"Feature","geometry":{"type":"Point","coordinates":[-17.8025,28.518889]},"properties":{"GSM_down":-104,"GSM_up":-103,"UMTS":-114,"fecha":1384992000000}},{"type":"Feature","geometry":{"type":"Point","coordinates":[-17.872222,28.505]},"properties":{"GSM_down":-94,"GSM_up":-84,"UMTS":-104,"fecha":1384992000000}},{"type":"Feature","geometry":{"type":"Point","coordinates":[-17.85,28.502222]},"properties":{"GSM_down":-94,"GSM_up":-59,"UMTS":-86,"fecha":1384992000000}},{"type":"Feature","geometry":{"type":"Point","coordinates":[-17.836667,28.489722]},"properties":{"GSM_down":-84,"GSM_up":-84,"UMTS":-109,"fecha":1384992000000}},{"type":"Feature","geometry":{"type":"Point","coordinates":[-17.8425,28.500278]},"properties":{"GSM_down":-104,"GSM_up":-96,"UMTS":-109,"fecha":1384992000000}},{"type":"Feature","geometry":{"type":"Point","coordinates":[-17.823333,28.513889]},"properties":{"GSM_down":-94,"GSM_up":-89,"UMTS":-114,"fecha":1384819200000}},{"type":"Feature","geometry":{"type":"Point","coordinates":[-17.831667,28.503056]},"properties":{"GSM_down":-104,"GSM_up":-103,"UMTS":-114,"fecha":1384819200000}},{"type":"Feature","geometry":{"type":"Point","coordinates":[-17.815,28.503611]},"properties":{"GSM_down":-104,"GSM_up":-103,"UMTS":-114,"fecha":1384819200000}},{"type":"Feature","geometry":{"type":"Point","coordinates":[-17.866111,28.506111]},"properties":{"GSM_down":-104,"GSM_up":-84,"UMTS":-104,"fecha":1384992000000}},{"type":"Feature","geometry":{"type":"Point","coordinates":[-17.863056,28.503056]},"properties":{"GSM_down":-82,"GSM_up":-64,"UMTS":-89,"fecha":1384992000000}},{"type":"Feature","geometry":{"type":"Point","coordinates":[-17.8475,28.496389]},"properties":{"GSM_down":-82,"GSM_up":-84,"UMTS":-107,"fecha":1384992000000}},{"type":"Feature","geometry":{"type":"Point","coordinates":[-17.826389,28.500556]},"properties":{"GSM_down":-84,"GSM_up":-84,"UMTS":-114,"fecha":1384819200000}},{"type":"Feature","geometry":{"type":"Point","coordinates":[-17.826389,28.508333]},"properties":{"GSM_down":-104,"GSM_up":-94,"UMTS":-114,"fecha":1384819200000}},{"type":"Feature","geometry":{"type":"Point","coordinates":[-17.822222,28.497222]},"properties":{"GSM_down":-104,"GSM_up":-96,"UMTS":-114,"fecha":1384819200000}},{"type":"Feature","geometry":{"type":"Point","coordinates":[-17.813889,28.813889]},"properties":{"GSM_down":-92,"GSM_up":-94,"UMTS":-109,"fecha":1384819200000}},{"type":"Feature","geometry":{"type":"Point","coordinates":[-17.812778,28.502222]},"properties":{"GSM_down":-104,"GSM_up":-79,"UMTS":-104,"fecha":4225046400000}},{"type":"Feature","geometry":{"type":"Point","coordinates":[-17.812778,28.502222]},"properties":{"GSM_down":-104,"GSM_up":-79,"UMTS":-104,"fecha":1384992000000}},{"type":"Feature","geometry":{"type":"Point","coordinates":[-17.8475,28.492222]},"properties":{"GSM_down":-76,"GSM_up":-79,"UMTS":-104,"fecha":1384992000000}},{"type":"Feature","geometry":{"type":"Point","coordinates":[-17.835278,28.500833]},"properties":{"GSM_down":-82,"GSM_up":-84,"UMTS":-110,"fecha":1384819200000}},{"type":"Feature","geometry":{"type":"Point","coordinates":[-17.828333,28.504722]},"properties":{"GSM_down":-92,"GSM_up":-94,"UMTS":-104,"fecha":1384819200000}},{"type":"Feature","geometry":{"type":"Point","coordinates":[-17.82,28.492778]},"properties":{"GSM_down":-94,"GSM_up":-94,"UMTS":-104,"fecha":1384819200000}},{"type":"Feature","geometry":{"type":"Point","coordinates":[-17.811667,28.516667]},"properties":{"GSM_down":-99,"GSM_up":-86,"UMTS":-104,"fecha":1384992000000}},{"type":"Feature","geometry":{"type":"Point","coordinates":[-17.811667,28.516667]},"properties":{"GSM_down":-99,"GSM_up":-86,"UMTS":-104,"fecha":1384992000000}},{"type":"Feature","geometry":{"type":"Point","coordinates":[-17.851944,28.481667]},"properties":{"GSM_down":-89,"GSM_up":-94,"UMTS":-106,"fecha":1384905600000}},{"type":"Feature","geometry":{"type":"Point","coordinates":[-17.840278,28.480278]},"properties":{"GSM_down":-104,"GSM_up":-84,"UMTS":-106,"fecha":1384905600000}},{"type":"Feature","geometry":{"type":"Point","coordinates":[-17.8275,28.480278]},"properties":{"GSM_down":-94,"GSM_up":-89,"UMTS":-112,"fecha":1384905600000}},{"type":"Feature","geometry":{"type":"Point","coordinates":[-17.815833,28.508056]},"properties":{"GSM_down":-89,"GSM_up":-94,"UMTS":-114,"fecha":1384905600000}},{"type":"Feature","geometry":{"type":"Point","coordinates":[-17.838611,28.471389]},"properties":{"GSM_down":-104,"GSM_up":-84,"UMTS":-107,"fecha":1384905600000}},{"type":"Feature","geometry":{"type":"Point","coordinates":[-17.832222,28.471111]},"properties":{"GSM_down":-104,"GSM_up":-84,"UMTS":-114,"fecha":1384905600000}},{"type":"Feature","geometry":{"type":"Point","coordinates":[-17.816111,28.52]},"properties":{"GSM_down":-94,"GSM_up":-94,"UMTS":-114,"fecha":1384905600000}},{"type":"Feature","geometry":{"type":"Point","coordinates":[-17.833056,28.458056]},"properties":{"GSM_down":-104,"GSM_up":-84,"UMTS":-114,"fecha":1384905600000}},{"type":"Feature","geometry":{"type":"Point","coordinates":[-17.835556,28.500556]},"properties":{"GSM_down":-104,"GSM_up":-84,"UMTS":-114,"fecha":1384905600000}}]}