{"type":"FeatureCollection","features":[{"type":"Feature","geometry":{"type":"LineString","coordinates":[[-17.795971,28.824687],[-17.795911,28.82463],[-17.795878,28.824583],[-17.795867,28.824546],[-17.795877,28.824521],[-17.795906,28.824494],[-17.796061,28.824402],[-17.79631,28.824262],[-17.796424,28.82421],[-17.796574,28.824141],[-17.796763,28.824051],[-17.796894,28.824011],[-17.797067,28.82397],[-17.797176,28.823938],[-17.797261,28.82389],[-17.797296,28.823836],[-17.797341,28.823771],[-17.797411,28.823711],[-17.797614,28.823569],[-17.797716,28.823505],[-17.797763,28.823464],[-17.797798,28.823417],[-17.797812,28.823392],[-17.797821,28.823366],[-17.797829,28.823339],[-17.797841,28.823312],[-17.797855,28.823287],[-17.797874,28.823265],[-17.79789,28.823242],[-17.797889,28.823219],[-17.797878,28.823198],[-17.797871,28.823187],[-17.797863,28.823177],[-17.797855,28.823168],[-17.797846,28.823159],[-17.797836,28.82315],[-17.797826,28.823142],[-17.797815,28.823135],[-17.797807,28.823132],[-17.797794,28.823132],[-17.797785,28.823134],[-17.797775,28.82314],[-17.797758,28.823157],[-17.797724,28.823206],[-17.797682,28.82325],[-17.797636,28.823288],[-17.79759,28.823327],[-17.797564,28.823347],[-17.797537,28.823363],[-17.79751,28.82338],[-17.797482,28.823398],[-17.797454,28.823415],[-17.797428,28.823431],[-17.7974,28.823443],[-17.797372,28.823454],[-17.797342,28.823466],[-17.797313,28.823477],[-17.797219,28.823504],[-17.797186,28.823512],[-17.797154,28.823518],[-17.797121,28.823522],[-17.79709,28.823524],[-17.797056,28.823525],[-17.797025,28.823522],[-17.796993,28.823515],[-17.796963,28.823507],[-17.796934,28.823495],[-17.796904,28.82348],[-17.796874,28.823465],[-17.796846,28.823449],[-17.796819,28.823436],[-17.79679,28.823427],[-17.796704,28.823399],[-17.79648,28.82333],[-17.796422,28.823312],[-17.796365,28.823283],[-17.796339,28.823268],[-17.796314,28.823251],[-17.796289,28.823232],[-17.796267,28.823212],[-17.796249,28.823189],[-17.79623,28.823168],[-17.796146,28.823119],[-17.796043,28.823078],[-17.795836,28.823066],[-17.795726,28.823033],[-17.795654,28.822996],[-17.795494,28.822835],[-17.795285,28.822595],[-17.795129,28.822524],[-17.795029,28.822466],[-17.79498,28.822439],[-17.794939,28.822418],[-17.794919,28.822409],[-17.794881,28.822408],[-17.794847,28.822411],[-17.794817,28.822418],[-17.794785,28.822425],[-17.79468,28.822454],[-17.794587,28.822484],[-17.794527,28.822502],[-17.794496,28.822508],[-17.794465,28.822513],[-17.794432,28.822516],[-17.7944,28.822517],[-17.794367,28.822519],[-17.794334,28.822525],[-17.794302,28.822527],[-17.79427,28.822528],[-17.79425,28.822527],[-17.794228,28.822522],[-17.794206,28.822516],[-17.794184,28.822509],[-17.794163,28.822502],[-17.794142,28.822493],[-17.794122,28.822483],[-17.794102,28.822473],[-17.794083,28.822461],[-17.794065,28.822449],[-17.794047,28.822436],[-17.79403,28.822422],[-17.794004,28.822399],[-17.793979,28.822374],[-17.793955,28.822349],[-17.793932,28.822322],[-17.79391,28.822295],[-17.793889,28.822268],[-17.793869,28.82224],[-17.793851,28.822211],[-17.793833,28.822182],[-17.793817,28.822152],[-17.793802,28.822122],[-17.793791,28.822094],[-17.793781,28.822065],[-17.793776,28.822036],[-17.793773,28.822007],[-17.793772,28.821979],[-17.79377,28.821949],[-17.793768,28.82192],[-17.793763,28.821891],[-17.793754,28.821865],[-17.793741,28.82184],[-17.793726,28.821813],[-17.793711,28.821788],[-17.793647,28.821691],[-17.793625,28.821658],[-17.793606,28.821632],[-17.793588,28.82161],[-17.793568,28.821589],[-17.793546,28.821567],[-17.793527,28.821544],[-17.79351,28.821517],[-17.793498,28.821489],[-17.793493,28.821462],[-17.793495,28.821434],[-17.793504,28.821406],[-17.793522,28.821383],[-17.793594,28.82133],[-17.793772,28.821212],[-17.793919,28.821099],[-17.793945,28.821073],[-17.793986,28.821027],[-17.794007,28.821003],[-17.794117,28.820896],[-17.794137,28.820874],[-17.794152,28.82085],[-17.794163,28.820825],[-17.794165,28.820796],[-17.794162,28.820772],[-17.794141,28.820744],[-17.794116,28.820718],[-17.794089,28.820695],[-17.794069,28.820681],[-17.793904,28.820581],[-17.793813,28.820535],[-17.793637,28.820448],[-17.793578,28.820413],[-17.793527,28.820377],[-17.793508,28.82035],[-17.793498,28.820323],[-17.793492,28.820296],[-17.793488,28.820267],[-17.793487,28.820243],[-17.793482,28.820135],[-17.793478,28.820099],[-17.793475,28.820071],[-17.793468,28.820014],[-17.793464,28.819986],[-17.793461,28.819958],[-17.793461,28.81993],[-17.793463,28.8199],[-17.79347,28.819873],[-17.793479,28.819857],[-17.793559,28.819741],[-17.793573,28.819728],[-17.793603,28.819702],[-17.79362,28.819691],[-17.793637,28.819681],[-17.793655,28.819671],[-17.793674,28.819663],[-17.793693,28.819655],[-17.793713,28.819649],[-17.793733,28.819644],[-17.793753,28.81964],[-17.793854,28.819611],[-17.793894,28.8196],[-17.793924,28.819588],[-17.793954,28.819574],[-17.793984,28.819557],[-17.794012,28.819539],[-17.794033,28.819519],[-17.794054,28.819497],[-17.794071,28.819474],[-17.794082,28.819448],[-17.794085,28.819419],[-17.794083,28.81939],[-17.794078,28.819363],[-17.794071,28.819334],[-17.794051,28.81928],[-17.794006,28.819203],[-17.793988,28.819166],[-17.793965,28.819112],[-17.793953,28.819085],[-17.793939,28.819058],[-17.793924,28.819033],[-17.79389,28.818984],[-17.793871,28.818963],[-17.79378,28.818874],[-17.793728,28.818819],[-17.793706,28.818798],[-17.793683,28.818777],[-17.793659,28.818758],[-17.7935,28.818651],[-17.79342,28.818589],[-17.793387,28.818549],[-17.79336,28.818506],[-17.79334,28.81846],[-17.793327,28.818412],[-17.793321,28.818363],[-17.793322,28.818314],[-17.793331,28.818265],[-17.793347,28.818218],[-17.79337,28.818173],[-17.7934,28.818131],[-17.793436,28.818093],[-17.793477,28.818059],[-17.793522,28.818031],[-17.793572,28.818008],[-17.793624,28.817991],[-17.793679,28.81798],[-17.793899,28.817991],[-17.794046,28.818005],[-17.794192,28.818022],[-17.794481,28.818072],[-17.794782,28.818131],[-17.794992,28.818179],[-17.795095,28.818208],[-17.795165,28.818233],[-17.795225,28.818252],[-17.795255,28.818258],[-17.795288,28.818264],[-17.795353,28.818268],[-17.795384,28.818271],[-17.795417,28.818276],[-17.795448,28.818282],[-17.795478,28.818288],[-17.795511,28.818299],[-17.795538,28.818311],[-17.795566,28.818323],[-17.795596,28.818331],[-17.795628,28.818336],[-17.795659,28.818339],[-17.795692,28.818337],[-17.795723,28.818332],[-17.795755,28.818327],[-17.795786,28.818323],[-17.795818,28.818322],[-17.795853,28.818323],[-17.795885,28.818327],[-17.795975,28.818347],[-17.796119,28.818375],[-17.796407,28.818438],[-17.796469,28.81845],[-17.796501,28.818455],[-17.796534,28.818457],[-17.796566,28.818454],[-17.796589,28.818443],[-17.796605,28.818422],[-17.796608,28.818403],[-17.796601,28.818376],[-17.796588,28.818351],[-17.796573,28.818325],[-17.796556,28.818301],[-17.79654,28.818278],[-17.796525,28.818252],[-17.796514,28.818227],[-17.796504,28.818198],[-17.796496,28.818169],[-17.796489,28.818141],[-17.796485,28.818082],[-17.796483,28.818054],[-17.796477,28.818026],[-17.796466,28.818001],[-17.796451,28.817975],[-17.796419,28.817924],[-17.796392,28.817874],[-17.796364,28.817823],[-17.796351,28.817796],[-17.796338,28.817769],[-17.796331,28.817742],[-17.796326,28.817715],[-17.796314,28.817689],[-17.796301,28.817664],[-17.796286,28.817639],[-17.796268,28.817617],[-17.796225,28.817568],[-17.7962,28.817548],[-17.796157,28.817507],[-17.796112,28.817468],[-17.796089,28.817448],[-17.796069,28.817424],[-17.796065,28.817402],[-17.79607,28.817372],[-17.796081,28.817345],[-17.796096,28.817319],[-17.796122,28.817269],[-17.796137,28.817244],[-17.796158,28.817222],[-17.796181,28.817202],[-17.796209,28.817183],[-17.796234,28.817167],[-17.796286,28.817132],[-17.796339,28.8171],[-17.796367,28.817081],[-17.796415,28.817045],[-17.79644,28.817025],[-17.796464,28.817005],[-17.796486,28.816982],[-17.796519,28.816933],[-17.796537,28.816908],[-17.796554,28.816885],[-17.796587,28.816837],[-17.796603,28.816812],[-17.796622,28.816789],[-17.796642,28.816764],[-17.796663,28.816744],[-17.796687,28.816723],[-17.796708,28.816701],[-17.796729,28.81668],[-17.796751,28.816659],[-17.796772,28.816638],[-17.796793,28.816616],[-17.79681,28.816594],[-17.796822,28.816567],[-17.796833,28.81654],[-17.796843,28.816513],[-17.796854,28.816485],[-17.796868,28.816459],[-17.796888,28.816423],[-17.796898,28.816406],[-17.796916,28.816384],[-17.796938,28.816364],[-17.796966,28.816348],[-17.796995,28.816332],[-17.797026,28.816321],[-17.797057,28.816314],[-17.797089,28.81631],[-17.797122,28.81631],[-17.797155,28.816312],[-17.797188,28.816317],[-17.797221,28.816326],[-17.797236,28.816325],[-17.797246,28.816319],[-17.797254,28.8163],[-17.797257,28.816293],[-17.797216,28.816157],[-17.797202,28.816111],[-17.797116,28.816095],[-17.797106,28.816094],[-17.797087,28.816087],[-17.797078,28.816082],[-17.797063,28.81607],[-17.797057,28.816062],[-17.797052,28.816054],[-17.797048,28.816046],[-17.797045,28.816037],[-17.797043,28.816028],[-17.796968,28.815856],[-17.796777,28.815846],[-17.796611,28.815905],[-17.796425,28.815999]]},"properties":{"clase":"canal","origen":"Canal LP-I","nombre":"CANAL LA PALMA I","tipo_red":"RED BÁSICA","codigo":"CT000201"}},{"type":"Feature","geometry":{"type":"MultiLineString","coordinates":[[[-17.795567,28.815678],[-17.795584,28.815658],[-17.795571,28.815634]],[[-17.795521,28.815694],[-17.79555,28.815699],[-17.795567,28.815678]],[[-17.796464,28.815972],[-17.796435,28.815975],[-17.796425,28.815999]],[[-17.796425,28.815999],[-17.795567,28.815678]],[[-17.796425,28.815999],[-17.796414,28.816023],[-17.796435,28.816042]]]},"properties":{"clase":"canal","origen":"Canal LP-I","nombre":"CANAL LA PALMA I","tipo_red":"RED BÁSICA","codigo":"CT000202"}},{"type":"Feature","geometry":{"type":"LineString","coordinates":[[-17.795567,28.815678],[-17.795553,28.815671],[-17.795557,28.815639],[-17.795562,28.815592],[-17.795555,28.815556],[-17.795521,28.815518],[-17.79548,28.815489],[-17.795433,28.815469],[-17.795359,28.815452],[-17.795208,28.815403],[-17.795086,28.81535],[-17.795022,28.815322],[-17.794962,28.815289],[-17.794887,28.815236],[-17.79487,28.815222],[-17.794846,28.815181],[-17.794819,28.815103],[-17.794812,28.815055],[-17.794807,28.815007],[-17.794799,28.814913],[-17.794798,28.814866],[-17.794801,28.814818],[-17.794815,28.814787],[-17.794849,28.814763],[-17.7949,28.814752],[-17.794952,28.814748],[-17.795006,28.814745],[-17.795058,28.814737],[-17.795109,28.814727],[-17.79516,28.814721],[-17.79521,28.814709],[-17.795257,28.814689],[-17.795296,28.81466],[-17.795333,28.814627],[-17.795356,28.814587],[-17.795377,28.814547],[-17.795394,28.814514],[-17.795457,28.81442],[-17.79547,28.814386],[-17.79551,28.814271],[-17.795532,28.814208],[-17.795527,28.81418],[-17.795483,28.81418],[-17.795386,28.814246],[-17.795283,28.814323],[-17.795201,28.814371],[-17.795067,28.814406],[-17.794942,28.814439],[-17.794802,28.814463],[-17.794676,28.814474],[-17.794595,28.814488],[-17.794525,28.814515],[-17.794396,28.814566],[-17.794299,28.814604],[-17.794198,28.814622],[-17.794109,28.814611],[-17.793991,28.814591],[-17.793923,28.814558],[-17.793893,28.814516],[-17.793887,28.81444],[-17.793876,28.814333],[-17.793802,28.814267],[-17.793653,28.814254],[-17.793434,28.814279],[-17.793209,28.814325],[-17.793108,28.814333],[-17.793028,28.814298],[-17.792872,28.814013],[-17.792861,28.813982],[-17.792864,28.813958],[-17.792872,28.813944],[-17.792926,28.813908],[-17.793081,28.813805],[-17.793206,28.813726],[-17.79326,28.813683],[-17.793288,28.813645],[-17.793326,28.813556],[-17.79335,28.813464],[-17.793364,28.81342],[-17.793389,28.81338],[-17.793511,28.813293],[-17.793553,28.813261],[-17.793586,28.813232],[-17.793619,28.813191],[-17.793649,28.813101],[-17.793665,28.813023],[-17.793672,28.812967],[-17.793668,28.812918],[-17.793674,28.812863],[-17.793662,28.812833],[-17.793599,28.812837],[-17.793555,28.812848],[-17.793504,28.812855],[-17.793462,28.812841],[-17.793442,28.812815],[-17.793426,28.812769],[-17.793409,28.812706],[-17.793388,28.812625],[-17.793344,28.81254],[-17.793298,28.812491],[-17.793235,28.812511],[-17.793157,28.812549],[-17.793086,28.812586],[-17.793003,28.812617],[-17.792899,28.812641],[-17.792819,28.812651],[-17.79272,28.81266],[-17.792624,28.812657],[-17.792525,28.812641],[-17.79239,28.812608],[-17.792274,28.812573],[-17.792231,28.812563],[-17.792162,28.812532],[-17.792104,28.812488],[-17.792068,28.812442],[-17.792035,28.812402],[-17.792016,28.812358],[-17.792006,28.812283],[-17.792023,28.812224],[-17.79203,28.812192],[-17.792035,28.812176],[-17.792038,28.812159],[-17.792041,28.812145],[-17.792045,28.812124],[-17.792044,28.812092],[-17.792046,28.812054],[-17.792041,28.812009],[-17.792018,28.811948],[-17.791964,28.811904],[-17.79186,28.811868],[-17.79176,28.811849],[-17.791669,28.811828],[-17.79157,28.811782],[-17.791536,28.811752],[-17.791509,28.811713],[-17.79146,28.811664],[-17.791434,28.811627],[-17.791415,28.811593],[-17.7914,28.811546],[-17.791392,28.81151],[-17.791385,28.811481],[-17.791381,28.811446],[-17.791387,28.8114],[-17.791398,28.811349],[-17.791428,28.811291],[-17.791451,28.811252],[-17.791482,28.811215],[-17.791524,28.811182],[-17.791571,28.811155],[-17.791631,28.811122],[-17.791692,28.811096],[-17.79174,28.81107],[-17.791763,28.811055],[-17.791789,28.81102],[-17.791803,28.810992],[-17.791806,28.810967],[-17.791806,28.810937],[-17.791794,28.810908],[-17.791783,28.810883],[-17.791767,28.810864],[-17.791727,28.810844],[-17.7917,28.810838],[-17.791654,28.810828],[-17.791633,28.810819],[-17.791601,28.810803],[-17.791576,28.810784],[-17.79153,28.810757],[-17.791489,28.810733],[-17.791412,28.810682],[-17.791372,28.810665],[-17.791317,28.810643],[-17.791255,28.810623],[-17.791204,28.810604],[-17.791154,28.810578],[-17.791123,28.810548],[-17.791091,28.810507],[-17.79107,28.810468],[-17.791033,28.81035],[-17.79102,28.810291],[-17.791015,28.810242],[-17.791022,28.810188],[-17.791029,28.810147],[-17.791038,28.810113],[-17.791059,28.810064],[-17.791077,28.810038],[-17.791101,28.810011],[-17.791152,28.809969],[-17.791194,28.809933],[-17.79123,28.809895],[-17.79127,28.809862],[-17.791312,28.809827],[-17.791334,28.809814],[-17.791415,28.80978],[-17.791491,28.80975],[-17.791562,28.809719],[-17.791591,28.809705],[-17.791683,28.809639],[-17.791704,28.809611],[-17.791749,28.80954],[-17.791772,28.809499],[-17.791795,28.809466],[-17.791836,28.809417],[-17.791856,28.809389],[-17.791881,28.809361],[-17.791893,28.809338],[-17.791898,28.80931],[-17.791893,28.809272],[-17.79188,28.809228],[-17.791854,28.809165],[-17.791841,28.809132],[-17.791832,28.809103],[-17.79183,28.809082],[-17.791833,28.809059],[-17.791842,28.809047],[-17.791857,28.809031],[-17.791874,28.80902],[-17.791913,28.809003],[-17.791984,28.80897],[-17.792081,28.808924],[-17.792162,28.808891],[-17.792232,28.808855],[-17.792275,28.808833],[-17.792343,28.808776],[-17.792385,28.808749],[-17.792425,28.80873],[-17.792473,28.80871],[-17.792524,28.808694],[-17.79261,28.808664],[-17.792698,28.808636],[-17.792786,28.808612],[-17.792875,28.80859],[-17.792921,28.80858],[-17.793011,28.808563],[-17.793117,28.808545],[-17.793188,28.808528],[-17.793211,28.80852],[-17.793256,28.808502],[-17.793299,28.808481],[-17.793339,28.808456],[-17.793382,28.808423],[-17.793429,28.808384],[-17.793463,28.808354],[-17.793486,28.808334],[-17.793554,28.80829],[-17.793595,28.808263],[-17.793628,28.808231],[-17.793646,28.808202],[-17.793657,28.808167],[-17.793665,28.808126]]},"properties":{"clase":"canal","origen":"Canal LP-I","nombre":"CANAL LA PALMA I","tipo_red":"RED BÁSICA","codigo":"CT000203"}},{"type":"Feature","geometry":{"type":"MultiLineString","coordinates":[[[-17.796031,28.805347],[-17.796028,28.805373],[-17.796053,28.805386]],[[-17.796053,28.805386],[-17.796077,28.8054],[-17.796103,28.805386]],[[-17.793665,28.808126],[-17.796053,28.805386]],[[-17.793665,28.808126],[-17.793638,28.808116],[-17.793615,28.808133]],[[-17.793693,28.808162],[-17.793691,28.808136],[-17.793665,28.808126]]]},"properties":{"clase":"canal","origen":"Canal LP-I","nombre":"CANAL LA PALMA I","tipo_red":"RED BÁSICA","codigo":"CT000204"}},{"type":"Feature","geometry":{"type":"LineString","coordinates":[[-17.796053,28.805386],[-17.796166,28.805315],[-17.796239,28.805328],[-17.796309,28.805314],[-17.796406,28.805296],[-17.796532,28.805288],[-17.796664,28.80529],[-17.796749,28.805289],[-17.796823,28.805278],[-17.796903,28.805254],[-17.796978,28.80523],[-17.797054,28.805201],[-17.797119,28.805181],[-17.797171,28.805177],[-17.797249,28.805179],[-17.797362,28.805194],[-17.797449,28.805195],[-17.797547,28.805188],[-17.797712,28.805169],[-17.7978,28.805155],[-17.797871,28.805134],[-17.79796,28.805108],[-17.798046,28.805081],[-17.79815,28.805036],[-17.798218,28.80501],[-17.798281,28.804993],[-17.79838,28.804983],[-17.798498,28.804975],[-17.798647,28.804956],[-17.798765,28.804941],[-17.798874,28.804923],[-17.798964,28.804899],[-17.79902,28.804858],[-17.799115,28.804772],[-17.799134,28.804757],[-17.799177,28.804733],[-17.799236,28.804695],[-17.799366,28.804612],[-17.799486,28.804532],[-17.79957,28.804472],[-17.799621,28.804458],[-17.799701,28.804446],[-17.799753,28.804434],[-17.79983,28.804409],[-17.799885,28.804392],[-17.799965,28.804377],[-17.80004,28.804378],[-17.800159,28.804398],[-17.800264,28.804405],[-17.800363,28.804396],[-17.800466,28.804378],[-17.800563,28.804346],[-17.800792,28.804259],[-17.800906,28.80423],[-17.800977,28.80422],[-17.801032,28.804215],[-17.801124,28.804212],[-17.801201,28.804203],[-17.801269,28.804187],[-17.801313,28.804162],[-17.801354,28.804119],[-17.801377,28.804007],[-17.80139,28.803943]]},"properties":{"clase":"canal","origen":"Canal LP-I","nombre":"CANAL LA PALMA I","tipo_red":"RED BÁSICA","codigo":"CT000205"}},{"type":"Feature","geometry":{"type":"MultiLineString","coordinates":[[[-17.804548,28.802073],[-17.804544,28.8021],[-17.804568,28.802114]],[[-17.804568,28.802114],[-17.804592,28.802128],[-17.804618,28.802115]],[[-17.80139,28.803943],[-17.804568,28.802114]],[[-17.80139,28.803943],[-17.801363,28.803933],[-17.80134,28.80395]],[[-17.801418,28.80398],[-17.801416,28.803953],[-17.80139,28.803943]]]},"properties":{"clase":"canal","origen":"Canal LP-I","nombre":"CANAL LA PALMA I","tipo_red":"RED BÁSICA","codigo":"CT000206"}},{"type":"Feature","geometry":{"type":"LineString","coordinates":[[-17.804568,28.802114],[-17.804584,28.802081],[-17.804579,28.802022],[-17.804559,28.801958],[-17.80455,28.801884]]},"properties":{"clase":"canal","origen":"Canal LP-I","nombre":"CANAL LA PALMA I","tipo_red":"RED BÁSICA","codigo":"CT000207"}},{"type":"Feature","geometry":{"type":"MultiLineString","coordinates":[[[-17.805539,28.801218],[-17.805509,28.801219],[-17.805498,28.801243]],[[-17.805498,28.801243],[-17.805486,28.801266],[-17.805505,28.801286]],[[-17.805498,28.801243],[-17.805453,28.801231],[-17.805429,28.801226],[-17.805404,28.801225],[-17.805379,28.801228],[-17.805355,28.801234],[-17.805332,28.801243],[-17.805311,28.801256],[-17.804659,28.801728],[-17.804638,28.801745],[-17.80462,28.801765],[-17.804606,28.801787],[-17.80455,28.801884]],[[-17.80455,28.801884],[-17.804522,28.801887],[-17.804512,28.801912]],[[-17.804596,28.801903],[-17.804579,28.801881],[-17.80455,28.801884]]]},"properties":{"clase":"canal","origen":"Canal LP-I","nombre":"CANAL LA PALMA I","tipo_red":"RED BÁSICA","codigo":"CT000208"}},{"type":"Feature","geometry":{"type":"LineString","coordinates":[[-17.805882,28.801511],[-17.805808,28.801495],[-17.805719,28.801465],[-17.805677,28.801445],[-17.80563,28.801408],[-17.805581,28.801364],[-17.805551,28.801323],[-17.805511,28.80126],[-17.805498,28.801243]]},"properties":{"clase":"canal","origen":"Canal LP-I","nombre":"CANAL LA PALMA I","tipo_red":"RED BÁSICA","codigo":"CT000209"}},{"type":"Feature","geometry":{"type":"LineString","coordinates":[[-17.805882,28.801511],[-17.806167,28.801225],[-17.806396,28.801004]]},"properties":{"clase":"canal","origen":"Canal LP-I","nombre":"CANAL LA PALMA I","tipo_red":"RED BÁSICA","codigo":"CT000210"}},{"type":"Feature","geometry":{"type":"MultiLineString","coordinates":[[[-17.806396,28.801004],[-17.806475,28.801061]],[[-17.806475,28.801061],[-17.806493,28.801041],[-17.806479,28.801017]],[[-17.806429,28.801077],[-17.806458,28.801081],[-17.806475,28.801061]],[[-17.807043,28.801461],[-17.806475,28.801061]],[[-17.807043,28.801461],[-17.807018,28.801474],[-17.807021,28.8015]],[[-17.807093,28.801462],[-17.807068,28.801448],[-17.807043,28.801461]],[[-17.805942,28.801524],[-17.805951,28.8015],[-17.805931,28.801481]],[[-17.805942,28.801524],[-17.805882,28.801511]],[[-17.805902,28.801552],[-17.805932,28.801548],[-17.805942,28.801524]],[[-17.806968,28.80155],[-17.806964,28.801576],[-17.806988,28.80159]],[[-17.806988,28.80159],[-17.807041,28.801551],[-17.807047,28.801546],[-17.807051,28.801541],[-17.807055,28.801535],[-17.807057,28.801529],[-17.807059,28.801523],[-17.807062,28.801503],[-17.807063,28.801496],[-17.807062,28.80149],[-17.80706,28.801483],[-17.807058,28.801477],[-17.807054,28.801471],[-17.807049,28.801466],[-17.807043,28.801461]],[[-17.806988,28.80159],[-17.807012,28.801604],[-17.807038,28.801592]],[[-17.806988,28.80159],[-17.806886,28.801635],[-17.806802,28.801648],[-17.806754,28.801656],[-17.806711,28.80166],[-17.80666,28.80165],[-17.806522,28.80161],[-17.806329,28.801569],[-17.80611,28.801567],[-17.805991,28.801543],[-17.805942,28.801524]]]},"properties":{"clase":"canal","origen":"Canal LP-I","nombre":"CANAL LA PALMA I","tipo_red":"RED BÁSICA","codigo":"CT000211"}},{"type":"Feature","geometry":{"type":"LineString","coordinates":[[-17.805548,28.800702],[-17.805554,28.800704],[-17.805561,28.800706],[-17.80573,28.800735],[-17.805872,28.800777],[-17.806017,28.80082],[-17.80611,28.800849],[-17.806245,28.800915],[-17.806324,28.800956],[-17.80638,28.800992],[-17.806396,28.801004]]},"properties":{"clase":"canal","origen":"Canal LP-I","nombre":"CANAL LA PALMA I","tipo_red":"RED BÁSICA","codigo":"CT000212"}},{"type":"Feature","geometry":{"type":"MultiLineString","coordinates":[[[-17.805001,28.789745],[-17.805012,28.78977],[-17.805041,28.789772]],[[-17.805041,28.789772],[-17.805069,28.789774],[-17.805085,28.789752]],[[-17.805041,28.789772],[-17.804374,28.799496],[-17.804372,28.799576],[-17.804379,28.799656],[-17.804394,28.799735],[-17.804416,28.799813],[-17.804447,28.799889],[-17.804485,28.799962],[-17.80453,28.800031],[-17.804582,28.800097],[-17.80464,28.800159],[-17.804705,28.800216],[-17.804774,28.800267],[-17.804849,28.800313],[-17.805548,28.800702]],[[-17.805591,28.80068],[-17.805562,28.800679],[-17.805548,28.800702]],[[-17.805548,28.800702],[-17.805534,28.800724],[-17.805551,28.800746]]]},"properties":{"clase":"canal","origen":"Canal LP-I","nombre":"CANAL LA PALMA I","tipo_red":"RED BÁSICA","codigo":"CT000213"}},{"type":"Feature","geometry":{"type":"LineString","coordinates":[[-17.805041,28.789772],[-17.805051,28.789529],[-17.805024,28.789513]]},"properties":{"clase":"canal","origen":"Canal LP-I","nombre":"CANAL LA PALMA I","tipo_red":"RED BÁSICA","codigo":"CT000214"}},{"type":"Feature","geometry":{"type":"MultiLineString","coordinates":[[[-17.80448,28.789423],[-17.804482,28.789398],[-17.804457,28.789383]],[[-17.804449,28.789458],[-17.804477,28.789448],[-17.80448,28.789423]],[[-17.805067,28.78949],[-17.805037,28.78949],[-17.805024,28.789513]],[[-17.805024,28.789513],[-17.804768,28.789432],[-17.80448,28.789423]],[[-17.805024,28.789513],[-17.805011,28.789536],[-17.805029,28.789557]]]},"properties":{"clase":"canal","origen":"Canal LP-I","nombre":"CANAL LA PALMA I","tipo_red":"RED BÁSICA","codigo":"CT000215"}},{"type":"Feature","geometry":{"type":"LineString","coordinates":[[-17.80448,28.789423],[-17.804296,28.789423]]},"properties":{"clase":"canal","origen":"Canal LP-I","nombre":"CANAL LA PALMA I","tipo_red":"RED BÁSICA","codigo":"CT000216"}},{"type":"Feature","geometry":{"type":"MultiLineString","coordinates":[[[-17.8036,28.789391],[-17.803593,28.789367],[-17.803563,28.789361]],[[-17.804329,28.78939],[-17.8043,28.789398],[-17.804296,28.789423]],[[-17.803586,28.789433],[-17.803608,28.789416],[-17.8036,28.789391]],[[-17.804296,28.789423],[-17.804041,28.78938],[-17.803828,28.789371],[-17.8036,28.789391]],[[-17.804296,28.789423],[-17.804291,28.789448],[-17.804315,28.789463]]]},"properties":{"clase":"canal","origen":"Canal LP-I","nombre":"CANAL LA PALMA I","tipo_red":"RED BÁSICA","codigo":"CT000217"}},{"type":"Feature","geometry":{"type":"LineString","coordinates":[[-17.8036,28.789391],[-17.803415,28.789362],[-17.803276,28.789329],[-17.803146,28.789298],[-17.803035,28.78927],[-17.80292,28.789244],[-17.802798,28.789214],[-17.802744,28.789206],[-17.802641,28.78919],[-17.802352,28.789151]]},"properties":{"clase":"canal","origen":"Canal LP-I","nombre":"CANAL LA PALMA I","tipo_red":"RED BÁSICA","codigo":"CT000218"}},{"type":"Feature","geometry":{"type":"MultiLineString","coordinates":[[[-17.801889,28.789091],[-17.801889,28.789091],[-17.801891,28.789066],[-17.801865,28.789052]],[[-17.801889,28.789091],[-17.801886,28.789091]],[[-17.801859,28.789127],[-17.801887,28.789117],[-17.801889,28.789091]],[[-17.802385,28.789118],[-17.802356,28.789126],[-17.802352,28.789151]],[[-17.802352,28.789151],[-17.802149,28.789105],[-17.802017,28.789094],[-17.801889,28.789091]],[[-17.802352,28.789151],[-17.802347,28.789176],[-17.802371,28.789192]]]},"properties":{"clase":"canal","origen":"Canal LP-I","nombre":"CANAL LA PALMA I","tipo_red":"RED BÁSICA","codigo":"CT000219"}},{"type":"Feature","geometry":{"type":"LineString","coordinates":[[-17.801889,28.789091],[-17.801615,28.789108],[-17.801435,28.789159]]},"properties":{"clase":"canal","origen":"Canal LP-I","nombre":"CANAL LA PALMA I","tipo_red":"RED BÁSICA","codigo":"CT000220"}},{"type":"Feature","geometry":{"type":"MultiLineString","coordinates":[[[-17.801454,28.789119],[-17.80143,28.789134],[-17.801435,28.789159]],[[-17.801435,28.789159],[-17.801368,28.789183]],[[-17.801435,28.789159],[-17.801439,28.789184],[-17.801468,28.789192]],[[-17.801368,28.789183],[-17.80136,28.789158],[-17.801331,28.789153]],[[-17.801354,28.789225],[-17.801376,28.789207],[-17.801368,28.789183]]]},"properties":{"clase":"canal","origen":"Canal LP-I","nombre":"CANAL LA PALMA I","tipo_red":"RED BÁSICA","codigo":"CT000221"}},{"type":"Feature","geometry":{"type":"LineString","coordinates":[[-17.801368,28.789183],[-17.800961,28.789372]]},"properties":{"clase":"canal","origen":"Canal LP-I","nombre":"CANAL LA PALMA I","tipo_red":"RED BÁSICA","codigo":"CT000222"}},{"type":"Feature","geometry":{"type":"MultiLineString","coordinates":[[[-17.80098,28.789332],[-17.800956,28.789347],[-17.800961,28.789372]],[[-17.800961,28.789372],[-17.800966,28.789397],[-17.800994,28.789405]],[[-17.800961,28.789372],[-17.800842,28.789463],[-17.800704,28.789586],[-17.800588,28.789594],[-17.800541,28.789597],[-17.800526,28.789644],[-17.800532,28.789736],[-17.800536,28.78996]],[[-17.800536,28.78996],[-17.800507,28.789962],[-17.800497,28.789987]],[[-17.800581,28.78998],[-17.800565,28.789957],[-17.800536,28.78996]]]},"properties":{"clase":"canal","origen":"Canal LP-I","nombre":"CANAL LA PALMA I","tipo_red":"RED BÁSICA","codigo":"CT000223"}},{"type":"Feature","geometry":{"type":"LineString","coordinates":[[-17.800536,28.78996],[-17.800533,28.790015],[-17.800546,28.79022],[-17.80053,28.790337],[-17.800477,28.790456],[-17.80037,28.79056],[-17.800221,28.790656],[-17.799997,28.790807],[-17.799782,28.79093],[-17.799542,28.791039],[-17.799468,28.791049],[-17.799347,28.791045],[-17.799124,28.791013],[-17.798886,28.791011],[-17.798634,28.791026],[-17.798292,28.791066],[-17.797998,28.791111],[-17.797848,28.791111],[-17.797635,28.791092],[-17.797405,28.791037],[-17.797258,28.790997],[-17.797209,28.790984],[-17.797129,28.790961],[-17.796946,28.790927],[-17.796855,28.790926],[-17.796672,28.790939],[-17.796442,28.790964],[-17.796209,28.790989],[-17.795957,28.791006],[-17.795776,28.791021],[-17.79557,28.791047],[-17.795422,28.791081],[-17.795244,28.791137],[-17.795158,28.791166],[-17.795018,28.791226],[-17.794926,28.791286],[-17.794852,28.791337],[-17.794594,28.79145],[-17.794493,28.791499],[-17.794449,28.791518],[-17.794402,28.79153],[-17.794353,28.791537],[-17.794325,28.791541],[-17.793843,28.791753],[-17.793697,28.791889],[-17.793622,28.791986],[-17.793498,28.792073],[-17.793391,28.792129]]},"properties":{"clase":"canal","origen":"Canal LP-I","nombre":"CANAL LA PALMA I","tipo_red":"RED BÁSICA","codigo":"CT000224"}},{"type":"Feature","geometry":{"type":"MultiLineString","coordinates":[[[-17.793425,28.792095],[-17.793396,28.792103],[-17.793391,28.792129]],[[-17.793391,28.792129],[-17.793387,28.792154],[-17.793411,28.792169]],[[-17.785239,28.793703],[-17.789247,28.79257],[-17.789426,28.792522],[-17.789608,28.79248],[-17.789792,28.792444],[-17.789976,28.792414],[-17.790162,28.79239],[-17.790349,28.792372],[-17.793391,28.792129]],[[-17.785239,28.793703],[-17.785231,28.793678],[-17.785202,28.793673]],[[-17.785225,28.793745],[-17.785247,28.793727],[-17.785239,28.793703]]]},"properties":{"clase":"canal","origen":"Canal LP-I","nombre":"CANAL LA PALMA I","tipo_red":"RED BÁSICA","codigo":"CT000225"}},{"type":"Feature","geometry":{"type":"LineString","coordinates":[[-17.785239,28.793703],[-17.785143,28.793735],[-17.78499,28.793787],[-17.784864,28.793812],[-17.784796,28.793781],[-17.78475,28.793661],[-17.784696,28.793495],[-17.78471,28.793356],[-17.784753,28.793237],[-17.7848,28.793101],[-17.784875,28.792939],[-17.78505,28.792724],[-17.785054,28.792631],[-17.784979,28.792609],[-17.784838,28.79267],[-17.784692,28.792767],[-17.784534,28.792865],[-17.784365,28.792995],[-17.784248,28.793119],[-17.784191,28.793209],[-17.78415,28.793321],[-17.784105,28.793458],[-17.78407,28.793524],[-17.784012,28.79355],[-17.783903,28.793566],[-17.783761,28.793579],[-17.783592,28.793613],[-17.783466,28.793665],[-17.783364,28.79374],[-17.783276,28.793831],[-17.783216,28.793915],[-17.783169,28.793976],[-17.783108,28.794018],[-17.783066,28.794039],[-17.782976,28.794057],[-17.78287,28.794048],[-17.782818,28.793994],[-17.782796,28.793963],[-17.782794,28.793919],[-17.782815,28.79385],[-17.782849,28.793782],[-17.782902,28.793674],[-17.782959,28.793577],[-17.78304,28.793503],[-17.783134,28.793419],[-17.783205,28.793307],[-17.78319,28.793226],[-17.783113,28.793168],[-17.78299,28.793166],[-17.782862,28.793172],[-17.78271,28.793193],[-17.782603,28.793168],[-17.782529,28.793117],[-17.782494,28.793071],[-17.78249,28.793037],[-17.782515,28.79296],[-17.782541,28.792881],[-17.782589,28.792784],[-17.782654,28.792654],[-17.78268,28.792581],[-17.782683,28.792527],[-17.782685,28.792455],[-17.782688,28.792378],[-17.782664,28.792306],[-17.782638,28.79226],[-17.7826,28.792208],[-17.782555,28.792188],[-17.782496,28.792167],[-17.782434,28.792141],[-17.782396,28.792107],[-17.782364,28.792065],[-17.782341,28.791996],[-17.782313,28.791951],[-17.78226,28.791899],[-17.782169,28.791834],[-17.782077,28.791803],[-17.782032,28.791778],[-17.782015,28.791746],[-17.782011,28.791734],[-17.782007,28.79172],[-17.782013,28.791701],[-17.782029,28.791675],[-17.782035,28.791667],[-17.782043,28.791653],[-17.782057,28.791637],[-17.782071,28.791613],[-17.782092,28.791595],[-17.782098,28.79159],[-17.782145,28.791563],[-17.782168,28.791543],[-17.782247,28.791485],[-17.782295,28.791448],[-17.782317,28.791417],[-17.782337,28.791379],[-17.782341,28.791325],[-17.78231,28.791261],[-17.782276,28.791212],[-17.782236,28.791158],[-17.782198,28.791104],[-17.782165,28.791059],[-17.782129,28.791012],[-17.7821,28.790951],[-17.782087,28.790894],[-17.782094,28.790855],[-17.782109,28.790817],[-17.782149,28.790767],[-17.782193,28.790728],[-17.782246,28.790701],[-17.782305,28.790684],[-17.782363,28.790676],[-17.782429,28.790678],[-17.782501,28.790679],[-17.782568,28.790683],[-17.782671,28.790692],[-17.782763,28.790691],[-17.782838,28.790686],[-17.782911,28.790675],[-17.782987,28.790653],[-17.783026,28.790628],[-17.783044,28.790605],[-17.783061,28.790572],[-17.783069,28.790543],[-17.783081,28.790463],[-17.783094,28.790402],[-17.783104,28.790368],[-17.783117,28.790328],[-17.783132,28.790294],[-17.783155,28.790264],[-17.783181,28.790238],[-17.783207,28.790223],[-17.783231,28.790218],[-17.783262,28.790213],[-17.783297,28.790214],[-17.783338,28.790218],[-17.783367,28.790222],[-17.783412,28.790223],[-17.783484,28.790221],[-17.783547,28.790172],[-17.783563,28.79013],[-17.783563,28.790106],[-17.78356,28.790082],[-17.783554,28.790061],[-17.783549,28.790046],[-17.783534,28.790033],[-17.783522,28.790017],[-17.783507,28.789998],[-17.783438,28.789934],[-17.783377,28.789875],[-17.783315,28.789833],[-17.783248,28.789793],[-17.783179,28.789763],[-17.783057,28.789721],[-17.782947,28.789684],[-17.782875,28.789655],[-17.782827,28.789622],[-17.782786,28.789586],[-17.782767,28.789549],[-17.782769,28.789497],[-17.78278,28.789459],[-17.782799,28.789414],[-17.782821,28.78938],[-17.782818,28.78934],[-17.782813,28.789327],[-17.782811,28.789314],[-17.782785,28.78929],[-17.782757,28.789281],[-17.782731,28.789273],[-17.782698,28.789259],[-17.782669,28.789246],[-17.782623,28.789225],[-17.782552,28.789208],[-17.782474,28.789183],[-17.782405,28.78915],[-17.782381,28.789097],[-17.782361,28.789052],[-17.782352,28.788994],[-17.782351,28.788928],[-17.782353,28.788888],[-17.782356,28.788832],[-17.782362,28.788801],[-17.782375,28.788764],[-17.782397,28.788718],[-17.782419,28.788692],[-17.782456,28.788657],[-17.78249,28.788625],[-17.782527,28.788598],[-17.782603,28.788504],[-17.782612,28.788458],[-17.782616,28.788426],[-17.782613,28.788405],[-17.782612,28.788393],[-17.782608,28.788383],[-17.782605,28.788373],[-17.782595,28.788365],[-17.782585,28.788358],[-17.782559,28.78835],[-17.782489,28.788341],[-17.7824,28.788341],[-17.782281,28.788352],[-17.782139,28.788402],[-17.781982,28.788469],[-17.781841,28.788542],[-17.781674,28.788641],[-17.781573,28.788686],[-17.781499,28.788709],[-17.781444,28.788716],[-17.781367,28.788712],[-17.78128,28.788686],[-17.781171,28.788643],[-17.781107,28.788625],[-17.780897,28.788544],[-17.780847,28.78851],[-17.78082,28.788466],[-17.780814,28.788425],[-17.780825,28.788342],[-17.780849,28.788242],[-17.780846,28.788187],[-17.780817,28.788136],[-17.780769,28.78811],[-17.780707,28.788076],[-17.780638,28.788039],[-17.780617,28.78802],[-17.780604,28.787986],[-17.780601,28.787943],[-17.780618,28.787926],[-17.780644,28.787907],[-17.780683,28.787898],[-17.780847,28.78784],[-17.780908,28.787818],[-17.780968,28.787786],[-17.781004,28.787755],[-17.781065,28.787744],[-17.781092,28.787726],[-17.78111,28.787696],[-17.781118,28.787649],[-17.781105,28.787593],[-17.781092,28.787547],[-17.781073,28.787521],[-17.781044,28.787505],[-17.780996,28.787485],[-17.780924,28.787465],[-17.780865,28.787439],[-17.780823,28.787415],[-17.7808,28.78739],[-17.780787,28.78735],[-17.780787,28.787305],[-17.780798,28.787254],[-17.780789,28.78719],[-17.780787,28.787159],[-17.780784,28.787134],[-17.780779,28.78711],[-17.780771,28.787093],[-17.780763,28.787082],[-17.780756,28.787075],[-17.780748,28.787068],[-17.780728,28.787056],[-17.78069,28.787038],[-17.780637,28.787027],[-17.780576,28.787028],[-17.780498,28.78702],[-17.780417,28.787005],[-17.780335,28.786997],[-17.780283,28.786982],[-17.780235,28.786959],[-17.780159,28.786919],[-17.780121,28.786893],[-17.780079,28.786865],[-17.780043,28.786846],[-17.779986,28.786841],[-17.779916,28.786846],[-17.779834,28.786846],[-17.779727,28.786852],[-17.779657,28.786842],[-17.779615,28.786834],[-17.779585,28.786814],[-17.779575,28.786803],[-17.779566,28.786792],[-17.77955,28.786759],[-17.779542,28.786716],[-17.779549,28.786681],[-17.779576,28.7866],[-17.779603,28.786536],[-17.779628,28.786478],[-17.779652,28.786407],[-17.779658,28.786355],[-17.779648,28.786281],[-17.77963,28.786193],[-17.779615,28.786163],[-17.77955,28.786139],[-17.779455,28.786134],[-17.779323,28.786132],[-17.779146,28.786136],[-17.778967,28.78614],[-17.778862,28.786141],[-17.778803,28.786137],[-17.778776,28.786131],[-17.778755,28.786111],[-17.778737,28.786062],[-17.778743,28.786008],[-17.778777,28.785926],[-17.778807,28.785862],[-17.778834,28.785793],[-17.778853,28.785723],[-17.778875,28.785643],[-17.778884,28.785551],[-17.778869,28.785466],[-17.778835,28.785397],[-17.778788,28.785353],[-17.778728,28.785323],[-17.77867,28.7853],[-17.778589,28.785288],[-17.778468,28.785273],[-17.778372,28.785257],[-17.778278,28.785243],[-17.778221,28.785234],[-17.778151,28.78521],[-17.778129,28.785199],[-17.778113,28.785187],[-17.778099,28.785173],[-17.778093,28.785159],[-17.778092,28.785133],[-17.778112,28.785097],[-17.778144,28.785073],[-17.778195,28.785062],[-17.778236,28.785057],[-17.778272,28.78505],[-17.778296,28.785046],[-17.778349,28.785029],[-17.778416,28.785005],[-17.778449,28.784997],[-17.77849,28.784988],[-17.778527,28.78498],[-17.778545,28.784974],[-17.77858,28.78496],[-17.778623,28.784926],[-17.778703,28.784843],[-17.778751,28.784789],[-17.778792,28.784734],[-17.778819,28.784701],[-17.778852,28.784666],[-17.778895,28.784633],[-17.778942,28.784609],[-17.779028,28.784586],[-17.779098,28.784565],[-17.779147,28.784548],[-17.779189,28.784526],[-17.779268,28.784487],[-17.779317,28.784452],[-17.77934,28.784436],[-17.779389,28.784402],[-17.779402,28.784382],[-17.779408,28.784361],[-17.779408,28.784337],[-17.779403,28.784291],[-17.779394,28.784249],[-17.779394,28.784226],[-17.779428,28.784179],[-17.779465,28.78415],[-17.779542,28.784106],[-17.779603,28.784072],[-17.779644,28.784036],[-17.779709,28.783959],[-17.779785,28.78389],[-17.779879,28.78379],[-17.779965,28.7837],[-17.780014,28.783664],[-17.780094,28.783648],[-17.780146,28.78364],[-17.780226,28.783639],[-17.78025,28.783641],[-17.780295,28.783657],[-17.78038,28.783707],[-17.780443,28.783726],[-17.780484,28.783733],[-17.78054,28.783732],[-17.780603,28.78371],[-17.780669,28.783681],[-17.780741,28.783641],[-17.780783,28.783607],[-17.780833,28.783544],[-17.780843,28.783499],[-17.780838,28.783433],[-17.780832,28.783381],[-17.78083,28.783366],[-17.780828,28.783265],[-17.780829,28.783232],[-17.78084,28.783202],[-17.780872,28.783188]]},"properties":{"clase":"canal","origen":"Canal LP-I","nombre":"CANAL LA PALMA I","tipo_red":"RED BÁSICA","codigo":"CT000226"}},{"type":"Feature","geometry":{"type":"MultiLineString","coordinates":[[[-17.783549,28.781429],[-17.783547,28.781455],[-17.783569,28.781466]],[[-17.783569,28.781466],[-17.783573,28.781468],[-17.783598,28.78148],[-17.783623,28.781466]],[[-17.780872,28.783188],[-17.781091,28.783086],[-17.781386,28.783018],[-17.781667,28.782944],[-17.781929,28.782867],[-17.782207,28.782802],[-17.782503,28.782649],[-17.782666,28.78245],[-17.782797,28.782132],[-17.782829,28.782062],[-17.782868,28.781995],[-17.782912,28.781931],[-17.782963,28.781871],[-17.783019,28.781815],[-17.783081,28.781762],[-17.783147,28.781715],[-17.783217,28.781673],[-17.783511,28.781554],[-17.783536,28.781536],[-17.783553,28.781509],[-17.783569,28.781466]],[[-17.780872,28.783188],[-17.78087,28.783185],[-17.780855,28.783163],[-17.780825,28.783164]],[[-17.780867,28.783229],[-17.780884,28.783207],[-17.780872,28.783188]]]},"properties":{"clase":"canal","origen":"Canal LP-I","nombre":"CANAL LA PALMA I","tipo_red":"RED BÁSICA","codigo":"CT000227"}},{"type":"Feature","geometry":{"type":"LineString","coordinates":[[-17.783569,28.781466],[-17.783595,28.781448],[-17.78367,28.781418],[-17.783769,28.781371],[-17.783861,28.781315],[-17.783925,28.78123],[-17.783926,28.781211],[-17.783915,28.781198],[-17.783881,28.781196],[-17.783774,28.781204],[-17.783709,28.781224],[-17.783646,28.781243],[-17.78357,28.781264],[-17.783505,28.781277]]},"properties":{"clase":"canal","origen":"Canal LP-I","nombre":"CANAL LA PALMA I","tipo_red":"RED BÁSICA","codigo":"CT000228"}},{"type":"Feature","geometry":{"type":"MultiLineString","coordinates":[[[-17.783164,28.775149],[-17.783173,28.775174],[-17.783202,28.775179]],[[-17.783202,28.775179],[-17.78323,28.775183],[-17.783248,28.775162]],[[-17.783535,28.781242],[-17.783507,28.781252],[-17.783505,28.781277]],[[-17.783505,28.781277],[-17.783475,28.78127],[-17.78345,28.781251],[-17.783428,28.781195],[-17.783426,28.781116],[-17.783202,28.775179]],[[-17.783505,28.781277],[-17.783502,28.781302],[-17.783527,28.781316]]]},"properties":{"clase":"canal","origen":"Canal LP-I","nombre":"CANAL LA PALMA I","tipo_red":"RED BÁSICA","codigo":"CT000229"}},{"type":"Feature","geometry":{"type":"LineString","coordinates":[[-17.783202,28.775179],[-17.783229,28.775149],[-17.783306,28.775072],[-17.783363,28.775003],[-17.783387,28.774904],[-17.783387,28.774808],[-17.783355,28.774531],[-17.783351,28.774312],[-17.783378,28.774149],[-17.783148,28.773905],[-17.78311,28.773902],[-17.783055,28.773945],[-17.783016,28.773961]]},"properties":{"clase":"canal","origen":"Canal LP-I","nombre":"CANAL LA PALMA I","tipo_red":"RED BÁSICA","codigo":"CT000230"}},{"type":"Feature","geometry":{"type":"MultiLineString","coordinates":[[[-17.783021,28.773917],[-17.783003,28.773938],[-17.783016,28.773961]],[[-17.783016,28.773961],[-17.783028,28.773984],[-17.783058,28.773984]],[[-17.783016,28.773961],[-17.781255,28.774832],[-17.781187,28.774869],[-17.781122,28.77491],[-17.780664,28.775229],[-17.78061,28.77527],[-17.780559,28.775313],[-17.780512,28.77536],[-17.780469,28.775409],[-17.779988,28.775995]],[[-17.779988,28.775995],[-17.779975,28.775973],[-17.779945,28.775972]],[[-17.779983,28.776039],[-17.780001,28.776018],[-17.779988,28.775995]]]},"properties":{"clase":"canal","origen":"Canal LP-I","nombre":"CANAL LA PALMA I","tipo_red":"RED BÁSICA","codigo":"CT000231"}},{"type":"Feature","geometry":{"type":"LineString","coordinates":[[-17.779988,28.775995],[-17.77994,28.776034],[-17.779884,28.776035],[-17.779825,28.776017],[-17.779771,28.775982],[-17.779732,28.775941],[-17.779701,28.775894],[-17.779676,28.775857],[-17.779647,28.775807],[-17.779624,28.775767],[-17.779592,28.775736],[-17.77955,28.775714],[-17.779502,28.775696],[-17.779445,28.775691],[-17.779393,28.775699],[-17.77934,28.775713],[-17.779284,28.775737],[-17.779218,28.775762],[-17.779138,28.77579],[-17.778908,28.775862],[-17.778746,28.775929],[-17.77867,28.775962],[-17.778494,28.776063]]},"properties":{"clase":"canal","origen":"Canal LP-I","nombre":"CANAL LA PALMA I","tipo_red":"RED BÁSICA","codigo":"CT000232"}},{"type":"Feature","geometry":{"type":"MultiLineString","coordinates":[[[-17.778512,28.776022],[-17.778488,28.776039],[-17.778494,28.776063]],[[-17.778494,28.776063],[-17.778501,28.776088],[-17.77853,28.776095]],[[-17.778494,28.776063],[-17.77825,28.776174],[-17.778142,28.776227],[-17.778037,28.776285],[-17.777936,28.776349],[-17.77784,28.776419],[-17.777749,28.776493],[-17.777663,28.776572],[-17.777583,28.776655],[-17.777205,28.777074]],[[-17.777205,28.777074],[-17.777189,28.777052],[-17.777159,28.777055]],[[-17.777205,28.777118],[-17.77722,28.777095],[-17.777205,28.777074]]]},"properties":{"clase":"canal","origen":"Canal LP-I","nombre":"CANAL LA PALMA I","tipo_red":"RED BÁSICA","codigo":"CT000233"}},{"type":"Feature","geometry":{"type":"LineString","coordinates":[[-17.775388,28.770705],[-17.775381,28.770703],[-17.775306,28.770687],[-17.775255,28.770689],[-17.775168,28.77072],[-17.775012,28.770839],[-17.774831,28.770961],[-17.774788,28.770996],[-17.774627,28.771109],[-17.774568,28.771152],[-17.774459,28.771226],[-17.774341,28.771298],[-17.77427,28.771348],[-17.774181,28.771407],[-17.774045,28.771476],[-17.773989,28.771492],[-17.773911,28.771503],[-17.773809,28.771522],[-17.773726,28.771539],[-17.773601,28.771584],[-17.773513,28.771604],[-17.773411,28.771616],[-17.773275,28.77162],[-17.773146,28.771617],[-17.773083,28.771621],[-17.773028,28.771634],[-17.773002,28.771673],[-17.772982,28.771729],[-17.772969,28.771796],[-17.772969,28.771854],[-17.772976,28.771926],[-17.77297,28.771982],[-17.772948,28.772008],[-17.772903,28.772032],[-17.772833,28.772054],[-17.772681,28.772076],[-17.772583,28.772091],[-17.772523,28.772095],[-17.772455,28.772094],[-17.772378,28.772104],[-17.772307,28.772112],[-17.772206,28.772105],[-17.772102,28.772112],[-17.772034,28.772129],[-17.771942,28.772178],[-17.771867,28.772251],[-17.771802,28.772299],[-17.771725,28.772332],[-17.771671,28.772355],[-17.77163,28.772391],[-17.771594,28.772436],[-17.771564,28.772486],[-17.771551,28.772558],[-17.771542,28.772642],[-17.771592,28.772686],[-17.771845,28.772677],[-17.77191,28.772681],[-17.771961,28.772696],[-17.772001,28.772721],[-17.772062,28.772763],[-17.772136,28.772798],[-17.772198,28.772818],[-17.772306,28.772836],[-17.772443,28.772851],[-17.772537,28.772871],[-17.772622,28.772916],[-17.772685,28.772947],[-17.77275,28.772965],[-17.772857,28.772971],[-17.772966,28.772975],[-17.773097,28.772993],[-17.77319,28.773032],[-17.773238,28.773078],[-17.773278,28.773151],[-17.77332,28.773284],[-17.773348,28.773425],[-17.773336,28.773501],[-17.773315,28.773553],[-17.773291,28.773585],[-17.773266,28.773598],[-17.773235,28.773614],[-17.773192,28.773624],[-17.77314,28.773634],[-17.773103,28.773638],[-17.773077,28.77364],[-17.773048,28.773641],[-17.773025,28.773641],[-17.772995,28.773636],[-17.772926,28.773616],[-17.772872,28.773605],[-17.772748,28.773598],[-17.772605,28.77361],[-17.77218,28.773639],[-17.772112,28.773651],[-17.772056,28.773658],[-17.772028,28.773669],[-17.772013,28.773707],[-17.772002,28.773814],[-17.771993,28.77392],[-17.771979,28.773961],[-17.771939,28.774017],[-17.771925,28.774055],[-17.771912,28.774166],[-17.771917,28.774218],[-17.77195,28.774306],[-17.771974,28.774352],[-17.772043,28.774427],[-17.772114,28.774503],[-17.772163,28.774528],[-17.772245,28.774568],[-17.772294,28.774598],[-17.772338,28.774622],[-17.772373,28.774649],[-17.772422,28.774685],[-17.772488,28.774721],[-17.772544,28.774734],[-17.772621,28.774741],[-17.772687,28.774743],[-17.772763,28.77474],[-17.772833,28.77475],[-17.77288,28.774761],[-17.77294,28.774795],[-17.772969,28.774828],[-17.773058,28.774942],[-17.773099,28.774973],[-17.773182,28.775009],[-17.773232,28.775028],[-17.773341,28.775062],[-17.773406,28.775093],[-17.773444,28.775121],[-17.773486,28.77517],[-17.773487,28.775207],[-17.773458,28.775239],[-17.773376,28.775266],[-17.773173,28.775311],[-17.772955,28.775358],[-17.772709,28.775376],[-17.772592,28.775413],[-17.772501,28.775469],[-17.772421,28.775551],[-17.772383,28.77566],[-17.772373,28.775761],[-17.772384,28.775822],[-17.772412,28.775844],[-17.772512,28.775892],[-17.772694,28.775959],[-17.772864,28.776021],[-17.773034,28.776075],[-17.773244,28.776165],[-17.773282,28.776224],[-17.773279,28.776299],[-17.773209,28.776514],[-17.773201,28.776592],[-17.773222,28.776614],[-17.773272,28.776632],[-17.773357,28.776638],[-17.773463,28.776629],[-17.773682,28.776604],[-17.773829,28.776579],[-17.773902,28.776578],[-17.773944,28.776607],[-17.773949,28.77665],[-17.773929,28.776713],[-17.773837,28.776828],[-17.773784,28.776895],[-17.773715,28.77697],[-17.773665,28.777039],[-17.773624,28.777109],[-17.773584,28.777234],[-17.773596,28.777268],[-17.773615,28.777294],[-17.773685,28.777323],[-17.773808,28.777364],[-17.773898,28.777397],[-17.773984,28.777462],[-17.774014,28.777513],[-17.774029,28.777552],[-17.774027,28.7776],[-17.774017,28.77765],[-17.773999,28.777729],[-17.773995,28.777776],[-17.774007,28.777833],[-17.774031,28.777856],[-17.77406,28.777856],[-17.774134,28.777836],[-17.774331,28.777772],[-17.774499,28.777711],[-17.774605,28.777659],[-17.774765,28.777559],[-17.774817,28.777513],[-17.774882,28.777465],[-17.774971,28.777414],[-17.775063,28.777363],[-17.77517,28.777318],[-17.775324,28.777261],[-17.775472,28.777204],[-17.775575,28.777161],[-17.775694,28.777124],[-17.775845,28.777089],[-17.775963,28.77707],[-17.776121,28.777056],[-17.776268,28.77705],[-17.776493,28.777063],[-17.776793,28.777087],[-17.776969,28.777093],[-17.777152,28.77709],[-17.777205,28.777074]]},"properties":{"clase":"canal","origen":"Canal LP-I","nombre":"CANAL LA PALMA I","tipo_red":"RED BÁSICA","codigo":"CT000234"}},{"type":"Feature","geometry":{"type":"MultiLineString","coordinates":[[[-17.775388,28.770705],[-17.775395,28.77068],[-17.775373,28.770663]],[[-17.775388,28.770705],[-17.775439,28.770726],[-17.775527,28.770746],[-17.775672,28.770771],[-17.775909,28.770807],[-17.77599,28.770808]],[[-17.775351,28.770735],[-17.77538,28.770729],[-17.775388,28.770705]],[[-17.776009,28.770767],[-17.775985,28.770783],[-17.77599,28.770808]],[[-17.77599,28.770808],[-17.775996,28.770833],[-17.776025,28.770841]]]},"properties":{"clase":"canal","origen":"Canal LP-I","nombre":"CANAL LA PALMA I","tipo_red":"RED BÁSICA","codigo":"CT000235"}},{"type":"Feature","geometry":{"type":"LineString","coordinates":[[-17.777005,28.770902],[-17.77694,28.770897],[-17.776849,28.770899],[-17.776753,28.770897],[-17.776683,28.770898],[-17.776583,28.77089],[-17.776514,28.770882],[-17.776476,28.770876],[-17.776426,28.77086],[-17.776346,28.770849],[-17.77629,28.770845],[-17.776235,28.770836],[-17.776181,28.77083],[-17.776109,28.770821],[-17.77599,28.770808]]},"properties":{"clase":"canal","origen":"Canal LP-I","nombre":"CANAL LA PALMA I","tipo_red":"RED BÁSICA","codigo":"CT000236"}},{"type":"Feature","geometry":{"type":"MultiLineString","coordinates":[[[-17.777005,28.770902],[-17.777011,28.770877],[-17.776987,28.770861]],[[-17.776972,28.770934],[-17.777,28.770927],[-17.777005,28.770902]],[[-17.778037,28.77095],[-17.778019,28.770971],[-17.778032,28.770994]],[[-17.778032,28.770994],[-17.778044,28.771017],[-17.778074,28.771017]],[[-17.778032,28.770994],[-17.777928,28.771027],[-17.777835,28.771038],[-17.777737,28.77104],[-17.777645,28.771035],[-17.777581,28.77103],[-17.77746,28.771018],[-17.777371,28.771002],[-17.777259,28.770977],[-17.777181,28.770958],[-17.777083,28.770929],[-17.777005,28.770902]]]},"properties":{"clase":"canal","origen":"Canal LP-I","nombre":"CANAL LA PALMA I","tipo_red":"RED BÁSICA","codigo":"CT000237"}},{"type":"Feature","geometry":{"type":"LineString","coordinates":[[-17.778445,28.770767],[-17.778412,28.770795],[-17.778374,28.770832],[-17.778328,28.770872],[-17.778276,28.770903],[-17.778218,28.770925],[-17.778142,28.770953],[-17.778032,28.770994]]},"properties":{"clase":"canal","origen":"Canal LP-I","nombre":"CANAL LA PALMA I","tipo_red":"RED BÁSICA","codigo":"CT000238"}},{"type":"Feature","geometry":{"type":"MultiLineString","coordinates":[[[-17.778518,28.770562],[-17.778531,28.770585],[-17.77856,28.770586]],[[-17.77856,28.770586],[-17.778589,28.770586],[-17.778603,28.770563]],[[-17.77856,28.770586],[-17.778542,28.770646],[-17.778487,28.770731],[-17.778445,28.770767]],[[-17.778445,28.770767],[-17.778425,28.770749],[-17.778396,28.770758]],[[-17.778457,28.77081],[-17.778466,28.770785],[-17.778445,28.770767]]]},"properties":{"clase":"canal","origen":"Canal LP-I","nombre":"CANAL LA PALMA I","tipo_red":"RED BÁSICA","codigo":"CT000239"}},{"type":"Feature","geometry":{"type":"LineString","coordinates":[[-17.778566,28.770515],[-17.778569,28.770559],[-17.77856,28.770586]]},"properties":{"clase":"canal","origen":"Canal LP-I","nombre":"CANAL LA PALMA I","tipo_red":"RED BÁSICA","codigo":"CT000240"}},{"type":"Feature","geometry":{"type":"MultiLineString","coordinates":[[[-17.779418,28.767511],[-17.779428,28.767535],[-17.779457,28.767538]],[[-17.779457,28.767538],[-17.779485,28.767541],[-17.779502,28.767519]],[[-17.779457,28.767538],[-17.779383,28.767705],[-17.779256,28.768238],[-17.779058,28.769022],[-17.778961,28.769941],[-17.778566,28.770515]],[[-17.778566,28.770515],[-17.778539,28.770508],[-17.778518,28.770527]],[[-17.7786,28.770548],[-17.778594,28.770522],[-17.778566,28.770515]]]},"properties":{"clase":"canal","origen":"Canal LP-I","nombre":"CANAL LA PALMA I","tipo_red":"RED BÁSICA","codigo":"CT000241"}},{"type":"Feature","geometry":{"type":"LineString","coordinates":[[-17.779232,28.767182],[-17.779403,28.767357],[-17.779449,28.767403],[-17.779477,28.767443],[-17.779481,28.767479],[-17.779469,28.76751],[-17.779457,28.767538]]},"properties":{"clase":"canal","origen":"Canal LP-I","nombre":"CANAL LA PALMA I","tipo_red":"RED BÁSICA","codigo":"CT000242"}},{"type":"Feature","geometry":{"type":"MultiLineString","coordinates":[[[-17.777181,28.763418],[-17.777199,28.763439],[-17.777228,28.763434]],[[-17.777228,28.763434],[-17.777256,28.76343],[-17.777265,28.763404]],[[-17.777228,28.763434],[-17.779232,28.767182]],[[-17.779232,28.767182],[-17.779208,28.767195],[-17.77921,28.767221]],[[-17.779282,28.767182],[-17.779257,28.767168],[-17.779232,28.767182]]]},"properties":{"clase":"canal","origen":"Canal LP-I","nombre":"CANAL LA PALMA I","tipo_red":"RED BÁSICA","codigo":"CT000243"}},{"type":"Feature","geometry":{"type":"LineString","coordinates":[[-17.777228,28.763434],[-17.777224,28.763387],[-17.777228,28.763281],[-17.777227,28.763213],[-17.777224,28.763167],[-17.77722,28.763129],[-17.777204,28.763106],[-17.777113,28.763109],[-17.776944,28.76312],[-17.776797,28.763116],[-17.776682,28.763108],[-17.776558,28.763069],[-17.776453,28.762992],[-17.776403,28.76289],[-17.776375,28.762791],[-17.77637,28.762718],[-17.776388,28.762569],[-17.776412,28.762448],[-17.776408,28.762307],[-17.776395,28.762167],[-17.776382,28.762106],[-17.776371,28.76206]]},"properties":{"clase":"canal","origen":"Canal LP-I","nombre":"CANAL LA PALMA I","tipo_red":"RED BÁSICA","codigo":"CT000244"}},{"type":"Feature","geometry":{"type":"MultiLineString","coordinates":[[[-17.776371,28.76206],[-17.776342,28.762064],[-17.776333,28.762089]],[[-17.776371,28.76206],[-17.776358,28.761937],[-17.776336,28.761857],[-17.776314,28.761782],[-17.776263,28.761731],[-17.776229,28.761713],[-17.77614,28.761674],[-17.776054,28.761648],[-17.775965,28.761633],[-17.775879,28.761622],[-17.775792,28.761619],[-17.77568,28.761618],[-17.7756,28.761623],[-17.775493,28.76163],[-17.775414,28.761642],[-17.775306,28.761666],[-17.775232,28.761692],[-17.775142,28.761728],[-17.775082,28.76176],[-17.775012,28.761793],[-17.774941,28.761831],[-17.774815,28.76191],[-17.774747,28.761961],[-17.774668,28.762026],[-17.774599,28.762086],[-17.774553,28.762128],[-17.774488,28.762197],[-17.774416,28.76228],[-17.774254,28.762493]],[[-17.776417,28.762077],[-17.776399,28.762056],[-17.776371,28.76206]],[[-17.774254,28.762493],[-17.774227,28.762482],[-17.774204,28.762498]],[[-17.774281,28.76253],[-17.77428,28.762503],[-17.774254,28.762493]]]},"properties":{"clase":"canal","origen":"Canal LP-I","nombre":"CANAL LA PALMA I","tipo_red":"RED BÁSICA","codigo":"CT000245"}},{"type":"Feature","geometry":{"type":"LineString","coordinates":[[-17.774254,28.762493],[-17.774211,28.76257],[-17.774172,28.762658],[-17.77413,28.762719],[-17.774065,28.76278],[-17.774011,28.762809],[-17.77393,28.76284],[-17.773826,28.762879],[-17.773724,28.762929],[-17.773577,28.763006]]},"properties":{"clase":"canal","origen":"Canal LP-I","nombre":"CANAL LA PALMA I","tipo_red":"RED BÁSICA","codigo":"CT000246"}},{"type":"Feature","geometry":{"type":"MultiLineString","coordinates":[[[-17.773586,28.762963],[-17.773566,28.762983],[-17.773577,28.763006]],[[-17.773577,28.763006],[-17.773588,28.76303],[-17.773618,28.763032]],[[-17.773577,28.763006],[-17.773491,28.763045],[-17.773413,28.763091],[-17.773334,28.76316],[-17.773251,28.763229],[-17.773159,28.763286],[-17.773083,28.763337],[-17.772998,28.763377],[-17.772947,28.763389],[-17.772866,28.763384],[-17.772641,28.763339],[-17.772549,28.763318],[-17.77249,28.763309],[-17.772367,28.76331]],[[-17.772367,28.76331],[-17.772363,28.763285],[-17.772334,28.763277]],[[-17.772348,28.763351],[-17.772372,28.763335],[-17.772367,28.76331]]]},"properties":{"clase":"canal","origen":"Canal LP-I","nombre":"CANAL LA PALMA I","tipo_red":"RED BÁSICA","codigo":"CT000247"}},{"type":"Feature","geometry":{"type":"LineString","coordinates":[[-17.772367,28.76331],[-17.772298,28.763316],[-17.772197,28.763326],[-17.772111,28.763339],[-17.772019,28.763363]]},"properties":{"clase":"canal","origen":"Canal LP-I","nombre":"CANAL LA PALMA I","tipo_red":"RED BÁSICA","codigo":"CT000248"}},{"type":"Feature","geometry":{"type":"MultiLineString","coordinates":[[[-17.772035,28.763321],[-17.772012,28.763338],[-17.772019,28.763363]],[[-17.772019,28.763363],[-17.772026,28.763387],[-17.772055,28.763394]],[[-17.772019,28.763363],[-17.771956,28.763382],[-17.771906,28.763398],[-17.771851,28.763422],[-17.771803,28.763449],[-17.771747,28.763481],[-17.771689,28.763516],[-17.771641,28.763547],[-17.771575,28.763586],[-17.771527,28.763615],[-17.771463,28.763655],[-17.771408,28.763693],[-17.77126,28.763792],[-17.771202,28.763832]],[[-17.771202,28.763832],[-17.771185,28.763811],[-17.771155,28.763816]],[[-17.771206,28.763876],[-17.771219,28.763852],[-17.771202,28.763832]]]},"properties":{"clase":"canal","origen":"Canal LP-I","nombre":"CANAL LA PALMA I","tipo_red":"RED BÁSICA","codigo":"CT000249"}},{"type":"Feature","geometry":{"type":"LineString","coordinates":[[-17.771202,28.763832],[-17.771171,28.76386],[-17.771143,28.763889],[-17.771112,28.763922],[-17.771044,28.763992]]},"properties":{"clase":"canal","origen":"Canal LP-I","nombre":"CANAL LA PALMA I","tipo_red":"RED BÁSICA","codigo":"CT000250"}},{"type":"Feature","geometry":{"type":"MultiLineString","coordinates":[[[-17.771025,28.763951],[-17.77102,28.763977],[-17.771044,28.763992]],[[-17.771044,28.763992],[-17.771067,28.764006],[-17.771094,28.763994]],[[-17.771044,28.763992],[-17.771015,28.764027],[-17.770985,28.764073],[-17.770964,28.764113],[-17.770941,28.764169],[-17.770918,28.76422],[-17.770875,28.764331],[-17.770853,28.764405],[-17.770799,28.764528]],[[-17.770799,28.764528],[-17.770772,28.764518],[-17.77075,28.764535]],[[-17.770828,28.764564],[-17.770826,28.764538],[-17.770799,28.764528]]]},"properties":{"clase":"canal","origen":"Canal LP-I","nombre":"CANAL LA PALMA I","tipo_red":"RED BÁSICA","codigo":"CT000251"}},{"type":"Feature","geometry":{"type":"LineString","coordinates":[[-17.770799,28.764528],[-17.770763,28.764599],[-17.770691,28.764676],[-17.770583,28.764732],[-17.770431,28.764786],[-17.770218,28.764879],[-17.770137,28.764919],[-17.770047,28.764922],[-17.769979,28.764907],[-17.769908,28.764853],[-17.769858,28.764786],[-17.769786,28.764702],[-17.769745,28.764676],[-17.769702,28.764677],[-17.769653,28.764678],[-17.769598,28.764723],[-17.769563,28.76483],[-17.769513,28.76495],[-17.769461,28.765056],[-17.769368,28.765108],[-17.769238,28.765127],[-17.769109,28.765134],[-17.768983,28.765135],[-17.768887,28.765152],[-17.768777,28.765179],[-17.768638,28.765205],[-17.768505,28.765209],[-17.768394,28.76522],[-17.768272,28.765208],[-17.768172,28.765185],[-17.768072,28.765156],[-17.767953,28.765122],[-17.767839,28.765096],[-17.767721,28.765067],[-17.767599,28.765038],[-17.767588,28.764947],[-17.767524,28.764958],[-17.767439,28.764946],[-17.767396,28.764888],[-17.767373,28.764816],[-17.767321,28.764697],[-17.76728,28.764562],[-17.767316,28.764433],[-17.767383,28.764324],[-17.767457,28.764151],[-17.767519,28.764094],[-17.767619,28.764002],[-17.767757,28.763912],[-17.767954,28.763899],[-17.768157,28.763897],[-17.768281,28.763846],[-17.768377,28.763785],[-17.76846,28.763695],[-17.768538,28.7636],[-17.768574,28.763529],[-17.768576,28.763488],[-17.768567,28.763454],[-17.768523,28.763439],[-17.768409,28.763435],[-17.768296,28.763435],[-17.768063,28.76341],[-17.767884,28.76337],[-17.767764,28.763329],[-17.767704,28.763286],[-17.767476,28.763198],[-17.767339,28.76314],[-17.767194,28.762991],[-17.767208,28.762896],[-17.767266,28.762675],[-17.767299,28.762545],[-17.767331,28.762421],[-17.767396,28.762347],[-17.767584,28.762332],[-17.767725,28.762302],[-17.767886,28.762282],[-17.768041,28.76228],[-17.768152,28.762251],[-17.768257,28.762221],[-17.768363,28.762168],[-17.768401,28.76212],[-17.768414,28.762054],[-17.768385,28.762008],[-17.768282,28.76199],[-17.768109,28.761979],[-17.767971,28.761965],[-17.767756,28.761954],[-17.767634,28.761939],[-17.767376,28.761909],[-17.767224,28.761935],[-17.767122,28.761935],[-17.767029,28.761916],[-17.766985,28.761875],[-17.766957,28.761827],[-17.766946,28.761773],[-17.767018,28.761635],[-17.76705,28.761528],[-17.767112,28.761364],[-17.767169,28.761234],[-17.767239,28.761022],[-17.767276,28.760887],[-17.767414,28.760716],[-17.767621,28.760622],[-17.767768,28.760513],[-17.767873,28.760433],[-17.768018,28.760337],[-17.76811,28.760273],[-17.768172,28.760218],[-17.76817,28.760148],[-17.76814,28.760112],[-17.768014,28.760077],[-17.7676,28.760187],[-17.767333,28.760252],[-17.767008,28.760344],[-17.766799,28.760457],[-17.76664,28.76059],[-17.766504,28.760698],[-17.766385,28.760786],[-17.76626,28.760859],[-17.766052,28.760859],[-17.765926,28.760753],[-17.765866,28.760587],[-17.765866,28.760387],[-17.765809,28.760324],[-17.765661,28.760245],[-17.765581,28.760182],[-17.765557,28.760135],[-17.765542,28.760089],[-17.76557,28.760044],[-17.765584,28.759896],[-17.765578,28.759869],[-17.76557,28.759844],[-17.765563,28.759811],[-17.76555,28.759779],[-17.765538,28.75975],[-17.765523,28.75971],[-17.765515,28.759678],[-17.76551,28.759638],[-17.765511,28.759587],[-17.765515,28.759538],[-17.76553,28.759496],[-17.765575,28.759445],[-17.765586,28.759409],[-17.765598,28.759372],[-17.76563,28.759302],[-17.765666,28.759234],[-17.765679,28.759198],[-17.765687,28.759162],[-17.765701,28.759085],[-17.765707,28.759046],[-17.765722,28.759011],[-17.765749,28.758981],[-17.765783,28.75896],[-17.765826,28.758946],[-17.765869,28.758938],[-17.765911,28.758934],[-17.765955,28.758932],[-17.765998,28.758928],[-17.76604,28.758923],[-17.766082,28.758918],[-17.766123,28.758912],[-17.766205,28.758902],[-17.766292,28.758893],[-17.766376,28.758881],[-17.766417,28.758873],[-17.766459,28.758866],[-17.7665,28.758859],[-17.766542,28.758851],[-17.766585,28.758842],[-17.766625,28.758836],[-17.766666,28.758826],[-17.766706,28.758816],[-17.766788,28.758798],[-17.766829,28.758788],[-17.76687,28.758777],[-17.766909,28.758763],[-17.766946,28.758746],[-17.766982,28.758726],[-17.767017,28.758706],[-17.76705,28.758683],[-17.767083,28.758659],[-17.767116,28.758634],[-17.767151,28.758612],[-17.767189,28.758598],[-17.76723,28.758588],[-17.767272,28.758576],[-17.767311,28.758564],[-17.767351,28.758554],[-17.767393,28.758544],[-17.767435,28.758533],[-17.767474,28.758518],[-17.76751,28.758497],[-17.767542,28.758472],[-17.767568,28.758442],[-17.767591,28.758413],[-17.767612,28.75838],[-17.767634,28.758347],[-17.767657,28.758314],[-17.767679,28.758283],[-17.767702,28.758252],[-17.767725,28.758221],[-17.767749,28.75819],[-17.767779,28.758162]]},"properties":{"clase":"canal","origen":"Canal LP-I","nombre":"CANAL LA PALMA I","tipo_red":"RED BÁSICA","codigo":"CT000252"}},{"type":"Feature","geometry":{"type":"MultiLineString","coordinates":[[[-17.768797,28.755125],[-17.768811,28.755148],[-17.76884,28.755147]],[[-17.76884,28.755147],[-17.768869,28.755147],[-17.768882,28.755123]],[[-17.76884,28.755147],[-17.767779,28.758162]],[[-17.767779,28.758162],[-17.767757,28.758145],[-17.767729,28.758155]],[[-17.767793,28.758204],[-17.767801,28.758179],[-17.767779,28.758162]]]},"properties":{"clase":"canal","origen":"Canal LP-I","nombre":"CANAL LA PALMA I","tipo_red":"RED BÁSICA","codigo":"CT000253"}},{"type":"Feature","geometry":{"type":"LineString","coordinates":[[-17.76884,28.755147],[-17.769066,28.755022],[-17.769229,28.754814],[-17.769339,28.754538],[-17.769357,28.754332],[-17.769384,28.75424],[-17.769385,28.754196],[-17.768996,28.753985],[-17.768944,28.754022],[-17.768889,28.754041],[-17.768847,28.754045]]},"properties":{"clase":"canal","origen":"Canal LP-I","nombre":"CANAL LA PALMA I","tipo_red":"RED BÁSICA","codigo":"CT000254"}},{"type":"Feature","geometry":{"type":"MultiLineString","coordinates":[[[-17.762192,28.751371],[-17.762213,28.751354],[-17.762204,28.751328]],[[-17.762192,28.751371],[-17.763282,28.751818],[-17.764503,28.752268],[-17.76559,28.752714],[-17.767085,28.753325],[-17.768847,28.754045]],[[-17.762143,28.75138],[-17.762171,28.751389],[-17.762192,28.751371]],[[-17.768874,28.754008],[-17.768848,28.75402],[-17.768847,28.754045]],[[-17.768847,28.754045],[-17.768847,28.75407],[-17.768874,28.754082]]]},"properties":{"clase":"canal","origen":"Canal LP-I","nombre":"CANAL LA PALMA I","tipo_red":"RED BÁSICA","codigo":"CT000255"}},{"type":"Feature","geometry":{"type":"LineString","coordinates":[[-17.760897,28.750824],[-17.760907,28.750827],[-17.761017,28.750853],[-17.761246,28.750971],[-17.761366,28.750977],[-17.761457,28.750995],[-17.761642,28.751159],[-17.761747,28.751243],[-17.761825,28.751262],[-17.761914,28.751235],[-17.761957,28.751218],[-17.762087,28.751281],[-17.762192,28.751371]]},"properties":{"clase":"canal","origen":"Canal LP-I","nombre":"CANAL LA PALMA I","tipo_red":"RED BÁSICA","codigo":"CT000256"}},{"type":"Feature","geometry":{"type":"MultiLineString","coordinates":[[[-17.75458,28.746857],[-17.754601,28.74684],[-17.754592,28.746814]],[[-17.75458,28.746857],[-17.760897,28.750824]],[[-17.754531,28.746866],[-17.754559,28.746875],[-17.75458,28.746857]],[[-17.760944,28.750807],[-17.760914,28.750803],[-17.760897,28.750824]],[[-17.760897,28.750824],[-17.76088,28.750844],[-17.760894,28.750868]]]},"properties":{"clase":"canal","origen":"Canal LP-I","nombre":"CANAL LA PALMA I","tipo_red":"RED BÁSICA","codigo":"CT000257"}},{"type":"Feature","geometry":{"type":"LineString","coordinates":[[-17.75458,28.746857],[-17.754469,28.746661],[-17.754435,28.746572],[-17.754426,28.746428],[-17.754534,28.746296],[-17.754808,28.746171],[-17.754974,28.746136],[-17.755001,28.746091],[-17.754957,28.746044],[-17.754588,28.745922],[-17.754437,28.745908],[-17.754258,28.745944],[-17.754108,28.74603],[-17.753955,28.746155],[-17.753838,28.746265],[-17.753753,28.74629],[-17.753599,28.746274],[-17.753394,28.746226],[-17.753226,28.746206],[-17.753067,28.746168],[-17.752981,28.746141],[-17.752878,28.746113],[-17.752779,28.746062],[-17.752706,28.746012],[-17.75264,28.745904],[-17.752636,28.745802],[-17.75265,28.745752],[-17.752692,28.745689],[-17.752736,28.745644],[-17.752808,28.74558],[-17.752994,28.745433],[-17.753028,28.74541],[-17.753064,28.745391],[-17.753094,28.745365],[-17.753099,28.745343],[-17.753102,28.745306],[-17.753101,28.745269],[-17.753093,28.745231],[-17.753076,28.745197],[-17.753051,28.745168],[-17.753019,28.745141],[-17.752982,28.745124],[-17.752945,28.745108],[-17.752876,28.745064],[-17.752842,28.745041],[-17.752816,28.745012],[-17.752795,28.744979],[-17.752782,28.744944],[-17.752774,28.744869],[-17.752779,28.744795],[-17.752788,28.744758],[-17.752809,28.744687],[-17.752822,28.744613],[-17.75282,28.744574],[-17.752812,28.744538],[-17.752782,28.74447],[-17.752748,28.744401],[-17.752721,28.744329],[-17.752708,28.744293],[-17.752694,28.744258],[-17.75267,28.744232],[-17.752642,28.744222],[-17.752599,28.744217],[-17.752557,28.744218],[-17.752513,28.744221],[-17.752469,28.744227],[-17.752392,28.744195]]},"properties":{"clase":"canal","origen":"Canal LP-I","nombre":"CANAL LA PALMA I","tipo_red":"RED BÁSICA","codigo":"CT000258"}},{"type":"Feature","geometry":{"type":"MultiLineString","coordinates":[[[-17.752165,28.743762],[-17.752185,28.743744],[-17.752177,28.743719]],[[-17.752165,28.743762],[-17.752392,28.744195]],[[-17.752116,28.74377],[-17.752144,28.743779],[-17.752165,28.743762]],[[-17.752441,28.744187],[-17.752413,28.744178],[-17.752392,28.744195]],[[-17.752392,28.744195],[-17.752371,28.744213],[-17.752379,28.744238]]]},"properties":{"clase":"canal","origen":"Canal LP-I","nombre":"CANAL LA PALMA I","tipo_red":"RED BÁSICA","codigo":"CT000259"}},{"type":"Feature","geometry":{"type":"LineString","coordinates":[[-17.752165,28.743762],[-17.752129,28.743743],[-17.752055,28.743703],[-17.752021,28.743681],[-17.751955,28.743635],[-17.751886,28.743589],[-17.751853,28.743566],[-17.751819,28.743545],[-17.751781,28.743531],[-17.75174,28.743524],[-17.751698,28.74352],[-17.751656,28.743514],[-17.751564,28.743494],[-17.751522,28.743488],[-17.751479,28.743488],[-17.751438,28.743496],[-17.751396,28.743507],[-17.751358,28.743521],[-17.75128,28.74355],[-17.751208,28.743586],[-17.751143,28.743633],[-17.751086,28.74369],[-17.751061,28.743719],[-17.751013,28.743779],[-17.750987,28.74381],[-17.750958,28.743835],[-17.750922,28.743855],[-17.750884,28.74386],[-17.750842,28.743858],[-17.750768,28.743847],[-17.750718,28.743838],[-17.750677,28.743831],[-17.750596,28.743813],[-17.750557,28.743797],[-17.750485,28.743759],[-17.750457,28.743732],[-17.75044,28.743697],[-17.750434,28.74366],[-17.750435,28.743586],[-17.750438,28.743548],[-17.750441,28.743512],[-17.750444,28.743475],[-17.750446,28.743438],[-17.750442,28.743401],[-17.750429,28.743366],[-17.750411,28.743334],[-17.750364,28.74327],[-17.750316,28.74321],[-17.75029,28.74318],[-17.75024,28.743117],[-17.75019,28.743056],[-17.750147,28.742988],[-17.750105,28.742922],[-17.750071,28.742852],[-17.750056,28.742816],[-17.750043,28.742778],[-17.750036,28.74274],[-17.750031,28.742702],[-17.750031,28.742663],[-17.750039,28.742627],[-17.75007,28.742559],[-17.750086,28.742486],[-17.750103,28.742414],[-17.750112,28.742377],[-17.750131,28.742303],[-17.750138,28.742265],[-17.750143,28.742229],[-17.750151,28.742153],[-17.750153,28.742114],[-17.750153,28.74204],[-17.750156,28.742001],[-17.750164,28.741962],[-17.750182,28.741888],[-17.750195,28.74185],[-17.750205,28.741814],[-17.750221,28.74178],[-17.750242,28.741768],[-17.750303,28.741729],[-17.750344,28.741692],[-17.750361,28.741664],[-17.750374,28.741617],[-17.750362,28.741566],[-17.750335,28.741538],[-17.750303,28.741514],[-17.750238,28.741464],[-17.750203,28.741442],[-17.750169,28.74142],[-17.750137,28.741394],[-17.750107,28.741366],[-17.75008,28.741339],[-17.750055,28.741309],[-17.750035,28.741275],[-17.750019,28.74124],[-17.749995,28.741167],[-17.749984,28.74113],[-17.749967,28.741095],[-17.74995,28.741059],[-17.749934,28.741025],[-17.749915,28.74099],[-17.749896,28.740958],[-17.749879,28.740922],[-17.74987,28.740884],[-17.74987,28.740847],[-17.749875,28.740811],[-17.749882,28.740774],[-17.749893,28.740738],[-17.749905,28.740702],[-17.749917,28.740665],[-17.749927,28.740628],[-17.749941,28.740554],[-17.74995,28.740517],[-17.74997,28.740484],[-17.750014,28.740422],[-17.750038,28.740391],[-17.750077,28.740326],[-17.750091,28.740292],[-17.750107,28.740257],[-17.750143,28.740225],[-17.750175,28.740207],[-17.750233,28.740152],[-17.750325,28.740106],[-17.75042,28.740059],[-17.750482,28.740035],[-17.750537,28.740006],[-17.750569,28.739981],[-17.75059,28.739957],[-17.750592,28.739931],[-17.750579,28.739859],[-17.750561,28.739801],[-17.750534,28.73974],[-17.75051,28.739694],[-17.75049,28.739645],[-17.750472,28.739612],[-17.75047,28.739576],[-17.750472,28.739515],[-17.750487,28.739449],[-17.750513,28.739366],[-17.750539,28.739306],[-17.750567,28.739245],[-17.750593,28.739182],[-17.750622,28.739116],[-17.750665,28.739046],[-17.750681,28.739028],[-17.750701,28.739016],[-17.750719,28.739005],[-17.750748,28.738951],[-17.750745,28.738929],[-17.750723,28.738928],[-17.750668,28.738921],[-17.750567,28.738929],[-17.750474,28.738933],[-17.750384,28.738936],[-17.750317,28.738923],[-17.750219,28.738883],[-17.750159,28.738837],[-17.750098,28.738777],[-17.750056,28.738727],[-17.750018,28.738659],[-17.749996,28.738608],[-17.749985,28.738538],[-17.75,28.73846],[-17.750026,28.738369],[-17.750045,28.73831],[-17.750094,28.738175],[-17.750121,28.738133],[-17.750192,28.738076],[-17.750225,28.738053],[-17.750291,28.738006],[-17.750326,28.737986],[-17.750398,28.737947],[-17.75042,28.737918],[-17.750456,28.737851],[-17.750507,28.737747],[-17.750531,28.737714],[-17.750556,28.737688],[-17.750591,28.737666],[-17.750629,28.737652],[-17.75067,28.737641],[-17.750753,28.737625],[-17.750793,28.737613],[-17.750834,28.737606],[-17.750876,28.737603],[-17.750961,28.737603],[-17.751046,28.737609],[-17.751088,28.737614],[-17.751129,28.737624],[-17.751168,28.737636],[-17.751207,28.737651],[-17.751243,28.737667],[-17.751284,28.737678],[-17.751323,28.737675],[-17.751346,28.73766],[-17.751365,28.737633],[-17.751379,28.737596],[-17.751389,28.737558],[-17.751393,28.737521],[-17.751397,28.737445],[-17.751394,28.737407],[-17.751388,28.73737],[-17.751379,28.737333],[-17.751365,28.737298],[-17.751347,28.737264],[-17.751332,28.737228],[-17.751321,28.737192],[-17.751316,28.737148],[-17.75132,28.737117],[-17.751336,28.737083],[-17.751357,28.737052],[-17.751382,28.737023],[-17.751444,28.736973],[-17.751506,28.736923],[-17.751539,28.7369],[-17.751574,28.736878],[-17.751607,28.736854],[-17.751637,28.736827],[-17.751668,28.736799],[-17.751696,28.73677],[-17.751722,28.736742],[-17.751747,28.736712],[-17.751767,28.736678],[-17.751784,28.736643],[-17.751799,28.736608],[-17.751803,28.736571],[-17.751794,28.736546],[-17.751768,28.736519],[-17.751697,28.736479],[-17.751661,28.736457],[-17.751627,28.736433],[-17.751595,28.736407],[-17.751566,28.736379],[-17.75154,28.736349],[-17.751521,28.736316],[-17.751473,28.736257],[-17.751447,28.736228],[-17.751425,28.736197],[-17.75141,28.736163],[-17.751403,28.736126],[-17.751403,28.736088],[-17.751409,28.736013],[-17.751418,28.73594],[-17.751436,28.735866],[-17.751445,28.735829],[-17.751456,28.735793],[-17.751471,28.735759],[-17.751491,28.735727],[-17.751514,28.735697],[-17.751544,28.73567],[-17.751573,28.735644],[-17.751605,28.73562],[-17.75164,28.7356],[-17.751681,28.735591],[-17.751723,28.73559],[-17.751764,28.735593],[-17.751806,28.735597],[-17.751848,28.735602],[-17.75189,28.735604],[-17.751934,28.735605],[-17.751975,28.735604],[-17.752059,28.735603],[-17.7521,28.735603],[-17.752144,28.735601],[-17.752185,28.735588],[-17.752221,28.735565],[-17.752252,28.735539],[-17.752275,28.735508],[-17.75228,28.735479],[-17.752271,28.735448],[-17.752252,28.735433],[-17.752213,28.735417],[-17.752174,28.7354],[-17.752139,28.73538],[-17.752073,28.735335],[-17.752039,28.735312],[-17.752002,28.735293],[-17.75193,28.735259],[-17.751776,28.735198],[-17.751737,28.735184],[-17.75169,28.735171],[-17.751654,28.735162],[-17.751612,28.735159],[-17.751528,28.735162],[-17.751403,28.735179],[-17.75132,28.735201],[-17.751241,28.735233],[-17.751168,28.735274],[-17.751068,28.73535],[-17.751008,28.735406],[-17.750953,28.735462],[-17.750897,28.735518],[-17.750833,28.735573],[-17.750773,28.735626],[-17.750706,28.735677],[-17.750641,28.735725],[-17.750607,28.735749],[-17.750572,28.735772],[-17.750535,28.73579],[-17.750494,28.735802],[-17.750451,28.735812],[-17.750408,28.735818],[-17.750366,28.735822],[-17.750282,28.735826],[-17.75024,28.735828],[-17.750155,28.735834],[-17.750111,28.735839],[-17.75003,28.73585],[-17.749987,28.735857],[-17.749903,28.735873],[-17.749861,28.73588],[-17.74982,28.735884],[-17.749778,28.735886],[-17.749737,28.735886],[-17.749697,28.735881],[-17.749656,28.735871],[-17.749622,28.735856],[-17.749585,28.735832],[-17.749537,28.735794],[-17.74941,28.735696],[-17.749242,28.735554],[-17.749121,28.73546],[-17.749037,28.735406],[-17.748884,28.735314],[-17.7484,28.735173],[-17.748307,28.735139],[-17.748122,28.735065],[-17.747955,28.735029],[-17.74787,28.735025],[-17.747731,28.735023],[-17.747542,28.73501],[-17.747457,28.735005],[-17.747383,28.734995],[-17.747333,28.734988],[-17.74726,28.734971],[-17.747167,28.734946],[-17.747078,28.734913],[-17.746871,28.734818],[-17.746801,28.734746],[-17.74673,28.734646],[-17.746669,28.734537],[-17.746657,28.734501],[-17.746647,28.734428],[-17.746642,28.734354],[-17.746648,28.734314],[-17.746686,28.734253],[-17.746712,28.734223],[-17.746738,28.734195],[-17.746795,28.73414],[-17.746828,28.734116],[-17.746863,28.734096],[-17.747108,28.733927],[-17.747141,28.733903],[-17.747178,28.733889],[-17.747218,28.733877],[-17.747259,28.733866],[-17.747338,28.733839],[-17.747376,28.733824],[-17.747411,28.733804],[-17.747444,28.733781],[-17.747474,28.733755],[-17.7475,28.733724],[-17.747516,28.733689],[-17.747515,28.733653],[-17.747501,28.733625],[-17.747479,28.733612],[-17.74744,28.733604],[-17.747397,28.733599],[-17.747355,28.733594],[-17.747314,28.733591],[-17.747227,28.733579],[-17.747144,28.733562],[-17.747064,28.733543],[-17.747024,28.733531],[-17.746984,28.73352],[-17.746941,28.73352],[-17.7469,28.733528],[-17.746546,28.733596],[-17.746504,28.7336],[-17.746463,28.733598],[-17.746436,28.733584],[-17.746408,28.733557],[-17.746385,28.733526],[-17.746338,28.733464],[-17.746247,28.73334],[-17.746196,28.733279],[-17.74614,28.733185],[-17.746129,28.733144],[-17.746112,28.73307],[-17.746102,28.732996],[-17.746102,28.73292],[-17.746106,28.732882],[-17.746114,28.732844],[-17.746134,28.73277],[-17.746154,28.732697],[-17.746176,28.732624],[-17.746186,28.732588],[-17.746201,28.732552],[-17.746221,28.732518],[-17.746242,28.732486],[-17.74626,28.732452],[-17.746265,28.732415],[-17.746271,28.732342],[-17.746283,28.73227],[-17.746307,28.7322],[-17.746322,28.732164],[-17.746339,28.73213],[-17.746361,28.732098],[-17.746417,28.732042],[-17.746447,28.732015],[-17.746479,28.731991],[-17.74655,28.731953],[-17.746588,28.731938],[-17.746913,28.731804],[-17.746987,28.731769],[-17.747065,28.731741],[-17.747144,28.731717],[-17.747226,28.731693],[-17.747305,28.731668],[-17.747389,28.731647],[-17.74743,28.731638],[-17.747471,28.73163],[-17.747512,28.731622],[-17.747552,28.731616],[-17.747589,28.731597],[-17.747619,28.731572],[-17.747631,28.731545],[-17.74763,28.731511],[-17.747619,28.731476],[-17.747605,28.73144],[-17.74758,28.731365],[-17.747571,28.731329],[-17.747553,28.731255],[-17.747553,28.731217],[-17.747558,28.731179],[-17.747579,28.731106],[-17.747592,28.73107],[-17.747605,28.731034],[-17.747637,28.73097],[-17.747643,28.730945],[-17.74767,28.730873],[-17.747685,28.730839],[-17.747711,28.73081],[-17.747745,28.730789],[-17.747783,28.730773],[-17.747822,28.730759],[-17.747862,28.730746],[-17.7479,28.73073],[-17.747929,28.730708],[-17.747944,28.730684],[-17.747946,28.730648],[-17.747916,28.730535],[-17.747908,28.730499],[-17.747902,28.730423],[-17.747903,28.730386],[-17.747908,28.730355],[-17.747929,28.730324],[-17.747974,28.730293],[-17.747998,28.730279],[-17.748026,28.730252],[-17.748051,28.730222],[-17.748082,28.730195],[-17.748113,28.730171],[-17.748165,28.730112],[-17.748189,28.730083],[-17.748237,28.730023],[-17.748286,28.729961],[-17.748314,28.729935],[-17.748347,28.729911],[-17.74838,28.729888],[-17.748417,28.729867],[-17.748453,28.729845],[-17.748564,28.729785],[-17.748599,28.729765],[-17.748634,28.729745],[-17.74867,28.729723],[-17.748702,28.729699],[-17.748732,28.729674],[-17.74876,28.729645],[-17.748813,28.729588],[-17.748859,28.729526],[-17.748883,28.729496],[-17.748913,28.72947],[-17.748987,28.729435],[-17.749064,28.729403],[-17.749184,28.729362],[-17.749224,28.729352],[-17.749263,28.729339],[-17.749336,28.729303],[-17.7495,28.7292],[-17.749521,28.729187],[-17.749639,28.729113],[-17.749734,28.729044],[-17.749755,28.729012],[-17.749763,28.728975],[-17.74976,28.7289],[-17.749751,28.728826],[-17.749742,28.728789],[-17.74973,28.728754],[-17.749689,28.728689],[-17.749669,28.728657],[-17.749654,28.728622],[-17.749641,28.72855],[-17.749639,28.728512],[-17.749643,28.728474],[-17.749655,28.728438],[-17.749679,28.728407],[-17.749709,28.72838],[-17.749768,28.728328],[-17.74983,28.728277],[-17.749926,28.728207],[-17.74996,28.728183],[-17.749997,28.728164],[-17.750037,28.728151],[-17.750078,28.728142],[-17.750121,28.728135],[-17.750163,28.728133],[-17.750205,28.728135],[-17.750247,28.728142],[-17.750286,28.728154],[-17.750321,28.728174],[-17.750354,28.728196],[-17.750381,28.728225],[-17.750404,28.728255],[-17.750437,28.728278],[-17.750475,28.728295],[-17.750512,28.728312],[-17.750548,28.728328],[-17.750587,28.728342],[-17.750628,28.728352],[-17.750671,28.728354],[-17.750712,28.728351],[-17.75075,28.728338],[-17.750779,28.728316],[-17.750799,28.728283],[-17.750811,28.728248],[-17.750819,28.728212],[-17.750824,28.728175],[-17.75084,28.728101],[-17.750855,28.728065],[-17.750898,28.728],[-17.750987,28.727918],[-17.751285,28.727674],[-17.751349,28.727614],[-17.751413,28.727565],[-17.751449,28.727552],[-17.751483,28.727552],[-17.751517,28.727565],[-17.751545,28.727592],[-17.751576,28.727615],[-17.751603,28.727625],[-17.75165,28.727624],[-17.751728,28.7276],[-17.751766,28.727582],[-17.751842,28.727549],[-17.751879,28.72753],[-17.751951,28.72749],[-17.752018,28.727445],[-17.752052,28.727421],[-17.752222,28.727285],[-17.752421,28.727143],[-17.752642,28.726989],[-17.752744,28.726921],[-17.752778,28.726899],[-17.752851,28.726862],[-17.752891,28.726848],[-17.752933,28.726843],[-17.752975,28.726843],[-17.753016,28.726849],[-17.753055,28.726859],[-17.753095,28.726871],[-17.753137,28.726886],[-17.753213,28.726908],[-17.753254,28.726918],[-17.753295,28.726925],[-17.753337,28.726931],[-17.753378,28.726931],[-17.753417,28.726926],[-17.753456,28.726907],[-17.753484,28.726884],[-17.753505,28.726855],[-17.753514,28.72682],[-17.753508,28.726783],[-17.753494,28.726749],[-17.753474,28.726716],[-17.753452,28.726686],[-17.753398,28.72658],[-17.753356,28.726504],[-17.753343,28.726469],[-17.753335,28.726434],[-17.753334,28.726396],[-17.753346,28.726361],[-17.753359,28.726336],[-17.753392,28.726314],[-17.753432,28.726302],[-17.753472,28.726296],[-17.753558,28.726292],[-17.753643,28.72629],[-17.75377,28.726289],[-17.753853,28.726289],[-17.753895,28.72629],[-17.754021,28.726302],[-17.754063,28.72631],[-17.754102,28.726326],[-17.754135,28.726349],[-17.754279,28.726436],[-17.754377,28.726504],[-17.75441,28.726527],[-17.754447,28.726544],[-17.754527,28.726569],[-17.754566,28.726578],[-17.754682,28.726625],[-17.754757,28.726658],[-17.754794,28.726675],[-17.754834,28.726687],[-17.754876,28.726695],[-17.755,28.726704],[-17.755086,28.726713],[-17.755128,28.726718],[-17.755169,28.726723],[-17.755252,28.726721],[-17.755295,28.726719],[-17.755423,28.726711],[-17.755506,28.726707],[-17.75559,28.726701],[-17.755631,28.726693],[-17.75571,28.726674],[-17.755788,28.726643],[-17.755828,28.726628],[-17.755867,28.726618],[-17.755909,28.726612],[-17.755952,28.726613],[-17.755994,28.726621],[-17.756033,28.726635],[-17.75607,28.726651],[-17.756109,28.726666],[-17.756149,28.726678],[-17.75619,28.726682],[-17.756302,28.726702],[-17.756414,28.726706],[-17.756517,28.726684],[-17.756627,28.726603]]},"properties":{"clase":"canal","origen":"Canal LP-I","nombre":"CANAL LA PALMA I","tipo_red":"RED BÁSICA","codigo":"CT000260"}},{"type":"Feature","geometry":{"type":"MultiLineString","coordinates":[[[-17.760525,28.725651],[-17.760503,28.725669],[-17.760511,28.725693]],[[-17.760511,28.725693],[-17.760519,28.725718],[-17.760549,28.725722]],[[-17.760511,28.725693],[-17.756627,28.726603]],[[-17.756627,28.726603],[-17.756611,28.726581],[-17.756582,28.726584]],[[-17.756627,28.726647],[-17.756642,28.726624],[-17.756627,28.726603]]]},"properties":{"clase":"canal","origen":"Canal LP-I","nombre":"CANAL LA PALMA I","tipo_red":"RED BÁSICA","codigo":"CT000261"}},{"type":"Feature","geometry":{"type":"LineString","coordinates":[[-17.760511,28.725693],[-17.760661,28.725633],[-17.760767,28.725583]]},"properties":{"clase":"canal","origen":"Canal LP-I","nombre":"CANAL LA PALMA I","tipo_red":"RED BÁSICA","codigo":"CT000262"}},{"type":"Feature","geometry":{"type":"MultiLineString","coordinates":[[[-17.767678,28.724766],[-17.767656,28.724784],[-17.767665,28.724808]],[[-17.767665,28.724808],[-17.767673,28.724833],[-17.767702,28.724838]],[[-17.767665,28.724808],[-17.760767,28.725583]],[[-17.760767,28.725583],[-17.760753,28.725561],[-17.760723,28.725562]],[[-17.760765,28.725627],[-17.760782,28.725605],[-17.760767,28.725583]]]},"properties":{"clase":"canal","origen":"Canal LP-I","nombre":"CANAL LA PALMA I","tipo_red":"RED BÁSICA","codigo":"CT000263"}},{"type":"Feature","geometry":{"type":"LineString","coordinates":[[-17.767665,28.724808],[-17.76772,28.724792],[-17.767741,28.724744]]},"properties":{"clase":"canal","origen":"Canal LP-I","nombre":"CANAL LA PALMA I","tipo_red":"RED BÁSICA","codigo":"CT000264"}},{"type":"Feature","geometry":{"type":"MultiLineString","coordinates":[[[-17.76782,28.718264],[-17.767833,28.718288],[-17.767861,28.718289]],[[-17.767861,28.718289],[-17.76789,28.71829],[-17.767905,28.718267]],[[-17.767861,28.718289],[-17.767741,28.724744]],[[-17.767741,28.724744],[-17.767714,28.724735],[-17.767692,28.724753]],[[-17.767771,28.72478],[-17.767768,28.724753],[-17.767741,28.724744]]]},"properties":{"clase":"canal","origen":"Canal LP-I","nombre":"CANAL LA PALMA I","tipo_red":"RED BÁSICA","codigo":"CT000265"}},{"type":"Feature","geometry":{"type":"LineString","coordinates":[[-17.771447,28.71385],[-17.771436,28.713881],[-17.771412,28.713934],[-17.771408,28.713942],[-17.771398,28.713951],[-17.771388,28.713958],[-17.771376,28.713964],[-17.771364,28.713969],[-17.771351,28.713972],[-17.771338,28.713974],[-17.771324,28.713975],[-17.771311,28.713974],[-17.771298,28.713972],[-17.771285,28.713968],[-17.771273,28.713963],[-17.77114,28.713903],[-17.771035,28.71383],[-17.770928,28.713754],[-17.770756,28.713663],[-17.770744,28.713659],[-17.770732,28.713656],[-17.77072,28.713655],[-17.770708,28.713655],[-17.770695,28.713657],[-17.770683,28.71366],[-17.770672,28.713664],[-17.770661,28.71367],[-17.770652,28.713677],[-17.770643,28.713685],[-17.7706,28.713769],[-17.770499,28.713953],[-17.770386,28.714111],[-17.770358,28.714187],[-17.770336,28.714231],[-17.770255,28.714367],[-17.770232,28.714408],[-17.770219,28.714426],[-17.770203,28.71444],[-17.770183,28.714451],[-17.770162,28.714458],[-17.770139,28.714461],[-17.770116,28.71446],[-17.770093,28.714454],[-17.770073,28.714445],[-17.770055,28.714431],[-17.770041,28.714415],[-17.770032,28.714396],[-17.770004,28.714247],[-17.769992,28.714192],[-17.769979,28.714159],[-17.76991,28.713959],[-17.769904,28.713923],[-17.769903,28.713875],[-17.769903,28.713863],[-17.769906,28.713839],[-17.769908,28.713827],[-17.769907,28.713741],[-17.769904,28.713716],[-17.7699,28.713691],[-17.769894,28.713666],[-17.769888,28.713641],[-17.769881,28.713617],[-17.769864,28.713569],[-17.769854,28.713545],[-17.769843,28.713522],[-17.769831,28.713499],[-17.769819,28.713476],[-17.769756,28.7134],[-17.769742,28.713382],[-17.76973,28.713362],[-17.769719,28.713342],[-17.769715,28.713332],[-17.769711,28.713321],[-17.769707,28.71331],[-17.769705,28.7133],[-17.769702,28.713289],[-17.769693,28.713268],[-17.769674,28.713228],[-17.769647,28.713179],[-17.769598,28.71312],[-17.769576,28.713098],[-17.769553,28.713077],[-17.769527,28.713058],[-17.7695,28.71304],[-17.769486,28.713032],[-17.769471,28.713025],[-17.769411,28.713014],[-17.769373,28.713012],[-17.769354,28.713014],[-17.769331,28.713019],[-17.769305,28.713027],[-17.769261,28.713042],[-17.76911,28.713124],[-17.769096,28.713127],[-17.769082,28.713129],[-17.769067,28.71313],[-17.769053,28.713131],[-17.769024,28.71313],[-17.768996,28.713127],[-17.768981,28.713125],[-17.768954,28.713118],[-17.768859,28.713046],[-17.768781,28.712984],[-17.768672,28.712937],[-17.768643,28.712927],[-17.768628,28.712924],[-17.768612,28.712921],[-17.768597,28.712919],[-17.768581,28.712917],[-17.76855,28.712917],[-17.768535,28.712919],[-17.768519,28.712921],[-17.768504,28.712924],[-17.768431,28.712947],[-17.768381,28.712964],[-17.768161,28.713024],[-17.768067,28.713074],[-17.768022,28.713101],[-17.767743,28.713286],[-17.767703,28.713314],[-17.767666,28.713349],[-17.767637,28.713388],[-17.767604,28.713424],[-17.767568,28.713459],[-17.767529,28.713488],[-17.767488,28.713516],[-17.767395,28.713561],[-17.767355,28.713591],[-17.767324,28.71363],[-17.767299,28.713671],[-17.767286,28.713716],[-17.767278,28.713763],[-17.767266,28.713805],[-17.767244,28.713833],[-17.7672,28.71385],[-17.767177,28.71385],[-17.767098,28.713855],[-17.767041,28.713861],[-17.767026,28.713862],[-17.76701,28.713864],[-17.766995,28.713867],[-17.76698,28.713871],[-17.766965,28.713877],[-17.766952,28.713883],[-17.766939,28.713891],[-17.766916,28.71391],[-17.766897,28.713932],[-17.766863,28.713973],[-17.766739,28.714163],[-17.76672,28.714195],[-17.766702,28.714238],[-17.766688,28.714283],[-17.766678,28.714329],[-17.766666,28.714374],[-17.766653,28.714408],[-17.766621,28.714437],[-17.766594,28.714447],[-17.766544,28.714437],[-17.766512,28.714422],[-17.766249,28.714299],[-17.766237,28.714296],[-17.766214,28.714291],[-17.76619,28.714289],[-17.766166,28.714288],[-17.766155,28.714289],[-17.766143,28.714291],[-17.766119,28.714295],[-17.766009,28.714328],[-17.765932,28.714382],[-17.765881,28.714416],[-17.765846,28.71444],[-17.765834,28.714467],[-17.765847,28.714515],[-17.765895,28.714597],[-17.765938,28.714649],[-17.766156,28.714787],[-17.766312,28.714901],[-17.766348,28.714933],[-17.76651,28.7151],[-17.766657,28.715284],[-17.766678,28.715309],[-17.766712,28.715344],[-17.766817,28.715433],[-17.766875,28.715479],[-17.766915,28.71552],[-17.766944,28.715558],[-17.766976,28.715619],[-17.767041,28.715741],[-17.7671,28.715855],[-17.767114,28.71587],[-17.767701,28.716372],[-17.767712,28.716394],[-17.767717,28.71642],[-17.767775,28.716769],[-17.767773,28.716808],[-17.767767,28.716834],[-17.767747,28.716891],[-17.767732,28.716928],[-17.767726,28.716955],[-17.767719,28.71698],[-17.767718,28.717003],[-17.767718,28.717034],[-17.767727,28.717068],[-17.767762,28.71717],[-17.767777,28.71723],[-17.767853,28.717522],[-17.767881,28.717603],[-17.767892,28.717633],[-17.767898,28.717672],[-17.767888,28.717737],[-17.767872,28.717793],[-17.767854,28.717877],[-17.767842,28.717951],[-17.767834,28.718006],[-17.76782,28.718083],[-17.767822,28.718123],[-17.767828,28.718175],[-17.767827,28.718202],[-17.767854,28.718264],[-17.767861,28.718289]]},"properties":{"clase":"canal","origen":"Canal LP-I","nombre":"CANAL LA PALMA I","tipo_red":"RED BÁSICA","codigo":"CT000266"}},{"type":"Feature","geometry":{"type":"MultiLineString","coordinates":[[[-17.772153,28.713238],[-17.772145,28.713264],[-17.772166,28.71328]],[[-17.772166,28.71328],[-17.772167,28.713281],[-17.772189,28.713297],[-17.772217,28.713287]],[[-17.771446,28.713849],[-17.772166,28.71328]],[[-17.771446,28.713849],[-17.771423,28.713834],[-17.771396,28.713845]],[[-17.771464,28.713891],[-17.771469,28.713865],[-17.771446,28.713849]]]},"properties":{"clase":"canal","origen":"Canal LP-I","nombre":"CANAL LA PALMA I","tipo_red":"RED BÁSICA","codigo":"CT000267"}},{"type":"Feature","geometry":{"type":"LineString","coordinates":[[-17.772166,28.71328],[-17.77222,28.713255],[-17.772242,28.713234],[-17.77226,28.713213],[-17.77226,28.713167],[-17.772243,28.713124],[-17.772225,28.71308],[-17.772204,28.713039],[-17.772174,28.712999],[-17.772146,28.712959],[-17.772118,28.71292],[-17.772086,28.712884],[-17.772021,28.712811],[-17.771984,28.712774],[-17.771956,28.712746],[-17.771944,28.712703],[-17.771947,28.71268],[-17.771989,28.712651],[-17.772037,28.712631],[-17.772083,28.712607],[-17.772106,28.712581],[-17.772115,28.712543],[-17.772116,28.712538],[-17.772106,28.712492],[-17.772076,28.712402],[-17.772056,28.712357],[-17.772022,28.712322],[-17.771976,28.712294],[-17.771931,28.712269],[-17.771888,28.712242],[-17.771844,28.712213],[-17.771798,28.712192],[-17.771751,28.712169],[-17.771707,28.712145],[-17.771663,28.712115],[-17.771623,28.712075],[-17.771596,28.712037],[-17.771584,28.71199],[-17.771585,28.711942],[-17.771593,28.711894],[-17.771601,28.711846],[-17.77161,28.711801],[-17.771612,28.711755],[-17.771605,28.71171],[-17.771595,28.711666],[-17.771576,28.71162],[-17.771551,28.711581],[-17.771519,28.711539],[-17.771488,28.7115],[-17.771456,28.711461],[-17.771426,28.711423],[-17.771397,28.711381],[-17.771386,28.711342],[-17.771378,28.71131],[-17.771376,28.711278],[-17.771384,28.711244],[-17.771406,28.711213],[-17.771442,28.711168],[-17.771475,28.711123],[-17.771511,28.711091],[-17.771554,28.711062],[-17.771593,28.711028],[-17.771628,28.710993],[-17.771669,28.710964],[-17.771714,28.710936],[-17.771761,28.710916],[-17.771814,28.71091],[-17.771862,28.710901],[-17.771909,28.710885],[-17.771959,28.710861],[-17.771991,28.71083],[-17.772014,28.710801]]},"properties":{"clase":"canal","origen":"Canal LP-I","nombre":"CANAL LA PALMA I","tipo_red":"RED BÁSICA","codigo":"CT000268"}},{"type":"Feature","geometry":{"type":"MultiLineString","coordinates":[[[-17.772355,28.710534],[-17.772329,28.710547],[-17.77233,28.710572]],[[-17.77233,28.710572],[-17.77233,28.710597],[-17.772357,28.710609]],[[-17.77233,28.710572],[-17.77217,28.710682],[-17.772014,28.710801]],[[-17.772014,28.710801],[-17.772013,28.710801],[-17.771995,28.710781],[-17.771966,28.710787]],[[-17.77202,28.710844],[-17.772031,28.71082],[-17.772014,28.710801]]]},"properties":{"clase":"canal","origen":"Canal LP-I","nombre":"CANAL LA PALMA I","tipo_red":"RED BÁSICA","codigo":"CT000269"}},{"type":"Feature","geometry":{"type":"LineString","coordinates":[[-17.77233,28.710572],[-17.772534,28.710649],[-17.772727,28.710707],[-17.772881,28.710734],[-17.773138,28.710778],[-17.773398,28.710812],[-17.774271,28.710965],[-17.77437,28.710978],[-17.774478,28.710992],[-17.774564,28.710988],[-17.774671,28.71099],[-17.774724,28.710985],[-17.774754,28.710974],[-17.774756,28.710955],[-17.774742,28.710926],[-17.774707,28.71087],[-17.774659,28.710828],[-17.77463,28.710797],[-17.77463,28.710781],[-17.774641,28.710774]]},"properties":{"clase":"canal","origen":"Canal LP-I","nombre":"CANAL LA PALMA I","tipo_red":"RED BÁSICA","codigo":"CT000270"}},{"type":"Feature","geometry":{"type":"MultiLineString","coordinates":[[[-17.782179,28.710221],[-17.782154,28.710236],[-17.782157,28.710261]],[[-17.782157,28.710261],[-17.78216,28.710286],[-17.782188,28.710296]],[[-17.782157,28.710261],[-17.774641,28.710774]],[[-17.774641,28.710774],[-17.774616,28.710761],[-17.774591,28.710776]],[[-17.774664,28.710813],[-17.774665,28.710787],[-17.774641,28.710774]]]},"properties":{"clase":"canal","origen":"Canal LP-I","nombre":"CANAL LA PALMA I","tipo_red":"RED BÁSICA","codigo":"CT000271"}},{"type":"Feature","geometry":{"type":"LineString","coordinates":[[-17.782157,28.710261],[-17.782193,28.710267],[-17.782427,28.710275],[-17.782517,28.710277],[-17.782615,28.710277],[-17.78275,28.710251],[-17.78285,28.710214],[-17.782945,28.710161],[-17.783025,28.710116],[-17.78308,28.710073],[-17.783132,28.710005],[-17.783171,28.709931],[-17.783183,28.709891],[-17.78319,28.709841],[-17.783206,28.709728],[-17.78322,28.70968],[-17.783237,28.709648],[-17.783259,28.709628],[-17.783285,28.709616],[-17.783419,28.709571],[-17.783604,28.709531],[-17.783642,28.709515],[-17.78369,28.70946]]},"properties":{"clase":"canal","origen":"Canal LP-I","nombre":"CANAL LA PALMA I","tipo_red":"RED BÁSICA","codigo":"CT000272"}},{"type":"Feature","geometry":{"type":"MultiLineString","coordinates":[[[-17.791627,28.7065],[-17.791599,28.70651],[-17.791597,28.706535]],[[-17.791597,28.706535],[-17.791594,28.706561],[-17.79162,28.706575]],[[-17.78369,28.70946],[-17.791597,28.706535]],[[-17.78369,28.70946],[-17.783674,28.709439],[-17.783644,28.709442]],[[-17.783692,28.709504],[-17.783706,28.709481],[-17.78369,28.70946]]]},"properties":{"clase":"canal","origen":"Canal LP-I","nombre":"CANAL LA PALMA I","tipo_red":"RED BÁSICA","codigo":"CT000273"}},{"type":"Feature","geometry":{"type":"LineString","coordinates":[[-17.79225,28.706118],[-17.792223,28.706436],[-17.792108,28.706502],[-17.792059,28.70653]]},"properties":{"clase":"canal","origen":"Canal LP-I","nombre":"CANAL LA PALMA I","tipo_red":"RED BÁSICA","codigo":"CT000274"}},{"type":"Feature","geometry":{"type":"MultiLineString","coordinates":[[[-17.797018,28.702837],[-17.79701,28.702863],[-17.797031,28.70288]],[[-17.797031,28.70288],[-17.797052,28.702897],[-17.79708,28.702888]],[[-17.797031,28.70288],[-17.794423,28.703935],[-17.794309,28.703985],[-17.7942,28.70404],[-17.794094,28.704102],[-17.793993,28.704169],[-17.793897,28.704242],[-17.793807,28.704319],[-17.793721,28.704402],[-17.793642,28.704489],[-17.79225,28.706118]],[[-17.79225,28.706118],[-17.792228,28.706101],[-17.7922,28.70611]],[[-17.792264,28.70616],[-17.792271,28.706135],[-17.79225,28.706118]]]},"properties":{"clase":"canal","origen":"Canal LP-I","nombre":"CANAL LA PALMA I","tipo_red":"RED BÁSICA","codigo":"CT000275"}},{"type":"Feature","geometry":{"type":"LineString","coordinates":[[-17.797031,28.70288],[-17.797145,28.702635]]},"properties":{"clase":"canal","origen":"Canal LP-I","nombre":"CANAL LA PALMA I","tipo_red":"RED BÁSICA","codigo":"CT000276"}},{"type":"Feature","geometry":{"type":"MultiLineString","coordinates":[[[-17.795764,28.693344],[-17.795786,28.693363],[-17.795813,28.693354]],[[-17.795813,28.693354],[-17.79584,28.693346],[-17.795844,28.69332]],[[-17.797145,28.702635],[-17.797601,28.701641],[-17.79764,28.701545],[-17.797673,28.701448],[-17.797699,28.701349],[-17.797717,28.701248],[-17.797728,28.701147],[-17.797732,28.701046],[-17.797728,28.700944],[-17.797717,28.700843],[-17.797699,28.700743],[-17.797674,28.700643],[-17.795813,28.693354]],[[-17.797145,28.702635],[-17.797118,28.702626],[-17.797096,28.702644]],[[-17.797176,28.70267],[-17.797172,28.702644],[-17.797145,28.702635]]]},"properties":{"clase":"canal","origen":"Canal LP-I","nombre":"CANAL LA PALMA I","tipo_red":"RED BÁSICA","codigo":"CT000277"}},{"type":"Feature","geometry":{"type":"MultiLineString","coordinates":[[[-17.795813,28.693354],[-17.795806,28.693389],[-17.795783,28.693414],[-17.795693,28.693462],[-17.795601,28.693498],[-17.795554,28.693521],[-17.795508,28.693543],[-17.795461,28.693564],[-17.79541,28.69358],[-17.795357,28.693588],[-17.795304,28.693591],[-17.795253,28.693591],[-17.795201,28.693589],[-17.795148,28.693581],[-17.795036,28.693542],[-17.794985,28.693526],[-17.794933,28.693516],[-17.79488,28.693509],[-17.79483,28.693497],[-17.79478,28.693482],[-17.794729,28.693466],[-17.794679,28.693454],[-17.794626,28.693446],[-17.794574,28.693438],[-17.79452,28.693432],[-17.794469,28.693425],[-17.794414,28.693418],[-17.79436,28.693413],[-17.794305,28.693412],[-17.794251,28.693411],[-17.794198,28.693412],[-17.794147,28.693416],[-17.794094,28.693418],[-17.79404,28.693423],[-17.793988,28.693425],[-17.793986,28.693425],[-17.793933,28.693425],[-17.793881,28.693418],[-17.793829,28.693405],[-17.793776,28.693392],[-17.793725,28.69338],[-17.793675,28.693372],[-17.793621,28.693365],[-17.793568,28.693361],[-17.793515,28.693359],[-17.793462,28.693356],[-17.793411,28.693351],[-17.793359,28.693346],[-17.793307,28.693343],[-17.793255,28.693336],[-17.793203,28.693328],[-17.793152,28.693324],[-17.793099,28.693326],[-17.793046,28.693332],[-17.792995,28.693341],[-17.792942,28.69335],[-17.792892,28.693361],[-17.792841,28.693375],[-17.792792,28.693392],[-17.792743,28.693412],[-17.792695,28.693432],[-17.792649,28.693457],[-17.792604,28.69348],[-17.792558,28.6935],[-17.792505,28.69351],[-17.792451,28.693504],[-17.792399,28.693489],[-17.792345,28.693482],[-17.792292,28.693481],[-17.79224,28.693485],[-17.792187,28.693495],[-17.792137,28.693507],[-17.792085,28.693523],[-17.792037,28.69354],[-17.792014,28.69355],[-17.791989,28.69356],[-17.791944,28.693583],[-17.791897,28.693606],[-17.791851,28.693629],[-17.791804,28.693653],[-17.79176,28.693677],[-17.791716,28.693703],[-17.791671,28.693728],[-17.791626,28.693751],[-17.791581,28.693776],[-17.791536,28.693802],[-17.791492,28.693828],[-17.79145,28.693856],[-17.791411,28.693888],[-17.791377,28.693924],[-17.791347,28.693962],[-17.791316,28.694],[-17.791289,28.694039],[-17.791259,28.694078],[-17.79123,28.694119],[-17.791202,28.694159],[-17.79118,28.694202],[-17.791163,28.694246],[-17.791154,28.694291],[-17.791163,28.694336],[-17.791176,28.694381],[-17.791202,28.694421],[-17.79123,28.694459],[-17.791265,28.694497],[-17.7913,28.694533],[-17.791335,28.694566],[-17.791373,28.6946],[-17.791409,28.694634],[-17.791452,28.694659],[-17.791498,28.694681],[-17.791549,28.6947],[-17.791599,28.694713],[-17.79165,28.694723],[-17.7917,28.694732],[-17.791751,28.694741],[-17.791805,28.694751],[-17.791858,28.694761],[-17.791911,28.694771],[-17.791963,28.69478],[-17.792014,28.694789],[-17.792064,28.694799],[-17.792114,28.69481],[-17.792165,28.694823],[-17.792214,28.694834],[-17.792265,28.694847],[-17.792317,28.694858],[-17.792369,28.694872],[-17.792419,28.694886],[-17.79247,28.694902],[-17.792516,28.694923],[-17.792563,28.694948],[-17.792606,28.694974],[-17.792645,28.695004],[-17.792682,28.695037],[-17.792708,28.695077],[-17.792715,28.69512],[-17.792708,28.695159],[-17.792707,28.695167],[-17.79269,28.695211],[-17.79266,28.695243],[-17.792614,28.695267],[-17.792565,28.695283],[-17.792513,28.695293],[-17.792462,28.695301],[-17.792409,28.695305],[-17.792355,28.695308],[-17.792304,28.695315],[-17.792253,28.695321],[-17.792201,28.695327],[-17.792147,28.695334],[-17.792092,28.695342],[-17.792041,28.695352],[-17.791992,28.695369],[-17.791942,28.695389],[-17.791894,28.695408],[-17.791848,28.695432],[-17.791803,28.695459],[-17.791734,28.6955],[-17.791709,28.695515],[-17.791667,28.695543],[-17.791629,28.695573],[-17.791587,28.695603],[-17.791543,28.695627],[-17.791495,28.695646],[-17.791467,28.695654],[-17.791445,28.69566],[-17.791393,28.695669],[-17.79134,28.695673],[-17.791289,28.695673],[-17.791236,28.695675],[-17.791183,28.695678],[-17.791131,28.69568],[-17.791078,28.695683],[-17.791024,28.695685],[-17.790971,28.695688],[-17.790919,28.69569],[-17.790866,28.695696],[-17.790814,28.695706],[-17.790766,28.695725],[-17.790738,28.695755],[-17.790717,28.695796],[-17.79071,28.695841],[-17.790708,28.695887],[-17.790711,28.695933],[-17.790721,28.695981],[-17.790736,28.696026],[-17.790742,28.696037]],[[-17.790742,28.696037],[-17.790693,28.696052]],[[-17.790742,28.696037],[-17.790758,28.696067],[-17.790785,28.696108],[-17.790827,28.696154]],[[-17.790827,28.696154],[-17.790843,28.696133],[-17.79083,28.69611]],[[-17.790827,28.696154],[-17.791637,28.697322],[-17.791679,28.697378],[-17.791726,28.697432],[-17.791778,28.697482],[-17.791833,28.697528],[-17.793073,28.698491]],[[-17.79078,28.69617],[-17.79081,28.696174],[-17.790827,28.696154]],[[-17.793121,28.698478],[-17.793092,28.698472],[-17.793073,28.698491]],[[-17.793073,28.698491],[-17.793054,28.69851],[-17.793065,28.698535]],[[-17.794358,28.699352],[-17.794375,28.699332],[-17.794361,28.699308]],[[-17.794358,28.699352],[-17.794358,28.699352]],[[-17.794358,28.699352],[-17.794255,28.699298],[-17.794088,28.699187],[-17.794014,28.699141],[-17.793924,28.699079],[-17.79384,28.69902],[-17.793724,28.698934],[-17.793635,28.69886],[-17.793548,28.698795],[-17.793439,28.698722],[-17.793353,28.698661],[-17.793289,28.698625],[-17.793226,28.698583],[-17.79314,28.698532],[-17.793073,28.698491]],[[-17.794311,28.699369],[-17.794341,28.699373],[-17.794358,28.699352]],[[-17.794499,28.699414],[-17.79447,28.699407],[-17.794451,28.699427]],[[-17.794451,28.699427],[-17.79442,28.699387],[-17.794382,28.699361],[-17.794358,28.699352]],[[-17.794451,28.699427],[-17.794432,28.699446],[-17.794443,28.69947]],[[-17.794926,28.699766],[-17.794943,28.699746],[-17.79493,28.699722]],[[-17.794926,28.699766],[-17.794926,28.699766],[-17.794846,28.699723],[-17.79475,28.69965],[-17.794654,28.699564],[-17.794578,28.699505],[-17.794494,28.699449],[-17.794451,28.699427]],[[-17.794879,28.699782],[-17.794909,28.699787],[-17.794926,28.699766]],[[-17.796372,28.700505],[-17.796343,28.700499],[-17.796324,28.700518]],[[-17.796324,28.700518],[-17.796241,28.700454],[-17.796061,28.700334],[-17.795979,28.700274],[-17.795897,28.700228],[-17.795715,28.70014],[-17.795542,28.700075],[-17.79543,28.700042],[-17.795308,28.699988],[-17.795206,28.69994],[-17.795111,28.699887],[-17.795039,28.699842],[-17.794978,28.699797],[-17.79496,28.699783],[-17.794926,28.699766]],[[-17.796324,28.700518],[-17.796305,28.700537],[-17.796317,28.700562]],[[-17.797096,28.701265],[-17.797117,28.701284],[-17.797144,28.701276]],[[-17.797144,28.701276],[-17.797172,28.701269],[-17.797177,28.701242]],[[-17.797144,28.701276],[-17.797135,28.701229],[-17.797129,28.701165],[-17.797109,28.701084],[-17.79705,28.700976],[-17.797012,28.700912],[-17.796955,28.700838],[-17.796866,28.700768],[-17.796778,28.70071],[-17.796712,28.700675],[-17.796598,28.700626],[-17.796477,28.700588],[-17.796346,28.700529],[-17.796324,28.700518]],[[-17.797017,28.701852],[-17.797072,28.701785],[-17.797107,28.701652],[-17.797129,28.701554],[-17.797143,28.701478],[-17.797156,28.70135],[-17.797144,28.701276]],[[-17.797017,28.701852],[-17.796994,28.701837],[-17.796967,28.701849]],[[-17.797035,28.701893],[-17.79704,28.701867],[-17.797017,28.701852]],[[-17.797145,28.702635],[-17.797037,28.702666]],[[-17.797145,28.702635],[-17.797121,28.702648],[-17.797122,28.702674]],[[-17.797195,28.702636],[-17.79717,28.702622],[-17.797145,28.702635]],[[-17.797037,28.702666],[-17.79704,28.702641],[-17.797016,28.702626]],[[-17.797037,28.702666],[-17.797008,28.702665],[-17.796962,28.702638],[-17.796893,28.702578],[-17.79681,28.702474],[-17.79677,28.702401],[-17.79675,28.702339],[-17.796739,28.702269],[-17.796741,28.702225],[-17.796759,28.702163],[-17.796814,28.702078],[-17.796918,28.701965],[-17.797017,28.701852]],[[-17.797005,28.7027],[-17.797033,28.702691],[-17.797037,28.702666]]]},"properties":{"clase":"canal","origen":"Canal LP-I","nombre":"CANAL LA PALMA I","tipo_red":"RED BÁSICA","codigo":"CT000278"}},{"type":"Feature","geometry":{"type":"MultiLineString","coordinates":[[[-17.796804,28.651773],[-17.796827,28.65183],[-17.796903,28.651841],[-17.797014,28.651847],[-17.797075,28.651858],[-17.797128,28.651873],[-17.7972,28.651907],[-17.797236,28.651943],[-17.797303,28.652034],[-17.797357,28.652116],[-17.797407,28.652199],[-17.797462,28.652301],[-17.797481,28.652359],[-17.797484,28.652415],[-17.797481,28.652465],[-17.797465,28.652499],[-17.797411,28.652569],[-17.797411,28.65257]],[[-17.797411,28.65257],[-17.797411,28.65257]],[[-17.797411,28.65257],[-17.797373,28.65262]],[[-17.797373,28.65262],[-17.797373,28.65262]],[[-17.797373,28.65262],[-17.797355,28.652644],[-17.797332,28.652678]],[[-17.797332,28.652678],[-17.797332,28.652678]],[[-17.797332,28.652678],[-17.797303,28.652721]],[[-17.797303,28.652721],[-17.797303,28.652721]],[[-17.797303,28.652721],[-17.7973,28.652725],[-17.797278,28.652742],[-17.797249,28.652756],[-17.797185,28.65277],[-17.797064,28.652799],[-17.796966,28.652826],[-17.79692,28.652844],[-17.79688,28.652869],[-17.796849,28.652902],[-17.796818,28.652962],[-17.796811,28.653004],[-17.796818,28.653044],[-17.796837,28.65308],[-17.796889,28.653137],[-17.796957,28.653219],[-17.797007,28.653299],[-17.797052,28.65339],[-17.797097,28.653484],[-17.797136,28.653571],[-17.797177,28.65366],[-17.797215,28.653718],[-17.797245,28.653745],[-17.797281,28.653762],[-17.797382,28.653792],[-17.797417,28.653806],[-17.797439,28.653829],[-17.797456,28.653879],[-17.797455,28.653909],[-17.797449,28.653921],[-17.79744,28.653927],[-17.797413,28.653932],[-17.797339,28.653929],[-17.797236,28.653914],[-17.797121,28.653894],[-17.797122,28.653894],[-17.797008,28.653862],[-17.796898,28.653814],[-17.79679,28.653762],[-17.796678,28.653708],[-17.796568,28.653657],[-17.796498,28.653633],[-17.796419,28.653619],[-17.796319,28.653609],[-17.796216,28.653603],[-17.796088,28.653596],[-17.796026,28.6536],[-17.79601,28.653606],[-17.79598,28.653624],[-17.795961,28.653649],[-17.795951,28.653678],[-17.795945,28.653734],[-17.795948,28.653837],[-17.795954,28.653929],[-17.795961,28.654021],[-17.795962,28.654122],[-17.795961,28.654226],[-17.795955,28.654337],[-17.795953,28.654445],[-17.795953,28.654549],[-17.79596,28.654627],[-17.795976,28.654694],[-17.795987,28.654712],[-17.796016,28.654745],[-17.796051,28.65477],[-17.796139,28.654819],[-17.796174,28.654847],[-17.796198,28.654876],[-17.796224,28.654927],[-17.796232,28.654959],[-17.79623,28.654989],[-17.796217,28.655015],[-17.796181,28.655048],[-17.796132,28.655077],[-17.79606,28.655103],[-17.795956,28.655135],[-17.795884,28.655162],[-17.79585,28.655184],[-17.795823,28.655215],[-17.7958,28.655256],[-17.79576,28.65535],[-17.795724,28.655447],[-17.795693,28.655549],[-17.795654,28.655644],[-17.795609,28.655741],[-17.795568,28.655827],[-17.795559,28.655868],[-17.795563,28.655907],[-17.79558,28.655941],[-17.795635,28.656006],[-17.795697,28.656067]],[[-17.795697,28.656067],[-17.795697,28.656067]],[[-17.795697,28.656067],[-17.795717,28.656087],[-17.795781,28.65616],[-17.795795,28.65618]],[[-17.795795,28.65618],[-17.795795,28.65618]],[[-17.795795,28.65618],[-17.795843,28.656244],[-17.795902,28.656335],[-17.795953,28.656434],[-17.795995,28.65653],[-17.79603,28.656626],[-17.796068,28.65672],[-17.796094,28.656757],[-17.796126,28.656789],[-17.796177,28.656826],[-17.796236,28.656854],[-17.796296,28.656871],[-17.796358,28.656879]],[[-17.796358,28.656879],[-17.796358,28.656879]],[[-17.796358,28.656879],[-17.79636,28.65688],[-17.796447,28.656897],[-17.796458,28.656903]],[[-17.796458,28.656903],[-17.796458,28.656903]],[[-17.796458,28.656903],[-17.796483,28.656916],[-17.796494,28.656929],[-17.796501,28.656944],[-17.796502,28.656959],[-17.796496,28.656987],[-17.796447,28.657049],[-17.796422,28.65707]],[[-17.796422,28.65707],[-17.796422,28.65707]],[[-17.796422,28.65707],[-17.796409,28.65708],[-17.7964,28.657085],[-17.7964,28.657085],[-17.796332,28.657121],[-17.796312,28.65713],[-17.79626,28.657178],[-17.796213,28.657231],[-17.796189,28.65728],[-17.796181,28.657318],[-17.796186,28.657356],[-17.796195,28.657372],[-17.796223,28.657401],[-17.796298,28.657451],[-17.796315,28.65746],[-17.79636,28.657482],[-17.796457,28.657531],[-17.796482,28.657553],[-17.796495,28.65758]],[[-17.796495,28.65758],[-17.796495,28.657586]],[[-17.796495,28.65758],[-17.796492,28.657608],[-17.796475,28.657631],[-17.796463,28.657638],[-17.796448,28.657641],[-17.796417,28.657643],[-17.796325,28.657633],[-17.796221,28.657614],[-17.796138,28.657588],[-17.796061,28.65756],[-17.795974,28.657525],[-17.795891,28.657482],[-17.795819,28.657427],[-17.795783,28.657391],[-17.795736,28.657344],[-17.795666,28.657263],[-17.795573,28.657131],[-17.795497,28.657056],[-17.795451,28.657016],[-17.795411,28.656989],[-17.795364,28.656971],[-17.795318,28.656977],[-17.795268,28.657006],[-17.795211,28.657048],[-17.79517,28.657085],[-17.795133,28.657131],[-17.795098,28.657191],[-17.795062,28.657278],[-17.795046,28.65732],[-17.79501,28.657413],[-17.794928,28.657634],[-17.794903,28.657745],[-17.794898,28.657763],[-17.794871,28.65786],[-17.794859,28.657932],[-17.794854,28.658009],[-17.794858,28.658086],[-17.794889,28.658171],[-17.794891,28.658176],[-17.79492,28.65821],[-17.794955,28.658231],[-17.794986,28.65824],[-17.795027,28.658242],[-17.795167,28.658247],[-17.795272,28.658273],[-17.795306,28.658288],[-17.795337,28.658304],[-17.795358,28.65832],[-17.795372,28.658342],[-17.795378,28.658373],[-17.795376,28.658403],[-17.795366,28.658431],[-17.795348,28.658454],[-17.795288,28.658502],[-17.795187,28.658581],[-17.795118,28.65865],[-17.795093,28.65868],[-17.795072,28.658712],[-17.795059,28.658748],[-17.795058,28.658786],[-17.795071,28.658818],[-17.795096,28.658844],[-17.795123,28.658872],[-17.795156,28.658898],[-17.795179,28.658916],[-17.79523,28.658955],[-17.795352,28.659039],[-17.795386,28.659067],[-17.795413,28.659095],[-17.795436,28.659126],[-17.795453,28.659162],[-17.795466,28.659199],[-17.795474,28.659238],[-17.795476,28.659275],[-17.795476,28.659311],[-17.795476,28.659351],[-17.795473,28.65939],[-17.795463,28.659427],[-17.795451,28.659464],[-17.795434,28.659498],[-17.795407,28.659526],[-17.795376,28.65954],[-17.795375,28.65954],[-17.795332,28.659547],[-17.795308,28.659538],[-17.795277,28.659512],[-17.795251,28.659482],[-17.795224,28.659452],[-17.795192,28.659425],[-17.795162,28.6594],[-17.795128,28.659379],[-17.795092,28.659359],[-17.795051,28.659347],[-17.79501,28.659342],[-17.794969,28.659345],[-17.794927,28.659353],[-17.794888,28.659368],[-17.794849,28.659383],[-17.794812,28.659401],[-17.794779,28.659424],[-17.794754,28.659455],[-17.794736,28.659489],[-17.794726,28.659527],[-17.794671,28.659681],[-17.794658,28.659719],[-17.79465,28.659755],[-17.794647,28.659793],[-17.794648,28.659832],[-17.794649,28.659869],[-17.794653,28.659974],[-17.794651,28.660021],[-17.79465,28.66004],[-17.794649,28.66006],[-17.794648,28.660081],[-17.794634,28.660172],[-17.79462,28.66021],[-17.794583,28.660246],[-17.794507,28.660288],[-17.794413,28.660334],[-17.794262,28.660406],[-17.794213,28.660445],[-17.794166,28.660507],[-17.79412,28.660585],[-17.794075,28.660722],[-17.794039,28.660874],[-17.794017,28.660937],[-17.79401,28.660957],[-17.793992,28.661007],[-17.793981,28.661025],[-17.793919,28.66112],[-17.793868,28.661191],[-17.793847,28.661221],[-17.793832,28.661254],[-17.793831,28.661292],[-17.79384,28.661315],[-17.793869,28.661336],[-17.793909,28.661348],[-17.793951,28.661349],[-17.793993,28.661348],[-17.794038,28.661347],[-17.79408,28.661346],[-17.794121,28.661344],[-17.794164,28.661341],[-17.794206,28.661338],[-17.79425,28.661334],[-17.794293,28.661328],[-17.794337,28.661318],[-17.794377,28.661307],[-17.794419,28.661294],[-17.794456,28.661279],[-17.794492,28.661259],[-17.794525,28.661236],[-17.794558,28.661213],[-17.794595,28.661192],[-17.794633,28.661172],[-17.794668,28.661151],[-17.794705,28.661131],[-17.794743,28.661112],[-17.794828,28.661068],[-17.794833,28.661066],[-17.794873,28.661052],[-17.794915,28.661037],[-17.794955,28.661024],[-17.794996,28.661012],[-17.79504,28.661002],[-17.795081,28.660994],[-17.795127,28.660988],[-17.795169,28.660985],[-17.795211,28.660984],[-17.795255,28.660982],[-17.795301,28.660983],[-17.795343,28.660991],[-17.795387,28.661001],[-17.795429,28.661007],[-17.79547,28.661014],[-17.795513,28.66102],[-17.795558,28.661026],[-17.795603,28.661033],[-17.795648,28.661039],[-17.795694,28.661045],[-17.795735,28.661052],[-17.79578,28.661058],[-17.79582,28.661066],[-17.795864,28.661076],[-17.795905,28.661089],[-17.795945,28.661104],[-17.795986,28.661121],[-17.796027,28.661137],[-17.796064,28.661154],[-17.796103,28.661172],[-17.796261,28.661263],[-17.796291,28.661292],[-17.796307,28.661317],[-17.796307,28.661322],[-17.796309,28.661336],[-17.796294,28.661352],[-17.796256,28.66136],[-17.796214,28.661355],[-17.796172,28.661348],[-17.796131,28.661339],[-17.796089,28.661331],[-17.796035,28.661326],[-17.795993,28.661321],[-17.795951,28.66132],[-17.79591,28.661319],[-17.795867,28.661318],[-17.795825,28.661319],[-17.795783,28.661319],[-17.79574,28.66132],[-17.795699,28.661326],[-17.795655,28.661331],[-17.795614,28.661337],[-17.795573,28.661343],[-17.795531,28.66135],[-17.795488,28.66136],[-17.795446,28.661374],[-17.795406,28.661386],[-17.795367,28.661403],[-17.795331,28.661422],[-17.795328,28.661424],[-17.795298,28.661448],[-17.795277,28.661479],[-17.795224,28.661586],[-17.795015,28.661928],[-17.794995,28.661959],[-17.794979,28.661993],[-17.794972,28.662029],[-17.794976,28.662063],[-17.794985,28.662079],[-17.79499,28.662088],[-17.795014,28.662102],[-17.795056,28.662106],[-17.795099,28.662107],[-17.795141,28.662104],[-17.795183,28.662109],[-17.795223,28.662119],[-17.795267,28.662127],[-17.795308,28.662127],[-17.795352,28.662127],[-17.795393,28.662123],[-17.795435,28.662117],[-17.795477,28.662112],[-17.795522,28.662115],[-17.795562,28.662128],[-17.795598,28.662148],[-17.795634,28.66217],[-17.795668,28.662193],[-17.795703,28.662213],[-17.795743,28.66223],[-17.795784,28.662242],[-17.795824,28.662253],[-17.795866,28.662266],[-17.795904,28.662282],[-17.795943,28.662298],[-17.795983,28.662316],[-17.796023,28.662333],[-17.796061,28.66235],[-17.796095,28.662374],[-17.796126,28.662398],[-17.796159,28.662425],[-17.796187,28.662452],[-17.79621,28.662485],[-17.796233,28.662519],[-17.796257,28.662552],[-17.796281,28.662581],[-17.796315,28.662606],[-17.796352,28.662625],[-17.796394,28.662641],[-17.796437,28.66265],[-17.796479,28.66266],[-17.796522,28.662667],[-17.796565,28.662675],[-17.796607,28.662683],[-17.796648,28.662694],[-17.796685,28.662717],[-17.796711,28.662747],[-17.796728,28.662782],[-17.796757,28.66281],[-17.796788,28.662834],[-17.796826,28.662849],[-17.796868,28.662856],[-17.796913,28.66286],[-17.796956,28.662863],[-17.796998,28.662871],[-17.797039,28.66288],[-17.797079,28.66289],[-17.797119,28.662901],[-17.797159,28.662917],[-17.7972,28.662934],[-17.797238,28.66295],[-17.797274,28.662967],[-17.797312,28.662983],[-17.797352,28.662996],[-17.797393,28.663006],[-17.797435,28.663009],[-17.797477,28.663009],[-17.797518,28.663007],[-17.797559,28.663007],[-17.7976,28.663007],[-17.797641,28.663008],[-17.797682,28.663014],[-17.797721,28.66303],[-17.797755,28.663051],[-17.79779,28.663074],[-17.79782,28.663101],[-17.797874,28.663155],[-17.797876,28.663156],[-17.797897,28.66318],[-17.797902,28.663185],[-17.797917,28.663209],[-17.797917,28.663245],[-17.797904,28.663282],[-17.797885,28.663316],[-17.797864,28.663351],[-17.797847,28.663385],[-17.797829,28.663418],[-17.797816,28.663452],[-17.797805,28.663487],[-17.797803,28.663523],[-17.797802,28.663562],[-17.797806,28.663601],[-17.797817,28.663636],[-17.797836,28.66367],[-17.797858,28.663702],[-17.797886,28.663729],[-17.798027,28.663844],[-17.798054,28.663867],[-17.798081,28.66389],[-17.798113,28.663914],[-17.798144,28.663939],[-17.798168,28.663968],[-17.798198,28.663996],[-17.798232,28.664017],[-17.798272,28.664029],[-17.798312,28.664045],[-17.79835,28.664058],[-17.798445,28.664099],[-17.798447,28.664146],[-17.798452,28.664235],[-17.798453,28.664243],[-17.798453,28.664253],[-17.798454,28.664265],[-17.798455,28.664309],[-17.798445,28.664349],[-17.798415,28.664376],[-17.798379,28.664396],[-17.79834,28.664412],[-17.798305,28.664436],[-17.798294,28.664478],[-17.79831,28.664512],[-17.798331,28.664544],[-17.798341,28.66457],[-17.798335,28.664606],[-17.798323,28.664642],[-17.798312,28.664678],[-17.798301,28.664716],[-17.798285,28.66475],[-17.798265,28.664783],[-17.798245,28.664816],[-17.79822,28.664847],[-17.79819,28.664872],[-17.798143,28.664891],[-17.798131,28.664896],[-17.798119,28.664901],[-17.79809,28.664912],[-17.797985,28.664938],[-17.79795,28.66494],[-17.797911,28.664927],[-17.797876,28.664908],[-17.797838,28.664892],[-17.797799,28.664878],[-17.797757,28.66487],[-17.797715,28.664867],[-17.797673,28.664867],[-17.797632,28.664868],[-17.797591,28.664868],[-17.797576,28.664868],[-17.797541,28.664867],[-17.797498,28.664865],[-17.797457,28.664863],[-17.797414,28.664858],[-17.797371,28.664852],[-17.797328,28.664845],[-17.797285,28.664837],[-17.797245,28.664832],[-17.797202,28.664827],[-17.797159,28.664819],[-17.797116,28.66481],[-17.797075,28.6648],[-17.797034,28.664786],[-17.796995,28.664764],[-17.796958,28.664746],[-17.796921,28.664725],[-17.796886,28.664703],[-17.796853,28.664679],[-17.796817,28.664655],[-17.796787,28.66463],[-17.796756,28.664605],[-17.796722,28.66458],[-17.79669,28.664555],[-17.796656,28.664529],[-17.796632,28.664506],[-17.796628,28.664503],[-17.7966,28.664474],[-17.796571,28.664444],[-17.796544,28.664411],[-17.79652,28.66438],[-17.796497,28.664349],[-17.796471,28.664316],[-17.796451,28.664282],[-17.796436,28.664245],[-17.79642,28.664211],[-17.796401,28.664177],[-17.796381,28.664144],[-17.796357,28.66411],[-17.796327,28.664085],[-17.796295,28.664062],[-17.796258,28.66404],[-17.796219,28.664024],[-17.796176,28.664014],[-17.796136,28.664005],[-17.796093,28.663993],[-17.79605,28.663984],[-17.796007,28.663978],[-17.795966,28.663976],[-17.795922,28.663976],[-17.795877,28.663976],[-17.795834,28.663977],[-17.795791,28.66398],[-17.795748,28.663983],[-17.795703,28.663986],[-17.795659,28.663989],[-17.795617,28.66399],[-17.795575,28.66399],[-17.795533,28.66399],[-17.795492,28.663991],[-17.795449,28.663991],[-17.795407,28.663989],[-17.795364,28.663987],[-17.795319,28.663985],[-17.795275,28.663982],[-17.795234,28.66398],[-17.795193,28.663972],[-17.795152,28.663964],[-17.795111,28.663955],[-17.795067,28.663948],[-17.795024,28.663946],[-17.794974,28.663945],[-17.794932,28.663946],[-17.79489,28.663947],[-17.794848,28.663947],[-17.794805,28.663958],[-17.794715,28.663997],[-17.794599,28.664026],[-17.794499,28.664061],[-17.794399,28.664096],[-17.794291,28.664131],[-17.794191,28.664167],[-17.794115,28.664222],[-17.794059,28.664275],[-17.794,28.664352],[-17.793978,28.664393],[-17.793967,28.664434],[-17.793969,28.664504],[-17.79397,28.664596],[-17.793958,28.66464],[-17.793924,28.664707],[-17.79388,28.664775],[-17.793822,28.664836],[-17.793747,28.664911],[-17.7937,28.664973],[-17.793676,28.665016],[-17.793664,28.665059],[-17.793663,28.665081],[-17.79367,28.665122],[-17.793699,28.665182],[-17.79374,28.665242],[-17.793794,28.665297],[-17.793853,28.665348],[-17.793932,28.665409],[-17.793966,28.665445],[-17.794008,28.665505],[-17.794059,28.665589],[-17.794097,28.665681],[-17.794107,28.665724],[-17.794103,28.665765],[-17.794095,28.665784],[-17.794083,28.6658],[-17.794068,28.665812],[-17.794052,28.665818],[-17.794033,28.66582],[-17.793993,28.665816],[-17.793914,28.665784],[-17.793819,28.665747],[-17.793724,28.665711],[-17.793657,28.665689],[-17.793556,28.665689],[-17.793499,28.665696],[-17.793416,28.665718],[-17.793326,28.665754],[-17.79322,28.665801],[-17.793119,28.665847],[-17.79311,28.665853]],[[-17.79311,28.665853],[-17.79311,28.665853]],[[-17.79311,28.665853],[-17.79307,28.665878],[-17.793029,28.665919],[-17.792983,28.665988],[-17.792981,28.665992]],[[-17.792981,28.665992],[-17.792981,28.665992]],[[-17.792981,28.665992],[-17.792968,28.666033],[-17.792966,28.666079],[-17.79299,28.666169],[-17.79299,28.666189],[-17.792983,28.666209],[-17.79297,28.666228],[-17.792953,28.666247],[-17.792932,28.666263],[-17.792858,28.66631],[-17.79275,28.666373],[-17.792651,28.666444],[-17.792557,28.666519],[-17.792516,28.666561],[-17.792452,28.666654],[-17.79242,28.666715],[-17.792406,28.666769],[-17.792403,28.66684],[-17.7924,28.666928],[-17.792407,28.666992],[-17.792433,28.667085],[-17.792444,28.667152],[-17.792439,28.667221],[-17.792428,28.667271],[-17.792399,28.667347],[-17.79235,28.667444],[-17.792342,28.667482],[-17.792344,28.667526],[-17.792361,28.667593],[-17.792397,28.667678],[-17.792435,28.667737],[-17.792469,28.667771],[-17.79251,28.667799],[-17.792599,28.667842],[-17.792692,28.667887],[-17.792791,28.667946],[-17.792848,28.667987],[-17.792896,28.668036],[-17.792915,28.668073],[-17.792922,28.668112],[-17.79292,28.668145],[-17.792904,28.668176],[-17.79288,28.6682],[-17.792831,28.668233],[-17.792785,28.668271],[-17.792764,28.668306],[-17.792753,28.668346],[-17.792753,28.66842],[-17.792749,28.668492],[-17.792742,28.668513],[-17.79273,28.668531],[-17.792715,28.668546],[-17.792698,28.668555],[-17.792679,28.66856],[-17.792643,28.668558],[-17.792561,28.668541],[-17.792472,28.668529],[-17.79243,28.668533],[-17.792391,28.668552],[-17.792352,28.66858],[-17.792294,28.668641],[-17.792219,28.668731],[-17.79215,28.668818],[-17.792095,28.668895],[-17.792071,28.668891],[-17.792071,28.668891],[-17.792067,28.668891],[-17.792038,28.668929],[-17.792032,28.669001],[-17.792031,28.669094],[-17.792059,28.669185],[-17.792152,28.66921],[-17.792238,28.669268],[-17.792206,28.669323],[-17.792107,28.669424],[-17.792048,28.669524],[-17.791992,28.66961],[-17.79193,28.669688],[-17.791905,28.669728],[-17.79189,28.669871],[-17.791882,28.670015],[-17.791887,28.67019],[-17.791908,28.670256],[-17.791938,28.670325],[-17.792066,28.670399],[-17.792145,28.670434],[-17.792227,28.67046],[-17.792253,28.670486],[-17.792283,28.670542],[-17.792361,28.670627],[-17.792458,28.670704],[-17.792547,28.670779],[-17.792637,28.670819],[-17.792723,28.670874],[-17.792817,28.670939],[-17.792918,28.671014],[-17.792992,28.671086],[-17.792975,28.67115],[-17.792927,28.671178],[-17.792802,28.671184],[-17.792537,28.671179],[-17.792407,28.671152],[-17.792213,28.671132],[-17.792071,28.671125],[-17.791859,28.671095],[-17.791615,28.671043],[-17.791449,28.671016],[-17.791227,28.67102],[-17.791182,28.671082],[-17.791081,28.671186],[-17.791004,28.671309],[-17.790953,28.671436],[-17.79098,28.671584],[-17.791041,28.671684],[-17.791147,28.671787],[-17.79125,28.6719],[-17.791282,28.672011],[-17.791214,28.672763],[-17.791188,28.673326],[-17.791192,28.674274],[-17.791251,28.674379],[-17.791353,28.674464],[-17.791515,28.674514],[-17.791586,28.674541],[-17.791596,28.674608],[-17.79152,28.674718],[-17.791391,28.674816],[-17.791188,28.674895],[-17.791056,28.674914],[-17.791036,28.674937],[-17.791125,28.676179],[-17.79124,28.676243],[-17.791184,28.676363],[-17.791144,28.676463],[-17.791131,28.676559],[-17.791151,28.676596],[-17.791164,28.676623],[-17.791186,28.676636],[-17.791276,28.676652],[-17.791355,28.676655],[-17.791425,28.676667],[-17.791488,28.676688],[-17.791565,28.676705],[-17.791721,28.67674],[-17.791879,28.676765],[-17.791994,28.676782],[-17.792122,28.67678],[-17.792287,28.676803],[-17.792391,28.676793],[-17.79276,28.676714],[-17.792983,28.676682],[-17.793237,28.676677],[-17.793494,28.67669],[-17.793677,28.676687],[-17.793803,28.676674],[-17.793914,28.676648],[-17.794006,28.676613],[-17.794084,28.676592],[-17.79414,28.676568],[-17.794173,28.676536],[-17.794219,28.676497],[-17.794256,28.676448],[-17.794312,28.676422],[-17.794329,28.676428],[-17.794428,28.67655],[-17.794462,28.676597],[-17.794607,28.676752],[-17.794719,28.676884],[-17.794682,28.676916],[-17.794517,28.677034],[-17.794468,28.677088],[-17.794338,28.677223],[-17.79423,28.677334],[-17.79413,28.677439],[-17.794096,28.67749],[-17.794086,28.677551],[-17.794102,28.677598],[-17.794143,28.677632],[-17.794245,28.677703],[-17.794344,28.677757],[-17.794415,28.677824],[-17.794537,28.677943],[-17.794527,28.677997],[-17.794545,28.678063],[-17.794583,28.678137],[-17.794579,28.678152],[-17.794538,28.678151],[-17.794429,28.678151],[-17.794277,28.678116],[-17.794096,28.678083],[-17.79392,28.678081],[-17.793907,28.678078],[-17.793884,28.678038],[-17.793841,28.678043],[-17.793689,28.678086],[-17.793579,28.678128],[-17.793403,28.678176],[-17.793321,28.678199],[-17.793154,28.678214],[-17.792992,28.678242],[-17.792808,28.678267],[-17.792731,28.678297],[-17.792695,28.67834],[-17.792672,28.678383],[-17.792618,28.678478],[-17.792536,28.678658],[-17.792503,28.678783],[-17.792498,28.678848],[-17.792496,28.679041],[-17.792499,28.67912],[-17.792469,28.679235],[-17.792447,28.679377],[-17.792451,28.679454],[-17.792466,28.679538],[-17.792502,28.679596],[-17.792509,28.679636],[-17.792509,28.679642],[-17.792503,28.679656],[-17.792495,28.679676],[-17.792485,28.679696],[-17.792474,28.679714],[-17.792461,28.679733],[-17.792448,28.67975],[-17.792433,28.679767],[-17.792417,28.679783],[-17.7924,28.679798],[-17.792382,28.679813],[-17.792363,28.679826],[-17.792225,28.679929],[-17.792076,28.680064],[-17.792035,28.680103],[-17.791962,28.68021],[-17.791955,28.680244],[-17.791954,28.680245],[-17.791957,28.680256],[-17.791961,28.680267],[-17.792022,28.680473],[-17.792026,28.680489],[-17.792032,28.680505],[-17.792041,28.680521],[-17.792051,28.680535],[-17.792063,28.680549],[-17.792076,28.680561],[-17.792091,28.680572],[-17.792107,28.680582],[-17.792125,28.680589],[-17.792143,28.680595],[-17.792162,28.6806],[-17.792207,28.680614],[-17.792251,28.68063],[-17.792295,28.680648],[-17.792339,28.680667],[-17.792381,28.680687],[-17.792423,28.680708],[-17.792463,28.680731],[-17.792503,28.680755],[-17.792542,28.68078],[-17.79258,28.680806],[-17.792617,28.680834],[-17.792741,28.68094],[-17.792879,28.681051],[-17.792883,28.681057],[-17.792887,28.681063],[-17.792891,28.681069],[-17.792894,28.681075],[-17.792896,28.681082],[-17.792898,28.681088],[-17.7929,28.681095],[-17.792901,28.681102],[-17.792901,28.681108],[-17.792901,28.681113],[-17.792901,28.681115],[-17.792901,28.681122],[-17.792885,28.681133],[-17.792867,28.681143],[-17.792849,28.681152],[-17.79283,28.681159],[-17.79281,28.681165],[-17.79279,28.681168],[-17.79277,28.681171],[-17.792749,28.681171],[-17.792729,28.68117],[-17.792708,28.681167],[-17.792688,28.681162],[-17.792596,28.681143],[-17.792584,28.681141],[-17.792571,28.68114],[-17.792559,28.68114],[-17.792547,28.68114],[-17.792534,28.68114],[-17.792522,28.68114],[-17.79251,28.681141],[-17.792498,28.681142],[-17.792485,28.681144],[-17.792473,28.681146],[-17.792461,28.681148],[-17.792209,28.681163],[-17.791959,28.681181],[-17.791774,28.681192],[-17.791752,28.681199],[-17.791731,28.681207],[-17.791711,28.681216],[-17.791691,28.681226],[-17.791672,28.681238],[-17.791654,28.68125],[-17.791637,28.681264],[-17.79162,28.681278],[-17.791605,28.681293],[-17.791591,28.681309],[-17.791578,28.681326],[-17.791443,28.681607],[-17.791367,28.681778],[-17.791358,28.6818],[-17.791353,28.681823],[-17.791352,28.681846],[-17.791355,28.681869],[-17.791362,28.681892],[-17.791372,28.681913],[-17.791386,28.681933],[-17.791402,28.681951],[-17.791422,28.681966],[-17.791444,28.681979],[-17.791468,28.681989],[-17.791588,28.682031],[-17.791617,28.68204],[-17.791692,28.682065],[-17.791699,28.682068],[-17.791711,28.682075],[-17.791718,28.682081],[-17.791727,28.682089],[-17.79173,28.682093],[-17.79174,28.682105],[-17.791749,28.682124],[-17.791753,28.682143],[-17.791752,28.682163],[-17.791751,28.682168],[-17.791747,28.682182],[-17.791738,28.6822],[-17.791724,28.682216],[-17.791707,28.68223],[-17.791688,28.682239],[-17.791589,28.682287],[-17.791565,28.682298],[-17.79154,28.682309],[-17.791516,28.68232],[-17.791492,28.682332],[-17.791468,28.682344],[-17.791444,28.682356],[-17.79142,28.682368],[-17.791397,28.682381],[-17.791373,28.682393],[-17.79135,28.682406],[-17.791326,28.682419],[-17.791119,28.682542],[-17.790989,28.682623],[-17.790967,28.682639],[-17.790948,28.682657],[-17.79093,28.682677],[-17.790915,28.682697],[-17.790902,28.682719],[-17.790891,28.682742],[-17.790883,28.682766],[-17.790877,28.68279],[-17.790874,28.682815],[-17.790873,28.68284],[-17.790875,28.682865],[-17.790878,28.682877],[-17.790882,28.68289],[-17.790886,28.682903],[-17.79089,28.682915],[-17.790894,28.682928],[-17.790899,28.68294],[-17.790904,28.682952],[-17.79091,28.682964],[-17.790916,28.682976],[-17.790922,28.682988],[-17.790928,28.683],[-17.79102,28.683187],[-17.791119,28.683423],[-17.791128,28.683447],[-17.791138,28.683471],[-17.791146,28.683487],[-17.79115,28.683495],[-17.791151,28.683498],[-17.791158,28.683509],[-17.791163,28.683517],[-17.791177,28.683539],[-17.791193,28.683561],[-17.79121,28.683582],[-17.791228,28.683601],[-17.791247,28.68362],[-17.791268,28.683638],[-17.791289,28.683656],[-17.791373,28.683742],[-17.79138,28.683748],[-17.791385,28.683755],[-17.791389,28.683762],[-17.791392,28.68377],[-17.791393,28.683779],[-17.791393,28.683787],[-17.791392,28.683795],[-17.791389,28.683803],[-17.791385,28.683811],[-17.79138,28.683818],[-17.791374,28.683824],[-17.791365,28.68383],[-17.791356,28.683836],[-17.791347,28.683842],[-17.791338,28.683847],[-17.791328,28.683852],[-17.791319,28.683857],[-17.791309,28.683862],[-17.791299,28.683867],[-17.791289,28.683871],[-17.791279,28.683876],[-17.791269,28.68388],[-17.791101,28.683938],[-17.791062,28.683951],[-17.790835,28.68402],[-17.790823,28.684025],[-17.790812,28.684031],[-17.790802,28.684039],[-17.790793,28.684047],[-17.790785,28.684056],[-17.790778,28.684065],[-17.790775,28.684071],[-17.790772,28.684075],[-17.790767,28.684086],[-17.790763,28.684097],[-17.790761,28.684108],[-17.79076,28.68412],[-17.790762,28.684134],[-17.790765,28.684149],[-17.790769,28.684164],[-17.790775,28.684178],[-17.790782,28.684192],[-17.79079,28.684205],[-17.790799,28.684218],[-17.790809,28.68423],[-17.790819,28.684241],[-17.790831,28.684252],[-17.790844,28.684262],[-17.790959,28.684339],[-17.791011,28.684374],[-17.791028,28.684383],[-17.791042,28.684393],[-17.791054,28.684406],[-17.791062,28.684421],[-17.791068,28.684437],[-17.791068,28.684444],[-17.791069,28.684453],[-17.791069,28.684454],[-17.791068,28.68447],[-17.791063,28.684486],[-17.791054,28.684501],[-17.791043,28.684514],[-17.791029,28.684525],[-17.79082,28.684687],[-17.790811,28.684694],[-17.790801,28.684701],[-17.790793,28.684709],[-17.790785,28.684717],[-17.790777,28.684726],[-17.79077,28.684735],[-17.790763,28.684745],[-17.790758,28.684755],[-17.790752,28.684765],[-17.790748,28.684775],[-17.790744,28.684786],[-17.79073,28.684888],[-17.79072,28.684963],[-17.790722,28.684985],[-17.790727,28.685006],[-17.790734,28.685027],[-17.790744,28.685047],[-17.790756,28.685066],[-17.79076,28.68507],[-17.790767,28.685078],[-17.790771,28.685083],[-17.790776,28.685088],[-17.790786,28.685097],[-17.790788,28.685099],[-17.790807,28.685113],[-17.790828,28.685125],[-17.79085,28.685135],[-17.790873,28.685142],[-17.791032,28.685196],[-17.791077,28.685209],[-17.791128,28.685219],[-17.791178,28.685233],[-17.791226,28.685248],[-17.791273,28.685267],[-17.79132,28.685288],[-17.791365,28.685311],[-17.791409,28.685336],[-17.791452,28.685361],[-17.791495,28.685387],[-17.791538,28.685414],[-17.791581,28.68544],[-17.791625,28.685464],[-17.79167,28.685486],[-17.791717,28.685505],[-17.791765,28.685523],[-17.791813,28.685541],[-17.791862,28.685553],[-17.791913,28.685561],[-17.791966,28.685565],[-17.792018,28.685569],[-17.792069,28.685573],[-17.792122,28.685578],[-17.792173,28.685581],[-17.792225,28.685581],[-17.792276,28.685582],[-17.792329,28.685584],[-17.792381,28.685587],[-17.792434,28.685594],[-17.792484,28.685601],[-17.792536,28.685609],[-17.792586,28.685619],[-17.792636,28.68563],[-17.792688,28.685641],[-17.792737,28.685656],[-17.792785,28.685673],[-17.792832,28.685693],[-17.792879,28.685713],[-17.792924,28.685737],[-17.792965,28.685766],[-17.793001,28.685798],[-17.793029,28.685837],[-17.793028,28.685864],[-17.793016,28.685874],[-17.79301,28.685879],[-17.793001,28.685883],[-17.792991,28.685887],[-17.792982,28.68589],[-17.792967,28.685895],[-17.792917,28.685903],[-17.792866,28.685908],[-17.792814,28.685911],[-17.792762,28.685914],[-17.792709,28.685918],[-17.792657,28.685922],[-17.792604,28.685926],[-17.792551,28.68593],[-17.79251,28.685937],[-17.792462,28.685951],[-17.792415,28.685973],[-17.792371,28.685998],[-17.792328,28.686025],[-17.792285,28.686053],[-17.792241,28.686078],[-17.792197,28.686101],[-17.792149,28.686122],[-17.792102,28.68614],[-17.792054,28.686157],[-17.792006,28.686173],[-17.791955,28.686187],[-17.791904,28.686199],[-17.791853,28.686208],[-17.791801,28.686218],[-17.791748,28.686225],[-17.791696,28.68623],[-17.791645,28.686236],[-17.791593,28.686238],[-17.791541,28.686232],[-17.791491,28.686218],[-17.791441,28.686202],[-17.791391,28.686189],[-17.791339,28.686179],[-17.791289,28.686171],[-17.791237,28.686176],[-17.791229,28.686178],[-17.791188,28.68619],[-17.791145,28.686215],[-17.791109,28.68625],[-17.791079,28.686288],[-17.791051,28.686327],[-17.791026,28.686367],[-17.791008,28.686411],[-17.791004,28.686456],[-17.791003,28.686502],[-17.791004,28.686549],[-17.791023,28.686586],[-17.791051,28.686604],[-17.791095,28.68663],[-17.791131,28.686662],[-17.791144,28.686697],[-17.791149,28.686744],[-17.79115,28.686789],[-17.791146,28.686836],[-17.791135,28.68688],[-17.791114,28.686922],[-17.791079,28.68695],[-17.791036,28.686974],[-17.790991,28.686998],[-17.790945,28.687017],[-17.790896,28.687034],[-17.790847,28.687052],[-17.790803,28.687077],[-17.790761,28.687105],[-17.790723,28.687137],[-17.790687,28.687169],[-17.790652,28.687203],[-17.79062,28.68724],[-17.790593,28.687279],[-17.79057,28.687321],[-17.790546,28.687363],[-17.790525,28.687405],[-17.790506,28.687448],[-17.790491,28.687492],[-17.790482,28.687539],[-17.790478,28.687584],[-17.790486,28.68763],[-17.790503,28.687673],[-17.790525,28.687716],[-17.790545,28.687758],[-17.790551,28.687804],[-17.790547,28.687859],[-17.790536,28.687976],[-17.79052,28.688019],[-17.790505,28.688044],[-17.790497,28.688056],[-17.790496,28.688059],[-17.790487,28.688068],[-17.790463,28.688094],[-17.790434,28.688132],[-17.790427,28.688168],[-17.790437,28.688209],[-17.790463,28.688248],[-17.790503,28.688278],[-17.79055,28.688299],[-17.790596,28.68832],[-17.790643,28.688342],[-17.790689,28.688364],[-17.790738,28.688382],[-17.790785,28.688404],[-17.790833,28.688425],[-17.790881,28.688443],[-17.790929,28.688459],[-17.790978,28.688477],[-17.791025,28.688494],[-17.791073,28.688513],[-17.791122,28.688528],[-17.791238,28.688623],[-17.791317,28.688671],[-17.791395,28.688715],[-17.791405,28.688724],[-17.791413,28.688734],[-17.791419,28.688746],[-17.791424,28.688758],[-17.791426,28.688771],[-17.791427,28.688783],[-17.791425,28.688796],[-17.791421,28.688809],[-17.791415,28.68882],[-17.791408,28.688831],[-17.791398,28.688841],[-17.791268,28.688975],[-17.791255,28.68899],[-17.791243,28.689007],[-17.791232,28.689024],[-17.791223,28.689042],[-17.791215,28.68906],[-17.791208,28.689079],[-17.791203,28.689098],[-17.791199,28.689118],[-17.791197,28.689137],[-17.791196,28.689157],[-17.791197,28.689177],[-17.791204,28.689214],[-17.791214,28.689251],[-17.791226,28.689287],[-17.791241,28.689322],[-17.791258,28.689357],[-17.791278,28.68939],[-17.7913,28.689423],[-17.791324,28.689454],[-17.79135,28.689484],[-17.791378,28.689512],[-17.791409,28.689539],[-17.791417,28.689541],[-17.791425,28.689542],[-17.791433,28.689544],[-17.791442,28.689545],[-17.79145,28.689546],[-17.791458,28.689546],[-17.791467,28.689547],[-17.791475,28.689547],[-17.791483,28.689547],[-17.791492,28.689546],[-17.7915,28.689546],[-17.791511,28.689541],[-17.791523,28.689538],[-17.791535,28.689538],[-17.791547,28.68954],[-17.791558,28.689544],[-17.791564,28.689547],[-17.791575,28.689556],[-17.791582,28.689567],[-17.791582,28.689567],[-17.791586,28.689577],[-17.791587,28.689587],[-17.791586,28.689598],[-17.791582,28.689608],[-17.791576,28.689617],[-17.791568,28.689625],[-17.791511,28.689689],[-17.791408,28.689798],[-17.791385,28.689839],[-17.791378,28.689885],[-17.79139,28.689922],[-17.791405,28.689966],[-17.791422,28.690009],[-17.79142,28.690055],[-17.79141,28.6901],[-17.791403,28.690146],[-17.791395,28.690191],[-17.791385,28.690238],[-17.791376,28.690283],[-17.791366,28.690328],[-17.791358,28.690373],[-17.791352,28.69042],[-17.79135,28.690468],[-17.791348,28.690514],[-17.791355,28.690559],[-17.791379,28.690599],[-17.791413,28.690634],[-17.791449,28.690667],[-17.791483,28.690701],[-17.791519,28.690735],[-17.791554,28.69077],[-17.791587,28.690807],[-17.791621,28.690843],[-17.791619,28.690866],[-17.791598,28.690904],[-17.791564,28.690943],[-17.790928,28.691406],[-17.790656,28.691598],[-17.790646,28.691624],[-17.790646,28.69163],[-17.790646,28.691644],[-17.790647,28.691658],[-17.790647,28.69167],[-17.790666,28.691712],[-17.790696,28.69175],[-17.790733,28.691785],[-17.790774,28.691814],[-17.79082,28.691837],[-17.790869,28.691854],[-17.79092,28.691871],[-17.790972,28.691884],[-17.791023,28.691894],[-17.791075,28.691904],[-17.791126,28.691914],[-17.791176,28.691926],[-17.791229,28.691936],[-17.791279,28.691947],[-17.791333,28.691957],[-17.791383,28.691968],[-17.791433,28.691978],[-17.791486,28.691989],[-17.791539,28.691999],[-17.791593,28.69201],[-17.791644,28.69202],[-17.791696,28.692029],[-17.791746,28.692039],[-17.791769,28.692043],[-17.791799,28.692048],[-17.791809,28.692049],[-17.791856,28.692056],[-17.791907,28.69206],[-17.792025,28.692058],[-17.792076,28.692055],[-17.792127,28.692048],[-17.792179,28.692038],[-17.79223,28.692027],[-17.79228,28.692017],[-17.792331,28.69201],[-17.792332,28.692008],[-17.792359,28.692005],[-17.79241,28.691997],[-17.792464,28.691989],[-17.792517,28.691983],[-17.79257,28.691982],[-17.792622,28.691983],[-17.792675,28.691984],[-17.792728,28.691984],[-17.792779,28.691984],[-17.792834,28.691985],[-17.792886,28.691989],[-17.792939,28.691996],[-17.79299,28.692008],[-17.793042,28.692025],[-17.793093,28.692042],[-17.79314,28.692059],[-17.793189,28.692079],[-17.79323,28.69211],[-17.793266,28.692144],[-17.793304,28.692175],[-17.793347,28.6922],[-17.793396,28.692219],[-17.793444,28.692233],[-17.793495,28.692249],[-17.793543,28.692269],[-17.793591,28.69229],[-17.793639,28.692305],[-17.793689,28.692317],[-17.79374,28.692328],[-17.793789,28.692343],[-17.793838,28.692359],[-17.793887,28.692378],[-17.793934,28.692402],[-17.793973,28.692434],[-17.794006,28.69247],[-17.794032,28.69251],[-17.794052,28.692554],[-17.794076,28.692597],[-17.794101,28.692638],[-17.79413,28.692676],[-17.794169,28.692711],[-17.794198,28.692725],[-17.794217,28.692734],[-17.794265,28.692751],[-17.794316,28.692762],[-17.794376,28.692773],[-17.794872,28.692856],[-17.795125,28.692906],[-17.795176,28.692915],[-17.795226,28.692925],[-17.795277,28.692934],[-17.795327,28.692956],[-17.795369,28.692989],[-17.795401,28.693026],[-17.795433,28.693062],[-17.795464,28.6931],[-17.795506,28.693131],[-17.795551,28.693153],[-17.795598,28.693171],[-17.795649,28.693185],[-17.795702,28.693196],[-17.795753,28.693204],[-17.795766,28.693223],[-17.795779,28.693255],[-17.795791,28.69329],[-17.795813,28.693354]]]},"properties":{"clase":"canal","origen":"Canal LP-I","nombre":"CANAL LA PALMA I","tipo_red":"RED BÁSICA","codigo":"CT000279"}},{"type":"Feature","geometry":{"type":"MultiLineString","coordinates":[[[-17.796838,28.651263],[-17.796848,28.651288],[-17.796876,28.651291]],[[-17.796876,28.651291],[-17.796905,28.651294],[-17.796922,28.651273]],[[-17.796876,28.651291],[-17.796804,28.651773]],[[-17.796804,28.651773],[-17.796778,28.651785],[-17.796778,28.651811]],[[-17.796853,28.651777],[-17.796829,28.651762],[-17.796804,28.651773]]]},"properties":{"clase":"canal","origen":"Canal LP-I","nombre":"CANAL LA PALMA I","tipo_red":"RED BÁSICA","codigo":"CT000280"}},{"type":"Feature","geometry":{"type":"LineString","coordinates":[[-17.795951,28.651145],[-17.795991,28.651123],[-17.796276,28.651028],[-17.796441,28.651001],[-17.796571,28.65107],[-17.7967,28.651108],[-17.796829,28.651133],[-17.796896,28.651177],[-17.796876,28.651291]]},"properties":{"clase":"canal","origen":"Canal LP-I","nombre":"CANAL LA PALMA I","tipo_red":"RED BÁSICA","codigo":"CT000281"}},{"type":"Feature","geometry":{"type":"MultiLineString","coordinates":[[[-17.79594,28.651102],[-17.795931,28.651127],[-17.795951,28.651145]],[[-17.795951,28.651145],[-17.795972,28.651163],[-17.796,28.651154]],[[-17.795951,28.651145],[-17.795881,28.651182],[-17.795626,28.651375],[-17.795565,28.651426]],[[-17.795565,28.651426],[-17.795543,28.651411],[-17.795515,28.651422]],[[-17.795582,28.651468],[-17.795588,28.651442],[-17.795565,28.651426]]]},"properties":{"clase":"canal","origen":"Canal LP-I","nombre":"CANAL LA PALMA I","tipo_red":"RED BÁSICA","codigo":"CT000282"}},{"type":"Feature","geometry":{"type":"LineString","coordinates":[[-17.856375,28.48069],[-17.856418,28.480555],[-17.856527,28.480432],[-17.856553,28.480355],[-17.856555,28.480338],[-17.856553,28.480291],[-17.856553,28.480284],[-17.856552,28.480277],[-17.856551,28.48027],[-17.856549,28.480264],[-17.856547,28.480257],[-17.856544,28.480251],[-17.85654,28.480245],[-17.856536,28.480239],[-17.856531,28.480234],[-17.856526,28.480229],[-17.85652,28.480224],[-17.856512,28.480219],[-17.856504,28.480215],[-17.856497,28.48021],[-17.856489,28.480205],[-17.856482,28.4802],[-17.856475,28.480194],[-17.856468,28.480189],[-17.856462,28.480183],[-17.856455,28.480177],[-17.856449,28.480171],[-17.856443,28.480165],[-17.856306,28.479982],[-17.856291,28.479968],[-17.856278,28.479959],[-17.856266,28.47995],[-17.856254,28.47994],[-17.856243,28.47993],[-17.856233,28.479919],[-17.856224,28.479907],[-17.856216,28.479895],[-17.856208,28.479882],[-17.856202,28.479869],[-17.856196,28.479856],[-17.856191,28.479842],[-17.856161,28.479744],[-17.856116,28.479612],[-17.85611,28.479596],[-17.856103,28.47958],[-17.856096,28.479564],[-17.856089,28.479549],[-17.856081,28.479533],[-17.856073,28.479518],[-17.856065,28.479503],[-17.856057,28.479487],[-17.856049,28.479472],[-17.85604,28.479457],[-17.856031,28.479442],[-17.855998,28.479405],[-17.855985,28.479392],[-17.855973,28.479379],[-17.855961,28.479365],[-17.85595,28.479351],[-17.855939,28.479337],[-17.855928,28.479323],[-17.855918,28.479308],[-17.855908,28.479294],[-17.855898,28.479279],[-17.855889,28.479264],[-17.85588,28.479249],[-17.855827,28.479165],[-17.855811,28.479148],[-17.855801,28.479139],[-17.855792,28.47913],[-17.855782,28.47912],[-17.855773,28.479111],[-17.855765,28.479102],[-17.855756,28.479092],[-17.855748,28.479082],[-17.85574,28.479072],[-17.855732,28.479062],[-17.855724,28.479052],[-17.855716,28.479041],[-17.855599,28.478811],[-17.855576,28.478757],[-17.855576,28.478757],[-17.855522,28.478627],[-17.8555,28.478588],[-17.855491,28.478578],[-17.855482,28.47857],[-17.855472,28.478561],[-17.855462,28.478554],[-17.855451,28.478547],[-17.855439,28.478541],[-17.855427,28.478536],[-17.855414,28.478531],[-17.855402,28.478528],[-17.855388,28.478525],[-17.855375,28.478523],[-17.855288,28.478509],[-17.855278,28.478508],[-17.855269,28.478507],[-17.855259,28.478505],[-17.855249,28.478503],[-17.85524,28.478501],[-17.85523,28.478498],[-17.855221,28.478495],[-17.855212,28.478492],[-17.855203,28.478488],[-17.855194,28.478485],[-17.855185,28.47848],[-17.855124,28.478443],[-17.855117,28.478437],[-17.85511,28.478431],[-17.855102,28.478426],[-17.855095,28.478421],[-17.855087,28.478416],[-17.855079,28.478411],[-17.85507,28.478407],[-17.855062,28.478403],[-17.855053,28.4784],[-17.855044,28.478397],[-17.855035,28.478394],[-17.855024,28.478392],[-17.855014,28.478391],[-17.855003,28.478389],[-17.854993,28.478388],[-17.854982,28.478386],[-17.854972,28.478385],[-17.854961,28.478383],[-17.854951,28.478382],[-17.85494,28.47838],[-17.85493,28.478378],[-17.854919,28.478377],[-17.854901,28.478367],[-17.854884,28.478356],[-17.854869,28.478343],[-17.854855,28.47833],[-17.854843,28.478315],[-17.854832,28.478299],[-17.854824,28.478282],[-17.854817,28.478264],[-17.854812,28.478246],[-17.854809,28.478228],[-17.854809,28.47821],[-17.854808,28.478198],[-17.854807,28.478187],[-17.854805,28.478175],[-17.854803,28.478164],[-17.854799,28.478153],[-17.854794,28.478142],[-17.854789,28.478132],[-17.854783,28.478122],[-17.854776,28.478112],[-17.854768,28.478103],[-17.85476,28.478094],[-17.854648,28.477994],[-17.85448,28.47786],[-17.854387,28.477769],[-17.854377,28.477759],[-17.854367,28.477749],[-17.854358,28.477738],[-17.854348,28.477728],[-17.85434,28.477717],[-17.854331,28.477706],[-17.854323,28.477694],[-17.854315,28.477683],[-17.854308,28.477672],[-17.8543,28.47766],[-17.854293,28.477648],[-17.854157,28.477364],[-17.854152,28.477353],[-17.854147,28.477343],[-17.85414,28.477332],[-17.854133,28.477322],[-17.854125,28.477313],[-17.854117,28.477304],[-17.854107,28.477296],[-17.854097,28.477288],[-17.854087,28.477281],[-17.854076,28.477275],[-17.854064,28.477269],[-17.853948,28.477251],[-17.853936,28.477248],[-17.853925,28.477243],[-17.853914,28.477237],[-17.853905,28.47723],[-17.853895,28.477223],[-17.853888,28.477215],[-17.85388,28.477206],[-17.853837,28.477113],[-17.853833,28.477105],[-17.853829,28.477096],[-17.853824,28.477087],[-17.853818,28.477079],[-17.853813,28.477071],[-17.853806,28.477063],[-17.8538,28.477056],[-17.853793,28.477049],[-17.853785,28.477042],[-17.853777,28.477035],[-17.853769,28.477029],[-17.853682,28.476985],[-17.853588,28.47695],[-17.853574,28.476946],[-17.85356,28.476943],[-17.853547,28.47694],[-17.853533,28.476938],[-17.853518,28.476937],[-17.853504,28.476936],[-17.85349,28.476936],[-17.853476,28.476936],[-17.853461,28.476937],[-17.853447,28.476939],[-17.853433,28.476942],[-17.853415,28.476947],[-17.853397,28.476952],[-17.853378,28.476957],[-17.853359,28.47696],[-17.85334,28.476963],[-17.853321,28.476965],[-17.853302,28.476965],[-17.853283,28.476966],[-17.853264,28.476965],[-17.853244,28.476963],[-17.853225,28.476961],[-17.853188,28.476951],[-17.853181,28.476947],[-17.853173,28.476944],[-17.853166,28.47694],[-17.853158,28.476937],[-17.85315,28.476935],[-17.853142,28.476932],[-17.853134,28.47693],[-17.853126,28.476928],[-17.853118,28.476926],[-17.853109,28.476924],[-17.853101,28.476923],[-17.852937,28.476893],[-17.852855,28.476862],[-17.852748,28.476833],[-17.852687,28.476823],[-17.852672,28.476823],[-17.852657,28.476821],[-17.852642,28.476819],[-17.852628,28.476816],[-17.852614,28.476812],[-17.8526,28.476807],[-17.852586,28.476801],[-17.852573,28.476794],[-17.852561,28.476786],[-17.85255,28.476778],[-17.852539,28.476769],[-17.852533,28.476763],[-17.852527,28.476758],[-17.852522,28.476752],[-17.852516,28.476747],[-17.852509,28.476742],[-17.852503,28.476738],[-17.852496,28.476733],[-17.852489,28.476729],[-17.852482,28.476725],[-17.852475,28.476721],[-17.852468,28.476717],[-17.852377,28.476676],[-17.852362,28.476671],[-17.852347,28.476667],[-17.852332,28.476664],[-17.852316,28.476663],[-17.8523,28.476663],[-17.852285,28.476665],[-17.852269,28.476668],[-17.852254,28.476673],[-17.85224,28.47668],[-17.852227,28.476687],[-17.852215,28.476696],[-17.852032,28.476877],[-17.852021,28.476888],[-17.852009,28.476899],[-17.851996,28.47691],[-17.851983,28.476919],[-17.85197,28.476928],[-17.851955,28.476937],[-17.851941,28.476945],[-17.851926,28.476952],[-17.85191,28.476959],[-17.851894,28.476964],[-17.851878,28.476969],[-17.851631,28.47702],[-17.851616,28.477022],[-17.851601,28.477025],[-17.851586,28.477028],[-17.851571,28.477032],[-17.851557,28.477037],[-17.851542,28.477042],[-17.851528,28.477048],[-17.851515,28.477054],[-17.851501,28.477061],[-17.851488,28.477068],[-17.851476,28.477076],[-17.851341,28.477171],[-17.851281,28.477219],[-17.850988,28.477412],[-17.850788,28.477531],[-17.850711,28.477573],[-17.850641,28.477605],[-17.850473,28.47771],[-17.850275,28.477863],[-17.850261,28.477874],[-17.850246,28.477885],[-17.85023,28.477896],[-17.850214,28.477905],[-17.850198,28.477915],[-17.850181,28.477923],[-17.850163,28.477931],[-17.850146,28.477938],[-17.850127,28.477945],[-17.850109,28.47795],[-17.85009,28.477956],[-17.850002,28.477985],[-17.849926,28.478017],[-17.849895,28.478032],[-17.849888,28.478034],[-17.84988,28.478036],[-17.849873,28.478038],[-17.849865,28.478039],[-17.849858,28.47804],[-17.84985,28.478041],[-17.849843,28.478042],[-17.849835,28.478042],[-17.849827,28.478042],[-17.84982,28.478042],[-17.849812,28.478042],[-17.849752,28.478033],[-17.849575,28.47801],[-17.84935,28.477951],[-17.849261,28.47792],[-17.849187,28.477869],[-17.849129,28.477829],[-17.849041,28.477768],[-17.84877,28.477577],[-17.848748,28.477565],[-17.848724,28.477555],[-17.848699,28.477546],[-17.848674,28.477539],[-17.848649,28.477533],[-17.848623,28.477528],[-17.848597,28.477525],[-17.84857,28.477523],[-17.848544,28.477523],[-17.848518,28.477525],[-17.848491,28.477528],[-17.84826,28.477564],[-17.847912,28.477641],[-17.847842,28.477657],[-17.847554,28.477689],[-17.847458,28.477694],[-17.847382,28.477698],[-17.847364,28.477697],[-17.847347,28.477695],[-17.84733,28.477692],[-17.847313,28.477689],[-17.847296,28.477684],[-17.847279,28.477679],[-17.847263,28.477674],[-17.847247,28.477667],[-17.847232,28.47766],[-17.847217,28.477652],[-17.847203,28.477643],[-17.847113,28.477554],[-17.847091,28.477532],[-17.847016,28.477457],[-17.846992,28.47744],[-17.846886,28.477362],[-17.846877,28.477354],[-17.846869,28.477346],[-17.84686,28.477338],[-17.846852,28.47733],[-17.846844,28.477322],[-17.846836,28.477313],[-17.846829,28.477304],[-17.846821,28.477296],[-17.846814,28.477287],[-17.846808,28.477277],[-17.846801,28.477268],[-17.846777,28.477231],[-17.846743,28.477176],[-17.846616,28.476988],[-17.846608,28.47698],[-17.846598,28.476973],[-17.846588,28.476967],[-17.846577,28.476962],[-17.846566,28.476958],[-17.846548,28.476955],[-17.846542,28.476954],[-17.84653,28.476953],[-17.846518,28.476953],[-17.846506,28.476955],[-17.846494,28.476958],[-17.846254,28.477009],[-17.846245,28.477011],[-17.846236,28.477013],[-17.846227,28.477015],[-17.846217,28.477016],[-17.846208,28.477017],[-17.846199,28.477017],[-17.846189,28.477018],[-17.84618,28.477017],[-17.846171,28.477017],[-17.846161,28.477016],[-17.846152,28.477015],[-17.84613,28.477008],[-17.846109,28.477001],[-17.846089,28.476993],[-17.846068,28.476985],[-17.846049,28.476975],[-17.846029,28.476965],[-17.846011,28.476954],[-17.845999,28.476946],[-17.845992,28.476942],[-17.845975,28.476929],[-17.845958,28.476916],[-17.845942,28.476902],[-17.845932,28.476895],[-17.845923,28.476888],[-17.845912,28.476881],[-17.845902,28.476875],[-17.845891,28.476869],[-17.84588,28.476864],[-17.845868,28.476859],[-17.845857,28.476855],[-17.845845,28.476851],[-17.845833,28.476848],[-17.845821,28.476845],[-17.845807,28.476846],[-17.845722,28.476849],[-17.845605,28.476856],[-17.845547,28.47686],[-17.845508,28.476862],[-17.845396,28.476869],[-17.84508,28.476888],[-17.844699,28.476912],[-17.844631,28.476916],[-17.844614,28.476916],[-17.844597,28.476916],[-17.84458,28.476915],[-17.844562,28.476914],[-17.844545,28.476912],[-17.844529,28.476909],[-17.844512,28.476906],[-17.844495,28.476902],[-17.844479,28.476897],[-17.844463,28.476892],[-17.844447,28.476886],[-17.844342,28.476844],[-17.844334,28.47684],[-17.844326,28.476838],[-17.844318,28.476835],[-17.844309,28.476833],[-17.844301,28.476832],[-17.844292,28.476831],[-17.844283,28.47683],[-17.844274,28.47683],[-17.844265,28.47683],[-17.844257,28.47683],[-17.844248,28.476831],[-17.844222,28.476836],[-17.844196,28.476841],[-17.844171,28.476847],[-17.844146,28.476853],[-17.844121,28.47686],[-17.844096,28.476868],[-17.844071,28.476876],[-17.844047,28.476885],[-17.844023,28.476895],[-17.843999,28.476905],[-17.843976,28.476916],[-17.843966,28.476921],[-17.843956,28.476926],[-17.843946,28.476932],[-17.843937,28.476939],[-17.843928,28.476945],[-17.84392,28.476952],[-17.843912,28.47696],[-17.843904,28.476967],[-17.843897,28.476975],[-17.84389,28.476984],[-17.843883,28.476993],[-17.843755,28.477234],[-17.843751,28.477245],[-17.843746,28.477255],[-17.84374,28.477265],[-17.843734,28.477275],[-17.843727,28.477285],[-17.84372,28.477295],[-17.843713,28.477304],[-17.843705,28.477313],[-17.843696,28.477322],[-17.843668,28.477342],[-17.84364,28.477361],[-17.84361,28.477379],[-17.84358,28.477396],[-17.843549,28.477412],[-17.84353,28.477421],[-17.843517,28.477427],[-17.843485,28.477442],[-17.843452,28.477455],[-17.843419,28.477467],[-17.843385,28.477478],[-17.843351,28.477487],[-17.843273,28.477505],[-17.843047,28.477557],[-17.842927,28.477584],[-17.842873,28.477598],[-17.842818,28.477613],[-17.842764,28.47763],[-17.84271,28.477647],[-17.842657,28.477665],[-17.842604,28.477684],[-17.842552,28.477704],[-17.8425,28.477725],[-17.842449,28.477747],[-17.842398,28.47777],[-17.842347,28.477793],[-17.842316,28.477804],[-17.842285,28.477813],[-17.842253,28.477823],[-17.842221,28.477832],[-17.842205,28.477836],[-17.842189,28.47784],[-17.842157,28.477848],[-17.842125,28.477856],[-17.842093,28.477863],[-17.84206,28.47787],[-17.842028,28.477876],[-17.841995,28.477882],[-17.841991,28.477882],[-17.841849,28.477896],[-17.841788,28.477902],[-17.841775,28.477901],[-17.841762,28.477902],[-17.841749,28.477902],[-17.841736,28.477902],[-17.841723,28.477903],[-17.84171,28.477904],[-17.841697,28.477905],[-17.841685,28.477905],[-17.841672,28.477907],[-17.841659,28.477908],[-17.841646,28.47791],[-17.8415,28.477952],[-17.841323,28.478002],[-17.841313,28.478004],[-17.841303,28.478006],[-17.841294,28.478008],[-17.841284,28.47801],[-17.841274,28.478013],[-17.841265,28.478016],[-17.841255,28.478019],[-17.841246,28.478022],[-17.841236,28.478026],[-17.841227,28.47803],[-17.841218,28.478034],[-17.840958,28.478176],[-17.840582,28.478375],[-17.840457,28.478476],[-17.840163,28.478556],[-17.840125,28.478571],[-17.840033,28.478614],[-17.839986,28.478638],[-17.839916,28.478684],[-17.8397,28.47883],[-17.839533,28.47898],[-17.839525,28.478987],[-17.839516,28.478994],[-17.839507,28.479],[-17.839497,28.479006],[-17.839487,28.479011],[-17.839477,28.479016],[-17.839466,28.47902],[-17.839455,28.479024],[-17.839444,28.479027],[-17.839433,28.47903],[-17.839421,28.479031],[-17.839308,28.479042],[-17.839246,28.479048],[-17.839074,28.479066],[-17.839061,28.479067],[-17.839048,28.479069],[-17.839034,28.479071],[-17.839021,28.479073],[-17.839008,28.479076],[-17.838994,28.479078],[-17.838981,28.479081],[-17.838968,28.479083],[-17.838955,28.479086],[-17.838942,28.479089],[-17.838929,28.479092],[-17.838637,28.479179],[-17.838622,28.479183],[-17.838608,28.479188],[-17.838595,28.479193],[-17.838581,28.479199],[-17.838568,28.479205],[-17.838555,28.479212],[-17.838543,28.47922],[-17.838531,28.479228],[-17.83852,28.479237],[-17.838509,28.479246],[-17.838499,28.479256],[-17.838275,28.479479],[-17.838271,28.479483],[-17.838266,28.479488],[-17.838262,28.479492],[-17.838257,28.479497],[-17.838254,28.479502],[-17.83825,28.479507],[-17.838247,28.479513],[-17.838244,28.479518],[-17.838241,28.479524],[-17.838239,28.479529],[-17.838237,28.479535],[-17.838199,28.479747],[-17.838196,28.479762],[-17.838193,28.479776],[-17.83819,28.47979],[-17.838186,28.479804],[-17.838182,28.479818],[-17.838177,28.479833],[-17.838172,28.479846],[-17.838167,28.47986],[-17.838162,28.479874],[-17.838156,28.479888],[-17.838149,28.479901],[-17.838116,28.479969],[-17.837875,28.480454],[-17.837736,28.480696],[-17.837604,28.480876],[-17.837599,28.480884],[-17.837593,28.480893],[-17.837586,28.480901],[-17.83758,28.480908],[-17.837573,28.480916],[-17.837565,28.480923],[-17.837558,28.48093],[-17.83755,28.480937],[-17.837541,28.480943],[-17.837533,28.480949],[-17.837524,28.480955],[-17.83744,28.481],[-17.837425,28.481008],[-17.83741,28.481014],[-17.837395,28.481021],[-17.837379,28.481027],[-17.837363,28.481032],[-17.837346,28.481037],[-17.83733,28.481041],[-17.837313,28.481045],[-17.837296,28.481048],[-17.837279,28.48105],[-17.837262,28.481052],[-17.837069,28.48106],[-17.837058,28.481059],[-17.837047,28.481059],[-17.837036,28.481058],[-17.837025,28.481056],[-17.837015,28.481054],[-17.837004,28.481052],[-17.836994,28.481049],[-17.836983,28.481046],[-17.836973,28.481043],[-17.836963,28.481039],[-17.836953,28.481034],[-17.836778,28.480927],[-17.836765,28.480917],[-17.836752,28.480905],[-17.836741,28.480894],[-17.83673,28.480881],[-17.83672,28.480869],[-17.836711,28.480855],[-17.836702,28.480841],[-17.836695,28.480827],[-17.836689,28.480813],[-17.836683,28.480798],[-17.836679,28.480783],[-17.836657,28.480717],[-17.836652,28.480696],[-17.836646,28.480676],[-17.836638,28.480656],[-17.836629,28.480636],[-17.836618,28.480618],[-17.836606,28.480599],[-17.836592,28.480582],[-17.836577,28.480565],[-17.836561,28.48055],[-17.836544,28.480535],[-17.836526,28.480522],[-17.836516,28.480514],[-17.836505,28.480508],[-17.836494,28.480502],[-17.836483,28.480498],[-17.836471,28.480494],[-17.836458,28.480491],[-17.836446,28.480489],[-17.836433,28.480488],[-17.83642,28.480488],[-17.836408,28.480489],[-17.836395,28.480491],[-17.836173,28.480536],[-17.836152,28.48054],[-17.836134,28.48054],[-17.836116,28.480539],[-17.836098,28.480538],[-17.83608,28.480537],[-17.836062,28.480534],[-17.836044,28.480532],[-17.836026,28.480529],[-17.836009,28.480525],[-17.835992,28.48052],[-17.835974,28.480516],[-17.835957,28.48051],[-17.835729,28.480428],[-17.835572,28.480385],[-17.83556,28.480382],[-17.835548,28.480379],[-17.835536,28.480377],[-17.835524,28.480375],[-17.835512,28.480374],[-17.835499,28.480373],[-17.835487,28.480373],[-17.835475,28.480373],[-17.835463,28.480374],[-17.83545,28.480375],[-17.835438,28.480377],[-17.835242,28.480436],[-17.835231,28.480439],[-17.835222,28.480442],[-17.835212,28.480446],[-17.835203,28.480451],[-17.835194,28.480456],[-17.835185,28.480462],[-17.835177,28.480468],[-17.835169,28.480474],[-17.835161,28.480481],[-17.835154,28.480488],[-17.835148,28.480495],[-17.835078,28.480576],[-17.835069,28.480584],[-17.83506,28.480592],[-17.83505,28.4806],[-17.835039,28.480607],[-17.835029,28.480613],[-17.835018,28.480619],[-17.835007,28.480625],[-17.834995,28.48063],[-17.834983,28.480634],[-17.834971,28.480638],[-17.834959,28.480641],[-17.834946,28.480644],[-17.834934,28.480648],[-17.834922,28.480652],[-17.83491,28.480656],[-17.834899,28.480661],[-17.834888,28.480667],[-17.834877,28.480673],[-17.834867,28.480679],[-17.834857,28.480687],[-17.834848,28.480694],[-17.834839,28.480702],[-17.834834,28.480711],[-17.834831,28.480721],[-17.834829,28.480731],[-17.834828,28.480741],[-17.834828,28.480751],[-17.834829,28.480761],[-17.834832,28.480771],[-17.834836,28.480781],[-17.834841,28.48079],[-17.834847,28.480798],[-17.834853,28.480807],[-17.834868,28.480828],[-17.834872,28.480837],[-17.834876,28.480846],[-17.83488,28.480855],[-17.834883,28.480864],[-17.834885,28.480874],[-17.834888,28.480883],[-17.83489,28.480893],[-17.834892,28.480902],[-17.834893,28.480912],[-17.834894,28.480921],[-17.834895,28.480931],[-17.834908,28.481095],[-17.8349,28.481288],[-17.834897,28.481373],[-17.834896,28.481382],[-17.834894,28.481392],[-17.834892,28.481401],[-17.834889,28.48141],[-17.834886,28.481419],[-17.834883,28.481428],[-17.834879,28.481437],[-17.834876,28.481446],[-17.834871,28.481455],[-17.834867,28.481463],[-17.834862,28.481472],[-17.834845,28.481507],[-17.834821,28.481556],[-17.834816,28.481572],[-17.834812,28.481588],[-17.834809,28.481605],[-17.834808,28.481621],[-17.834807,28.481638],[-17.834808,28.481655],[-17.83481,28.481671],[-17.834813,28.481687],[-17.834817,28.481704],[-17.834822,28.48172],[-17.834828,28.481736],[-17.834843,28.481752],[-17.834864,28.481768],[-17.834884,28.481785],[-17.834903,28.481803],[-17.83492,28.481823],[-17.834935,28.481843],[-17.834949,28.481865],[-17.834962,28.481887],[-17.834972,28.48191],[-17.834981,28.481933],[-17.834987,28.481957],[-17.834992,28.481982],[-17.834993,28.481998],[-17.834993,28.482015],[-17.834993,28.482031],[-17.834992,28.482048],[-17.834991,28.482064],[-17.83499,28.48208],[-17.834988,28.482097],[-17.834986,28.482113],[-17.834984,28.482129],[-17.834981,28.482146],[-17.834977,28.482162],[-17.834972,28.48222],[-17.834975,28.482236],[-17.834977,28.482253],[-17.83498,28.482269],[-17.834983,28.482286],[-17.834986,28.482302],[-17.83499,28.482319],[-17.834994,28.482335],[-17.834998,28.482351],[-17.835003,28.482368],[-17.835008,28.482384],[-17.835013,28.4824],[-17.835016,28.482477],[-17.835016,28.482494],[-17.835014,28.482511],[-17.83501,28.482528],[-17.835004,28.482545],[-17.834996,28.482561],[-17.834987,28.482576],[-17.834976,28.48259],[-17.834964,28.482604],[-17.83495,28.482616],[-17.834935,28.482627],[-17.834919,28.482637],[-17.834843,28.482699],[-17.834758,28.482794],[-17.834656,28.482892],[-17.834522,28.483055],[-17.834505,28.483076],[-17.834486,28.483095],[-17.834465,28.483112],[-17.834443,28.483128],[-17.834419,28.483142],[-17.834394,28.483154],[-17.834367,28.483164],[-17.83434,28.483172],[-17.834312,28.483178],[-17.834283,28.483181],[-17.834254,28.483182],[-17.83423,28.483181],[-17.834206,28.48318],[-17.834182,28.483179],[-17.834158,28.483177],[-17.834133,28.483174],[-17.834109,28.483172],[-17.834085,28.483169],[-17.834061,28.483165],[-17.834037,28.483162],[-17.834014,28.483158],[-17.83399,28.483153],[-17.833874,28.483137],[-17.833867,28.483138],[-17.833859,28.483138],[-17.833851,28.483139],[-17.833844,28.48314],[-17.833836,28.483142],[-17.833828,28.483143],[-17.833821,28.483145],[-17.833813,28.483147],[-17.833806,28.48315],[-17.833799,28.483153],[-17.833792,28.483156],[-17.833684,28.483193],[-17.833503,28.483245],[-17.833334,28.483305],[-17.833314,28.483311],[-17.833294,28.483318],[-17.833275,28.483326],[-17.833256,28.483336],[-17.833238,28.483346],[-17.833221,28.483358],[-17.833205,28.48337],[-17.83319,28.483383],[-17.833176,28.483397],[-17.833163,28.483412],[-17.833151,28.483428],[-17.83314,28.483444],[-17.83313,28.483461],[-17.833123,28.483479],[-17.833117,28.483497],[-17.833112,28.483516],[-17.83311,28.483534],[-17.833109,28.483553],[-17.83311,28.483572],[-17.833113,28.483591],[-17.833118,28.483609],[-17.833124,28.483628],[-17.833164,28.4837],[-17.833172,28.483712],[-17.833178,28.483725],[-17.833184,28.483738],[-17.833187,28.483752],[-17.833189,28.483766],[-17.833189,28.48378],[-17.833187,28.483794],[-17.833184,28.483807],[-17.833179,28.48382],[-17.833172,28.483833],[-17.833165,28.483845],[-17.833161,28.483848],[-17.833158,28.483851],[-17.833154,28.483854],[-17.83315,28.483857],[-17.833146,28.483859],[-17.833142,28.483861],[-17.833138,28.483863],[-17.833133,28.483865],[-17.833129,28.483866],[-17.833124,28.483867],[-17.833119,28.483868],[-17.832948,28.483881],[-17.832753,28.483898],[-17.832613,28.483916],[-17.832603,28.483917],[-17.832593,28.483919],[-17.832583,28.483921],[-17.832574,28.483925],[-17.832565,28.483929],[-17.832556,28.483933],[-17.832548,28.483938],[-17.83254,28.483944],[-17.832533,28.48395],[-17.832526,28.483956],[-17.83252,28.483964],[-17.832488,28.484019],[-17.832451,28.484128],[-17.832447,28.484138],[-17.832443,28.484149],[-17.83244,28.48416],[-17.832437,28.484171],[-17.832435,28.484182],[-17.832433,28.484194],[-17.832431,28.484205],[-17.83243,28.484216],[-17.832429,28.484228],[-17.832429,28.484239],[-17.832429,28.48425],[-17.832428,28.484288],[-17.832422,28.484345],[-17.832414,28.484394],[-17.832414,28.484403],[-17.832414,28.484413],[-17.832415,28.484423],[-17.832416,28.484432],[-17.832417,28.484441],[-17.832418,28.484451],[-17.83242,28.48446],[-17.832422,28.48447],[-17.832424,28.484479],[-17.832426,28.484488],[-17.832428,28.484498],[-17.832431,28.484508],[-17.832432,28.484518],[-17.832434,28.484528],[-17.832434,28.484538],[-17.832435,28.484548],[-17.832435,28.484559],[-17.832435,28.484569],[-17.832434,28.484579],[-17.832433,28.484589],[-17.832432,28.484599],[-17.83243,28.48461],[-17.832418,28.484713],[-17.832418,28.484721],[-17.832418,28.484729],[-17.832418,28.484737],[-17.832419,28.484745],[-17.83242,28.484753],[-17.832421,28.484761],[-17.832422,28.484769],[-17.832424,28.484778],[-17.832426,28.484786],[-17.832428,28.484793],[-17.832431,28.484801],[-17.832456,28.484872],[-17.832459,28.484882],[-17.832461,28.484892],[-17.832462,28.484902],[-17.832462,28.484913],[-17.832462,28.484923],[-17.832461,28.484933],[-17.832459,28.484943],[-17.832457,28.484953],[-17.832454,28.484963],[-17.832451,28.484972],[-17.832446,28.484982],[-17.832403,28.485095],[-17.8324,28.485108],[-17.832396,28.485121],[-17.832393,28.485134],[-17.83239,28.485147],[-17.832388,28.48516],[-17.832386,28.485173],[-17.832384,28.485186],[-17.832383,28.4852],[-17.832382,28.485213],[-17.832381,28.485226],[-17.832381,28.48524],[-17.832378,28.485261],[-17.832376,28.485268],[-17.832374,28.485275],[-17.832371,28.485282],[-17.832368,28.48529],[-17.832364,28.485296],[-17.832361,28.485303],[-17.832356,28.48531],[-17.832352,28.485316],[-17.832347,28.485323],[-17.832341,28.485329],[-17.832336,28.485334],[-17.83228,28.485403],[-17.832277,28.485409],[-17.832274,28.485415],[-17.832272,28.485422],[-17.832271,28.485428],[-17.832271,28.485435],[-17.832271,28.485441],[-17.832272,28.485448],[-17.832274,28.485454],[-17.832277,28.48546],[-17.832281,28.485466],[-17.832285,28.485472],[-17.83231,28.485506],[-17.832312,28.485514],[-17.832313,28.485521],[-17.832312,28.485529],[-17.832311,28.485537],[-17.832309,28.485544],[-17.832307,28.485551],[-17.832303,28.485558],[-17.832298,28.485565],[-17.832293,28.485571],[-17.832287,28.485577],[-17.83228,28.485582],[-17.832069,28.485769],[-17.832043,28.485791],[-17.831889,28.485885],[-17.831882,28.485889],[-17.831876,28.485894],[-17.83187,28.485898],[-17.831865,28.485903],[-17.83186,28.485909],[-17.831855,28.485914],[-17.83185,28.48592],[-17.831846,28.485926],[-17.831843,28.485932],[-17.831839,28.485939],[-17.831836,28.485945],[-17.831818,28.48602],[-17.831802,28.48614],[-17.831805,28.486183],[-17.83184,28.486328],[-17.831851,28.486378],[-17.831856,28.486428],[-17.831853,28.486478],[-17.831844,28.486528],[-17.831827,28.486577],[-17.831805,28.486623],[-17.831776,28.486666],[-17.831741,28.486706],[-17.831701,28.486742],[-17.831418,28.486844],[-17.831332,28.486877],[-17.831322,28.486882],[-17.831313,28.486888],[-17.831305,28.486894],[-17.831297,28.486901],[-17.83129,28.486908],[-17.831283,28.486916],[-17.831278,28.486925],[-17.831274,28.486934],[-17.83127,28.486943],[-17.831268,28.486953],[-17.831266,28.486963],[-17.831269,28.486995],[-17.831277,28.487037],[-17.831352,28.487245],[-17.831353,28.487252],[-17.831354,28.487259],[-17.831353,28.487266],[-17.831352,28.487273],[-17.83135,28.48728],[-17.831347,28.487286],[-17.831344,28.487293],[-17.83134,28.487299],[-17.831335,28.487304],[-17.83133,28.487309],[-17.831324,28.487314],[-17.831257,28.487359],[-17.831248,28.487365],[-17.83124,28.487371],[-17.831232,28.487377],[-17.831225,28.487384],[-17.831218,28.487391],[-17.831211,28.487399],[-17.831205,28.487406],[-17.8312,28.487415],[-17.831195,28.487423],[-17.83119,28.487431],[-17.831186,28.48744],[-17.831151,28.487506],[-17.831145,28.487517],[-17.831138,28.487527],[-17.83113,28.487537],[-17.831122,28.487546],[-17.831113,28.487555],[-17.831104,28.487563],[-17.831094,28.487571],[-17.831083,28.487578],[-17.831072,28.487585],[-17.831061,28.487591],[-17.831049,28.487596],[-17.830984,28.487633],[-17.830975,28.48764],[-17.830965,28.487647],[-17.830955,28.487653],[-17.830945,28.487659],[-17.830935,28.487665],[-17.830925,28.487671],[-17.830915,28.487677],[-17.830904,28.487682],[-17.830893,28.487687],[-17.830882,28.487692],[-17.830871,28.487697],[-17.830859,28.487702],[-17.830848,28.487708],[-17.830838,28.487715],[-17.830829,28.487724],[-17.830821,28.487733],[-17.830814,28.487743],[-17.830809,28.487754],[-17.830806,28.487765],[-17.830803,28.487777],[-17.830803,28.487789],[-17.830803,28.4878],[-17.830814,28.487818],[-17.830918,28.487921],[-17.830923,28.48793],[-17.830928,28.48794],[-17.830931,28.48795],[-17.830933,28.48796],[-17.830933,28.48797],[-17.830933,28.487981],[-17.830931,28.487991],[-17.830928,28.488001],[-17.830925,28.488011],[-17.830919,28.48802],[-17.830913,28.488029],[-17.830907,28.488039],[-17.830901,28.488048],[-17.830893,28.488057],[-17.830886,28.488066],[-17.830878,28.488074],[-17.830869,28.488082],[-17.83086,28.488089],[-17.83085,28.488096],[-17.83084,28.488103],[-17.83083,28.488109],[-17.830819,28.488114],[-17.830575,28.488254],[-17.830458,28.488324],[-17.830451,28.488329],[-17.830443,28.488334],[-17.830435,28.488339],[-17.830428,28.488344],[-17.830421,28.48835],[-17.830414,28.488355],[-17.830407,28.488361],[-17.830401,28.488367],[-17.830394,28.488373],[-17.830388,28.488379],[-17.830382,28.488386],[-17.830343,28.488445],[-17.830341,28.488449],[-17.830339,28.488454],[-17.830338,28.488459],[-17.830336,28.488463],[-17.830335,28.488468],[-17.830333,28.488473],[-17.830332,28.488478],[-17.830331,28.488483],[-17.83033,28.488487],[-17.83033,28.488492],[-17.830329,28.488497],[-17.830328,28.488509],[-17.830328,28.48852],[-17.830329,28.488531],[-17.83033,28.488542],[-17.830332,28.488553],[-17.830336,28.488564],[-17.830339,28.488575],[-17.830344,28.488586],[-17.83035,28.488596],[-17.830356,28.488605],[-17.830363,28.488615],[-17.830401,28.488665],[-17.830407,28.488675],[-17.830412,28.488686],[-17.830416,28.488697],[-17.830419,28.488708],[-17.830421,28.488719],[-17.830423,28.488731],[-17.830423,28.488742],[-17.830422,28.488754],[-17.830421,28.488765],[-17.830418,28.488776],[-17.830415,28.488788],[-17.830406,28.488808],[-17.830396,28.488829],[-17.830386,28.488849],[-17.830374,28.488869],[-17.830362,28.488888],[-17.830349,28.488907],[-17.830335,28.488925],[-17.83032,28.488943],[-17.830305,28.48896],[-17.830288,28.488977],[-17.830271,28.488993],[-17.830259,28.489003],[-17.830246,28.489012],[-17.830233,28.48902],[-17.83022,28.489029],[-17.830207,28.489037],[-17.830193,28.489045],[-17.830179,28.489052],[-17.830165,28.48906],[-17.830151,28.489067],[-17.830136,28.489073],[-17.830122,28.489079],[-17.830046,28.489112],[-17.830037,28.489116],[-17.830028,28.48912],[-17.83002,28.489126],[-17.830013,28.489132],[-17.830006,28.489139],[-17.830001,28.489147],[-17.829997,28.489155],[-17.829994,28.489164],[-17.829992,28.489173],[-17.829991,28.489182],[-17.829992,28.489191],[-17.829998,28.489228],[-17.83,28.489237],[-17.830004,28.489246],[-17.830008,28.489254],[-17.830013,28.489263],[-17.830018,28.48927],[-17.830025,28.489278],[-17.830032,28.489285],[-17.83004,28.489291],[-17.830048,28.489296],[-17.830057,28.489301],[-17.830066,28.489305],[-17.830161,28.489344],[-17.830169,28.489348],[-17.830177,28.489354],[-17.830184,28.48936],[-17.83019,28.489366],[-17.830196,28.489373],[-17.830202,28.489381],[-17.830206,28.489388],[-17.83021,28.489396],[-17.830213,28.489405],[-17.830215,28.489413],[-17.830216,28.489422],[-17.830212,28.48947],[-17.830211,28.489485],[-17.830209,28.489499],[-17.830206,28.489513],[-17.830202,28.489528],[-17.830197,28.489542],[-17.830191,28.489555],[-17.830185,28.489568],[-17.830177,28.489581],[-17.830168,28.489594],[-17.830159,28.489606],[-17.830149,28.489617],[-17.830134,28.489626],[-17.830118,28.489634],[-17.830102,28.489642],[-17.830085,28.489649],[-17.830069,28.489655],[-17.830051,28.48966],[-17.830034,28.489665],[-17.830016,28.489669],[-17.829998,28.489671],[-17.82998,28.489673],[-17.829962,28.489674],[-17.829852,28.489673],[-17.829709,28.489667],[-17.829699,28.489666],[-17.829689,28.489667],[-17.829679,28.489668],[-17.829669,28.48967],[-17.829658,28.489672],[-17.829649,28.489675],[-17.829639,28.489678],[-17.82963,28.489682],[-17.829621,28.489687],[-17.829612,28.489692],[-17.829604,28.489697],[-17.829599,28.489702],[-17.829595,28.489706],[-17.829591,28.489711],[-17.829588,28.489717],[-17.829586,28.489722],[-17.829584,28.489728],[-17.829583,28.489734],[-17.829582,28.48974],[-17.829582,28.489746],[-17.829583,28.489752],[-17.829585,28.489758],[-17.82959,28.489894],[-17.829591,28.48991],[-17.829591,28.489926],[-17.82959,28.489942],[-17.829587,28.489958],[-17.829584,28.489974],[-17.829579,28.48999],[-17.829574,28.490005],[-17.829567,28.49002],[-17.829559,28.490035],[-17.82955,28.490049],[-17.82954,28.490063],[-17.82947,28.490134],[-17.829438,28.490168],[-17.829429,28.490176],[-17.829419,28.490183],[-17.829409,28.490189],[-17.829398,28.490195],[-17.829387,28.490201],[-17.829376,28.490206],[-17.829364,28.49021],[-17.829352,28.490214],[-17.82934,28.490217],[-17.829328,28.49022],[-17.829316,28.490222],[-17.829269,28.490237],[-17.829261,28.490244],[-17.829255,28.490252],[-17.829249,28.490261],[-17.829244,28.49027],[-17.829241,28.490279],[-17.829238,28.490289],[-17.829237,28.490299],[-17.829237,28.490308],[-17.829238,28.490318],[-17.829241,28.490328],[-17.829244,28.490337],[-17.829255,28.490391],[-17.829257,28.490402],[-17.829257,28.490412],[-17.829256,28.490423],[-17.829254,28.490434],[-17.82925,28.490444],[-17.829246,28.490454],[-17.82924,28.490464],[-17.829234,28.490473],[-17.829226,28.490481],[-17.829218,28.490489],[-17.829209,28.490496],[-17.829174,28.490538],[-17.829169,28.490548],[-17.829166,28.490558],[-17.829162,28.490569],[-17.829159,28.490579],[-17.829156,28.490589],[-17.82915,28.490652],[-17.829149,28.490659],[-17.829147,28.490666],[-17.829145,28.490673],[-17.829142,28.49068],[-17.829139,28.490686],[-17.829136,28.490693],[-17.829132,28.490699],[-17.829127,28.490705],[-17.829122,28.49071],[-17.829117,28.490715],[-17.829111,28.49072],[-17.829102,28.490729],[-17.829093,28.490739],[-17.829085,28.490748],[-17.829076,28.490758],[-17.829068,28.490768],[-17.829061,28.490779],[-17.829054,28.490789],[-17.829047,28.4908],[-17.829041,28.490811],[-17.829035,28.490822],[-17.829029,28.490833],[-17.828989,28.490913],[-17.828986,28.490922],[-17.828984,28.490932],[-17.828983,28.490942],[-17.828982,28.490951],[-17.828981,28.490961],[-17.828982,28.490971],[-17.828983,28.49098],[-17.828984,28.49099],[-17.828987,28.490999],[-17.828989,28.491009],[-17.828993,28.491018],[-17.829026,28.491145],[-17.829027,28.491151],[-17.829028,28.491158],[-17.829028,28.491164],[-17.829029,28.49117],[-17.829029,28.491176],[-17.829029,28.491183],[-17.829029,28.491189],[-17.829028,28.491195],[-17.829028,28.491202],[-17.829027,28.491208],[-17.829026,28.491214],[-17.82902,28.491271],[-17.829024,28.49131],[-17.829032,28.491386],[-17.829032,28.491396],[-17.829031,28.491407],[-17.82903,28.491417],[-17.829028,28.491427],[-17.829025,28.491437],[-17.829022,28.491448],[-17.829019,28.491457],[-17.829015,28.491467],[-17.82901,28.491477],[-17.829005,28.491486],[-17.829,28.491496],[-17.828947,28.491601],[-17.828884,28.491725],[-17.828878,28.491732],[-17.828872,28.491739],[-17.828865,28.491746],[-17.828858,28.491752],[-17.82885,28.491758],[-17.828842,28.491764],[-17.828834,28.491769],[-17.828825,28.491774],[-17.828816,28.491778],[-17.828807,28.491782],[-17.828798,28.491786],[-17.828762,28.491805],[-17.828756,28.491811],[-17.82875,28.491818],[-17.828744,28.491824],[-17.828739,28.491831],[-17.828734,28.491839],[-17.82873,28.491846],[-17.828727,28.491854],[-17.828724,28.491862],[-17.828721,28.49187],[-17.82872,28.491878],[-17.828718,28.491886],[-17.828706,28.49191],[-17.828597,28.492148],[-17.828474,28.49222],[-17.828465,28.492225],[-17.828457,28.492231],[-17.828448,28.492237],[-17.82844,28.492243],[-17.828432,28.49225],[-17.828425,28.492257],[-17.828417,28.492264],[-17.828411,28.492271],[-17.828404,28.492279],[-17.828398,28.492287],[-17.828394,28.492293],[-17.828361,28.492354],[-17.828354,28.492392],[-17.828356,28.492412],[-17.828361,28.492431],[-17.828365,28.492447],[-17.828377,28.492484],[-17.828397,28.492517],[-17.828422,28.492548],[-17.828447,28.492579],[-17.828474,28.492607],[-17.828503,28.492636],[-17.828528,28.492665],[-17.82855,28.492697],[-17.828567,28.492731],[-17.828577,28.492771],[-17.828575,28.492798],[-17.828564,28.492834],[-17.828543,28.492871],[-17.82852,28.492903],[-17.828486,28.492926],[-17.828456,28.492953],[-17.828432,28.492987],[-17.828352,28.493044],[-17.828318,28.493069],[-17.828286,28.493096],[-17.828256,28.493121],[-17.82823,28.493153],[-17.828214,28.493188],[-17.828204,28.493227],[-17.828199,28.493264],[-17.8282,28.493312],[-17.82821,28.493362],[-17.828231,28.493397],[-17.828254,28.493429],[-17.828278,28.493462],[-17.828299,28.493498],[-17.828316,28.493531],[-17.828325,28.493568],[-17.828325,28.493605],[-17.828325,28.493643],[-17.828318,28.493681],[-17.828301,28.493713],[-17.82827,28.493738],[-17.828236,28.49376],[-17.828201,28.493782],[-17.828106,28.493831],[-17.828064,28.493852],[-17.828026,28.493874],[-17.82799,28.493896],[-17.82796,28.493922],[-17.82793,28.493952],[-17.827906,28.493986],[-17.827891,28.494023],[-17.827879,28.494061],[-17.827871,28.494097],[-17.827861,28.494132],[-17.827853,28.494169],[-17.827845,28.494208],[-17.82784,28.494248],[-17.827839,28.494286],[-17.827833,28.494326],[-17.827821,28.494363],[-17.827803,28.494396],[-17.827782,28.49443],[-17.827759,28.494462],[-17.827731,28.49448],[-17.82769,28.494489],[-17.827644,28.494499],[-17.827602,28.494511],[-17.827563,28.494526],[-17.827523,28.494544],[-17.827491,28.494564],[-17.827472,28.494589],[-17.827465,28.494627],[-17.827465,28.494663],[-17.827469,28.494701],[-17.827476,28.49474],[-17.827481,28.494776],[-17.827486,28.494814],[-17.827492,28.494854],[-17.827496,28.49489],[-17.827496,28.494926],[-17.827492,28.494967],[-17.827482,28.495002],[-17.827465,28.495036],[-17.827445,28.495071],[-17.827427,28.495104],[-17.827409,28.495139],[-17.827391,28.495175],[-17.82737,28.495211],[-17.827349,28.495246],[-17.827322,28.495277],[-17.827295,28.495304],[-17.827264,28.495333],[-17.827232,28.495356],[-17.827199,28.495381],[-17.827169,28.495408],[-17.827145,28.495439],[-17.827127,28.495473],[-17.827113,28.495509],[-17.827102,28.495545],[-17.827093,28.495584],[-17.827084,28.49562],[-17.827073,28.495656],[-17.827061,28.495693],[-17.827047,28.495728],[-17.82703,28.495763],[-17.82701,28.495795],[-17.826985,28.495824],[-17.826954,28.49585],[-17.826914,28.495868],[-17.826874,28.49589],[-17.826837,28.495908],[-17.826797,28.495927],[-17.826759,28.495946],[-17.826724,28.495964],[-17.826687,28.49598],[-17.826647,28.495995],[-17.826604,28.496008],[-17.826559,28.496019],[-17.826475,28.496037],[-17.826432,28.496043],[-17.826389,28.496049],[-17.826345,28.496054],[-17.826302,28.496058],[-17.826258,28.496061],[-17.826215,28.496063],[-17.826171,28.496065],[-17.826153,28.496065],[-17.826127,28.496066],[-17.826084,28.496066],[-17.82604,28.496065],[-17.825996,28.496063],[-17.825927,28.496067],[-17.825843,28.496078],[-17.825782,28.496099],[-17.825739,28.496131],[-17.825716,28.496173],[-17.825706,28.496245],[-17.825708,28.496407],[-17.825713,28.496514],[-17.825712,28.496534],[-17.82571,28.496553],[-17.825706,28.496573],[-17.825701,28.496592],[-17.825695,28.496611],[-17.825688,28.49663],[-17.825679,28.496648],[-17.825669,28.496666],[-17.825657,28.496683],[-17.825645,28.496699],[-17.825631,28.496715],[-17.825563,28.496789],[-17.825492,28.496848],[-17.825412,28.4969],[-17.825292,28.49697],[-17.825277,28.496981],[-17.825264,28.496992],[-17.825252,28.497003],[-17.825241,28.497016],[-17.825231,28.49703],[-17.825222,28.497044],[-17.825214,28.497059],[-17.825208,28.497074],[-17.825203,28.497089],[-17.8252,28.497105],[-17.825198,28.497121],[-17.825203,28.497196],[-17.825226,28.497363],[-17.825225,28.497435],[-17.82522,28.497503],[-17.825232,28.497571],[-17.825247,28.49765],[-17.825243,28.49769],[-17.825209,28.497727],[-17.825066,28.497847],[-17.825044,28.497864],[-17.825021,28.49788],[-17.824997,28.497895],[-17.824972,28.497909],[-17.824947,28.497923],[-17.824922,28.497935],[-17.824895,28.497947],[-17.824869,28.497958],[-17.824841,28.497967],[-17.824814,28.497976],[-17.824786,28.497983],[-17.824772,28.497985],[-17.824758,28.497987],[-17.824744,28.497991],[-17.824731,28.497996],[-17.824719,28.498002],[-17.824707,28.498009],[-17.824696,28.498016],[-17.824686,28.498025],[-17.824676,28.498035],[-17.824668,28.498045],[-17.824661,28.498056],[-17.824638,28.498131],[-17.82461,28.498205],[-17.82459,28.498234],[-17.824572,28.498252],[-17.82454,28.498267],[-17.824417,28.498315],[-17.824369,28.498339],[-17.824294,28.498405],[-17.824241,28.498452],[-17.824208,28.498469],[-17.824138,28.498493],[-17.823978,28.498544],[-17.823779,28.498623],[-17.823765,28.49863],[-17.823752,28.498637],[-17.823739,28.498645],[-17.823727,28.498653],[-17.823715,28.498662],[-17.823703,28.498671],[-17.823692,28.498681],[-17.823681,28.498691],[-17.823671,28.498701],[-17.823662,28.498712],[-17.823653,28.498724],[-17.823605,28.498757],[-17.823583,28.498768],[-17.82356,28.49878],[-17.823536,28.49879],[-17.823513,28.4988],[-17.823488,28.498809],[-17.823464,28.498817],[-17.823439,28.498825],[-17.823414,28.498831],[-17.823389,28.498837],[-17.823363,28.498842],[-17.823337,28.498847],[-17.823269,28.498856],[-17.823251,28.498858],[-17.823233,28.498862],[-17.823215,28.498866],[-17.823198,28.498872],[-17.823181,28.498878],[-17.823164,28.498885],[-17.823148,28.498893],[-17.823132,28.498902],[-17.823117,28.498912],[-17.823103,28.498922],[-17.82309,28.498933],[-17.822957,28.499056],[-17.822937,28.499091],[-17.822916,28.499137],[-17.822863,28.49925],[-17.822857,28.499261],[-17.82285,28.499272],[-17.822843,28.499282],[-17.822835,28.499293],[-17.822827,28.499302],[-17.822818,28.499312],[-17.822809,28.499321],[-17.822799,28.49933],[-17.822789,28.499338],[-17.822778,28.499346],[-17.822767,28.499353],[-17.822683,28.499408],[-17.822654,28.499435],[-17.822626,28.499471],[-17.822544,28.499574],[-17.822508,28.499606],[-17.822432,28.499648],[-17.822295,28.499703],[-17.82226,28.499721],[-17.822246,28.499751],[-17.822213,28.499822],[-17.822206,28.499842],[-17.822197,28.499861],[-17.822187,28.499879],[-17.822175,28.499897],[-17.822162,28.499914],[-17.822147,28.49993],[-17.822131,28.499945],[-17.822114,28.499959],[-17.822096,28.499971],[-17.822076,28.499983],[-17.822056,28.499993],[-17.821883,28.500066],[-17.821674,28.500194],[-17.821591,28.500244],[-17.82157,28.500265],[-17.821544,28.500302],[-17.821511,28.500364],[-17.821503,28.500373],[-17.821494,28.500382],[-17.821484,28.500391],[-17.821473,28.500399],[-17.821462,28.500406],[-17.82145,28.500412],[-17.821438,28.500417],[-17.821425,28.500422],[-17.821412,28.500426],[-17.821399,28.500428],[-17.821385,28.50043],[-17.82128,28.500434],[-17.821204,28.500443],[-17.821119,28.500453],[-17.821015,28.500461],[-17.820999,28.500463],[-17.820983,28.500467],[-17.820968,28.500474],[-17.820955,28.500482],[-17.820943,28.500492],[-17.820932,28.500503],[-17.820924,28.500515],[-17.820918,28.500529],[-17.820914,28.500543],[-17.820913,28.500557],[-17.820914,28.500572],[-17.820914,28.500638],[-17.820912,28.500651],[-17.820909,28.500663],[-17.820906,28.500676],[-17.820902,28.500689],[-17.820897,28.500701],[-17.820892,28.500714],[-17.820886,28.500726],[-17.82088,28.500738],[-17.820873,28.500749],[-17.820865,28.500761],[-17.820857,28.500772],[-17.820775,28.500876],[-17.820758,28.500911],[-17.820747,28.500956],[-17.820735,28.501105],[-17.820732,28.501118],[-17.820728,28.501131],[-17.820724,28.501144],[-17.820718,28.501156],[-17.820711,28.501168],[-17.820703,28.50118],[-17.820695,28.501191],[-17.820686,28.501201],[-17.820675,28.501211],[-17.820664,28.50122],[-17.820653,28.501229],[-17.820544,28.501307],[-17.820408,28.501413],[-17.820329,28.501487],[-17.820259,28.501576],[-17.820152,28.501718],[-17.820143,28.501731],[-17.820133,28.501742],[-17.820122,28.501753],[-17.82011,28.501763],[-17.820097,28.501772],[-17.820083,28.50178],[-17.820069,28.501787],[-17.820053,28.501792],[-17.820038,28.501797],[-17.820022,28.5018],[-17.820005,28.501802],[-17.819929,28.501813],[-17.819901,28.50182],[-17.819859,28.501852],[-17.819739,28.501961],[-17.81971,28.502003],[-17.819692,28.502041],[-17.819682,28.502113],[-17.819668,28.502161],[-17.819635,28.502217],[-17.819538,28.502327],[-17.819433,28.50245],[-17.819424,28.502462],[-17.819416,28.502474],[-17.819409,28.502486],[-17.819402,28.502499],[-17.819395,28.502512],[-17.81939,28.502525],[-17.819385,28.502538],[-17.819381,28.502551],[-17.819377,28.502565],[-17.819375,28.502579],[-17.819373,28.502593],[-17.819342,28.502833],[-17.819338,28.502847],[-17.819333,28.502861],[-17.819327,28.502874],[-17.81932,28.502887],[-17.819311,28.5029],[-17.819302,28.502912],[-17.819292,28.502923],[-17.81928,28.502933],[-17.819268,28.502943],[-17.819255,28.502951],[-17.819241,28.502959],[-17.819109,28.50303],[-17.819086,28.503059],[-17.819083,28.503085],[-17.819088,28.503127],[-17.819104,28.50319],[-17.819103,28.503211],[-17.819099,28.503233],[-17.819094,28.503254],[-17.819087,28.503275],[-17.819077,28.503296],[-17.819066,28.503315],[-17.819054,28.503334],[-17.819039,28.503352],[-17.819023,28.503369],[-17.819005,28.503384],[-17.818987,28.503398],[-17.818895,28.503454],[-17.818875,28.503476],[-17.818868,28.503506],[-17.81887,28.503534],[-17.818885,28.503589],[-17.818893,28.503637],[-17.818877,28.503697],[-17.818842,28.503741],[-17.818796,28.50377],[-17.818692,28.503816],[-17.818635,28.503849],[-17.818615,28.503881],[-17.818605,28.503942],[-17.818604,28.504052],[-17.818582,28.504084],[-17.818552,28.504113],[-17.81852,28.504136],[-17.818492,28.504164],[-17.81846,28.504192],[-17.818431,28.504221],[-17.818403,28.504256],[-17.818379,28.504285],[-17.818351,28.504316],[-17.818324,28.504349],[-17.818299,28.504382],[-17.818283,28.504416],[-17.818275,28.504455],[-17.818265,28.504491],[-17.818258,28.504528],[-17.818249,28.504565],[-17.818238,28.504602],[-17.818218,28.504634],[-17.818189,28.504654],[-17.818151,28.504669],[-17.818108,28.504679],[-17.818069,28.50469],[-17.817974,28.504726],[-17.817955,28.50475],[-17.817944,28.504788],[-17.817933,28.504826],[-17.817925,28.504864],[-17.817923,28.504905],[-17.817921,28.504943],[-17.817914,28.504981],[-17.817898,28.505016],[-17.817876,28.505034],[-17.81784,28.505055],[-17.817801,28.505065],[-17.817759,28.505073],[-17.817719,28.505087],[-17.817694,28.505109],[-17.817666,28.505141],[-17.817646,28.505177],[-17.817626,28.505212],[-17.817606,28.505249],[-17.817584,28.505285],[-17.817564,28.505318],[-17.817542,28.505355],[-17.817515,28.505389],[-17.817493,28.505419],[-17.817467,28.50545],[-17.817437,28.505478],[-17.817397,28.505496],[-17.817358,28.505506],[-17.817315,28.505516],[-17.817274,28.505527],[-17.817233,28.505536],[-17.817191,28.505543],[-17.817149,28.505556],[-17.817108,28.505574],[-17.817071,28.50559],[-17.817037,28.505612],[-17.817005,28.505638],[-17.816974,28.505667],[-17.816946,28.505698],[-17.816916,28.505728],[-17.816885,28.505756],[-17.816859,28.505792],[-17.816838,28.505824],[-17.816814,28.505856],[-17.816788,28.505889],[-17.816762,28.505923],[-17.816734,28.505951],[-17.816701,28.505976],[-17.816668,28.506003],[-17.816638,28.506032],[-17.816604,28.506055],[-17.816576,28.506085],[-17.816572,28.506113],[-17.816574,28.506149],[-17.816582,28.506189],[-17.816598,28.506225],[-17.816614,28.506262],[-17.816627,28.506301],[-17.816634,28.506337],[-17.816639,28.506373],[-17.816637,28.506413],[-17.816631,28.506453],[-17.816624,28.506489],[-17.816612,28.506528],[-17.816599,28.506566],[-17.816586,28.506602],[-17.816564,28.506637],[-17.816533,28.506663],[-17.816502,28.506687],[-17.81648,28.506719],[-17.81647,28.506757],[-17.816466,28.506794],[-17.816464,28.506832],[-17.816467,28.50687],[-17.816471,28.50691],[-17.816473,28.506951],[-17.816475,28.50699],[-17.816474,28.507028],[-17.816466,28.507068],[-17.816457,28.507107],[-17.816446,28.507145],[-17.816431,28.507182],[-17.816422,28.507222],[-17.816416,28.50726],[-17.816409,28.507297],[-17.816407,28.507334],[-17.81641,28.507372],[-17.816415,28.507412],[-17.816421,28.507451],[-17.81643,28.50749],[-17.816432,28.507528],[-17.816422,28.507566],[-17.816405,28.507604],[-17.81639,28.507642],[-17.816377,28.507679],[-17.816365,28.507716],[-17.816354,28.507754],[-17.816343,28.507789],[-17.816331,28.507828],[-17.81632,28.507864],[-17.81631,28.507904],[-17.816302,28.50794],[-17.816294,28.507978],[-17.816288,28.508014],[-17.816282,28.508051],[-17.816279,28.508088],[-17.816267,28.508124],[-17.816248,28.508158],[-17.816224,28.50819],[-17.816198,28.508223],[-17.816171,28.508254],[-17.816145,28.508287],[-17.816121,28.50832],[-17.816086,28.508347],[-17.816051,28.508371],[-17.81602,28.508395],[-17.816004,28.508425],[-17.815989,28.508463],[-17.815968,28.5085],[-17.815948,28.508534],[-17.815931,28.508567],[-17.815911,28.5086],[-17.815883,28.508628],[-17.815851,28.508651],[-17.815822,28.508679],[-17.815796,28.508709],[-17.815772,28.508741],[-17.815754,28.508777],[-17.815735,28.508814],[-17.81571,28.508847],[-17.815683,28.508878],[-17.815656,28.508907],[-17.815625,28.508937],[-17.815596,28.508965],[-17.815567,28.508997],[-17.815534,28.509023],[-17.815498,28.509041],[-17.81546,28.509059],[-17.815422,28.50908],[-17.815381,28.509098],[-17.815339,28.509116],[-17.815307,28.509138],[-17.81528,28.509168],[-17.815259,28.509202],[-17.815236,28.509237],[-17.81521,28.509271],[-17.815185,28.509304],[-17.815158,28.509338],[-17.815129,28.509368],[-17.815101,28.509394],[-17.815071,28.509419],[-17.815037,28.509448],[-17.815007,28.509475],[-17.81498,28.509503],[-17.814962,28.509535],[-17.81494,28.509568],[-17.814916,28.509602],[-17.814896,28.509634],[-17.814873,28.509665],[-17.814854,28.509698],[-17.814844,28.509736],[-17.814837,28.509774],[-17.814826,28.509814],[-17.814817,28.509855],[-17.81481,28.509893],[-17.814801,28.50993],[-17.814787,28.509969],[-17.814771,28.510004],[-17.814756,28.51004],[-17.814738,28.510076],[-17.814721,28.510111],[-17.814702,28.510147],[-17.814683,28.510185],[-17.814666,28.510224],[-17.814645,28.510262],[-17.814624,28.510293],[-17.814603,28.510329],[-17.814582,28.510366],[-17.814561,28.510399],[-17.814557,28.510408],[-17.81454,28.510436],[-17.814517,28.510467],[-17.814488,28.510498],[-17.81446,28.510528],[-17.814431,28.510559],[-17.814404,28.510589],[-17.814373,28.510617],[-17.814361,28.510623],[-17.814336,28.510635],[-17.814298,28.510651],[-17.814262,28.510672],[-17.814228,28.510699],[-17.814188,28.510718],[-17.814145,28.510731],[-17.814104,28.510742],[-17.81406,28.510752],[-17.814015,28.51076],[-17.813969,28.510763],[-17.813927,28.510769],[-17.813884,28.510784],[-17.813841,28.510794],[-17.813799,28.510804],[-17.813754,28.510814],[-17.813739,28.510818],[-17.813715,28.510824],[-17.813672,28.510833],[-17.813626,28.510839],[-17.813609,28.510841],[-17.813586,28.510844],[-17.813541,28.510848],[-17.813499,28.510852],[-17.813452,28.510858],[-17.813405,28.510865],[-17.813363,28.510874],[-17.81332,28.51088],[-17.813277,28.510885],[-17.81323,28.510885],[-17.813183,28.510885],[-17.813136,28.510886],[-17.813091,28.510889],[-17.813046,28.510894],[-17.812999,28.510899],[-17.812957,28.510905],[-17.812914,28.51091],[-17.812871,28.510919],[-17.812828,28.510927],[-17.812782,28.510938],[-17.812736,28.510949],[-17.812693,28.510961],[-17.812649,28.510972],[-17.812607,28.510983],[-17.812567,28.510994],[-17.812526,28.511004],[-17.812486,28.511015],[-17.812448,28.511032],[-17.812421,28.511058],[-17.812405,28.511093],[-17.812393,28.511131],[-17.812386,28.511169],[-17.81237,28.511205],[-17.812346,28.511238],[-17.812322,28.511268],[-17.812297,28.511298],[-17.812278,28.511331],[-17.812266,28.511366],[-17.812265,28.511406],[-17.812277,28.51144],[-17.81229,28.511478],[-17.812302,28.511512],[-17.812316,28.511551],[-17.812332,28.511589],[-17.812349,28.511623],[-17.812366,28.511662],[-17.81238,28.511701],[-17.812393,28.511736],[-17.812406,28.511771],[-17.812421,28.511806],[-17.812435,28.511841],[-17.812451,28.511877],[-17.812467,28.511912],[-17.812484,28.511948],[-17.812504,28.511981],[-17.812523,28.512014],[-17.812541,28.512049],[-17.812609,28.512192],[-17.812623,28.512241],[-17.812633,28.512278],[-17.812643,28.512316],[-17.812651,28.512353],[-17.812659,28.51239],[-17.812669,28.512428],[-17.812672,28.512464],[-17.812671,28.512503],[-17.812669,28.512542],[-17.812666,28.512581],[-17.812658,28.512618],[-17.812643,28.512656],[-17.812623,28.51269],[-17.812592,28.512716],[-17.81256,28.512743],[-17.812525,28.512769],[-17.812492,28.512791],[-17.812458,28.512814],[-17.812422,28.512834],[-17.812384,28.512856],[-17.812347,28.512877],[-17.812309,28.512898],[-17.81228,28.512925],[-17.81227,28.512954],[-17.812264,28.512992],[-17.81226,28.513029],[-17.812256,28.51307],[-17.812241,28.513109],[-17.812222,28.513146],[-17.812198,28.513179],[-17.812181,28.513212],[-17.812161,28.513246],[-17.812158,28.51328],[-17.812163,28.513318],[-17.81218,28.513354],[-17.812202,28.513386],[-17.812223,28.513418],[-17.812242,28.513451],[-17.812263,28.513487],[-17.812285,28.513524],[-17.812306,28.513558],[-17.812326,28.513593],[-17.812344,28.513631],[-17.812359,28.513665],[-17.812374,28.513702],[-17.812378,28.513739],[-17.812377,28.513776],[-17.812361,28.513809],[-17.812337,28.513829],[-17.812301,28.513845],[-17.812262,28.513858],[-17.81222,28.513874],[-17.812187,28.513896],[-17.812159,28.513925],[-17.812138,28.513957],[-17.812123,28.513992],[-17.812113,28.514031],[-17.812098,28.514067],[-17.812082,28.514105],[-17.812063,28.514138],[-17.81204,28.514169],[-17.812008,28.514192],[-17.811981,28.514206],[-17.811971,28.514211],[-17.811926,28.514219],[-17.811882,28.514222],[-17.811838,28.514227],[-17.811797,28.514235],[-17.811767,28.514255],[-17.811738,28.514284],[-17.811711,28.514316],[-17.811689,28.514351],[-17.811674,28.514387],[-17.811657,28.51442],[-17.811642,28.514458],[-17.811638,28.514497],[-17.811636,28.514534],[-17.811628,28.514572],[-17.811613,28.514606],[-17.811597,28.514644],[-17.811577,28.514676],[-17.811575,28.51468],[-17.811558,28.514709],[-17.811553,28.514744],[-17.811558,28.514781],[-17.811572,28.514832],[-17.811584,28.514866],[-17.811589,28.514904],[-17.811576,28.514926],[-17.811547,28.51495],[-17.811518,28.514956],[-17.811475,28.514962],[-17.811435,28.514972],[-17.8114,28.514994],[-17.811393,28.515015],[-17.811384,28.515053],[-17.811381,28.51509],[-17.811378,28.515129],[-17.811374,28.515167],[-17.81136,28.515198],[-17.811359,28.515199],[-17.811358,28.515202],[-17.811332,28.515231],[-17.811298,28.515256],[-17.811264,28.515279],[-17.81123,28.515302],[-17.810956,28.51548],[-17.810926,28.515508],[-17.810898,28.515536],[-17.810875,28.515567],[-17.81086,28.515603],[-17.810849,28.515638],[-17.810845,28.515675],[-17.810849,28.515714],[-17.810859,28.515751],[-17.810875,28.515786],[-17.810973,28.51595],[-17.810999,28.515996],[-17.811017,28.516028],[-17.811021,28.516062],[-17.81101,28.516096],[-17.810988,28.516126],[-17.810976,28.516139],[-17.810961,28.516155],[-17.810938,28.516185],[-17.810915,28.516218],[-17.810889,28.516247],[-17.810856,28.516272],[-17.810824,28.516297],[-17.810797,28.516324],[-17.810782,28.516359],[-17.81078,28.516435],[-17.810778,28.51648],[-17.810778,28.516496],[-17.810777,28.51652],[-17.810768,28.516559],[-17.810748,28.516592],[-17.810721,28.516621],[-17.810697,28.516654],[-17.810673,28.516689],[-17.810658,28.516725],[-17.810647,28.516763],[-17.810637,28.516803],[-17.810618,28.516835],[-17.810599,28.516871],[-17.810579,28.516904],[-17.810551,28.516934],[-17.810526,28.516964],[-17.810511,28.517],[-17.810509,28.517041],[-17.810504,28.51708],[-17.810495,28.517116],[-17.810488,28.517153],[-17.810473,28.517188],[-17.810447,28.517222],[-17.810415,28.517245],[-17.810379,28.517263],[-17.810364,28.517272],[-17.810343,28.517284],[-17.810307,28.517306],[-17.810271,28.517329],[-17.810236,28.51735],[-17.810199,28.517375],[-17.810167,28.5174],[-17.810129,28.517424],[-17.81009,28.517442],[-17.810046,28.517457],[-17.810002,28.517472],[-17.809959,28.517486],[-17.809918,28.517502],[-17.80988,28.51752],[-17.809842,28.51754],[-17.809808,28.51756],[-17.809772,28.517584],[-17.80974,28.517607],[-17.809711,28.517635],[-17.809683,28.517666],[-17.809656,28.517695],[-17.809625,28.517724],[-17.809594,28.51775],[-17.809557,28.517777],[-17.809523,28.517803],[-17.809493,28.517829],[-17.809464,28.517855],[-17.809433,28.51788],[-17.8094,28.517904],[-17.809375,28.517935],[-17.809374,28.517961],[-17.80938,28.517997],[-17.809394,28.518036],[-17.809436,28.51813],[-17.809462,28.518165],[-17.809487,28.518194],[-17.809515,28.518222],[-17.809542,28.518252],[-17.809563,28.518283],[-17.809568,28.518314],[-17.809558,28.518351],[-17.809536,28.518384],[-17.809513,28.518395],[-17.809468,28.518401],[-17.809422,28.518399],[-17.809381,28.518395],[-17.809337,28.518392],[-17.809294,28.518393],[-17.809264,28.518406],[-17.809243,28.518431],[-17.809208,28.518484],[-17.809179,28.518531],[-17.809151,28.51856],[-17.809118,28.518586],[-17.809087,28.51861],[-17.809053,28.518637],[-17.809023,28.518664],[-17.808906,28.518773],[-17.808769,28.518923],[-17.808753,28.518948],[-17.80874,28.518976],[-17.808737,28.519006],[-17.808736,28.519034],[-17.808733,28.519063],[-17.808732,28.51909],[-17.808729,28.519121],[-17.808729,28.519123],[-17.808723,28.519148],[-17.808715,28.519175],[-17.808703,28.519205],[-17.808689,28.519234],[-17.808674,28.519262],[-17.808661,28.519288],[-17.808646,28.519317],[-17.808634,28.519343],[-17.808621,28.51937],[-17.808606,28.519399],[-17.808591,28.519425],[-17.808575,28.519449],[-17.808557,28.519474],[-17.80854,28.5195],[-17.808523,28.519524],[-17.808504,28.519546],[-17.808481,28.519569],[-17.808462,28.519591],[-17.808449,28.519617],[-17.80844,28.519644],[-17.808432,28.51967],[-17.808421,28.519696],[-17.808409,28.519723],[-17.808398,28.51975],[-17.808384,28.519776],[-17.808368,28.519799],[-17.80835,28.519823],[-17.808331,28.519846],[-17.808308,28.519868],[-17.808284,28.519892],[-17.808262,28.519912],[-17.808242,28.519935],[-17.80822,28.519959],[-17.808199,28.519984],[-17.808196,28.519988],[-17.808177,28.520008],[-17.808157,28.520032],[-17.80814,28.520057],[-17.808125,28.520083],[-17.808111,28.520111],[-17.808099,28.520137],[-17.808086,28.520166],[-17.808075,28.520192],[-17.808064,28.520219],[-17.808053,28.520245],[-17.808038,28.520271],[-17.808015,28.520292],[-17.807991,28.52031],[-17.807966,28.520329],[-17.807945,28.520353],[-17.807929,28.520379],[-17.807923,28.520395],[-17.807918,28.520407],[-17.807911,28.520435],[-17.807901,28.520462],[-17.807893,28.520489],[-17.807884,28.520515],[-17.807873,28.520545],[-17.807864,28.520571],[-17.807856,28.5206],[-17.807848,28.52063],[-17.807847,28.520657],[-17.807852,28.520687],[-17.807857,28.520717],[-17.807861,28.520746],[-17.807864,28.520774],[-17.807866,28.520802],[-17.807868,28.520829],[-17.807871,28.52086],[-17.807872,28.520888],[-17.807872,28.520916],[-17.807869,28.520943],[-17.807863,28.520972],[-17.807856,28.521],[-17.807847,28.52103],[-17.807837,28.521058],[-17.807825,28.521085],[-17.807815,28.521111],[-17.807807,28.521137],[-17.807801,28.521165],[-17.807799,28.521194],[-17.807797,28.521221],[-17.807796,28.521249],[-17.807796,28.52128],[-17.807801,28.521307],[-17.807806,28.521334],[-17.807811,28.521363],[-17.807817,28.521392],[-17.80782,28.521422],[-17.807821,28.521452],[-17.807816,28.521481],[-17.807806,28.52151],[-17.807794,28.521535],[-17.807783,28.521561],[-17.807769,28.521588],[-17.807756,28.521613],[-17.80774,28.52164],[-17.807721,28.521669],[-17.807705,28.521693],[-17.807688,28.521718],[-17.807671,28.521743],[-17.807651,28.521769],[-17.807632,28.521793],[-17.80761,28.521815],[-17.807589,28.521835],[-17.807567,28.521856],[-17.807552,28.521882],[-17.80754,28.52191],[-17.807533,28.521939],[-17.807531,28.521969],[-17.807532,28.522],[-17.807534,28.522032],[-17.80754,28.522062],[-17.807548,28.52209],[-17.807561,28.522115],[-17.807576,28.522139],[-17.807596,28.522165],[-17.807613,28.522187],[-17.807625,28.522216],[-17.807628,28.522245],[-17.807624,28.522273],[-17.807612,28.522301],[-17.807599,28.52233],[-17.807581,28.522355],[-17.807559,28.522375],[-17.80754,28.522394],[-17.807537,28.522397],[-17.807516,28.522423],[-17.807501,28.522447],[-17.807492,28.522474],[-17.807484,28.522504],[-17.807478,28.522533],[-17.807477,28.52256],[-17.807481,28.522588],[-17.807487,28.522616],[-17.807493,28.522646],[-17.807495,28.522675],[-17.807488,28.522704],[-17.807473,28.522728],[-17.807452,28.522752],[-17.807429,28.522771],[-17.807402,28.522788],[-17.807376,28.522807],[-17.807345,28.522817],[-17.807311,28.522821],[-17.807278,28.522821],[-17.807244,28.522821],[-17.807209,28.522823],[-17.807173,28.522828],[-17.807142,28.522836],[-17.807112,28.522848],[-17.807082,28.522864],[-17.807057,28.522883],[-17.807053,28.522887],[-17.807033,28.522904],[-17.80701,28.522927],[-17.806989,28.522948],[-17.806967,28.522969],[-17.806946,28.52299],[-17.806923,28.523013],[-17.806902,28.523037],[-17.806881,28.523058],[-17.806855,28.52308],[-17.806833,28.523101],[-17.806811,28.52312],[-17.806786,28.523141],[-17.806763,28.523161],[-17.80674,28.523182],[-17.806716,28.523202],[-17.806692,28.523224],[-17.806683,28.523234],[-17.806671,28.523246],[-17.806651,28.523271],[-17.806632,28.523294],[-17.806612,28.52332],[-17.806593,28.523346],[-17.806576,28.52337],[-17.80656,28.523396],[-17.806548,28.523421],[-17.806538,28.523451],[-17.806537,28.523479],[-17.806542,28.523507],[-17.806551,28.523533],[-17.806564,28.523558],[-17.806579,28.523584],[-17.806595,28.523613],[-17.806612,28.523636],[-17.806633,28.52366],[-17.806658,28.523677],[-17.806685,28.523693],[-17.80671,28.523709],[-17.806738,28.523728],[-17.806758,28.523748],[-17.806779,28.523774],[-17.806796,28.5238],[-17.806811,28.523828],[-17.806824,28.523853],[-17.806839,28.523882],[-17.806855,28.523907],[-17.806871,28.52393],[-17.806889,28.523958],[-17.806905,28.523986],[-17.806918,28.524015],[-17.806929,28.524041],[-17.806932,28.524071],[-17.806926,28.524101],[-17.806907,28.524139],[-17.80678,28.524326],[-17.80676,28.524353],[-17.806746,28.52438],[-17.806738,28.524409],[-17.80673,28.524439],[-17.806726,28.524467],[-17.806721,28.524494],[-17.806714,28.524523],[-17.806702,28.524551],[-17.806688,28.524577],[-17.806672,28.524601],[-17.806653,28.524627],[-17.806632,28.524649],[-17.80661,28.524672],[-17.80659,28.524694],[-17.806568,28.524715],[-17.806547,28.524738],[-17.806526,28.52476],[-17.806505,28.524782],[-17.806485,28.524803],[-17.806463,28.524822],[-17.80645,28.524834],[-17.806439,28.524844],[-17.806411,28.524861],[-17.80638,28.524872],[-17.806351,28.524881],[-17.80632,28.524892],[-17.806293,28.524905],[-17.806265,28.524923],[-17.806236,28.524939],[-17.806205,28.524953],[-17.806177,28.524966],[-17.806148,28.524977],[-17.806115,28.524987],[-17.806086,28.524998],[-17.806054,28.525009],[-17.806025,28.525022],[-17.805998,28.525042],[-17.805978,28.525063],[-17.805964,28.525089],[-17.805958,28.525119],[-17.805953,28.525146],[-17.805946,28.525174],[-17.805942,28.525202],[-17.805937,28.52523],[-17.805929,28.525261],[-17.80592,28.52529],[-17.80591,28.52532],[-17.805897,28.525346],[-17.805884,28.525373],[-17.805869,28.525402],[-17.805855,28.525427],[-17.805841,28.525451],[-17.805828,28.525477],[-17.805817,28.525503],[-17.805805,28.525532],[-17.805792,28.52556],[-17.80578,28.525586],[-17.805767,28.525611],[-17.805752,28.525639],[-17.805733,28.525664],[-17.805711,28.525688],[-17.805689,28.525708],[-17.805659,28.525723],[-17.805626,28.525732],[-17.805593,28.525738],[-17.805561,28.525743],[-17.80553,28.525749],[-17.805498,28.525755],[-17.805467,28.525763],[-17.805438,28.525777],[-17.805416,28.525798],[-17.805394,28.525819],[-17.805375,28.525842],[-17.805356,28.525866],[-17.805342,28.52589],[-17.805329,28.525918],[-17.805326,28.525944],[-17.805332,28.525966],[-17.805353,28.525986],[-17.805379,28.526006],[-17.805405,28.526025],[-17.805431,28.526043],[-17.805453,28.526062],[-17.805475,28.526082],[-17.805498,28.526102],[-17.805522,28.526124],[-17.805543,28.526147],[-17.805558,28.526172],[-17.805566,28.5262],[-17.805569,28.526229],[-17.805563,28.526257],[-17.805549,28.526285],[-17.805531,28.526309],[-17.805507,28.526329],[-17.805481,28.526343],[-17.805451,28.526352],[-17.80542,28.526357],[-17.805388,28.526362],[-17.805354,28.526367],[-17.805321,28.52637],[-17.805288,28.526373],[-17.805255,28.526378],[-17.805225,28.526389],[-17.805196,28.526404],[-17.80517,28.526421],[-17.805147,28.526441],[-17.805122,28.526491],[-17.805111,28.526518],[-17.805103,28.526547],[-17.805091,28.526573],[-17.805069,28.526594],[-17.805046,28.526614],[-17.805025,28.526634],[-17.805003,28.526657],[-17.80498,28.526678],[-17.804954,28.526698],[-17.804928,28.526712],[-17.804899,28.526723],[-17.804867,28.526732],[-17.804836,28.526737],[-17.804803,28.526744],[-17.80477,28.526752],[-17.804736,28.526761],[-17.804705,28.52677],[-17.804677,28.526782],[-17.804647,28.526796],[-17.804622,28.526814],[-17.804598,28.526832],[-17.804576,28.526854],[-17.804558,28.526877],[-17.80455,28.526904],[-17.804545,28.526932],[-17.804544,28.52696],[-17.804547,28.52699],[-17.804552,28.527018],[-17.804561,28.527044],[-17.804573,28.527079],[-17.804649,28.527273],[-17.804715,28.527454],[-17.804723,28.527483],[-17.804727,28.52751],[-17.804729,28.527537],[-17.80473,28.527564],[-17.804729,28.527591],[-17.804727,28.52762],[-17.804724,28.527647],[-17.804721,28.527678],[-17.804715,28.527707],[-17.804706,28.527734],[-17.804692,28.527768],[-17.804579,28.527947],[-17.804564,28.527971],[-17.80455,28.527997],[-17.804537,28.528025],[-17.804522,28.52805],[-17.804507,28.528076],[-17.804497,28.528104],[-17.804496,28.528131],[-17.804501,28.528158],[-17.804505,28.528188],[-17.804507,28.528216],[-17.80451,28.528247],[-17.804513,28.528276],[-17.804517,28.528307],[-17.80452,28.528337],[-17.804522,28.528365],[-17.804522,28.528395],[-17.804521,28.528425],[-17.80452,28.528453],[-17.804516,28.528482],[-17.804503,28.528507],[-17.804482,28.528529],[-17.80446,28.528549],[-17.804438,28.52857],[-17.804414,28.528589],[-17.80439,28.528608],[-17.804366,28.528627],[-17.804341,28.528647],[-17.804318,28.528668],[-17.804301,28.528689],[-17.804292,28.528718],[-17.804291,28.528747],[-17.804296,28.528775],[-17.804302,28.528804],[-17.804312,28.528832],[-17.804321,28.52886],[-17.80433,28.528887],[-17.804339,28.528914],[-17.804347,28.528942],[-17.804354,28.528971],[-17.804355,28.528999],[-17.804351,28.529027],[-17.804341,28.529054],[-17.804328,28.529079],[-17.804317,28.529105],[-17.804306,28.52913],[-17.804291,28.529158],[-17.804275,28.529182],[-17.80426,28.529209],[-17.804246,28.529236],[-17.804232,28.529263],[-17.804216,28.529289],[-17.804202,28.529315],[-17.804188,28.52934],[-17.804175,28.529365],[-17.804166,28.529391],[-17.804159,28.529419],[-17.804154,28.529447],[-17.804152,28.529475],[-17.80415,28.529502],[-17.80415,28.529531],[-17.804153,28.529558],[-17.80416,28.529584],[-17.80417,28.529612],[-17.804181,28.529637],[-17.804199,28.529662],[-17.804221,28.529686],[-17.804239,28.529709],[-17.80426,28.529732],[-17.80428,28.529757],[-17.804297,28.529781],[-17.804317,28.529802],[-17.80434,28.529824],[-17.804364,28.529847],[-17.804385,28.529871],[-17.804406,28.529894],[-17.804426,28.529916],[-17.804447,28.529939],[-17.804464,28.529966],[-17.80448,28.529992],[-17.804492,28.530018],[-17.8045,28.530046],[-17.804502,28.530073],[-17.804501,28.530101],[-17.804501,28.530128],[-17.8045,28.530158],[-17.804499,28.530186],[-17.804498,28.530214],[-17.804496,28.530244],[-17.804494,28.530274],[-17.80449,28.530301],[-17.804484,28.53033],[-17.804479,28.53036],[-17.804473,28.530389],[-17.804468,28.530418],[-17.804461,28.530446],[-17.804451,28.530473],[-17.804438,28.530499],[-17.804419,28.530524],[-17.804399,28.530545],[-17.804378,28.530568],[-17.804359,28.530591],[-17.804348,28.530617],[-17.804338,28.530643],[-17.804337,28.530646],[-17.804328,28.530698],[-17.804322,28.530726],[-17.804316,28.530754],[-17.804309,28.530781],[-17.804302,28.530811],[-17.804297,28.530838],[-17.804292,28.530866],[-17.804293,28.530893],[-17.804299,28.530923],[-17.804305,28.530951],[-17.804311,28.53098],[-17.804318,28.531008],[-17.804323,28.531038],[-17.804324,28.531067],[-17.804326,28.531095],[-17.804328,28.531124],[-17.804331,28.531155],[-17.804333,28.531183],[-17.804336,28.531211],[-17.80434,28.531238],[-17.804347,28.531267],[-17.804353,28.531295],[-17.804356,28.531322],[-17.804357,28.531352],[-17.804352,28.53138],[-17.804343,28.531408],[-17.804332,28.531434],[-17.80432,28.531462],[-17.804305,28.531487],[-17.804288,28.531513],[-17.804272,28.53154],[-17.804256,28.531564],[-17.804248,28.531591],[-17.804242,28.531618],[-17.804239,28.531648],[-17.804237,28.531676],[-17.80424,28.531706],[-17.804242,28.531737],[-17.804243,28.531767],[-17.804245,28.531795],[-17.804247,28.531822],[-17.80425,28.531852],[-17.804255,28.531881],[-17.804259,28.531908],[-17.804265,28.531938],[-17.804275,28.531966],[-17.804287,28.531992],[-17.804298,28.532017],[-17.80431,28.532044],[-17.804325,28.532072],[-17.804329,28.5321],[-17.804332,28.532129],[-17.804329,28.532158],[-17.804322,28.532185],[-17.804317,28.532213],[-17.804311,28.532242],[-17.804304,28.532272],[-17.804297,28.5323],[-17.80429,28.532327],[-17.804285,28.532355],[-17.804279,28.532383],[-17.804272,28.532413],[-17.804264,28.532442],[-17.804255,28.532471],[-17.804246,28.532498],[-17.804237,28.532525],[-17.804227,28.532552],[-17.80421,28.532579],[-17.804194,28.532603],[-17.804175,28.532627],[-17.804161,28.532652],[-17.804148,28.532679],[-17.804133,28.532707],[-17.80412,28.532732],[-17.804105,28.532758],[-17.804086,28.532781],[-17.804063,28.5328],[-17.804039,28.532819],[-17.804013,28.532837],[-17.803987,28.532856],[-17.803981,28.53286],[-17.803962,28.532875],[-17.803943,28.5329],[-17.80393,28.532925],[-17.803921,28.532953],[-17.803916,28.532981],[-17.803913,28.533009],[-17.803911,28.533037],[-17.803908,28.533064],[-17.803905,28.533091],[-17.803896,28.53312],[-17.803885,28.533148],[-17.803877,28.533174],[-17.803868,28.5332],[-17.80386,28.533227],[-17.803852,28.533257],[-17.803845,28.533285],[-17.803838,28.533315],[-17.803832,28.533343],[-17.803828,28.53337],[-17.803826,28.533398],[-17.803825,28.533426],[-17.803828,28.533455],[-17.803838,28.533483],[-17.80385,28.533509],[-17.803861,28.533535],[-17.803875,28.53356],[-17.803887,28.533585],[-17.8039,28.533613],[-17.803909,28.533642],[-17.803914,28.533672],[-17.803918,28.5337],[-17.803924,28.533728],[-17.80393,28.533759],[-17.803938,28.533786],[-17.803948,28.533815],[-17.803968,28.533877],[-17.80399,28.533923],[-17.804014,28.533955],[-17.804042,28.533983],[-17.804079,28.534001],[-17.80412,28.534011],[-17.804158,28.534027],[-17.804189,28.534045],[-17.804214,28.534076],[-17.804231,28.534111],[-17.804264,28.534192],[-17.804274,28.534228],[-17.804283,28.534261],[-17.804281,28.534273],[-17.804276,28.534299],[-17.804262,28.534333],[-17.804243,28.534367],[-17.80422,28.534398],[-17.804198,28.534432],[-17.804185,28.534464],[-17.804186,28.534502],[-17.804193,28.53454],[-17.804198,28.534578],[-17.8042,28.534615],[-17.804197,28.534652],[-17.804187,28.534688],[-17.804176,28.534724],[-17.804167,28.534763],[-17.804164,28.534799],[-17.804173,28.534835],[-17.80419,28.53487],[-17.804208,28.534906],[-17.804227,28.53494],[-17.804246,28.534974],[-17.804256,28.53501],[-17.804255,28.535046],[-17.80425,28.535083],[-17.804241,28.53512],[-17.804229,28.535157],[-17.804211,28.535193],[-17.804184,28.535223],[-17.804156,28.535251],[-17.804129,28.535282],[-17.804113,28.535315],[-17.804104,28.53535],[-17.804095,28.535387],[-17.804084,28.535422],[-17.804088,28.535461],[-17.804096,28.535499],[-17.804106,28.535537],[-17.804118,28.535575],[-17.804132,28.53561],[-17.804153,28.535642],[-17.804182,28.53567],[-17.804214,28.535695],[-17.80425,28.535714],[-17.804285,28.535733],[-17.804317,28.53576],[-17.804332,28.535785],[-17.804333,28.535822],[-17.804318,28.535957],[-17.80431,28.535988],[-17.804291,28.536011],[-17.804254,28.536029],[-17.804217,28.536041],[-17.804187,28.536064],[-17.804167,28.536097],[-17.804158,28.536133],[-17.804155,28.536169],[-17.804153,28.536207],[-17.804152,28.536246],[-17.804151,28.536282],[-17.80415,28.53632],[-17.804149,28.536357],[-17.80415,28.536393],[-17.804157,28.536431],[-17.804171,28.536467],[-17.804197,28.536499],[-17.80422,28.53653],[-17.804237,28.536565],[-17.804244,28.536596],[-17.804236,28.536629],[-17.804215,28.536654],[-17.804182,28.536672],[-17.804138,28.536678],[-17.804097,28.536677],[-17.804053,28.536681],[-17.80401,28.536692],[-17.803971,28.536708],[-17.803941,28.536733],[-17.803918,28.536765],[-17.803833,28.536862],[-17.803805,28.53689],[-17.803786,28.536925],[-17.803774,28.536958],[-17.803776,28.536995],[-17.803775,28.537032],[-17.803769,28.53707],[-17.803751,28.537104],[-17.803727,28.537136],[-17.803706,28.537169],[-17.803683,28.537201],[-17.803659,28.537234],[-17.803634,28.537264],[-17.803612,28.537295],[-17.803589,28.537326],[-17.803564,28.537357],[-17.803541,28.53739],[-17.803526,28.537417],[-17.803525,28.537453],[-17.803535,28.537489],[-17.803557,28.53752],[-17.803586,28.537546],[-17.803618,28.537573],[-17.80365,28.537598],[-17.803678,28.537626],[-17.803704,28.537655],[-17.803768,28.537737],[-17.80379,28.537771],[-17.803808,28.537805],[-17.803822,28.537839],[-17.803828,28.537876],[-17.803834,28.537906],[-17.803835,28.537911],[-17.803842,28.53795],[-17.803848,28.537977],[-17.803865,28.538024],[-17.803869,28.538062],[-17.803857,28.538085],[-17.803853,28.538087],[-17.803836,28.538096],[-17.803795,28.538106],[-17.803763,28.538101],[-17.80372,28.53809],[-17.803678,28.538075],[-17.803568,28.538038],[-17.803449,28.537992],[-17.803391,28.537973],[-17.803356,28.537974],[-17.803296,28.53799],[-17.803236,28.538027],[-17.803161,28.538097],[-17.803078,28.538192],[-17.803007,28.538277],[-17.802968,28.538334],[-17.802929,28.538399],[-17.8029,28.538503],[-17.802901,28.53854],[-17.802893,28.538605],[-17.802875,28.538652],[-17.802856,28.538707],[-17.802838,28.538758],[-17.802825,28.53879],[-17.802815,28.538825],[-17.802811,28.538858],[-17.80281,28.538893],[-17.802816,28.538931],[-17.80283,28.538971],[-17.802891,28.539095],[-17.802957,28.539234],[-17.802974,28.53929],[-17.80299,28.539356],[-17.802987,28.539413],[-17.802976,28.539463],[-17.802959,28.539506],[-17.80295,28.539537],[-17.802946,28.539571],[-17.80295,28.539604],[-17.802968,28.539632],[-17.80299,28.539659],[-17.80303,28.539717],[-17.803048,28.539753],[-17.803061,28.539782],[-17.803078,28.539815],[-17.803097,28.539843],[-17.803126,28.539866],[-17.803161,28.539899],[-17.803205,28.539929],[-17.803237,28.539955],[-17.803264,28.539981],[-17.803282,28.54001],[-17.803295,28.540032],[-17.803299,28.540055],[-17.803298,28.540094],[-17.803298,28.540099],[-17.803295,28.540136],[-17.803288,28.540163],[-17.803269,28.540184],[-17.803239,28.540192],[-17.803195,28.540193],[-17.803146,28.540193],[-17.803091,28.540197],[-17.803038,28.540204],[-17.802991,28.540216],[-17.802943,28.540228],[-17.8029,28.540239],[-17.802843,28.540252],[-17.802788,28.540266],[-17.802737,28.540281],[-17.8027,28.540295],[-17.802657,28.540327],[-17.802597,28.540392],[-17.802548,28.540458],[-17.802504,28.540534],[-17.802483,28.540597],[-17.802467,28.540651],[-17.802456,28.540716],[-17.802447,28.540793],[-17.802433,28.540858],[-17.80241,28.540911],[-17.802375,28.540968],[-17.802345,28.541015],[-17.802329,28.541049],[-17.802312,28.541087],[-17.802308,28.54113],[-17.802309,28.541185],[-17.802309,28.541252],[-17.802308,28.541299],[-17.802306,28.54135],[-17.802298,28.541393],[-17.802285,28.541439],[-17.802279,28.541476],[-17.802288,28.541527],[-17.802367,28.541708],[-17.802409,28.541808],[-17.802445,28.54188],[-17.802456,28.541923],[-17.802455,28.541971],[-17.802449,28.542022],[-17.80242,28.542167],[-17.802398,28.542231],[-17.80237,28.542274],[-17.802339,28.542313],[-17.802325,28.542324],[-17.802303,28.542342],[-17.802274,28.542368],[-17.802243,28.542395],[-17.802218,28.542421],[-17.802193,28.542456],[-17.802167,28.542484],[-17.80214,28.542503],[-17.802102,28.542515],[-17.802053,28.542513],[-17.802006,28.542497],[-17.801968,28.542471],[-17.801936,28.542443],[-17.801899,28.542406],[-17.801874,28.542375],[-17.801843,28.54235],[-17.801752,28.54231],[-17.801696,28.542297],[-17.801631,28.542291],[-17.801586,28.542292],[-17.801549,28.542304],[-17.801509,28.542333],[-17.801483,28.542365],[-17.801388,28.542498],[-17.801318,28.542604],[-17.801303,28.542641],[-17.801306,28.542676],[-17.801318,28.542714],[-17.801341,28.542756],[-17.801377,28.542829],[-17.801385,28.542863],[-17.801381,28.542894],[-17.801371,28.54292],[-17.801341,28.542946],[-17.80125,28.543023],[-17.80123,28.543043],[-17.80122,28.543063],[-17.801215,28.543084],[-17.801207,28.543097],[-17.801087,28.543119],[-17.800949,28.543145],[-17.800925,28.543143],[-17.800886,28.543115],[-17.800868,28.54309],[-17.800825,28.543039],[-17.800808,28.543005],[-17.800805,28.542971],[-17.800809,28.542934],[-17.800813,28.542888],[-17.800815,28.542857],[-17.800809,28.542826],[-17.800787,28.542802],[-17.800749,28.54278],[-17.800692,28.542758],[-17.800644,28.542743],[-17.800498,28.5427],[-17.800466,28.542697],[-17.800434,28.542706],[-17.800406,28.54273],[-17.800373,28.54276],[-17.800331,28.542788],[-17.800285,28.542814],[-17.800239,28.542833],[-17.800186,28.542846],[-17.800133,28.542858],[-17.800087,28.542869],[-17.800047,28.542889],[-17.800011,28.542918],[-17.799968,28.542948],[-17.799931,28.542972],[-17.79989,28.54299],[-17.799841,28.542992],[-17.799794,28.542983],[-17.799744,28.542964],[-17.799694,28.542944],[-17.799653,28.542931],[-17.799615,28.542936],[-17.799587,28.542953],[-17.799561,28.542971],[-17.799549,28.543021],[-17.799552,28.543147],[-17.799552,28.543226],[-17.79955,28.543296],[-17.79954,28.543356],[-17.799519,28.5434],[-17.799498,28.543435],[-17.799423,28.543517],[-17.799373,28.543557],[-17.799321,28.543586],[-17.799271,28.543606],[-17.79922,28.543632],[-17.799182,28.543661],[-17.799163,28.543705],[-17.799175,28.543747],[-17.799217,28.543788],[-17.799277,28.543825],[-17.799328,28.543872],[-17.799371,28.543923],[-17.79941,28.543974],[-17.799447,28.544023],[-17.799487,28.544061],[-17.799521,28.544099],[-17.799526,28.544148],[-17.799521,28.544152],[-17.799496,28.544174],[-17.79943,28.544162],[-17.799346,28.544134],[-17.79924,28.544093],[-17.799061,28.544016],[-17.798884,28.54396],[-17.798748,28.543904],[-17.798733,28.543899],[-17.798652,28.543872],[-17.798613,28.543862],[-17.798572,28.543852],[-17.798526,28.543846],[-17.798462,28.543851],[-17.798392,28.543871],[-17.79833,28.543896],[-17.798275,28.543923],[-17.79822,28.543949],[-17.798171,28.543974],[-17.798101,28.543993],[-17.798028,28.544],[-17.797956,28.544001],[-17.797883,28.544002],[-17.797815,28.544007],[-17.797763,28.544026],[-17.797728,28.54406],[-17.797712,28.544119],[-17.797713,28.544198],[-17.797724,28.544299],[-17.797733,28.544391],[-17.797711,28.544497],[-17.797664,28.544651],[-17.797631,28.544724],[-17.797595,28.544765],[-17.797541,28.544792],[-17.797493,28.544805],[-17.797434,28.544815],[-17.797364,28.544825],[-17.7973,28.544834],[-17.797256,28.544852],[-17.79723,28.544889],[-17.797222,28.544943],[-17.797223,28.545022],[-17.797226,28.545097],[-17.797223,28.545184],[-17.79721,28.545252],[-17.797185,28.545305],[-17.797151,28.545348],[-17.797095,28.54538],[-17.797019,28.545386],[-17.796958,28.545391],[-17.796891,28.545397],[-17.796831,28.545414],[-17.796786,28.545446],[-17.796767,28.545503],[-17.796754,28.54558],[-17.796744,28.545662],[-17.796744,28.545734],[-17.796752,28.54583],[-17.796763,28.545902],[-17.796765,28.545973],[-17.796755,28.546036],[-17.796731,28.546088],[-17.796697,28.546138],[-17.796654,28.546175],[-17.796602,28.546207],[-17.796548,28.546241],[-17.796499,28.546281],[-17.796477,28.546334],[-17.796475,28.5464],[-17.796477,28.546458],[-17.796454,28.5465],[-17.796405,28.546532],[-17.79635,28.546562],[-17.796309,28.546598],[-17.796267,28.546653],[-17.796223,28.546708],[-17.796179,28.546796],[-17.796118,28.54688],[-17.79606,28.546943],[-17.79599,28.547044],[-17.795948,28.547128],[-17.795921,28.547189],[-17.795897,28.547247],[-17.795874,28.547299],[-17.795844,28.547346],[-17.795793,28.547374],[-17.795687,28.547436],[-17.795628,28.547478],[-17.795559,28.547582],[-17.795436,28.547737],[-17.795349,28.547842],[-17.795334,28.547892],[-17.795332,28.548015],[-17.795329,28.548068],[-17.795322,28.548111],[-17.795302,28.548136],[-17.795268,28.548146],[-17.795265,28.548147],[-17.795218,28.548128],[-17.795185,28.548103],[-17.79513,28.548063],[-17.79505,28.548018],[-17.794894,28.547913],[-17.794826,28.547871],[-17.794779,28.547833],[-17.794749,28.547809],[-17.794708,28.547786],[-17.79468,28.547776],[-17.794647,28.547774],[-17.794613,28.547777],[-17.794578,28.547788],[-17.794541,28.547803],[-17.794501,28.547827],[-17.79447,28.547853],[-17.794445,28.54789],[-17.794426,28.547929],[-17.794419,28.547965],[-17.794417,28.548003],[-17.794415,28.548042],[-17.794412,28.548081],[-17.794406,28.548128],[-17.794396,28.548159],[-17.794383,28.548186],[-17.794327,28.548248],[-17.79429,28.548304],[-17.794253,28.548364],[-17.794228,28.548425],[-17.794198,28.548484],[-17.79418,28.548518],[-17.794151,28.548544],[-17.794116,28.548562],[-17.794039,28.548589],[-17.793912,28.548637],[-17.793893,28.548652],[-17.793879,28.548675],[-17.793843,28.548771],[-17.793831,28.548839],[-17.793826,28.548877],[-17.793819,28.548906],[-17.793797,28.548936],[-17.793767,28.548956],[-17.793731,28.548977],[-17.793694,28.548993],[-17.793664,28.549019],[-17.793636,28.549046],[-17.793562,28.549135],[-17.793444,28.549236],[-17.793351,28.549295],[-17.793275,28.54934],[-17.793219,28.549372],[-17.793173,28.549391],[-17.793123,28.549402],[-17.793035,28.549405],[-17.792968,28.549403],[-17.792922,28.549405],[-17.792885,28.549416],[-17.792831,28.549452],[-17.79278,28.54949],[-17.792716,28.549526],[-17.792658,28.549558],[-17.792619,28.549594],[-17.792578,28.54965],[-17.792554,28.549706],[-17.792549,28.54975],[-17.792556,28.549795],[-17.792598,28.549906],[-17.79265,28.550032],[-17.792672,28.550116],[-17.792712,28.550221],[-17.792722,28.550267],[-17.792716,28.550289],[-17.792701,28.550307],[-17.792698,28.55031],[-17.79266,28.550324],[-17.792618,28.550324],[-17.792555,28.550311],[-17.792469,28.550272],[-17.792391,28.550245],[-17.792325,28.550234],[-17.792208,28.550222],[-17.792089,28.550214],[-17.791952,28.550198],[-17.791816,28.550179],[-17.791715,28.550171],[-17.791631,28.550172],[-17.791536,28.550183],[-17.791427,28.550204],[-17.791275,28.550245],[-17.791071,28.55029],[-17.790907,28.550331],[-17.790736,28.550364],[-17.790609,28.550383],[-17.790417,28.550401],[-17.790229,28.550417],[-17.790015,28.550428],[-17.789904,28.550443],[-17.789746,28.550476],[-17.789547,28.550526],[-17.789369,28.550575],[-17.789251,28.55062],[-17.789153,28.550657],[-17.789013,28.550719],[-17.78886,28.550787],[-17.788703,28.550849],[-17.788559,28.550902],[-17.788414,28.550949],[-17.788231,28.551004],[-17.788095,28.551041],[-17.787947,28.551073],[-17.787737,28.551113],[-17.787666,28.551119],[-17.787608,28.551118],[-17.787528,28.551118],[-17.787404,28.551129],[-17.787318,28.551143],[-17.787311,28.55115],[-17.787302,28.551166],[-17.7873,28.551192],[-17.787307,28.551209],[-17.787319,28.551224],[-17.787446,28.5513],[-17.787543,28.551366],[-17.787676,28.551482],[-17.787724,28.551533],[-17.787766,28.551588],[-17.787817,28.551693],[-17.787849,28.551814],[-17.787867,28.551926],[-17.787868,28.551977],[-17.787861,28.552011],[-17.787849,28.552044],[-17.787821,28.552089],[-17.787742,28.55218],[-17.787649,28.552252],[-17.787406,28.552425],[-17.787385,28.552447],[-17.787377,28.552465],[-17.787375,28.552484],[-17.787382,28.552512],[-17.787434,28.552566],[-17.787496,28.552615],[-17.787581,28.552671],[-17.787723,28.552782],[-17.787834,28.552863],[-17.787932,28.552948],[-17.788017,28.553067],[-17.78812,28.553207],[-17.788188,28.553278],[-17.788379,28.553434],[-17.788418,28.553457],[-17.788467,28.553493],[-17.7885,28.553523],[-17.788511,28.553533],[-17.788516,28.553543],[-17.788523,28.553575],[-17.78852,28.553591],[-17.788519,28.553596],[-17.788509,28.553615],[-17.788493,28.553632],[-17.788423,28.553688],[-17.78838,28.553737],[-17.788351,28.553785],[-17.78833,28.553835],[-17.788318,28.553874],[-17.788313,28.553957],[-17.788333,28.554048],[-17.788352,28.554102],[-17.788376,28.554154],[-17.788404,28.554193],[-17.788438,28.554226],[-17.788477,28.554253],[-17.788497,28.554264],[-17.78853,28.554282],[-17.788541,28.554288],[-17.788548,28.554296],[-17.788553,28.554305],[-17.788556,28.554315],[-17.788557,28.554325],[-17.788557,28.554335],[-17.788556,28.554338],[-17.788554,28.554345],[-17.78855,28.554354],[-17.788544,28.554363],[-17.788536,28.55437],[-17.788527,28.554377],[-17.788517,28.554381],[-17.788448,28.554405],[-17.788285,28.55445],[-17.788184,28.554467],[-17.788088,28.554474],[-17.787724,28.554481],[-17.787644,28.554462],[-17.787471,28.554378],[-17.787393,28.554344],[-17.787312,28.554322],[-17.787247,28.55431],[-17.787206,28.554308],[-17.787179,28.554312],[-17.78714,28.554324],[-17.787105,28.554342],[-17.78708,28.554364],[-17.787037,28.554411],[-17.787006,28.554457],[-17.786991,28.554499],[-17.786997,28.554537],[-17.787009,28.554567],[-17.787033,28.554614],[-17.787065,28.554686],[-17.787083,28.554742],[-17.787107,28.554832],[-17.787106,28.554881],[-17.787092,28.554939],[-17.787042,28.555076],[-17.786996,28.555204],[-17.78697,28.555252],[-17.786952,28.555274],[-17.786921,28.555303],[-17.786877,28.555323],[-17.786841,28.555331],[-17.786817,28.555333],[-17.786745,28.555328],[-17.786681,28.555332],[-17.78662,28.555347],[-17.786542,28.555381],[-17.786485,28.555417],[-17.786459,28.555438],[-17.786438,28.55546],[-17.786412,28.555496],[-17.786398,28.555521],[-17.786377,28.555574],[-17.786363,28.555664],[-17.786355,28.555749],[-17.786358,28.555799],[-17.786347,28.556031],[-17.786355,28.556097],[-17.786413,28.556202],[-17.786419,28.556222],[-17.78642,28.556254],[-17.786415,28.556274],[-17.786406,28.556294],[-17.786364,28.556357],[-17.786326,28.556408],[-17.786289,28.556474],[-17.786273,28.556529],[-17.786262,28.556648],[-17.786262,28.556685],[-17.78627,28.556734],[-17.786281,28.55677],[-17.786375,28.556916],[-17.786404,28.556976],[-17.786414,28.557017],[-17.786414,28.557049],[-17.786402,28.557091],[-17.786318,28.557223],[-17.786312,28.55725],[-17.786314,28.557277],[-17.786363,28.557373],[-17.786429,28.557473],[-17.786441,28.557508],[-17.786455,28.557581],[-17.786504,28.557734],[-17.786516,28.557799],[-17.786532,28.557925],[-17.786543,28.557993],[-17.786543,28.557996],[-17.786574,28.558066],[-17.786573,28.558105],[-17.786572,28.558114],[-17.786565,28.558181],[-17.786544,28.558265],[-17.786504,28.558328],[-17.786474,28.558401],[-17.786467,28.558434],[-17.78647,28.558467],[-17.786479,28.558491],[-17.78654,28.558565],[-17.786552,28.558592],[-17.786555,28.55862],[-17.78655,28.558649],[-17.786542,28.558667],[-17.786492,28.558734],[-17.786415,28.558806],[-17.786401,28.558824],[-17.786392,28.558844],[-17.786386,28.558865],[-17.786385,28.558886],[-17.786398,28.558975],[-17.786385,28.55903],[-17.786323,28.559168],[-17.786288,28.55922],[-17.786211,28.559283],[-17.786188,28.559309],[-17.786163,28.559347],[-17.78615,28.559378],[-17.786143,28.559409],[-17.786142,28.559449],[-17.786166,28.559557],[-17.78617,28.559628],[-17.786152,28.559716],[-17.786092,28.560034],[-17.786049,28.56022],[-17.78605,28.560243],[-17.786061,28.560277],[-17.786074,28.560297],[-17.786091,28.560315],[-17.786148,28.560353],[-17.786221,28.560387],[-17.786288,28.560424],[-17.7863,28.560435],[-17.786309,28.560447],[-17.786319,28.560468],[-17.786323,28.56049],[-17.786312,28.560565],[-17.786312,28.560645],[-17.786327,28.560685],[-17.786348,28.56071],[-17.786374,28.560731],[-17.786449,28.560771],[-17.786563,28.560813],[-17.786749,28.560882],[-17.786765,28.560895],[-17.786776,28.560913],[-17.786781,28.560925],[-17.786782,28.560938],[-17.78678,28.560951],[-17.786777,28.560957],[-17.786774,28.560963],[-17.786764,28.560973],[-17.786752,28.56098],[-17.786737,28.560983],[-17.786615,28.560997],[-17.786523,28.560996],[-17.786416,28.560991],[-17.78632,28.560972],[-17.786239,28.560941],[-17.786158,28.560902],[-17.786078,28.560864],[-17.78596,28.560826],[-17.785778,28.560766],[-17.785595,28.56071],[-17.785572,28.560707],[-17.785548,28.560708],[-17.785526,28.560715],[-17.785505,28.560725],[-17.785407,28.560816],[-17.785394,28.560837],[-17.785391,28.560842],[-17.785381,28.560879],[-17.785388,28.560916],[-17.785401,28.56095],[-17.785439,28.561014],[-17.785461,28.561046],[-17.78548,28.561078],[-17.785495,28.561092],[-17.785508,28.561105],[-17.785531,28.561135],[-17.785545,28.56116],[-17.785549,28.561181],[-17.785545,28.561203],[-17.785533,28.561222],[-17.785437,28.561313],[-17.785388,28.561374],[-17.785363,28.561424],[-17.785355,28.561481],[-17.785353,28.561538],[-17.785358,28.561649],[-17.785365,28.561685],[-17.785391,28.561738],[-17.785401,28.561766],[-17.785404,28.561796],[-17.785399,28.561826],[-17.785388,28.561854],[-17.785359,28.56188],[-17.785325,28.561902],[-17.785286,28.561917],[-17.78528,28.561919],[-17.785177,28.56195],[-17.785152,28.561981],[-17.785139,28.562019],[-17.785139,28.562032],[-17.785155,28.562066],[-17.785177,28.562097],[-17.785203,28.562125],[-17.78527,28.562218],[-17.785355,28.5623],[-17.785417,28.562352],[-17.78545,28.562376],[-17.78552,28.562417],[-17.785594,28.562454],[-17.785669,28.562487],[-17.785743,28.562527],[-17.785776,28.562549],[-17.785801,28.562578],[-17.785812,28.562612],[-17.785813,28.562648],[-17.785794,28.56272],[-17.785788,28.562756],[-17.785788,28.562793],[-17.785779,28.562813],[-17.785751,28.562877],[-17.785726,28.562949],[-17.785722,28.562985],[-17.785722,28.563023],[-17.785743,28.563111],[-17.785801,28.563272],[-17.785868,28.563432],[-17.785941,28.563594],[-17.785984,28.563679],[-17.786016,28.56381],[-17.786052,28.564096],[-17.786058,28.564146],[-17.786059,28.564361],[-17.786032,28.564395],[-17.785976,28.564411],[-17.785892,28.564394],[-17.785794,28.564372],[-17.785718,28.564349],[-17.785678,28.564338],[-17.785646,28.564334],[-17.785606,28.564344],[-17.785571,28.564363],[-17.785505,28.5644],[-17.785448,28.564443],[-17.785412,28.56448],[-17.785391,28.564507],[-17.785364,28.564557],[-17.78535,28.564593],[-17.785337,28.564667],[-17.785327,28.564777],[-17.785334,28.564815],[-17.785379,28.564924],[-17.78538,28.564955],[-17.785371,28.564981],[-17.78537,28.564984],[-17.785357,28.565001],[-17.785341,28.565015],[-17.78531,28.56503],[-17.785229,28.565047],[-17.785127,28.565057],[-17.784986,28.565085],[-17.784885,28.565142],[-17.784853,28.565209],[-17.784817,28.565308],[-17.784721,28.565527],[-17.7847,28.565559],[-17.784653,28.565618],[-17.784624,28.565645],[-17.784542,28.565708],[-17.784518,28.565738],[-17.784499,28.565772],[-17.784454,28.565875],[-17.784408,28.565953],[-17.784374,28.56599],[-17.784293,28.566045],[-17.784086,28.566203],[-17.783983,28.566275],[-17.783886,28.566363],[-17.783729,28.566552],[-17.783665,28.566639],[-17.783633,28.566689],[-17.783524,28.566881],[-17.783494,28.566959],[-17.783426,28.567042],[-17.78334,28.567131],[-17.783305,28.567152],[-17.78323,28.567175],[-17.783118,28.567204],[-17.783006,28.56727],[-17.7829,28.567347],[-17.782852,28.567407],[-17.782823,28.567492],[-17.782808,28.567553],[-17.782759,28.567611],[-17.782618,28.567711],[-17.782482,28.567806],[-17.782328,28.567946],[-17.782242,28.568087],[-17.782157,28.568181],[-17.782111,28.568209],[-17.78205,28.568255],[-17.782026,28.568286],[-17.782012,28.568326],[-17.781993,28.568392],[-17.781959,28.568485],[-17.781922,28.568559],[-17.781872,28.568627],[-17.78179,28.568768],[-17.781743,28.56881],[-17.781662,28.568895],[-17.781627,28.568952],[-17.781609,28.569018],[-17.781602,28.56913],[-17.781591,28.569202],[-17.781579,28.569237],[-17.781562,28.569271],[-17.781463,28.569428],[-17.781467,28.569559],[-17.781462,28.569584],[-17.781456,28.569627],[-17.781435,28.569682],[-17.781397,28.569747],[-17.78135,28.569815],[-17.781334,28.569836],[-17.781175,28.570033],[-17.781099,28.57019],[-17.78109,28.570264],[-17.781095,28.570308],[-17.781116,28.570357],[-17.781127,28.5704],[-17.781108,28.570495],[-17.781075,28.570602],[-17.781044,28.570672],[-17.781001,28.570723],[-17.780945,28.570772],[-17.780861,28.570828],[-17.780784,28.570888],[-17.780659,28.570997],[-17.780602,28.571035],[-17.780596,28.571038],[-17.780528,28.571075],[-17.780342,28.571235],[-17.780221,28.571358],[-17.780219,28.571359],[-17.780192,28.571397],[-17.780124,28.571492],[-17.78006,28.571593],[-17.780056,28.571604],[-17.780047,28.571628],[-17.780046,28.571637],[-17.780045,28.57165],[-17.780049,28.571673],[-17.780088,28.571811],[-17.780092,28.571847],[-17.780093,28.571884],[-17.780074,28.571938],[-17.780055,28.571983],[-17.780009,28.572095],[-17.77998,28.57227],[-17.779975,28.57233],[-17.779972,28.572357],[-17.779972,28.57241],[-17.779973,28.572414],[-17.77998,28.57244],[-17.780026,28.572611],[-17.780026,28.572643],[-17.78002,28.572664],[-17.780005,28.572693],[-17.779952,28.572747],[-17.779909,28.572783],[-17.779888,28.57282],[-17.779877,28.572839],[-17.779872,28.572859],[-17.779863,28.572878],[-17.779844,28.572904],[-17.779827,28.572919],[-17.779808,28.572931],[-17.779681,28.572996],[-17.77966,28.573006],[-17.779649,28.573017],[-17.779584,28.573077],[-17.779571,28.573096],[-17.779559,28.573129],[-17.779557,28.573164],[-17.77956,28.573239],[-17.779564,28.573378],[-17.779561,28.57351],[-17.779569,28.573636],[-17.779574,28.573781],[-17.77956,28.573887],[-17.779551,28.573902],[-17.779534,28.573923],[-17.779512,28.57394],[-17.779496,28.573948],[-17.779434,28.573964],[-17.779402,28.573965],[-17.779371,28.57397],[-17.779322,28.573989],[-17.779235,28.574057],[-17.779198,28.574091],[-17.779153,28.57414],[-17.779124,28.57418],[-17.779086,28.574259],[-17.779051,28.574362],[-17.779023,28.574414],[-17.778981,28.574459],[-17.778938,28.574511],[-17.778889,28.574601],[-17.778854,28.574678],[-17.778796,28.574807],[-17.778755,28.574927],[-17.778725,28.574999],[-17.778716,28.575022],[-17.778708,28.575042],[-17.778608,28.575167],[-17.778597,28.575193],[-17.778592,28.57522],[-17.778594,28.575248],[-17.778622,28.575355],[-17.778655,28.575517],[-17.778656,28.575523],[-17.778673,28.575649],[-17.778667,28.575665],[-17.77864,28.57571],[-17.778552,28.575832],[-17.778496,28.575938],[-17.778452,28.576028],[-17.778426,28.576053],[-17.778395,28.576075],[-17.778362,28.576093],[-17.778309,28.576114],[-17.778271,28.57614],[-17.778268,28.576144],[-17.778241,28.576173],[-17.778222,28.576212],[-17.778216,28.576237],[-17.778212,28.576275],[-17.778215,28.576314],[-17.778224,28.576352],[-17.778269,28.576438],[-17.778314,28.576507],[-17.778325,28.576536],[-17.778328,28.576567],[-17.778326,28.576598],[-17.778321,28.576618],[-17.778286,28.57676],[-17.778263,28.576868],[-17.778226,28.576994],[-17.77819,28.57708],[-17.778171,28.577132],[-17.778168,28.577174],[-17.77818,28.577341],[-17.778162,28.577428],[-17.778135,28.577485],[-17.778114,28.577513],[-17.778066,28.577565],[-17.778034,28.577614],[-17.778025,28.57764],[-17.778025,28.577676],[-17.77803,28.577694],[-17.778043,28.57772],[-17.778063,28.577744],[-17.77808,28.577758],[-17.7781,28.577768],[-17.778121,28.577775],[-17.778313,28.577823],[-17.778368,28.57786],[-17.778422,28.577908],[-17.778541,28.578011],[-17.778521,28.578059],[-17.778515,28.578072],[-17.778506,28.578083],[-17.778504,28.578095],[-17.778505,28.578099],[-17.778506,28.578103],[-17.778515,28.578113],[-17.778553,28.578125],[-17.778567,28.578141],[-17.778567,28.578172],[-17.77855,28.578206],[-17.778525,28.578237],[-17.778502,28.578279],[-17.778493,28.57833],[-17.778499,28.578453],[-17.778489,28.578592],[-17.778493,28.578624],[-17.778503,28.578654],[-17.778534,28.578707],[-17.778557,28.578762],[-17.778558,28.578779],[-17.778555,28.578795],[-17.778545,28.578818],[-17.778535,28.578832],[-17.7785,28.578859],[-17.778469,28.578875],[-17.778434,28.578885],[-17.778336,28.578926],[-17.778278,28.578968],[-17.778192,28.579056],[-17.778147,28.579124],[-17.778108,28.579156],[-17.778027,28.579192],[-17.777999,28.579199],[-17.77796,28.579213],[-17.777924,28.579234],[-17.777903,28.579251],[-17.777893,28.57926],[-17.777838,28.579342],[-17.777777,28.579447],[-17.777746,28.579511],[-17.777712,28.579593],[-17.777711,28.579623],[-17.777711,28.579646],[-17.77771,28.579658],[-17.777738,28.579747],[-17.77775,28.57977],[-17.777781,28.579811],[-17.777829,28.579856],[-17.777853,28.57989],[-17.777872,28.579955],[-17.777889,28.580037],[-17.777896,28.580108],[-17.777901,28.580216],[-17.777898,28.580253],[-17.777848,28.580367],[-17.777811,28.580434],[-17.77777,28.580494],[-17.777655,28.580617],[-17.777579,28.580702],[-17.777473,28.58086],[-17.777414,28.580937],[-17.777364,28.580995],[-17.777331,28.58102],[-17.77724,28.581059],[-17.77722,28.58107],[-17.777193,28.581092],[-17.777166,28.581126],[-17.777133,28.581203],[-17.777075,28.581393],[-17.777039,28.581464],[-17.776978,28.581553],[-17.776919,28.581625],[-17.776881,28.58169],[-17.77687,28.581709],[-17.776846,28.581766],[-17.776835,28.581824],[-17.776829,28.581897],[-17.776814,28.582002],[-17.776822,28.582045],[-17.776901,28.582159],[-17.776905,28.582172],[-17.776915,28.582212],[-17.776921,28.582253],[-17.776921,28.582353],[-17.776912,28.582413],[-17.776892,28.58247],[-17.776861,28.582509],[-17.776808,28.582565],[-17.776798,28.582579],[-17.776789,28.582602],[-17.776787,28.582627],[-17.776792,28.582683],[-17.776804,28.582738],[-17.776811,28.582812],[-17.776797,28.582874],[-17.776754,28.582952],[-17.776703,28.583001],[-17.776638,28.583056],[-17.776611,28.583085],[-17.776508,28.583212],[-17.776483,28.583252],[-17.776453,28.583314],[-17.77642,28.583419],[-17.7764,28.583456],[-17.776383,28.583478],[-17.776352,28.583508],[-17.776317,28.583527],[-17.776267,28.583546],[-17.776204,28.583559],[-17.776176,28.583571],[-17.776167,28.583578],[-17.77616,28.583584],[-17.776148,28.583599],[-17.776137,28.583626],[-17.77613,28.58365],[-17.776126,28.583678],[-17.776129,28.583706],[-17.77614,28.583732],[-17.776154,28.583757],[-17.776167,28.583781],[-17.776181,28.583805],[-17.776193,28.583831],[-17.776196,28.583859],[-17.77619,28.583885],[-17.77618,28.583911],[-17.776167,28.583937],[-17.776153,28.583962],[-17.776135,28.583985],[-17.776068,28.584075],[-17.776066,28.584077],[-17.776009,28.584155],[-17.775954,28.584213],[-17.775886,28.58428],[-17.775884,28.584282],[-17.775826,28.584339],[-17.775812,28.584354],[-17.775794,28.584378],[-17.775779,28.584403],[-17.775742,28.584477],[-17.775684,28.584593],[-17.775645,28.58467],[-17.775625,28.584712],[-17.775617,28.584739],[-17.775612,28.584767],[-17.775607,28.584794],[-17.775603,28.584821],[-17.775599,28.584849],[-17.775598,28.584877],[-17.775601,28.584904],[-17.775608,28.584932],[-17.775617,28.584959],[-17.775628,28.584985],[-17.775641,28.58501],[-17.775654,28.585035],[-17.775673,28.585057],[-17.77569,28.58508],[-17.775708,28.585103],[-17.775724,28.585126],[-17.775738,28.585151],[-17.775751,28.585175],[-17.775762,28.585269],[-17.775738,28.585326],[-17.775727,28.585352],[-17.775709,28.585375],[-17.775689,28.585396],[-17.775671,28.585418],[-17.775651,28.585439],[-17.775634,28.585463],[-17.775624,28.585489],[-17.77562,28.585516],[-17.77562,28.585543],[-17.775625,28.585571],[-17.775635,28.585597],[-17.775646,28.585622],[-17.775658,28.585648],[-17.77567,28.585674],[-17.775681,28.5857],[-17.775688,28.585728],[-17.775693,28.585755],[-17.775696,28.585782],[-17.775697,28.58581],[-17.775693,28.585839],[-17.775688,28.585867],[-17.775678,28.585894],[-17.775666,28.585921],[-17.775657,28.585947],[-17.775647,28.585975],[-17.775626,28.58609],[-17.775599,28.586216],[-17.77559,28.586289],[-17.775586,28.586317],[-17.775585,28.586345],[-17.775584,28.586374],[-17.775582,28.586402],[-17.77558,28.58643],[-17.775576,28.586457],[-17.775573,28.586485],[-17.775568,28.586513],[-17.775564,28.58654],[-17.775561,28.586567],[-17.77556,28.586595],[-17.775563,28.586623],[-17.775571,28.586649],[-17.775584,28.586674],[-17.775603,28.586696],[-17.775623,28.586718],[-17.775642,28.58674],[-17.775659,28.586764],[-17.775675,28.586788],[-17.775689,28.586813],[-17.775699,28.586839],[-17.775702,28.586867],[-17.775702,28.586896],[-17.7757,28.586923],[-17.775692,28.58695],[-17.775679,28.586975],[-17.775661,28.586999],[-17.775647,28.587024],[-17.775633,28.587048],[-17.775625,28.587074],[-17.775619,28.587101],[-17.775616,28.587129],[-17.775615,28.587156],[-17.775621,28.587214],[-17.775622,28.587217],[-17.775632,28.587243],[-17.775642,28.587269],[-17.775652,28.587296],[-17.775659,28.587322],[-17.775665,28.587349],[-17.775666,28.587377],[-17.775666,28.587406],[-17.775659,28.587432],[-17.775651,28.587459],[-17.775646,28.587486],[-17.77564,28.587513],[-17.775636,28.587541],[-17.775634,28.58757],[-17.775635,28.587597],[-17.77564,28.587625],[-17.775655,28.587649],[-17.775677,28.587669],[-17.775701,28.587686],[-17.775727,28.587701],[-17.775755,28.587714],[-17.775874,28.587753],[-17.775948,28.587795],[-17.775986,28.587833],[-17.775996,28.587849],[-17.776004,28.587876],[-17.776005,28.587903],[-17.775999,28.587931],[-17.775987,28.587956],[-17.77597,28.587981],[-17.775955,28.588005],[-17.775907,28.588078],[-17.775878,28.588121],[-17.775868,28.588149],[-17.77586,28.588177],[-17.775857,28.588204],[-17.775858,28.588217],[-17.775858,28.588231],[-17.775858,28.588233],[-17.775858,28.588243],[-17.775858,28.588255],[-17.775858,28.58826],[-17.775858,28.588267],[-17.775858,28.58827],[-17.775863,28.588297],[-17.775871,28.588326],[-17.775882,28.588368],[-17.775911,28.588448],[-17.775936,28.588504],[-17.775973,28.588578],[-17.775984,28.58861],[-17.775988,28.588633],[-17.775981,28.588658],[-17.775962,28.588682],[-17.775941,28.588701],[-17.775919,28.588721],[-17.775896,28.588739],[-17.775874,28.588758],[-17.775857,28.588781],[-17.77584,28.588805],[-17.775826,28.58883],[-17.775814,28.588856],[-17.775805,28.588883],[-17.775798,28.588909],[-17.775789,28.588936],[-17.775782,28.588963],[-17.775781,28.588991],[-17.77579,28.589017],[-17.775806,28.589041],[-17.775821,28.589061],[-17.775871,28.589087],[-17.775957,28.589121],[-17.776035,28.589145],[-17.77607,28.589155],[-17.77611,28.589157],[-17.776158,28.589165],[-17.776189,28.58919],[-17.776193,28.5892],[-17.776201,28.589216],[-17.776205,28.589243],[-17.776198,28.58927],[-17.776181,28.589294],[-17.77616,28.589315],[-17.776136,28.589332],[-17.77611,28.589347],[-17.776088,28.589365],[-17.776044,28.589394],[-17.776021,28.58941],[-17.775999,28.589436],[-17.775994,28.589449],[-17.775983,28.589478],[-17.775977,28.589505],[-17.775974,28.589533],[-17.775972,28.58956],[-17.775972,28.589588],[-17.775972,28.589617],[-17.775976,28.589644],[-17.77598,28.589672],[-17.775987,28.589699],[-17.776028,28.589805],[-17.776052,28.58988],[-17.776062,28.589914],[-17.776071,28.58994],[-17.776081,28.589966],[-17.776119,28.590024],[-17.776163,28.59011],[-17.776191,28.590172],[-17.776201,28.590199],[-17.776209,28.590225],[-17.776217,28.590253],[-17.776219,28.59028],[-17.776218,28.590309],[-17.776211,28.590337],[-17.776211,28.590338],[-17.776199,28.590364],[-17.776184,28.590388],[-17.776171,28.590414],[-17.77616,28.590441],[-17.776152,28.590468],[-17.776145,28.590495],[-17.776138,28.590522],[-17.776132,28.590549],[-17.776124,28.590576],[-17.776115,28.590602],[-17.776107,28.590629],[-17.776105,28.590657],[-17.776108,28.590685],[-17.776112,28.590714],[-17.77612,28.590741],[-17.77613,28.590767],[-17.776144,28.590793],[-17.776165,28.590814],[-17.77619,28.590832],[-17.776213,28.590848],[-17.776229,28.590871],[-17.776245,28.590895],[-17.776258,28.590919],[-17.776267,28.590946],[-17.776273,28.590973],[-17.776277,28.591001],[-17.776279,28.591029],[-17.776279,28.591057],[-17.776279,28.591085],[-17.776278,28.591113],[-17.776267,28.591196],[-17.776261,28.591238],[-17.776257,28.591266],[-17.776253,28.591294],[-17.776255,28.591321],[-17.776265,28.591348],[-17.776278,28.591374],[-17.776291,28.5914],[-17.77634,28.591511],[-17.77635,28.591538],[-17.776361,28.591564],[-17.776373,28.591591],[-17.776388,28.591614],[-17.776407,28.591637],[-17.776427,28.591658],[-17.77645,28.591678],[-17.776473,28.591698],[-17.776493,28.591721],[-17.776551,28.591771],[-17.776589,28.591812],[-17.776604,28.591836],[-17.776615,28.591862],[-17.776624,28.591889],[-17.776631,28.591917],[-17.776637,28.591944],[-17.77664,28.591973],[-17.776641,28.592001],[-17.776638,28.592028],[-17.776634,28.592056],[-17.776626,28.592083],[-17.776621,28.59211],[-17.776621,28.592138],[-17.776628,28.592166],[-17.776639,28.592192],[-17.776653,28.592218],[-17.776669,28.592241],[-17.776684,28.592265],[-17.776696,28.592292],[-17.776704,28.592319],[-17.776708,28.592347],[-17.776705,28.592376],[-17.776701,28.592404],[-17.776692,28.592432],[-17.776685,28.592459],[-17.77668,28.592486],[-17.77668,28.592514],[-17.776685,28.59261],[-17.776692,28.59265],[-17.776707,28.592684],[-17.776724,28.592705],[-17.776747,28.592726],[-17.776767,28.592746],[-17.776813,28.592786],[-17.776845,28.592825],[-17.776855,28.592852],[-17.776857,28.59288],[-17.776854,28.592907],[-17.77685,28.592934],[-17.776836,28.592987],[-17.776797,28.593077],[-17.77676,28.593152],[-17.776705,28.59325],[-17.776664,28.59332],[-17.776646,28.593364],[-17.77664,28.593392],[-17.776634,28.593419],[-17.776625,28.593446],[-17.776596,28.59351],[-17.776568,28.59356],[-17.776554,28.593589],[-17.776545,28.593616],[-17.776541,28.593644],[-17.776542,28.593733],[-17.776542,28.593754],[-17.77654,28.593858],[-17.776541,28.593938],[-17.776541,28.593973],[-17.776533,28.594],[-17.776513,28.59404],[-17.776474,28.594108],[-17.776436,28.594174],[-17.776422,28.594205],[-17.776416,28.594236],[-17.776415,28.594252],[-17.776418,28.594274],[-17.776418,28.594279],[-17.776424,28.594295],[-17.776428,28.594306],[-17.776432,28.594313],[-17.776441,28.59433],[-17.776455,28.594348],[-17.776459,28.594353],[-17.776478,28.594375],[-17.776505,28.594405],[-17.776535,28.594439],[-17.776574,28.594487],[-17.776611,28.59453],[-17.776635,28.594564],[-17.776649,28.594589],[-17.776665,28.594612],[-17.77668,28.594637],[-17.776702,28.594667],[-17.776737,28.594711],[-17.776755,28.594734],[-17.776773,28.594756],[-17.776786,28.594781],[-17.776797,28.594808],[-17.776803,28.594834],[-17.776808,28.594863],[-17.776813,28.594889],[-17.776814,28.59489],[-17.776819,28.594917],[-17.776824,28.594945],[-17.776826,28.594973],[-17.776829,28.595001],[-17.77683,28.595028],[-17.776832,28.595056],[-17.776834,28.595083],[-17.776837,28.595111],[-17.776838,28.595139],[-17.77684,28.595168],[-17.776841,28.595196],[-17.776843,28.595225],[-17.776845,28.595252],[-17.776851,28.59528],[-17.776856,28.595308],[-17.776861,28.595336],[-17.776866,28.595364],[-17.776871,28.595393],[-17.776874,28.595422],[-17.776877,28.595449],[-17.776878,28.595479],[-17.776879,28.595508],[-17.776878,28.595535],[-17.776877,28.595563],[-17.776874,28.595591],[-17.77687,28.595619],[-17.776866,28.595646],[-17.776862,28.595674],[-17.776858,28.595702],[-17.776854,28.595731],[-17.776851,28.59576],[-17.776848,28.595788],[-17.776847,28.595816],[-17.776846,28.595844],[-17.776847,28.595873],[-17.776848,28.595901],[-17.776852,28.595928],[-17.776856,28.595955],[-17.77686,28.595983],[-17.776864,28.59601],[-17.776865,28.596022],[-17.776868,28.596038],[-17.776872,28.596066],[-17.776875,28.596093],[-17.776878,28.596121],[-17.77688,28.596149],[-17.776877,28.596177],[-17.776874,28.596206],[-17.776869,28.596234],[-17.776863,28.596262],[-17.776858,28.596289],[-17.776854,28.596318],[-17.776849,28.596347],[-17.776843,28.596375],[-17.776837,28.596402],[-17.776828,28.596429],[-17.776816,28.596455],[-17.776803,28.596481],[-17.776792,28.596507],[-17.776779,28.596534],[-17.776765,28.596559],[-17.776751,28.596583],[-17.776737,28.596608],[-17.776724,28.596634],[-17.776712,28.596661],[-17.776701,28.596689],[-17.776691,28.596716],[-17.776689,28.596744],[-17.776691,28.596772],[-17.776693,28.596801],[-17.776695,28.596829],[-17.776696,28.596856],[-17.776696,28.596885],[-17.776696,28.596919],[-17.776694,28.596947],[-17.776692,28.596974],[-17.77669,28.597001],[-17.776686,28.597029],[-17.776683,28.597056],[-17.77668,28.597084],[-17.776675,28.597113],[-17.77667,28.59714],[-17.776664,28.59717],[-17.776658,28.597197],[-17.776654,28.597225],[-17.776657,28.597252],[-17.776667,28.597278],[-17.776678,28.597304],[-17.776693,28.59733],[-17.776713,28.597353],[-17.776733,28.597375],[-17.776757,28.597393],[-17.776784,28.597409],[-17.77681,28.597425],[-17.776834,28.597443],[-17.776849,28.597466],[-17.776863,28.597491],[-17.776874,28.597517],[-17.776884,28.597545],[-17.776891,28.597572],[-17.776896,28.597599],[-17.776901,28.597627],[-17.776906,28.597656],[-17.776909,28.597684],[-17.776911,28.597713],[-17.776914,28.597742],[-17.776916,28.59777],[-17.776919,28.597799],[-17.776922,28.597827],[-17.776925,28.597856],[-17.776928,28.597884],[-17.77693,28.597912],[-17.776932,28.59794],[-17.776935,28.597968],[-17.776938,28.597996],[-17.776939,28.598024],[-17.77694,28.598052],[-17.77694,28.59808],[-17.776941,28.59811],[-17.776941,28.598137],[-17.776942,28.598166],[-17.776942,28.598194],[-17.776942,28.598222],[-17.776943,28.598251],[-17.776952,28.598278],[-17.776962,28.598304],[-17.776976,28.59833],[-17.776992,28.598354],[-17.777008,28.598379],[-17.777022,28.598403],[-17.777036,28.598428],[-17.777042,28.598451],[-17.777036,28.598478],[-17.777025,28.598504],[-17.777007,28.598528],[-17.776984,28.598548],[-17.77696,28.598566],[-17.776937,28.598584],[-17.776915,28.598604],[-17.776889,28.598622],[-17.776867,28.59864],[-17.776847,28.598661],[-17.776827,28.598682],[-17.776804,28.598704],[-17.776783,28.598726],[-17.776764,28.598749],[-17.776744,28.598771],[-17.776722,28.598793],[-17.776699,28.598814],[-17.776678,28.598836],[-17.776657,28.598858],[-17.776636,28.598878],[-17.776616,28.5989],[-17.7766,28.598925],[-17.776583,28.59895],[-17.776569,28.598975],[-17.776555,28.599001],[-17.776539,28.599027],[-17.77652,28.599048],[-17.776499,28.599072],[-17.776481,28.599094],[-17.776462,28.599117],[-17.776442,28.599137],[-17.776422,28.599158],[-17.776401,28.599181],[-17.776382,28.599204],[-17.776366,28.599228],[-17.776353,28.599253],[-17.776339,28.599278],[-17.776325,28.599303],[-17.776311,28.59933],[-17.776298,28.599355],[-17.776284,28.599382],[-17.776273,28.599409],[-17.776263,28.599437],[-17.776251,28.599463],[-17.776239,28.59949],[-17.77623,28.599518],[-17.776221,28.599545],[-17.776212,28.599573],[-17.776203,28.599599],[-17.776192,28.599625],[-17.77618,28.599651],[-17.776169,28.599679],[-17.776158,28.599704],[-17.776142,28.599737],[-17.776133,28.599763],[-17.776124,28.59979],[-17.776116,28.599818],[-17.77611,28.599845],[-17.776105,28.599871],[-17.776099,28.5999],[-17.776095,28.599929],[-17.77609,28.599957],[-17.776085,28.599985],[-17.776081,28.600013],[-17.776076,28.600042],[-17.776072,28.60007],[-17.776067,28.600097],[-17.776063,28.600124],[-17.776057,28.600153],[-17.776051,28.60018],[-17.776047,28.600209],[-17.776042,28.600238],[-17.776037,28.600265],[-17.776033,28.600292],[-17.776029,28.600319],[-17.776027,28.600346],[-17.776027,28.600375],[-17.77603,28.600404],[-17.776033,28.600432],[-17.776037,28.60046],[-17.776042,28.600488],[-17.776046,28.600516],[-17.77605,28.600543],[-17.776054,28.600571],[-17.776059,28.600599],[-17.776064,28.600627],[-17.776068,28.600656],[-17.77607,28.600683],[-17.776071,28.60071],[-17.776071,28.600738],[-17.77607,28.600766],[-17.776068,28.600794],[-17.776066,28.600823],[-17.776065,28.600852],[-17.776065,28.600879],[-17.776065,28.600908],[-17.776065,28.600936],[-17.776065,28.600963],[-17.776064,28.600992],[-17.776062,28.601021],[-17.776057,28.601049],[-17.776051,28.601076],[-17.776041,28.601103],[-17.776031,28.601131],[-17.776022,28.601158],[-17.776012,28.601185],[-17.776,28.601211],[-17.775989,28.601237],[-17.775976,28.601264],[-17.775966,28.60129],[-17.77596,28.601304],[-17.775954,28.601318],[-17.775941,28.601344],[-17.775924,28.601367],[-17.775906,28.601391],[-17.77589,28.601415],[-17.775874,28.601441],[-17.775859,28.601466],[-17.775844,28.60149],[-17.77583,28.601515],[-17.775817,28.601539],[-17.775805,28.601565],[-17.775795,28.601592],[-17.775788,28.60162],[-17.775781,28.601648],[-17.775771,28.601675],[-17.775769,28.601679],[-17.775761,28.601699],[-17.77576,28.601701],[-17.775756,28.601715],[-17.775753,28.601729],[-17.775748,28.601756],[-17.775746,28.601785],[-17.775743,28.601814],[-17.77574,28.601843],[-17.775736,28.60187],[-17.775731,28.601899],[-17.775723,28.601927],[-17.77571,28.601953],[-17.775693,28.601977],[-17.775674,28.602001],[-17.775657,28.602024],[-17.77564,28.602049],[-17.77562,28.602073],[-17.7756,28.602094],[-17.77558,28.602118],[-17.775562,28.60214],[-17.77554,28.60216],[-17.775515,28.60218],[-17.775476,28.602221],[-17.775456,28.602243],[-17.775434,28.602265],[-17.775411,28.602285],[-17.775391,28.602305],[-17.775371,28.602327],[-17.775352,28.602349],[-17.775332,28.602373],[-17.775313,28.602394],[-17.775292,28.602416],[-17.775273,28.602439],[-17.775253,28.602462],[-17.775232,28.602485],[-17.775213,28.602508],[-17.775195,28.602531],[-17.775183,28.602557],[-17.775172,28.602583],[-17.77516,28.60261],[-17.775149,28.602636],[-17.775134,28.602662],[-17.77512,28.602688],[-17.775106,28.602713],[-17.775093,28.602739],[-17.77508,28.602765],[-17.775068,28.602791],[-17.775055,28.602817],[-17.774952,28.603012],[-17.774903,28.603298],[-17.774886,28.603534],[-17.774921,28.603727],[-17.775018,28.603893],[-17.775035,28.603918],[-17.775052,28.603941],[-17.775072,28.603963],[-17.775091,28.603985],[-17.775113,28.604006],[-17.775136,28.604024],[-17.775163,28.604041],[-17.775181,28.604052],[-17.775198,28.604064],[-17.775216,28.604074],[-17.775235,28.604084],[-17.775254,28.604093],[-17.775273,28.604102],[-17.775292,28.60411],[-17.775312,28.604118],[-17.775333,28.604125],[-17.775353,28.604131],[-17.775374,28.604136],[-17.775398,28.604143],[-17.775422,28.604149],[-17.775447,28.604155],[-17.775471,28.60416],[-17.775496,28.604165],[-17.775521,28.604169],[-17.775546,28.604174],[-17.775571,28.604177],[-17.775596,28.60418],[-17.775621,28.604183],[-17.775646,28.604186],[-17.775676,28.604193],[-17.775705,28.604204],[-17.775733,28.604218],[-17.775758,28.604235],[-17.775782,28.604254],[-17.775805,28.604273],[-17.775828,28.604294],[-17.77585,28.604315],[-17.775871,28.604335],[-17.775892,28.604355],[-17.775913,28.604375],[-17.775934,28.604397],[-17.775956,28.604417],[-17.775976,28.604438],[-17.775997,28.604458],[-17.77602,28.604478],[-17.776044,28.604497],[-17.776067,28.604515],[-17.776093,28.604531],[-17.776119,28.604547],[-17.776146,28.604562],[-17.776173,28.604575],[-17.776196,28.604587],[-17.77622,28.604597],[-17.776245,28.604606],[-17.776269,28.604615],[-17.776295,28.604622],[-17.776321,28.604627],[-17.776332,28.604629],[-17.776346,28.604632],[-17.776361,28.604634],[-17.776373,28.604635],[-17.776426,28.604638],[-17.776484,28.604639],[-17.776705,28.604733],[-17.77671,28.604834],[-17.776717,28.604906],[-17.776721,28.604933],[-17.776731,28.604959],[-17.776747,28.604983],[-17.776765,28.605005],[-17.77678,28.605018],[-17.776794,28.605032],[-17.776807,28.605046],[-17.77682,28.605061],[-17.776832,28.605076],[-17.776843,28.605092],[-17.776853,28.605108],[-17.776863,28.605125],[-17.776871,28.605141],[-17.776879,28.605158],[-17.776886,28.605176],[-17.776893,28.605203],[-17.776897,28.60523],[-17.7769,28.605258],[-17.7769,28.605285],[-17.776901,28.605312],[-17.776898,28.605428],[-17.776885,28.605532],[-17.776872,28.605613],[-17.776863,28.605641],[-17.776853,28.605667],[-17.776802,28.605731],[-17.776779,28.605749],[-17.776741,28.605784],[-17.776701,28.605816],[-17.776652,28.605847],[-17.776603,28.605867],[-17.776483,28.605904],[-17.776692,28.606407],[-17.776876,28.606319],[-17.776969,28.606281],[-17.777001,28.606326],[-17.777011,28.606347],[-17.777013,28.60635],[-17.777027,28.606368],[-17.777027,28.606369],[-17.777063,28.606437],[-17.77707,28.606452],[-17.777115,28.606535],[-17.777118,28.606551],[-17.777108,28.606562],[-17.777044,28.606595],[-17.776955,28.60664],[-17.776929,28.606661],[-17.776921,28.606672],[-17.776916,28.606686],[-17.776918,28.606739],[-17.776945,28.606846],[-17.776972,28.606944],[-17.77699,28.607008],[-17.777008,28.607041],[-17.77703,28.607066],[-17.777083,28.607108],[-17.77713,28.607164],[-17.77715,28.607198],[-17.777161,28.607236],[-17.777167,28.60732],[-17.777162,28.607361],[-17.777141,28.607432],[-17.777097,28.607522],[-17.777055,28.607612],[-17.777021,28.607689],[-17.776988,28.607785],[-17.776961,28.607846],[-17.776944,28.60789],[-17.776913,28.607989],[-17.776905,28.608045],[-17.776909,28.6081],[-17.776924,28.608147],[-17.776949,28.608193],[-17.777017,28.608271],[-17.777085,28.608345],[-17.777144,28.608402],[-17.777201,28.608443],[-17.777301,28.608504],[-17.77734,28.608542],[-17.77736,28.608574],[-17.777372,28.608611],[-17.777376,28.608674],[-17.777373,28.608692],[-17.777358,28.608728],[-17.777302,28.608788],[-17.777273,28.60882],[-17.777244,28.608869],[-17.777237,28.608904],[-17.777239,28.608941],[-17.777267,28.60903],[-17.7773,28.609133],[-17.777333,28.609223],[-17.777358,28.609298],[-17.777379,28.609395],[-17.77739,28.609485],[-17.777403,28.609539],[-17.77744,28.609628],[-17.77748,28.609713],[-17.777523,28.609788],[-17.777578,28.609865],[-17.777629,28.609931],[-17.777702,28.610001],[-17.777762,28.610055],[-17.77784,28.610115],[-17.777934,28.610193],[-17.77801,28.610266],[-17.77804,28.610298],[-17.778069,28.610348],[-17.778084,28.610408],[-17.778104,28.610499],[-17.778124,28.610577],[-17.778144,28.610605],[-17.778166,28.610618],[-17.778276,28.610639],[-17.778388,28.61067],[-17.778446,28.610691],[-17.778516,28.610731],[-17.778545,28.610755],[-17.77857,28.610774],[-17.7786,28.610811],[-17.778636,28.610861],[-17.778652,28.610906],[-17.778658,28.610982],[-17.778654,28.611019],[-17.778639,28.611078],[-17.778631,28.611181],[-17.778633,28.61122],[-17.778634,28.611283],[-17.778639,28.611375],[-17.778641,28.611436],[-17.778651,28.611552],[-17.778651,28.611556],[-17.778657,28.611621],[-17.778662,28.611635],[-17.778696,28.611718],[-17.778739,28.611809],[-17.778765,28.611859],[-17.778788,28.611889],[-17.778849,28.611941],[-17.778945,28.611999],[-17.779021,28.612049],[-17.779128,28.612107],[-17.7792,28.612146],[-17.779214,28.612157],[-17.779318,28.612319],[-17.779319,28.612403],[-17.7793,28.612472],[-17.779264,28.612541],[-17.779219,28.612595],[-17.779162,28.612656],[-17.779129,28.612707],[-17.779118,28.612731],[-17.779117,28.612776],[-17.779129,28.612833],[-17.779164,28.612934],[-17.779177,28.613041],[-17.779196,28.613108],[-17.779223,28.61317],[-17.77928,28.613258],[-17.779313,28.613319],[-17.77934,28.613413],[-17.779369,28.613522],[-17.779395,28.613624],[-17.779422,28.613691],[-17.779473,28.613773],[-17.779549,28.613861],[-17.779607,28.613924],[-17.779654,28.61401],[-17.779694,28.614096],[-17.779731,28.614152],[-17.779781,28.614203],[-17.77983,28.61425],[-17.779871,28.614304],[-17.779906,28.614361],[-17.779943,28.614462],[-17.779981,28.614566],[-17.780004,28.614664],[-17.78002,28.614763],[-17.780024,28.614858],[-17.780021,28.614964],[-17.780008,28.615039],[-17.779983,28.615102],[-17.779946,28.615158],[-17.779885,28.615228],[-17.779797,28.615303],[-17.779716,28.615365],[-17.779631,28.61543],[-17.779552,28.615491],[-17.779469,28.615565],[-17.779441,28.615599],[-17.779421,28.615636],[-17.779388,28.61574],[-17.779365,28.615824],[-17.779347,28.615919],[-17.779326,28.616011],[-17.779301,28.616105],[-17.77922,28.616333],[-17.779205,28.616393],[-17.77929,28.616553],[-17.77933,28.616605],[-17.77938,28.616654],[-17.779463,28.616714],[-17.779556,28.616775],[-17.779646,28.616832],[-17.779694,28.616855],[-17.779764,28.616878],[-17.779862,28.616892],[-17.779965,28.616902],[-17.780039,28.616918],[-17.780102,28.616943],[-17.780202,28.616992],[-17.780241,28.617014],[-17.780258,28.617026],[-17.780282,28.617058],[-17.780293,28.617102],[-17.780297,28.617204],[-17.780298,28.61731],[-17.780303,28.617423],[-17.780307,28.617481],[-17.780325,28.617582],[-17.780329,28.617662],[-17.780321,28.61775],[-17.780298,28.617844],[-17.780271,28.617934],[-17.780247,28.618025],[-17.78023,28.618115],[-17.780207,28.618227],[-17.780191,28.618317],[-17.78017,28.61843],[-17.780156,28.618514],[-17.780137,28.618567],[-17.780102,28.61862],[-17.78008,28.618644],[-17.780022,28.618685],[-17.779957,28.618719],[-17.779841,28.61877],[-17.779757,28.618816],[-17.779671,28.61887],[-17.779623,28.618906],[-17.779606,28.618926],[-17.779584,28.618952],[-17.779566,28.618982],[-17.779562,28.619014],[-17.779569,28.619047],[-17.779584,28.619078],[-17.779662,28.619157],[-17.779742,28.619239],[-17.779826,28.619308],[-17.779922,28.619363],[-17.780011,28.619411],[-17.78011,28.619456],[-17.780221,28.619492],[-17.780335,28.619537],[-17.780427,28.619587],[-17.780511,28.619647],[-17.780568,28.619696],[-17.780632,28.619768],[-17.780714,28.619848],[-17.780725,28.619866],[-17.780738,28.61991],[-17.780734,28.619956],[-17.780712,28.62002],[-17.780656,28.620116],[-17.780603,28.620214],[-17.780571,28.620269],[-17.780531,28.620362],[-17.780517,28.62042],[-17.780512,28.620513],[-17.780505,28.620622],[-17.78049,28.62073],[-17.780492,28.620809],[-17.780503,28.620829],[-17.780519,28.620853],[-17.780538,28.620875],[-17.78056,28.620894],[-17.780581,28.620914],[-17.780597,28.620938],[-17.780608,28.620965],[-17.780615,28.620992],[-17.780617,28.621019],[-17.780616,28.621047],[-17.780614,28.621075],[-17.780611,28.621102],[-17.780602,28.621128],[-17.78059,28.621154],[-17.780573,28.621177],[-17.780554,28.6212],[-17.780539,28.621224],[-17.780532,28.621251],[-17.780534,28.621275],[-17.780547,28.621298],[-17.780572,28.621316],[-17.780597,28.621331],[-17.780626,28.621344],[-17.780626,28.621344],[-17.780643,28.621351],[-17.780654,28.621356],[-17.780681,28.621368],[-17.780711,28.621377],[-17.780736,28.621395],[-17.780756,28.621417],[-17.780775,28.62144],[-17.780792,28.621464],[-17.780808,28.621488],[-17.780827,28.621511],[-17.780846,28.621535],[-17.780865,28.621557],[-17.780885,28.621579],[-17.780886,28.62158],[-17.780906,28.621601],[-17.780923,28.621623],[-17.780937,28.621644],[-17.78094,28.621666],[-17.780931,28.621692],[-17.780919,28.621713],[-17.780917,28.621716],[-17.7809,28.62174],[-17.780884,28.621764],[-17.780866,28.621786],[-17.780848,28.621808],[-17.780829,28.621831],[-17.780809,28.621853],[-17.780788,28.621874],[-17.780767,28.621893],[-17.780744,28.621914],[-17.78073,28.621936],[-17.780725,28.621962],[-17.780726,28.621991],[-17.780729,28.622018],[-17.780736,28.622045],[-17.780747,28.622071],[-17.780766,28.622093],[-17.780787,28.622113],[-17.780804,28.622136],[-17.780821,28.622159],[-17.780839,28.622181],[-17.780858,28.622204],[-17.780877,28.622228],[-17.780892,28.622252],[-17.780903,28.622279],[-17.78091,28.622306],[-17.780912,28.622334],[-17.780908,28.622361],[-17.780899,28.622388],[-17.780887,28.622414],[-17.78087,28.622436],[-17.78085,28.622458],[-17.780828,28.622478],[-17.780805,28.622498],[-17.780782,28.622518],[-17.780757,28.622535],[-17.780734,28.622555],[-17.780715,28.622576],[-17.780701,28.622601],[-17.78069,28.622627],[-17.780683,28.622653],[-17.780678,28.62268],[-17.780675,28.622707],[-17.780674,28.622736],[-17.780673,28.622763],[-17.780672,28.62279],[-17.780672,28.622817],[-17.780673,28.622845],[-17.780678,28.622874],[-17.780689,28.622901],[-17.780701,28.622927],[-17.780719,28.622949],[-17.780742,28.622968],[-17.780766,28.622985],[-17.78079,28.623002],[-17.780816,28.62302],[-17.78084,28.623038],[-17.780864,28.623057],[-17.780889,28.623075],[-17.780912,28.623094],[-17.780933,28.623116],[-17.78095,28.623139],[-17.780966,28.623163],[-17.780984,28.623187],[-17.780999,28.623212],[-17.781013,28.623237],[-17.781031,28.623261],[-17.781051,28.623284],[-17.781071,28.623307],[-17.781091,28.623328],[-17.78111,28.623351],[-17.781127,28.623374],[-17.781143,28.623399],[-17.78116,28.623422],[-17.781177,28.623446],[-17.781192,28.623469],[-17.781205,28.623495],[-17.781215,28.623522],[-17.781222,28.62355],[-17.781229,28.623578],[-17.781234,28.623606],[-17.781238,28.623633],[-17.78124,28.623662],[-17.78124,28.62369],[-17.78124,28.623718],[-17.781238,28.623746],[-17.781238,28.623773],[-17.781238,28.6238],[-17.781236,28.623828],[-17.781235,28.623855],[-17.781232,28.623883],[-17.781228,28.623911],[-17.781225,28.62394],[-17.781223,28.623968],[-17.781221,28.623996],[-17.78122,28.624024],[-17.781219,28.624051],[-17.781217,28.62408],[-17.78121,28.624118],[-17.781208,28.624229],[-17.781194,28.624313],[-17.781155,28.624382],[-17.781102,28.624448],[-17.78104,28.624496],[-17.78095,28.624553],[-17.780874,28.624624],[-17.780818,28.624694],[-17.780789,28.624761],[-17.780749,28.624849],[-17.780716,28.624939],[-17.78068,28.625025],[-17.780668,28.625134],[-17.780691,28.625269],[-17.780704,28.625345],[-17.780774,28.625352],[-17.780785,28.625379],[-17.780811,28.625496],[-17.780839,28.625706],[-17.780842,28.625802],[-17.780799,28.625901],[-17.780755,28.626068],[-17.780697,28.626261],[-17.780667,28.626437],[-17.780617,28.626574],[-17.78058,28.626686],[-17.780564,28.626744],[-17.780515,28.626801],[-17.780422,28.626812],[-17.780405,28.626865],[-17.780412,28.627006],[-17.78044,28.627069],[-17.780469,28.627143],[-17.780363,28.627414],[-17.780332,28.627518],[-17.780317,28.627568],[-17.780283,28.627691],[-17.780266,28.627776],[-17.780259,28.627845],[-17.780262,28.627895],[-17.780286,28.627956],[-17.780324,28.628073],[-17.78032,28.628133],[-17.780293,28.628228],[-17.780266,28.628324],[-17.780262,28.628405],[-17.780241,28.628505],[-17.780216,28.628579],[-17.780178,28.628656],[-17.780118,28.628731],[-17.780073,28.628753],[-17.780003,28.628783],[-17.779991,28.628805],[-17.779999,28.628837],[-17.780043,28.62887],[-17.78009,28.628907],[-17.780117,28.628951],[-17.780122,28.628988],[-17.780116,28.629017],[-17.780081,28.629121],[-17.780073,28.629167],[-17.780075,28.62923],[-17.780085,28.629268],[-17.780124,28.62936],[-17.780162,28.629427],[-17.780222,28.629511],[-17.780277,28.629606],[-17.780332,28.629687],[-17.780406,28.629772],[-17.780482,28.629864],[-17.780556,28.629936],[-17.780615,28.629991],[-17.780652,28.630036],[-17.780677,28.630086],[-17.780701,28.630182],[-17.780706,28.630225],[-17.78071,28.630265],[-17.780713,28.63037],[-17.780714,28.630464],[-17.780714,28.630472],[-17.780702,28.630574],[-17.780695,28.630656],[-17.780696,28.630754],[-17.780685,28.630793],[-17.78065,28.630856],[-17.780582,28.630944],[-17.780541,28.630996],[-17.780523,28.631019],[-17.780449,28.631113],[-17.780383,28.631193],[-17.78031,28.63129],[-17.78024,28.631387],[-17.780192,28.631469],[-17.780131,28.631569],[-17.780093,28.63165],[-17.780045,28.631756],[-17.779995,28.631861],[-17.779951,28.631966],[-17.779911,28.632061],[-17.779871,28.63217],[-17.779832,28.632257],[-17.779791,28.632361],[-17.779753,28.632456],[-17.779704,28.632558],[-17.779686,28.632614],[-17.779674,28.632651],[-17.779666,28.632683],[-17.779652,28.63274],[-17.779625,28.632847],[-17.779601,28.632939],[-17.779589,28.633013],[-17.779577,28.633119],[-17.779563,28.633213],[-17.779541,28.633319],[-17.779517,28.633414],[-17.779501,28.633526],[-17.77949,28.633624],[-17.779479,28.633735],[-17.779473,28.633832],[-17.779468,28.63393],[-17.779469,28.63402],[-17.779469,28.634054],[-17.779468,28.634092],[-17.779457,28.634183],[-17.779454,28.634232],[-17.779455,28.634327],[-17.779457,28.634422],[-17.779457,28.634514],[-17.779465,28.634611],[-17.779472,28.634708],[-17.779476,28.6348],[-17.779486,28.634898],[-17.779509,28.634994],[-17.779523,28.635087],[-17.779533,28.635179],[-17.779546,28.635269],[-17.779555,28.635366],[-17.779573,28.635425],[-17.779603,28.635475],[-17.779632,28.635507],[-17.779667,28.635528],[-17.779706,28.635541],[-17.779788,28.63554],[-17.779884,28.635522],[-17.779949,28.6355],[-17.780021,28.635455],[-17.780086,28.635402],[-17.78016,28.635339],[-17.780237,28.635261],[-17.780309,28.635189],[-17.780389,28.635127],[-17.780475,28.635068],[-17.780558,28.635016],[-17.780654,28.634965],[-17.780732,28.634929],[-17.78083,28.634891],[-17.78092,28.634866],[-17.781008,28.634864],[-17.781052,28.63487],[-17.781123,28.634901],[-17.781173,28.634933],[-17.781204,28.634965],[-17.781231,28.635014],[-17.781244,28.635054],[-17.781249,28.635146],[-17.781249,28.635239],[-17.78124,28.63531],[-17.781219,28.635408],[-17.781191,28.635497],[-17.781151,28.635581],[-17.781105,28.635668],[-17.78108,28.635726],[-17.781043,28.635818],[-17.781012,28.635879],[-17.780967,28.635966],[-17.780937,28.636036],[-17.780928,28.636097],[-17.780926,28.636174],[-17.78094,28.636195],[-17.780966,28.636208],[-17.781029,28.636218],[-17.781123,28.636225],[-17.781236,28.636228],[-17.781354,28.636231],[-17.781467,28.63623],[-17.781573,28.636229],[-17.781682,28.636223],[-17.781792,28.636203],[-17.781895,28.636188],[-17.782001,28.636186],[-17.782044,28.636193],[-17.782072,28.636207],[-17.782108,28.63624],[-17.782126,28.63627],[-17.782127,28.636299],[-17.782114,28.636336],[-17.782058,28.636411],[-17.781992,28.636488],[-17.781934,28.636572],[-17.781918,28.636608],[-17.781919,28.636641],[-17.78193,28.636657],[-17.78195,28.636668],[-17.782002,28.636669],[-17.782062,28.63666],[-17.782142,28.636634],[-17.782244,28.636612],[-17.782324,28.63661],[-17.782408,28.636616],[-17.782427,28.636616],[-17.782496,28.636615],[-17.782534,28.636606],[-17.782553,28.636598],[-17.782634,28.636563],[-17.782698,28.636542],[-17.782734,28.636538],[-17.78277,28.636551],[-17.782784,28.636564],[-17.782794,28.636587],[-17.782794,28.63668],[-17.782788,28.63677],[-17.782777,28.636801],[-17.782727,28.636853],[-17.782654,28.636936],[-17.782624,28.636999],[-17.782639,28.637077],[-17.782622,28.637113],[-17.782601,28.637146],[-17.78255,28.637205],[-17.782502,28.637261],[-17.78248,28.637308],[-17.782475,28.637338],[-17.782477,28.63737],[-17.782492,28.637397],[-17.782514,28.637416],[-17.782543,28.637428],[-17.782594,28.637439],[-17.782705,28.637435],[-17.782814,28.637409],[-17.78286,28.637398],[-17.7829,28.637393],[-17.782913,28.637393],[-17.782951,28.637394],[-17.783042,28.637393],[-17.78314,28.637383],[-17.783244,28.63737],[-17.78332,28.637357],[-17.783368,28.637339],[-17.78347,28.637302],[-17.783539,28.637265],[-17.783631,28.637202],[-17.783717,28.637141],[-17.7838,28.637081],[-17.783888,28.637028],[-17.783928,28.637013],[-17.784006,28.637008],[-17.784051,28.637015],[-17.784077,28.637026],[-17.78415,28.637067],[-17.784228,28.63711],[-17.784322,28.637152],[-17.784421,28.637192],[-17.784507,28.637212],[-17.78461,28.637231],[-17.78472,28.637258],[-17.78482,28.63728],[-17.78493,28.637303],[-17.785032,28.637323],[-17.785081,28.637325],[-17.785131,28.637319],[-17.785184,28.637297],[-17.785273,28.637237],[-17.785314,28.637218],[-17.785397,28.63726],[-17.785622,28.637364],[-17.785778,28.637419],[-17.785831,28.637418],[-17.785847,28.637422],[-17.785879,28.637454],[-17.785949,28.637523],[-17.786017,28.637598],[-17.78605,28.637659],[-17.786101,28.637742],[-17.786151,28.637827],[-17.786197,28.637912],[-17.786232,28.637995],[-17.786267,28.638087],[-17.786302,28.638178],[-17.786337,28.638265],[-17.786378,28.638352],[-17.786421,28.638446],[-17.786458,28.638538],[-17.786503,28.638631],[-17.786554,28.638726],[-17.786601,28.638809],[-17.786644,28.638892],[-17.786688,28.638982],[-17.78673,28.639076],[-17.786767,28.639169],[-17.786805,28.639243],[-17.786829,28.639282],[-17.786864,28.639321],[-17.786889,28.639335],[-17.786948,28.639348],[-17.787049,28.639359],[-17.787157,28.639371],[-17.787259,28.639371],[-17.787287,28.639382],[-17.787304,28.639401],[-17.78732,28.63948],[-17.787324,28.63958],[-17.787328,28.639671],[-17.787342,28.639746],[-17.787363,28.639806],[-17.787398,28.639868],[-17.787443,28.63995],[-17.787464,28.639997],[-17.787466,28.640051],[-17.787471,28.640062],[-17.787416,28.640092],[-17.787429,28.640121],[-17.787443,28.640137],[-17.787425,28.640204],[-17.787394,28.640284],[-17.787339,28.640371],[-17.787332,28.640421],[-17.787334,28.640462],[-17.787353,28.640512],[-17.787398,28.640601],[-17.787452,28.640684],[-17.787481,28.640751],[-17.787494,28.640812],[-17.787496,28.640904],[-17.787502,28.640997],[-17.787519,28.64105],[-17.787548,28.64109],[-17.787584,28.641118],[-17.787594,28.641136],[-17.787617,28.641127],[-17.787633,28.641144],[-17.787644,28.641159],[-17.78767,28.641179],[-17.787729,28.641233],[-17.787765,28.641287],[-17.787809,28.641373],[-17.78785,28.641466],[-17.787882,28.641555],[-17.787902,28.641597],[-17.787934,28.641633],[-17.787974,28.641667],[-17.788045,28.641708],[-17.788073,28.641727],[-17.788082,28.641743],[-17.788084,28.641806],[-17.788074,28.641831],[-17.788032,28.641866],[-17.787943,28.641922],[-17.787853,28.64198],[-17.787795,28.642018],[-17.787719,28.642081],[-17.787638,28.642156],[-17.787606,28.642205],[-17.787554,28.642289],[-17.787537,28.642335],[-17.787531,28.642401],[-17.787535,28.642438],[-17.787561,28.642498],[-17.78757,28.642533],[-17.787567,28.642565],[-17.787549,28.642598],[-17.787493,28.642648],[-17.787474,28.64269],[-17.787474,28.642756],[-17.787479,28.642854],[-17.787493,28.642893],[-17.787519,28.642931],[-17.787557,28.642964],[-17.787556,28.64298],[-17.78759,28.642983],[-17.787604,28.643041],[-17.787604,28.643042],[-17.787605,28.643044],[-17.787612,28.643047],[-17.787685,28.64308],[-17.787777,28.643115],[-17.787872,28.643151],[-17.787971,28.643184],[-17.788075,28.643218],[-17.788162,28.643258],[-17.78823,28.643293],[-17.788317,28.643349],[-17.788366,28.643391],[-17.788435,28.64346],[-17.788452,28.643488],[-17.788486,28.643581],[-17.788514,28.643668],[-17.788546,28.643761],[-17.788584,28.643855],[-17.788635,28.643947],[-17.788693,28.644029],[-17.788741,28.6441],[-17.788792,28.644186],[-17.78884,28.64428],[-17.788881,28.644365],[-17.788929,28.644456],[-17.788981,28.644546],[-17.789032,28.644628],[-17.789083,28.64471],[-17.789125,28.64476],[-17.789197,28.644837],[-17.789266,28.644905],[-17.789265,28.644902],[-17.789318,28.644963],[-17.789392,28.645052],[-17.789454,28.645126],[-17.789519,28.645198],[-17.789544,28.645233],[-17.789554,28.645268],[-17.789555,28.645341],[-17.789541,28.645435],[-17.789543,28.645473],[-17.789555,28.645506],[-17.789588,28.645553],[-17.789652,28.645604],[-17.78974,28.645666],[-17.789835,28.645724],[-17.789931,28.64579],[-17.790023,28.645862],[-17.790065,28.645886],[-17.790086,28.645895],[-17.790152,28.645937],[-17.790239,28.646],[-17.790269,28.646033],[-17.790292,28.646076],[-17.790314,28.646154],[-17.790335,28.646259],[-17.790341,28.646349],[-17.790351,28.646461],[-17.790361,28.646554],[-17.790365,28.646578],[-17.790374,28.646626],[-17.790392,28.646666],[-17.790417,28.646703],[-17.790459,28.646754],[-17.79054,28.646834],[-17.790622,28.646918],[-17.790688,28.646988],[-17.790756,28.647066],[-17.790789,28.647114],[-17.790813,28.647148],[-17.790873,28.647238],[-17.79093,28.647335],[-17.790961,28.647395],[-17.790977,28.647427],[-17.791021,28.647518],[-17.791048,28.647556],[-17.791095,28.647603],[-17.791163,28.647654],[-17.791226,28.64771],[-17.79127,28.647767],[-17.791329,28.647823],[-17.791372,28.647885],[-17.791468,28.648115],[-17.791584,28.648213],[-17.791633,28.648386],[-17.791671,28.648524],[-17.791714,28.648655],[-17.791737,28.648668],[-17.791771,28.648667],[-17.791837,28.648644],[-17.791942,28.648609],[-17.792025,28.648601],[-17.792099,28.648619],[-17.792157,28.648662],[-17.792261,28.648773],[-17.79242,28.648995],[-17.79251,28.649082],[-17.792681,28.6492],[-17.792798,28.649344],[-17.792952,28.649672],[-17.793031,28.649755],[-17.7932,28.649943],[-17.793314,28.650047],[-17.793392,28.650093],[-17.793581,28.650183],[-17.793592,28.650188]]},"properties":{"clase":"canal","origen":"Canal LP-I","nombre":"CANAL LA PALMA I","tipo_red":"RED BÁSICA","codigo":"CT000283"}},{"type":"Feature","geometry":{"type":"MultiLineString","coordinates":[[[-17.856352,28.48065],[-17.85635,28.480676],[-17.856375,28.48069]],[[-17.856375,28.48069],[-17.8564,28.480703],[-17.856425,28.480689]],[[-17.85626,28.481326],[-17.856231,28.481334],[-17.856225,28.481358]],[[-17.856225,28.481358],[-17.856139,28.481342],[-17.856077,28.481317],[-17.856038,28.481279],[-17.856015,28.481212],[-17.856012,28.481108],[-17.856066,28.481031],[-17.856185,28.480943],[-17.856283,28.48084],[-17.856375,28.48069]],[[-17.856225,28.481358],[-17.85622,28.481383],[-17.856243,28.4814]]]},"properties":{"clase":"canal","origen":"Canal LP-I","nombre":"CANAL LA PALMA I","tipo_red":"RED BÁSICA","codigo":"CT000284"}},{"type":"Feature","geometry":{"type":"LineString","coordinates":[[-17.864019,28.508838],[-17.863931,28.508594],[-17.863919,28.508545],[-17.863918,28.508507],[-17.863916,28.508458],[-17.86389,28.508395],[-17.863844,28.508317],[-17.863824,28.508262],[-17.863821,28.508223],[-17.863825,28.508195],[-17.863831,28.508166],[-17.863839,28.508139],[-17.863848,28.508111],[-17.863864,28.508058],[-17.863883,28.507927],[-17.8639,28.507836],[-17.863914,28.507809],[-17.863932,28.507784],[-17.863959,28.507749],[-17.863981,28.50772],[-17.863992,28.507694],[-17.863993,28.507663],[-17.863988,28.507634],[-17.863978,28.507606],[-17.863943,28.507495],[-17.863936,28.507447],[-17.863935,28.50742],[-17.863935,28.507391],[-17.863936,28.507323],[-17.863928,28.507231],[-17.863907,28.507159],[-17.863876,28.507076],[-17.863875,28.507033],[-17.863883,28.507006],[-17.863891,28.50698],[-17.863903,28.506952],[-17.86392,28.506928],[-17.863941,28.50691],[-17.863999,28.506839],[-17.864005,28.506809],[-17.864,28.506777],[-17.86399,28.506747],[-17.863937,28.50666],[-17.863892,28.506572],[-17.86384,28.506413],[-17.863795,28.506337],[-17.863737,28.506282],[-17.863685,28.50626],[-17.863621,28.506249],[-17.863519,28.506235],[-17.863426,28.506221],[-17.863361,28.506192],[-17.863285,28.506133],[-17.863234,28.506075],[-17.863158,28.505936],[-17.863097,28.505776],[-17.863133,28.505746],[-17.863161,28.505723],[-17.863189,28.505699],[-17.863242,28.505655],[-17.863261,28.505626],[-17.863272,28.505599],[-17.863277,28.505572],[-17.863274,28.505541],[-17.863267,28.505514],[-17.863257,28.505486],[-17.863245,28.505457],[-17.863233,28.505429],[-17.863222,28.505401],[-17.863218,28.505374],[-17.863219,28.505346],[-17.863224,28.505317],[-17.863235,28.505289],[-17.863246,28.505261],[-17.863266,28.505236],[-17.863287,28.505211],[-17.863366,28.505083],[-17.863383,28.505047],[-17.863391,28.505019],[-17.863396,28.504989],[-17.863395,28.504961],[-17.863387,28.504932],[-17.863316,28.504779],[-17.863263,28.504657],[-17.863159,28.504437],[-17.863126,28.504332],[-17.863129,28.504289],[-17.863137,28.504261],[-17.863149,28.504233],[-17.863227,28.504065],[-17.86326,28.503977],[-17.863265,28.503932],[-17.863265,28.503902],[-17.86326,28.503868],[-17.863231,28.503734],[-17.863216,28.503698],[-17.863165,28.50358],[-17.863145,28.503493],[-17.863132,28.503406],[-17.863085,28.503341],[-17.86301,28.503278],[-17.862778,28.503105],[-17.862755,28.50307],[-17.862638,28.502905],[-17.86252,28.502792],[-17.862434,28.502658],[-17.862411,28.502507],[-17.862413,28.502422],[-17.862335,28.502205],[-17.862247,28.501953],[-17.862216,28.501849],[-17.862214,28.501834],[-17.862211,28.501798],[-17.862206,28.501736],[-17.862185,28.501663],[-17.862133,28.501565],[-17.862111,28.501461],[-17.862082,28.501368],[-17.86205,28.50131],[-17.862048,28.501306],[-17.862035,28.50129],[-17.861958,28.501198],[-17.861812,28.501022],[-17.861805,28.501014],[-17.861679,28.500887],[-17.86164,28.500821],[-17.861522,28.500581],[-17.86148,28.50047],[-17.861457,28.500346],[-17.861453,28.500329],[-17.861447,28.500312],[-17.86144,28.500296],[-17.861431,28.50028],[-17.86142,28.500266],[-17.861408,28.500252],[-17.861395,28.500239],[-17.86138,28.500228],[-17.861364,28.500218],[-17.861346,28.500209],[-17.861328,28.500202],[-17.861238,28.500167],[-17.861115,28.500109],[-17.861016,28.500069],[-17.860943,28.500032],[-17.860895,28.499976],[-17.860859,28.499912],[-17.860846,28.499848],[-17.860822,28.499721],[-17.860814,28.499695],[-17.860806,28.49967],[-17.860796,28.499644],[-17.860785,28.499619],[-17.860774,28.499595],[-17.860761,28.49957],[-17.860748,28.499547],[-17.860733,28.499523],[-17.860718,28.4995],[-17.860702,28.499478],[-17.860685,28.499456],[-17.860634,28.499402],[-17.86062,28.499385],[-17.860607,28.499368],[-17.860595,28.49935],[-17.860583,28.499331],[-17.860573,28.499313],[-17.860564,28.499293],[-17.860555,28.499274],[-17.860548,28.499254],[-17.860542,28.499234],[-17.860536,28.499213],[-17.860532,28.499193],[-17.860527,28.499123],[-17.860514,28.499046],[-17.860495,28.498933],[-17.860495,28.498832],[-17.860503,28.498712],[-17.860517,28.498613],[-17.860516,28.498567],[-17.860495,28.498531],[-17.860391,28.498415],[-17.860363,28.498385],[-17.860239,28.498292],[-17.860143,28.498199],[-17.860117,28.498143],[-17.860078,28.497978],[-17.860052,28.497879],[-17.860003,28.497706],[-17.859975,28.497537],[-17.859951,28.497462],[-17.859934,28.497432],[-17.859921,28.497408],[-17.85987,28.497348],[-17.859844,28.49733],[-17.859812,28.497318],[-17.859782,28.497308],[-17.859751,28.497297],[-17.859721,28.497286],[-17.859691,28.497273],[-17.859664,28.497259],[-17.859639,28.497241],[-17.859621,28.497219],[-17.859616,28.497195],[-17.859615,28.497167],[-17.859617,28.497138],[-17.859615,28.497109],[-17.85961,28.49708],[-17.859606,28.497049],[-17.859601,28.497021],[-17.859598,28.496991],[-17.859596,28.496962],[-17.859593,28.496932],[-17.859593,28.496927],[-17.859591,28.4969],[-17.859583,28.496728],[-17.859566,28.496538],[-17.859548,28.496409],[-17.859546,28.4964],[-17.859544,28.496384],[-17.85952,28.496247],[-17.859479,28.496081],[-17.859473,28.496038],[-17.859474,28.495947],[-17.859465,28.495878],[-17.859453,28.495797],[-17.859457,28.495765],[-17.859464,28.495735],[-17.859473,28.495708],[-17.859482,28.495681],[-17.859492,28.495652],[-17.859499,28.495624],[-17.859502,28.495594],[-17.859498,28.495565],[-17.85949,28.495535],[-17.859479,28.495508],[-17.859424,28.495377],[-17.85934,28.495159],[-17.859281,28.495011],[-17.859256,28.494921],[-17.859253,28.49488],[-17.859259,28.494843],[-17.859277,28.494806],[-17.859362,28.494711],[-17.859377,28.494676],[-17.859387,28.49464],[-17.85939,28.494603],[-17.859385,28.494567],[-17.859364,28.49451],[-17.859321,28.494456],[-17.859242,28.494403],[-17.859185,28.494356],[-17.859162,28.494318],[-17.859152,28.49428],[-17.859143,28.494242],[-17.859136,28.494203],[-17.859132,28.494161],[-17.85913,28.494125],[-17.859137,28.494085],[-17.859153,28.494047],[-17.859164,28.494009],[-17.85917,28.49397],[-17.85917,28.493931],[-17.859169,28.493895],[-17.859163,28.49374],[-17.859148,28.493706],[-17.859124,28.493673],[-17.859045,28.493571],[-17.859019,28.493505],[-17.859007,28.493431],[-17.859017,28.493399],[-17.859036,28.493365],[-17.859054,28.493331],[-17.859104,28.493216],[-17.859119,28.49316],[-17.859123,28.493118],[-17.859124,28.493076],[-17.859116,28.493015],[-17.859092,28.492934],[-17.85906,28.492851],[-17.859052,28.492831],[-17.858967,28.492713],[-17.858873,28.492575],[-17.858849,28.492514],[-17.858842,28.492477],[-17.858837,28.492395],[-17.858839,28.492332],[-17.858842,28.492289],[-17.858844,28.492222],[-17.858844,28.49221],[-17.858841,28.492169],[-17.858828,28.492131],[-17.858812,28.492094],[-17.858771,28.491985],[-17.858762,28.491937],[-17.858763,28.491921],[-17.858766,28.491893],[-17.858767,28.491874],[-17.858815,28.491675],[-17.858819,28.491656],[-17.85885,28.491508],[-17.858845,28.491412],[-17.858777,28.491367],[-17.858637,28.491218],[-17.858598,28.491116],[-17.858546,28.491036],[-17.858443,28.490875],[-17.858341,28.490621],[-17.85822,28.490509],[-17.858036,28.490271],[-17.857913,28.490025],[-17.857786,28.489836],[-17.857768,28.48981],[-17.857749,28.489784],[-17.857729,28.489759],[-17.857708,28.489735],[-17.857685,28.489712],[-17.857661,28.48969],[-17.857636,28.489669],[-17.85761,28.489649],[-17.857583,28.48963],[-17.857555,28.489612],[-17.857526,28.489596],[-17.857365,28.489487],[-17.857357,28.489482],[-17.85735,28.489477],[-17.857343,28.489471],[-17.857337,28.489465],[-17.857331,28.489459],[-17.857325,28.489453],[-17.85732,28.489446],[-17.857315,28.489439],[-17.85731,28.489432],[-17.857306,28.489425],[-17.857302,28.489417],[-17.857221,28.489298],[-17.857214,28.489287],[-17.857206,28.489277],[-17.857196,28.489267],[-17.857187,28.489258],[-17.857176,28.48925],[-17.857165,28.489242],[-17.857154,28.489234],[-17.857142,28.489228],[-17.857129,28.489222],[-17.857116,28.489217],[-17.857103,28.489212],[-17.856991,28.489165],[-17.856973,28.489155],[-17.856955,28.489145],[-17.856938,28.489133],[-17.856921,28.489121],[-17.856905,28.489109],[-17.856889,28.489095],[-17.856874,28.489082],[-17.85686,28.489068],[-17.856846,28.489053],[-17.856833,28.489038],[-17.85682,28.489022],[-17.856779,28.488991],[-17.856703,28.488909],[-17.856687,28.488888],[-17.856671,28.488865],[-17.856657,28.488842],[-17.856644,28.488819],[-17.856632,28.488795],[-17.856622,28.48877],[-17.856613,28.488746],[-17.856605,28.48872],[-17.856598,28.488695],[-17.856593,28.488669],[-17.85659,28.488643],[-17.856584,28.488489],[-17.856582,28.488475],[-17.856578,28.488462],[-17.856575,28.488448],[-17.85657,28.488435],[-17.856565,28.488423],[-17.856559,28.48841],[-17.856553,28.488398],[-17.856546,28.488385],[-17.856538,28.488373],[-17.85653,28.488362],[-17.856521,28.488351],[-17.856508,28.488332],[-17.856383,28.488148],[-17.856282,28.487988],[-17.856271,28.487967],[-17.856261,28.487946],[-17.856251,28.487925],[-17.856242,28.487904],[-17.856234,28.487882],[-17.856227,28.487861],[-17.85622,28.487839],[-17.856213,28.487817],[-17.856208,28.487795],[-17.856203,28.487772],[-17.856199,28.48775],[-17.856182,28.487677],[-17.85616,28.48763],[-17.855924,28.487227],[-17.855761,28.487028],[-17.855661,28.4869],[-17.855527,28.48677],[-17.85549,28.486706],[-17.855485,28.486546],[-17.855484,28.486537],[-17.855483,28.486524],[-17.855476,28.486515],[-17.855399,28.486442],[-17.855389,28.486433],[-17.85538,28.486424],[-17.855372,28.486414],[-17.855366,28.486404],[-17.85536,28.486393],[-17.855355,28.486382],[-17.855352,28.48637],[-17.85535,28.486358],[-17.855349,28.486346],[-17.85535,28.486334],[-17.855351,28.486322],[-17.85536,28.48629],[-17.855368,28.486273],[-17.855376,28.486255],[-17.855384,28.486237],[-17.855391,28.486219],[-17.855398,28.486201],[-17.855404,28.486183],[-17.85541,28.486165],[-17.855416,28.486146],[-17.855421,28.486127],[-17.855426,28.486109],[-17.85543,28.48609],[-17.85543,28.486069],[-17.855429,28.486049],[-17.855427,28.486028],[-17.855422,28.486007],[-17.855417,28.485987],[-17.85541,28.485967],[-17.855402,28.485948],[-17.855392,28.485929],[-17.855381,28.485911],[-17.855369,28.485893],[-17.855355,28.485876],[-17.85529,28.485797],[-17.855275,28.485775],[-17.855262,28.485753],[-17.855249,28.48573],[-17.855244,28.485717],[-17.855238,28.485706],[-17.855228,28.485682],[-17.85522,28.485658],[-17.855212,28.485633],[-17.855206,28.485608],[-17.855202,28.485583],[-17.855198,28.485558],[-17.855196,28.485533],[-17.855198,28.485238],[-17.855193,28.485188],[-17.855202,28.485098],[-17.855204,28.485086],[-17.855231,28.484938],[-17.85529,28.484735],[-17.855314,28.48467],[-17.855348,28.484607],[-17.855381,28.484546],[-17.855388,28.484533],[-17.855396,28.484521],[-17.855402,28.484508],[-17.855408,28.484495],[-17.855413,28.484482],[-17.855417,28.484468],[-17.855421,28.484455],[-17.855424,28.484441],[-17.855426,28.484427],[-17.855428,28.484413],[-17.855429,28.484399],[-17.855424,28.484257],[-17.855423,28.48424],[-17.855421,28.484181],[-17.855437,28.484013],[-17.855469,28.483766],[-17.855479,28.483545],[-17.855478,28.48319],[-17.855482,28.482821],[-17.855472,28.482572],[-17.855471,28.482554],[-17.855471,28.482537],[-17.855472,28.482519],[-17.855476,28.482502],[-17.855481,28.482485],[-17.855488,28.482469],[-17.855496,28.482453],[-17.855506,28.482438],[-17.855517,28.482424],[-17.85553,28.48241],[-17.855544,28.482398],[-17.855682,28.482279],[-17.855777,28.482184],[-17.855927,28.482013],[-17.855981,28.481934],[-17.855984,28.481926],[-17.855988,28.481918],[-17.855993,28.481911],[-17.855999,28.481905],[-17.856005,28.481898],[-17.856011,28.481892],[-17.856019,28.481887],[-17.856026,28.481882],[-17.856034,28.481878],[-17.856043,28.481875],[-17.856052,28.481872],[-17.856124,28.481844],[-17.856142,28.481837],[-17.856159,28.481829],[-17.856176,28.481821],[-17.856193,28.481812],[-17.856209,28.481802],[-17.856225,28.481792],[-17.856239,28.48178],[-17.856254,28.481769],[-17.856267,28.481756],[-17.85628,28.481743],[-17.856292,28.48173],[-17.856338,28.481661],[-17.856385,28.481594],[-17.856394,28.481585],[-17.856402,28.481575],[-17.856409,28.481566],[-17.856415,28.481555],[-17.856421,28.481545],[-17.856426,28.481534],[-17.85643,28.481523],[-17.856434,28.481512],[-17.856437,28.481501],[-17.856439,28.481489],[-17.85644,28.481477],[-17.856438,28.481468],[-17.856436,28.481459],[-17.856433,28.48145],[-17.856429,28.481442],[-17.856424,28.481433],[-17.856418,28.481426],[-17.856411,28.481418],[-17.856404,28.481411],[-17.856396,28.481405],[-17.856387,28.4814],[-17.856378,28.481395],[-17.856225,28.481358]]},"properties":{"clase":"canal","origen":"Canal LP-I","nombre":"CANAL LA PALMA I","tipo_red":"RED BÁSICA","codigo":"CT000285"}},{"type":"Feature","geometry":{"type":"LineString","coordinates":[[-17.865565,28.51326],[-17.865513,28.513201],[-17.865495,28.513179],[-17.86548,28.513152],[-17.865466,28.513127],[-17.865455,28.513101],[-17.865441,28.513072],[-17.865427,28.513048],[-17.865412,28.513024],[-17.865384,28.512987],[-17.865275,28.512861],[-17.865245,28.512832],[-17.865118,28.512682],[-17.864997,28.512524],[-17.864981,28.512498],[-17.864963,28.512469],[-17.864948,28.512444],[-17.864926,28.512406],[-17.8649,28.512345],[-17.86489,28.512315],[-17.86489,28.512313],[-17.864881,28.512288],[-17.864872,28.512256],[-17.864865,28.512229],[-17.864862,28.512197],[-17.864862,28.512167],[-17.864866,28.512136],[-17.864873,28.512109],[-17.864881,28.512079],[-17.864889,28.512051],[-17.864895,28.512022],[-17.864902,28.511978],[-17.864901,28.511961],[-17.864895,28.511933],[-17.864884,28.511904],[-17.864869,28.51188],[-17.86485,28.511856],[-17.864831,28.511833],[-17.86481,28.51181],[-17.864789,28.511785],[-17.86477,28.511761],[-17.864752,28.511734],[-17.864738,28.511706],[-17.86473,28.511676],[-17.864722,28.511648],[-17.864716,28.511619],[-17.864714,28.511588],[-17.864717,28.511559],[-17.864721,28.511531],[-17.864729,28.511504],[-17.86474,28.511477],[-17.864753,28.511453],[-17.864767,28.511427],[-17.864782,28.5114],[-17.864794,28.511373],[-17.8648,28.511344],[-17.864797,28.511316],[-17.86479,28.511287],[-17.86478,28.511261],[-17.864765,28.511236],[-17.864747,28.511213],[-17.864724,28.511192],[-17.864699,28.511173],[-17.864672,28.511156],[-17.864645,28.511139],[-17.864618,28.511123],[-17.86459,28.511106],[-17.864564,28.511088],[-17.864543,28.511068],[-17.86452,28.511045],[-17.864502,28.511021],[-17.864486,28.510997],[-17.864472,28.510969],[-17.864458,28.510942],[-17.864442,28.510908],[-17.864361,28.510758],[-17.864348,28.510733],[-17.864333,28.510707],[-17.864319,28.510683],[-17.864309,28.510656],[-17.8643,28.510628],[-17.864292,28.510602],[-17.864287,28.510575],[-17.864284,28.510546],[-17.864283,28.510517],[-17.864283,28.510489],[-17.864282,28.510459],[-17.864284,28.510429],[-17.864287,28.510401],[-17.86429,28.510373],[-17.864294,28.510343],[-17.864299,28.510316],[-17.864305,28.510289],[-17.864313,28.510259],[-17.864321,28.51023],[-17.864327,28.5102],[-17.864334,28.510171],[-17.864339,28.510142],[-17.864341,28.510114],[-17.864342,28.510085],[-17.86434,28.510057],[-17.864337,28.510027],[-17.864334,28.509996],[-17.864334,28.509966],[-17.864336,28.509937],[-17.864338,28.509909],[-17.86435,28.509743],[-17.8643,28.509509],[-17.864269,28.509425],[-17.864232,28.50936],[-17.864212,28.509295],[-17.86421,28.509249],[-17.864213,28.509216],[-17.864215,28.509162],[-17.8642,28.509131],[-17.864184,28.509107],[-17.864123,28.509058],[-17.86408,28.508999],[-17.864032,28.508874],[-17.864019,28.508838]]},"properties":{"clase":"canal","origen":"Canal LP-I","nombre":"CANAL LA PALMA I","tipo_red":"RED BÁSICA","codigo":"CT000286"}},{"type":"Feature","geometry":{"type":"LineString","coordinates":[[-17.793592,28.650188],[-17.793773,28.650276],[-17.793932,28.65034],[-17.794107,28.650356],[-17.794278,28.6504],[-17.794315,28.650502],[-17.794361,28.650735],[-17.794325,28.65082],[-17.794279,28.650861],[-17.794233,28.65092],[-17.794206,28.650977],[-17.794192,28.651031],[-17.794194,28.65108],[-17.794226,28.651161],[-17.794268,28.651249],[-17.794323,28.651331],[-17.794375,28.651391],[-17.794446,28.651466],[-17.794538,28.651543],[-17.79465,28.651622],[-17.794732,28.651667],[-17.794815,28.651711],[-17.794955,28.651768],[-17.795111,28.65179],[-17.79514,28.651784],[-17.795197,28.651745],[-17.795339,28.651616],[-17.795565,28.651426]]},"properties":{"clase":"canal","origen":"Canal LP-I","nombre":"CANAL LA PALMA I","tipo_red":"RED BÁSICA","codigo":"CT000283"}},{"type":"Feature","geometry":{"type":"LineString","coordinates":[[-17.792059,28.70653],[-17.792047,28.706537],[-17.791873,28.706637],[-17.791796,28.706636],[-17.791744,28.706599],[-17.791597,28.706535]]},"properties":{"clase":"canal","origen":"Canal LP-I","nombre":"CANAL LA PALMA I","tipo_red":"RED BÁSICA","codigo":"CT000274"}},{"type":"Feature","geometry":{"type":"LineString","coordinates":[[-17.801919,28.8132],[-17.801959,28.813247],[-17.801944,28.813304],[-17.801937,28.813378],[-17.80194,28.813428],[-17.801957,28.813477],[-17.801992,28.813529],[-17.802029,28.813563],[-17.802067,28.813592],[-17.8021,28.813618],[-17.802124,28.813639],[-17.80216,28.813681],[-17.802174,28.813715],[-17.802176,28.813732],[-17.802168,28.813796],[-17.802146,28.813848],[-17.802128,28.813873],[-17.802095,28.813917],[-17.802065,28.813951],[-17.80204,28.813979],[-17.802015,28.814012],[-17.801996,28.814046],[-17.801979,28.814093],[-17.801976,28.814128],[-17.801973,28.814168],[-17.801971,28.814203],[-17.801963,28.814239],[-17.80195,28.814262],[-17.801929,28.814297],[-17.801897,28.814337],[-17.801841,28.814401],[-17.80181,28.814447],[-17.801785,28.814486],[-17.801765,28.814513],[-17.801742,28.81454],[-17.801718,28.814564],[-17.801669,28.814593],[-17.801628,28.814616],[-17.801588,28.814636],[-17.801544,28.814667],[-17.801519,28.814695],[-17.801498,28.814727],[-17.801478,28.814765],[-17.801457,28.814807],[-17.801446,28.81483],[-17.801405,28.814916],[-17.801365,28.814994],[-17.80133,28.815044],[-17.801293,28.815085],[-17.801235,28.815131],[-17.801186,28.815164],[-17.801128,28.815192],[-17.80109,28.815213],[-17.801036,28.815265],[-17.801019,28.815312],[-17.801005,28.815358],[-17.800981,28.815411],[-17.800926,28.81544],[-17.800877,28.81545],[-17.800824,28.815457],[-17.800777,28.81547],[-17.800723,28.815508],[-17.800704,28.815539],[-17.800692,28.81564],[-17.800695,28.815685],[-17.800697,28.815712],[-17.800699,28.815761],[-17.800695,28.815785],[-17.800385,28.816004],[-17.800314,28.816054],[-17.800261,28.81609],[-17.800243,28.816138],[-17.800194,28.8162],[-17.800162,28.816281],[-17.800135,28.816357],[-17.80009,28.816462],[-17.80005,28.816539],[-17.800017,28.816594],[-17.800246,28.816693],[-17.800274,28.816727],[-17.800349,28.816764],[-17.800492,28.816808],[-17.800537,28.816821],[-17.800571,28.816832],[-17.800643,28.816883],[-17.800665,28.816906],[-17.800698,28.816941],[-17.800719,28.816963],[-17.800773,28.817038],[-17.800816,28.817107],[-17.800865,28.817166],[-17.800915,28.817212],[-17.800965,28.817253],[-17.801013,28.817281],[-17.801103,28.817317],[-17.801216,28.817335],[-17.801311,28.817346],[-17.801375,28.817355],[-17.801452,28.817359],[-17.801548,28.817355],[-17.801734,28.817309],[-17.801823,28.817283],[-17.801945,28.817246],[-17.802002,28.817229],[-17.802052,28.817195],[-17.80212,28.817189],[-17.802145,28.817181],[-17.802209,28.817201],[-17.802262,28.817232],[-17.802288,28.81728],[-17.802335,28.817306],[-17.802394,28.817332],[-17.802449,28.817384],[-17.802508,28.817372],[-17.802557,28.817377],[-17.802622,28.817375],[-17.80265,28.81736],[-17.802681,28.817324],[-17.80272,28.817276],[-17.802733,28.817248],[-17.802766,28.817133],[-17.802779,28.817036],[-17.80279,28.816965],[-17.802805,28.816892],[-17.802828,28.816832],[-17.802844,28.816802],[-17.802891,28.816746],[-17.802937,28.816716],[-17.802977,28.816707],[-17.803053,28.816695],[-17.803097,28.816683],[-17.803143,28.816666],[-17.803174,28.816647],[-17.803188,28.816633],[-17.803205,28.816611],[-17.803218,28.816573],[-17.803219,28.816549],[-17.803218,28.816515],[-17.803214,28.81646],[-17.803209,28.816427],[-17.803202,28.816407],[-17.803194,28.816386],[-17.803166,28.816331],[-17.80315,28.816299],[-17.803136,28.816267],[-17.803133,28.816238],[-17.803141,28.81621],[-17.803177,28.816181],[-17.803205,28.816176],[-17.803253,28.816186],[-17.803269,28.816191],[-17.803294,28.816201],[-17.803315,28.81621],[-17.803381,28.816236],[-17.803401,28.816243],[-17.803443,28.816254],[-17.803491,28.816261],[-17.803538,28.816267],[-17.803558,28.816267],[-17.803612,28.816258],[-17.803648,28.816244],[-17.803694,28.816228],[-17.803735,28.816219],[-17.803742,28.816218],[-17.803776,28.816233],[-17.803806,28.816256],[-17.80386,28.816302],[-17.803901,28.816341],[-17.803961,28.816404],[-17.804004,28.816443],[-17.804056,28.816485],[-17.804093,28.816507],[-17.804134,28.816525],[-17.804177,28.816538],[-17.804215,28.816546],[-17.804252,28.81654],[-17.804274,28.816525],[-17.804292,28.816494],[-17.804339,28.816367],[-17.804375,28.816284],[-17.8044,28.816237],[-17.804422,28.816209],[-17.804473,28.816181],[-17.804522,28.816187],[-17.804588,28.816196],[-17.80462,28.81624],[-17.804632,28.816292],[-17.804644,28.816329],[-17.804664,28.81637],[-17.804701,28.816415],[-17.804735,28.816447],[-17.804781,28.816482],[-17.804798,28.816495],[-17.804835,28.81653],[-17.80485,28.816554],[-17.804875,28.816626],[-17.804911,28.816689],[-17.805005,28.81677],[-17.805094,28.816818],[-17.80516,28.81686],[-17.805214,28.816926],[-17.805225,28.816962],[-17.805231,28.817054],[-17.805217,28.81712],[-17.805184,28.817203],[-17.805164,28.817247],[-17.805136,28.817317],[-17.805112,28.817396],[-17.805093,28.817462],[-17.805075,28.817547],[-17.805047,28.817691],[-17.805412,28.817729],[-17.806071,28.818055],[-17.806096,28.818002],[-17.806124,28.817931],[-17.80614,28.817879],[-17.806156,28.817823],[-17.806166,28.817787],[-17.806173,28.817729],[-17.806177,28.81769],[-17.806179,28.817677],[-17.80625,28.817675],[-17.806305,28.817659],[-17.80636,28.817642],[-17.806423,28.817626],[-17.806492,28.817617],[-17.806562,28.817635],[-17.80662,28.817655],[-17.806696,28.817682],[-17.806754,28.817704],[-17.806831,28.817731],[-17.806884,28.817748],[-17.806975,28.817774],[-17.807065,28.817794],[-17.807166,28.817811],[-17.807236,28.817821],[-17.807313,28.817834],[-17.80738,28.817842],[-17.807419,28.817841],[-17.807625,28.817832],[-17.807727,28.817824],[-17.807818,28.817816],[-17.807867,28.817812],[-17.807936,28.817813],[-17.80799,28.817818],[-17.808028,28.817824],[-17.808112,28.817842],[-17.8082,28.817865],[-17.808272,28.817889],[-17.808318,28.817909],[-17.80836,28.817932],[-17.808725,28.817719],[-17.808815,28.81781],[-17.808883,28.817881],[-17.808963,28.817927],[-17.809017,28.818003],[-17.809062,28.818042],[-17.809139,28.818127],[-17.8092,28.818211],[-17.809293,28.818178],[-17.809367,28.818148],[-17.809435,28.818117],[-17.80952,28.818075],[-17.80964,28.818041],[-17.809677,28.81802],[-17.809736,28.817983],[-17.809782,28.817953],[-17.809821,28.817919],[-17.810119,28.817896],[-17.810303,28.817912],[-17.810509,28.817918],[-17.810695,28.81792],[-17.810879,28.8179],[-17.811021,28.817884],[-17.811094,28.817895],[-17.811163,28.817898],[-17.811414,28.817887],[-17.811539,28.8179],[-17.81157,28.81791],[-17.811611,28.817936],[-17.811656,28.81798],[-17.811699,28.818022],[-17.81177,28.818059],[-17.811858,28.818065],[-17.811887,28.818091],[-17.811989,28.818141],[-17.812286,28.818249],[-17.812391,28.818294],[-17.812477,28.818426],[-17.812598,28.818436],[-17.812782,28.818493],[-17.812891,28.818527],[-17.813044,28.81859],[-17.813237,28.818617],[-17.813378,28.818738],[-17.813553,28.818737],[-17.813777,28.81872],[-17.813974,28.818682],[-17.81423,28.818628],[-17.814411,28.818581],[-17.814507,28.81855],[-17.814615,28.818515],[-17.814684,28.818506],[-17.814834,28.81842],[-17.814936,28.818391],[-17.8151,28.818339],[-17.815225,28.818266],[-17.815323,28.81822],[-17.815544,28.818151],[-17.815693,28.818104],[-17.815791,28.818083],[-17.815901,28.818045],[-17.815998,28.818016],[-17.817941,28.817814],[-17.820945,28.817548],[-17.821024,28.817585],[-17.821134,28.817634],[-17.821218,28.817678],[-17.821327,28.817749],[-17.821429,28.81782],[-17.821515,28.817879],[-17.821631,28.817951],[-17.821698,28.817984],[-17.821743,28.818001],[-17.821804,28.818025],[-17.821849,28.818054],[-17.821884,28.818077],[-17.821957,28.818131],[-17.822027,28.818167],[-17.822104,28.818191],[-17.822154,28.818204],[-17.822238,28.818216],[-17.822293,28.818202],[-17.822357,28.818186],[-17.822398,28.818178],[-17.822453,28.818171],[-17.82247,28.818111],[-17.822468,28.818049],[-17.82249,28.817976],[-17.822546,28.817937],[-17.822591,28.817908],[-17.822611,28.817887],[-17.823032,28.817929],[-17.823502,28.817954],[-17.823639,28.817953],[-17.8238,28.817963],[-17.823969,28.817947],[-17.82404,28.817953],[-17.824155,28.817962],[-17.824371,28.818021],[-17.82449,28.817979],[-17.824562,28.817934],[-17.824614,28.817885],[-17.824749,28.81791],[-17.824843,28.817959],[-17.824886,28.817963],[-17.825087,28.817981],[-17.825283,28.818],[-17.82547,28.818005],[-17.82586,28.817979],[-17.825973,28.817979],[-17.828733,28.817857],[-17.830497,28.817621],[-17.831641,28.817449],[-17.832427,28.817286],[-17.832496,28.81728],[-17.835643,28.816895],[-17.837858,28.816243],[-17.838407,28.816209],[-17.839429,28.816258],[-17.840618,28.816756],[-17.842447,28.816841],[-17.843055,28.817043],[-17.843947,28.81689],[-17.844006,28.816963],[-17.8441,28.81701],[-17.844168,28.817026],[-17.844272,28.81705],[-17.844383,28.81707],[-17.844484,28.817068],[-17.84452,28.817064],[-17.84459,28.817047],[-17.844629,28.817027],[-17.844686,28.816985],[-17.844755,28.816951],[-17.844824,28.816945],[-17.84488,28.816947],[-17.844988,28.816985],[-17.845038,28.817019],[-17.845083,28.817045],[-17.845121,28.817064],[-17.84517,28.817078],[-17.845244,28.817081],[-17.845273,28.817068],[-17.845332,28.81703],[-17.845365,28.816997],[-17.845386,28.816964],[-17.845404,28.816933],[-17.845409,28.816914],[-17.847152,28.816746],[-17.847648,28.816825],[-17.848246,28.81675],[-17.848311,28.816739],[-17.848463,28.81671],[-17.848557,28.8167],[-17.84867,28.816701],[-17.850073,28.81678],[-17.851789,28.817492],[-17.852302,28.817607],[-17.852806,28.817771],[-17.853515,28.818205],[-17.85445,28.818563],[-17.854548,28.818531],[-17.854586,28.81851],[-17.854685,28.818471],[-17.854766,28.818476],[-17.854799,28.818505],[-17.854837,28.818563],[-17.854865,28.818614],[-17.854888,28.818665],[-17.854939,28.818706],[-17.854945,28.818724],[-17.854972,28.818729],[-17.855013,28.818732],[-17.85504,28.818778],[-17.855065,28.81885],[-17.855099,28.818943],[-17.855154,28.818993],[-17.855231,28.819016],[-17.85562,28.819132],[-17.855668,28.819147],[-17.855701,28.819168],[-17.855769,28.819185],[-17.855804,28.819182],[-17.85589,28.819178],[-17.855956,28.819199],[-17.856029,28.819247],[-17.85609,28.819285],[-17.856149,28.819311],[-17.856253,28.81933],[-17.856296,28.81931],[-17.856343,28.819275],[-17.856458,28.819502],[-17.857169,28.819848],[-17.857231,28.819788],[-17.857285,28.81974],[-17.857351,28.819673],[-17.857404,28.819611],[-17.857454,28.819561],[-17.858278,28.819762],[-17.858381,28.819784],[-17.859095,28.820001],[-17.859148,28.819931],[-17.859238,28.819843],[-17.859335,28.819761],[-17.859438,28.819713],[-17.859547,28.819657],[-17.85963,28.819613],[-17.859723,28.81956],[-17.859759,28.819523],[-17.859846,28.819541],[-17.859914,28.819618],[-17.860527,28.81992],[-17.860881,28.819896],[-17.861241,28.819892],[-17.861346,28.819878],[-17.861815,28.819907],[-17.861875,28.819979],[-17.862305,28.82042],[-17.862411,28.821022],[-17.862771,28.821172],[-17.862942,28.821199],[-17.863024,28.821169],[-17.863109,28.821115],[-17.863178,28.821062],[-17.863242,28.821],[-17.863876,28.820979],[-17.864447,28.821106],[-17.865095,28.821206],[-17.865734,28.821142],[-17.865837,28.821151],[-17.86589,28.821139],[-17.865968,28.821131],[-17.866017,28.821145],[-17.866051,28.821156],[-17.86613,28.821183],[-17.866173,28.821204],[-17.866255,28.821264],[-17.866292,28.821293],[-17.866335,28.821309],[-17.866392,28.821282],[-17.866429,28.821238],[-17.866457,28.821197],[-17.867372,28.821376],[-17.867469,28.821383],[-17.867534,28.821342],[-17.86767,28.821277],[-17.867822,28.821196],[-17.867998,28.821104],[-17.868116,28.821046],[-17.868167,28.821011],[-17.868245,28.820956],[-17.868332,28.820917],[-17.868435,28.82087],[-17.870336,28.820627],[-17.871996,28.819943],[-17.872628,28.819913],[-17.873373,28.820011],[-17.874471,28.820036],[-17.875197,28.820008],[-17.875462,28.819946],[-17.876063,28.820132],[-17.877902,28.822169],[-17.877949,28.822254],[-17.878007,28.822305],[-17.878087,28.82231],[-17.878135,28.822289],[-17.878227,28.822217],[-17.878337,28.822154],[-17.878453,28.822155],[-17.878547,28.822183],[-17.878629,28.822221],[-17.878677,28.82226],[-17.878725,28.822308],[-17.878767,28.822358],[-17.878854,28.82249],[-17.878944,28.822553],[-17.879358,28.822739],[-17.879739,28.82293],[-17.880101,28.823124],[-17.880327,28.8233],[-17.880279,28.823378],[-17.880208,28.82344],[-17.880107,28.823534],[-17.880037,28.823629],[-17.879968,28.823736],[-17.879972,28.823839],[-17.879933,28.823887],[-17.879951,28.823945],[-17.879982,28.823984],[-17.880005,28.824029],[-17.880081,28.824087],[-17.880129,28.824095],[-17.880157,28.824092],[-17.880399,28.824181],[-17.8809,28.824774],[-17.881453,28.824995],[-17.881819,28.824963],[-17.882018,28.82487],[-17.882186,28.824817],[-17.882273,28.824747],[-17.88235,28.8247],[-17.882408,28.824666],[-17.882593,28.82471],[-17.882723,28.824764],[-17.882843,28.824756],[-17.882938,28.824713],[-17.883009,28.824668],[-17.883143,28.82458],[-17.883215,28.82454],[-17.883345,28.824455],[-17.883443,28.824429],[-17.883635,28.824424],[-17.88378,28.824411],[-17.884037,28.824332],[-17.884184,28.824265],[-17.884277,28.824203],[-17.884353,28.824157],[-17.884385,28.824135],[-17.884453,28.82406],[-17.884501,28.82397],[-17.884544,28.823894],[-17.884589,28.823852],[-17.88464,28.823821],[-17.884712,28.823778],[-17.884747,28.823747],[-17.884766,28.823683],[-17.884781,28.823607],[-17.884833,28.823565],[-17.88492,28.82353],[-17.885015,28.823514],[-17.88514,28.823509],[-17.885295,28.823499],[-17.885366,28.82347],[-17.885507,28.823385],[-17.885605,28.823314],[-17.885669,28.823198],[-17.885694,28.823089],[-17.885723,28.822991],[-17.885835,28.822849],[-17.885947,28.822725],[-17.886117,28.822521],[-17.886274,28.822337],[-17.886421,28.822191],[-17.886551,28.822112],[-17.88666,28.822063],[-17.886756,28.822029],[-17.886908,28.821982],[-17.886991,28.821966],[-17.887026,28.821946],[-17.887061,28.82191],[-17.887075,28.821854],[-17.887065,28.821733],[-17.887114,28.821641],[-17.887153,28.821513],[-17.88722,28.821362],[-17.887333,28.8212],[-17.887486,28.821054],[-17.887627,28.820943],[-17.887791,28.820884],[-17.888038,28.820814],[-17.888217,28.820744],[-17.888361,28.820709],[-17.888475,28.820696],[-17.888727,28.820636],[-17.888838,28.820597],[-17.88894,28.820563],[-17.888977,28.82056],[-17.889076,28.820511],[-17.889145,28.820461],[-17.8892,28.820395],[-17.889194,28.820313],[-17.889167,28.820184],[-17.889148,28.820033],[-17.889098,28.819747],[-17.889052,28.819593],[-17.889113,28.818921],[-17.889086,28.817694],[-17.889447,28.817546],[-17.889403,28.817371],[-17.889457,28.817233],[-17.889492,28.817082],[-17.889569,28.816815],[-17.88965,28.816782],[-17.889867,28.816703],[-17.890193,28.816423],[-17.890337,28.816286],[-17.89042,28.816061],[-17.890476,28.815808],[-17.890505,28.815646],[-17.890432,28.815155],[-17.890313,28.815044],[-17.890121,28.814646],[-17.889911,28.814074],[-17.889883,28.813916],[-17.889818,28.813753],[-17.889749,28.813679],[-17.889679,28.813611],[-17.889564,28.813537],[-17.889451,28.813515],[-17.889316,28.813515],[-17.889228,28.813538],[-17.889071,28.813535],[-17.888961,28.813541],[-17.888729,28.813459],[-17.888696,28.813414],[-17.88876,28.813249],[-17.889339,28.813233],[-17.889865,28.813217],[-17.890224,28.813147],[-17.890338,28.813009],[-17.890349,28.812868],[-17.89046,28.812849]]},"properties":{"clase":"canal","origen":"Canal LP-II","nombre":"CANAL LA PALMA II","tipo_red":"RED BÁSICA","codigo":"CT000101"}},{"type":"Feature","geometry":{"type":"MultiLineString","coordinates":[[[-17.89046,28.812849],[-17.890473,28.812826],[-17.890456,28.812805]],[[-17.89046,28.812849],[-17.926224,28.826165]],[[-17.890417,28.812872],[-17.890447,28.812872],[-17.89046,28.812849]],[[-17.92625,28.826127],[-17.926223,28.82614],[-17.926224,28.826165]],[[-17.926224,28.826165],[-17.926225,28.82619],[-17.926252,28.826202]]]},"properties":{"clase":"canal","origen":"Canal LP-II","nombre":"CANAL LA PALMA II","tipo_red":"RED BÁSICA","codigo":"CT000102"}},{"type":"Feature","geometry":{"type":"LineString","coordinates":[[-17.926224,28.826165],[-17.92632,28.826142],[-17.926398,28.826131],[-17.926475,28.826131],[-17.926528,28.826136],[-17.92661,28.826163],[-17.926661,28.826181],[-17.926708,28.82619],[-17.926749,28.826189],[-17.926791,28.826181],[-17.926829,28.826166],[-17.926844,28.826151],[-17.926861,28.826123],[-17.926867,28.82608],[-17.926865,28.826011],[-17.926846,28.825926],[-17.926825,28.825836],[-17.926814,28.825755],[-17.926811,28.825684],[-17.926808,28.825645],[-17.926799,28.825616],[-17.926788,28.825599],[-17.926769,28.825578],[-17.92674,28.825559],[-17.926701,28.825543],[-17.926621,28.82551],[-17.926573,28.825477],[-17.926527,28.825448],[-17.926504,28.82543],[-17.926474,28.825406],[-17.926477,28.825389],[-17.926488,28.825373],[-17.926508,28.825367],[-17.926588,28.825357],[-17.926677,28.82532],[-17.926745,28.825288],[-17.926815,28.825251],[-17.926842,28.825243],[-17.926887,28.825232],[-17.926979,28.825219],[-17.927016,28.82522],[-17.92705,28.825223],[-17.927087,28.825238],[-17.927118,28.825255],[-17.927157,28.825292],[-17.927193,28.825338],[-17.927214,28.825371],[-17.927237,28.825417],[-17.92725,28.825453],[-17.927265,28.825505],[-17.92728,28.825557],[-17.927309,28.825634],[-17.927335,28.825672],[-17.927367,28.825711],[-17.927407,28.825744],[-17.927463,28.825786],[-17.927512,28.82583],[-17.927536,28.825856],[-17.927557,28.825884],[-17.92758,28.825922],[-17.9276,28.825959],[-17.92762,28.826009],[-17.927649,28.826074],[-17.927686,28.82617],[-17.927707,28.826229],[-17.927716,28.826262],[-17.927721,28.826288],[-17.927729,28.826379],[-17.927735,28.826426],[-17.927749,28.826504],[-17.927765,28.826556],[-17.927782,28.826593],[-17.927805,28.826629],[-17.927829,28.826661],[-17.927847,28.826683],[-17.927876,28.826724],[-17.927895,28.826756],[-17.927917,28.826796],[-17.927932,28.826826],[-17.927964,28.826897],[-17.927976,28.826936],[-17.927991,28.826996],[-17.928013,28.827079],[-17.92803,28.827153],[-17.928048,28.827217],[-17.928075,28.827275],[-17.928106,28.827319],[-17.928136,28.827352],[-17.928182,28.827381],[-17.928273,28.827408],[-17.92841,28.827434],[-17.928477,28.827438],[-17.928553,28.827428],[-17.928599,28.827406],[-17.928619,28.827389],[-17.928648,28.827359],[-17.928658,28.827337],[-17.928681,28.827268],[-17.928695,28.827199],[-17.928704,28.827134],[-17.928706,28.827082],[-17.928698,28.827032],[-17.928678,28.826978],[-17.92863,28.826892],[-17.928595,28.826832],[-17.92855,28.826749],[-17.928529,28.826695],[-17.928517,28.826647],[-17.92851,28.826609],[-17.92851,28.826557],[-17.928518,28.826513],[-17.928532,28.826477],[-17.92855,28.826457],[-17.928578,28.826436],[-17.928633,28.826423],[-17.928673,28.826424],[-17.928719,28.826436],[-17.928767,28.826472],[-17.928868,28.826564],[-17.928889,28.826588],[-17.928937,28.826648],[-17.928978,28.826686],[-17.92903,28.826745],[-17.929112,28.826853],[-17.929163,28.826935],[-17.929205,28.827003],[-17.929261,28.82707],[-17.929296,28.827099],[-17.929346,28.827127],[-17.929377,28.827135],[-17.929459,28.827133],[-17.929484,28.827118],[-17.929524,28.827094],[-17.929599,28.82705],[-17.92966,28.827022],[-17.929736,28.826992],[-17.929815,28.82697],[-17.9299,28.82695],[-17.929997,28.826924],[-17.930068,28.826893],[-17.930107,28.826858],[-17.930128,28.826825],[-17.930134,28.826798],[-17.930136,28.826757],[-17.930131,28.826656],[-17.930126,28.826577],[-17.930124,28.826532],[-17.930139,28.826473],[-17.930168,28.826429],[-17.930203,28.8264],[-17.930254,28.826373],[-17.930311,28.826364],[-17.930357,28.826369],[-17.93041,28.826395],[-17.930489,28.826463],[-17.930559,28.826529],[-17.930603,28.826555],[-17.93064,28.826569],[-17.930694,28.826584],[-17.930755,28.826591],[-17.930801,28.826588],[-17.930851,28.826576],[-17.930908,28.826547],[-17.930963,28.826501],[-17.931014,28.826432],[-17.931099,28.826284],[-17.931143,28.826219],[-17.931169,28.826186],[-17.931199,28.82616],[-17.931231,28.82614],[-17.931274,28.826128],[-17.93133,28.826123],[-17.93147,28.826116],[-17.931543,28.826123],[-17.931619,28.826121],[-17.931677,28.826116],[-17.931716,28.826109],[-17.931755,28.826083],[-17.931786,28.826047],[-17.931814,28.826006],[-17.931831,28.825962],[-17.931845,28.825916],[-17.931853,28.825895],[-17.931868,28.825871],[-17.931883,28.825856],[-17.931905,28.825849],[-17.931941,28.82584],[-17.931979,28.825834],[-17.932027,28.825835],[-17.932208,28.82587],[-17.932266,28.825884],[-17.932322,28.825902],[-17.932382,28.825932],[-17.932433,28.82596],[-17.932503,28.825984],[-17.932566,28.825994],[-17.932619,28.826],[-17.932681,28.826005],[-17.93275,28.826002],[-17.93279,28.82599],[-17.932824,28.825972],[-17.932906,28.825894],[-17.932961,28.825851],[-17.933008,28.825816],[-17.933056,28.825795],[-17.933118,28.825776],[-17.933303,28.825739],[-17.933433,28.825704],[-17.933501,28.825679],[-17.933552,28.825644],[-17.933624,28.825556],[-17.933685,28.825455],[-17.933696,28.825423],[-17.933749,28.825286],[-17.933782,28.825211],[-17.933818,28.825154],[-17.933855,28.825104],[-17.933877,28.825075],[-17.933903,28.825058],[-17.933943,28.825049],[-17.933988,28.825044],[-17.934161,28.825048],[-17.934275,28.825064],[-17.934348,28.825072],[-17.934422,28.825057]]},"properties":{"clase":"canal","origen":"Canal LP-II","nombre":"CANAL LA PALMA II","tipo_red":"RED BÁSICA","codigo":"CT000103"}},{"type":"Feature","geometry":{"type":"LineString","coordinates":[[-17.934422,28.825057],[-17.93468,28.824837],[-17.934866,28.824695],[-17.935215,28.824446]]},"properties":{"clase":"canal","origen":"Canal LP-II","nombre":"CANAL LA PALMA II","tipo_red":"RED BÁSICA","codigo":"CT000104"}},{"type":"Feature","geometry":{"type":"LineString","coordinates":[[-17.935215,28.824446],[-17.935268,28.824424],[-17.93532,28.824418],[-17.935405,28.824426],[-17.935448,28.824411],[-17.935508,28.824345],[-17.935555,28.824279],[-17.935719,28.824115],[-17.935905,28.82401],[-17.935915,28.823966],[-17.93592,28.823905],[-17.93593,28.823801],[-17.935939,28.82374],[-17.935972,28.823697],[-17.936015,28.823671],[-17.936108,28.823642],[-17.936161,28.823645],[-17.936213,28.823658],[-17.936261,28.823679],[-17.936315,28.823725],[-17.93638,28.823789],[-17.936423,28.823827],[-17.936469,28.823864],[-17.936518,28.823883],[-17.936572,28.82389],[-17.936636,28.823885],[-17.936704,28.823861],[-17.936777,28.823833],[-17.936863,28.82378],[-17.936915,28.823749],[-17.936959,28.823721],[-17.937026,28.823675],[-17.937091,28.823626],[-17.937132,28.823598],[-17.937191,28.823586],[-17.93723,28.8236],[-17.937272,28.823645],[-17.937328,28.823706],[-17.937371,28.823754],[-17.93742,28.823794],[-17.937477,28.823833],[-17.9375,28.823844],[-17.937551,28.823859],[-17.937639,28.823874],[-17.937806,28.823881],[-17.937924,28.823878],[-17.938023,28.823859],[-17.9381,28.823828],[-17.938181,28.823774],[-17.938274,28.823697],[-17.938331,28.823629],[-17.938385,28.823558],[-17.938458,28.823427],[-17.938526,28.823276],[-17.938587,28.823167],[-17.938621,28.823075],[-17.938647,28.823013],[-17.938684,28.822944],[-17.938717,28.822899],[-17.938769,28.822858],[-17.938846,28.822812],[-17.9389,28.822775],[-17.938968,28.822701],[-17.939023,28.822647],[-17.939068,28.822578],[-17.939098,28.82251],[-17.939159,28.822291],[-17.939184,28.822214],[-17.939219,28.822191]]},"properties":{"clase":"canal","origen":"Canal LP-II","nombre":"CANAL LA PALMA II","tipo_red":"RED BÁSICA","codigo":"CT000105"}},{"type":"Feature","geometry":{"type":"LineString","coordinates":[[-17.939219,28.822191],[-17.939795,28.821902],[-17.940436,28.821578],[-17.941585,28.820992]]},"properties":{"clase":"canal","origen":"Canal LP-II","nombre":"CANAL LA PALMA II","tipo_red":"RED BÁSICA","codigo":"CT000106"}},{"type":"Feature","geometry":{"type":"LineString","coordinates":[[-17.941585,28.820992],[-17.941608,28.820879],[-17.94163,28.820793],[-17.941647,28.820758],[-17.941662,28.820745],[-17.941707,28.820726],[-17.941772,28.820715],[-17.941955,28.820723],[-17.941997,28.820722],[-17.942045,28.820712],[-17.942097,28.820693],[-17.942153,28.820668],[-17.942245,28.820604],[-17.942355,28.820532],[-17.942409,28.820496],[-17.942532,28.820396],[-17.942581,28.82034],[-17.942602,28.820307],[-17.942641,28.820223],[-17.94267,28.820143],[-17.942684,28.820049],[-17.942686,28.819992],[-17.942682,28.819939],[-17.942691,28.819901],[-17.942719,28.81986],[-17.942759,28.819824],[-17.942814,28.819797],[-17.942886,28.819763],[-17.942965,28.819684],[-17.943023,28.819593],[-17.943037,28.819509],[-17.943038,28.81946],[-17.943034,28.819353],[-17.943042,28.81912],[-17.94303,28.818945],[-17.943023,28.818821],[-17.943037,28.818729],[-17.943062,28.818701],[-17.943093,28.818673],[-17.943135,28.818661],[-17.943217,28.818652],[-17.943328,28.818651],[-17.943465,28.818648],[-17.943525,28.818632],[-17.94357,28.818594],[-17.943633,28.818523],[-17.943669,28.818483],[-17.94371,28.818414],[-17.943759,28.818378],[-17.943863,28.818328],[-17.943946,28.818279],[-17.944043,28.818221],[-17.944079,28.818162],[-17.944094,28.818114],[-17.944106,28.818005],[-17.944117,28.817896],[-17.94411,28.817803],[-17.944093,28.817718],[-17.944063,28.81761],[-17.944052,28.817572],[-17.944058,28.817523],[-17.944082,28.817474],[-17.944106,28.817433],[-17.944154,28.817406],[-17.944295,28.817357],[-17.944455,28.817311],[-17.944581,28.81724],[-17.944666,28.817162],[-17.944751,28.81707],[-17.944785,28.816999],[-17.944791,28.816931],[-17.944786,28.816872],[-17.944756,28.816708],[-17.944718,28.816663],[-17.944643,28.816586],[-17.944542,28.816494],[-17.944458,28.816408],[-17.944393,28.816353],[-17.944328,28.816312],[-17.944256,28.816281],[-17.94417,28.816258],[-17.944102,28.816241],[-17.944044,28.816231],[-17.943997,28.816216],[-17.94396,28.816175],[-17.943949,28.816154],[-17.943946,28.816121],[-17.943951,28.816084],[-17.943975,28.816056],[-17.944004,28.816025],[-17.944105,28.81596],[-17.944173,28.81591],[-17.944262,28.815867],[-17.944354,28.815847],[-17.944478,28.815865],[-17.94455,28.81587],[-17.944628,28.815862]]},"properties":{"clase":"canal","origen":"Canal LP-II","nombre":"CANAL LA PALMA II","tipo_red":"RED BÁSICA","codigo":"CT000107"}},{"type":"Feature","geometry":{"type":"LineString","coordinates":[[-17.944628,28.815862],[-17.944754,28.815814],[-17.94436,28.814672],[-17.943947,28.813422]]},"properties":{"clase":"canal","origen":"Canal LP-II","nombre":"CANAL LA PALMA II","tipo_red":"RED BÁSICA","codigo":"CT000108"}},{"type":"Feature","geometry":{"type":"LineString","coordinates":[[-17.943947,28.813422],[-17.94398,28.813349],[-17.944027,28.813321],[-17.944085,28.813273],[-17.944139,28.813213],[-17.944223,28.813112],[-17.944289,28.813023],[-17.944331,28.81297],[-17.944392,28.812907],[-17.944436,28.812872],[-17.944491,28.812847],[-17.944623,28.812814],[-17.944656,28.812807],[-17.944768,28.812793],[-17.944868,28.812792],[-17.944929,28.812791],[-17.945006,28.812779],[-17.945057,28.812763],[-17.945151,28.812728],[-17.945198,28.812689],[-17.945252,28.812627],[-17.945304,28.812583],[-17.945334,28.812557],[-17.945374,28.812503],[-17.945419,28.812435],[-17.945457,28.812378],[-17.945492,28.812327],[-17.945529,28.812303],[-17.945654,28.812277],[-17.945768,28.81226],[-17.945871,28.812259],[-17.946041,28.812279],[-17.94612,28.812283],[-17.946165,28.812282],[-17.946204,28.812278],[-17.946275,28.812254],[-17.946334,28.81222],[-17.946392,28.812181],[-17.946466,28.812135],[-17.946571,28.812094],[-17.946695,28.812054],[-17.946762,28.812033],[-17.946848,28.812022],[-17.946934,28.812011],[-17.947067,28.812013],[-17.947129,28.812012],[-17.94721,28.811988],[-17.94727,28.811959],[-17.947307,28.811922],[-17.947338,28.811868],[-17.947356,28.811804],[-17.947358,28.811716],[-17.947325,28.811656],[-17.947287,28.811618],[-17.947178,28.811538],[-17.947059,28.811459],[-17.946971,28.811413],[-17.946825,28.811377],[-17.946695,28.811359],[-17.946636,28.81135],[-17.946605,28.811331],[-17.946577,28.811298],[-17.946551,28.811257],[-17.946536,28.81122],[-17.946484,28.811043],[-17.946427,28.810901],[-17.946401,28.810839],[-17.946387,28.810774],[-17.946389,28.810722],[-17.946406,28.81069],[-17.946446,28.810657],[-17.946484,28.810638],[-17.946531,28.81063],[-17.946586,28.810636],[-17.946638,28.810663],[-17.946699,28.810704],[-17.946747,28.810745],[-17.946814,28.810776],[-17.946878,28.810793],[-17.946939,28.810797],[-17.947015,28.810786],[-17.947094,28.810769],[-17.947184,28.810742],[-17.947241,28.810722],[-17.94731,28.8107],[-17.947418,28.810678],[-17.947484,28.810665],[-17.947531,28.810659],[-17.947651,28.810641],[-17.947687,28.810633],[-17.947721,28.81062],[-17.947751,28.810606],[-17.947826,28.810559],[-17.947866,28.81051],[-17.947877,28.810462],[-17.947878,28.810383],[-17.947863,28.810323],[-17.947845,28.810257],[-17.947844,28.810221],[-17.947851,28.81017],[-17.947856,28.810148],[-17.947876,28.810123],[-17.947906,28.810103],[-17.947931,28.810089],[-17.947967,28.810085],[-17.947994,28.810086],[-17.948064,28.810105],[-17.948143,28.810132],[-17.948219,28.810157],[-17.948311,28.810172],[-17.948395,28.810172],[-17.948491,28.810165],[-17.94859,28.810139],[-17.948665,28.810098],[-17.94876,28.810013],[-17.948811,28.809944],[-17.948854,28.809864],[-17.948867,28.809803],[-17.948867,28.809758],[-17.948851,28.809704],[-17.948779,28.809586],[-17.948708,28.809483],[-17.948651,28.809422],[-17.948576,28.809353],[-17.948296,28.809128],[-17.948194,28.809048],[-17.948125,28.808969],[-17.948119,28.808933],[-17.948129,28.808893],[-17.94816,28.808833],[-17.948196,28.808802],[-17.948254,28.808791],[-17.948334,28.808785],[-17.948435,28.808795],[-17.948578,28.808797],[-17.948671,28.808801],[-17.948823,28.808789],[-17.948929,28.808779],[-17.94907,28.808759],[-17.949185,28.808722],[-17.94929,28.808671],[-17.949523,28.808501],[-17.949568,28.808465],[-17.949589,28.808418],[-17.949622,28.808334],[-17.949657,28.808232],[-17.949678,28.80815],[-17.949672,28.808096],[-17.949648,28.808053],[-17.94962,28.808019],[-17.949577,28.807959],[-17.949554,28.807913],[-17.94956,28.807872],[-17.949577,28.807839],[-17.949623,28.8078],[-17.949671,28.807765],[-17.949724,28.807727],[-17.949805,28.80764],[-17.949851,28.807574],[-17.949885,28.807518],[-17.949908,28.807458],[-17.949927,28.80739],[-17.949938,28.807329],[-17.949949,28.807282],[-17.949963,28.807248],[-17.949984,28.80723],[-17.950015,28.807209],[-17.950056,28.807189],[-17.950086,28.807182],[-17.950177,28.807203],[-17.950245,28.807232],[-17.950299,28.807281],[-17.950348,28.807358],[-17.950438,28.80751],[-17.950509,28.807598],[-17.95066,28.807764],[-17.950738,28.807854],[-17.950796,28.807886],[-17.950829,28.807898],[-17.950889,28.807912],[-17.950944,28.80792],[-17.951106,28.807935],[-17.951217,28.80794],[-17.951283,28.807951],[-17.951351,28.80797],[-17.951476,28.807996],[-17.951552,28.808002],[-17.951627,28.807998],[-17.95167,28.807991],[-17.951734,28.807977],[-17.951798,28.807965],[-17.95184,28.807956],[-17.951994,28.80785],[-17.952052,28.807805],[-17.952218,28.807678],[-17.952309,28.807593],[-17.952385,28.807507],[-17.952423,28.807455],[-17.952441,28.807409],[-17.952453,28.807315],[-17.952482,28.807126]]},"properties":{"clase":"canal","origen":"Canal LP-II","nombre":"CANAL LA PALMA II","tipo_red":"RED BÁSICA","codigo":"CT000109"}},{"type":"Feature","geometry":{"type":"LineString","coordinates":[[-17.952482,28.807126],[-17.953622,28.805818],[-17.953773,28.805642],[-17.95438,28.804952]]},"properties":{"clase":"canal","origen":"Canal LP-II","nombre":"CANAL LA PALMA II","tipo_red":"RED BÁSICA","codigo":"CT000110"}},{"type":"Feature","geometry":{"type":"LineString","coordinates":[[-17.95438,28.804952],[-17.954462,28.804923],[-17.954513,28.804913],[-17.954565,28.80491],[-17.954617,28.804914],[-17.954669,28.804916],[-17.95472,28.80492],[-17.95477,28.804929],[-17.95482,28.804941],[-17.954871,28.804948],[-17.954922,28.80495],[-17.954974,28.804947],[-17.955079,28.804941],[-17.955131,28.804941],[-17.955184,28.804942],[-17.955216,28.80494],[-17.955267,28.804933],[-17.955316,28.804918],[-17.955365,28.804902],[-17.955416,28.804895],[-17.955467,28.8049],[-17.955517,28.80491],[-17.955617,28.804936],[-17.955667,28.804948],[-17.955718,28.804956],[-17.95577,28.804952],[-17.955812,28.804936],[-17.955847,28.804905],[-17.955868,28.804863],[-17.955878,28.804818],[-17.955874,28.804772],[-17.955863,28.804728],[-17.955855,28.804683],[-17.955836,28.804641],[-17.955811,28.8046],[-17.955763,28.804517],[-17.955739,28.804476],[-17.955691,28.804395],[-17.95567,28.804353],[-17.955621,28.804257],[-17.955601,28.804215],[-17.955566,28.804124],[-17.955539,28.804039],[-17.955524,28.803995],[-17.955511,28.803951],[-17.955494,28.80386],[-17.955482,28.80377],[-17.955483,28.803686],[-17.955528,28.803606],[-17.955559,28.803583],[-17.955603,28.803571],[-17.955649,28.803574],[-17.955694,28.803597],[-17.955737,28.803623],[-17.955781,28.803647],[-17.955873,28.803692],[-17.955968,28.803738],[-17.956082,28.803791],[-17.956129,28.803812],[-17.956225,28.803845],[-17.956276,28.803858],[-17.956378,28.803872],[-17.95643,28.803872],[-17.956482,28.803868],[-17.956533,28.80386],[-17.956583,28.803849],[-17.956679,28.803812],[-17.956725,28.803789],[-17.956767,28.803763],[-17.956871,28.803681],[-17.956954,28.803606],[-17.957008,28.803557],[-17.957084,28.803494],[-17.957122,28.803465],[-17.957159,28.803433],[-17.9572,28.803405],[-17.957249,28.803391],[-17.9573,28.80339],[-17.957352,28.803396],[-17.957403,28.803408],[-17.95745,28.803428],[-17.957572,28.803508],[-17.957808,28.803655],[-17.957881,28.803703],[-17.957924,28.80373],[-17.957969,28.803753],[-17.958015,28.803774],[-17.958113,28.803803],[-17.958164,28.803813],[-17.958215,28.803815],[-17.958352,28.803802],[-17.95841,28.803781],[-17.958455,28.803759],[-17.958555,28.803711],[-17.958591,28.803692],[-17.958621,28.803664],[-17.95863,28.803655],[-17.958643,28.803634],[-17.958651,28.80361],[-17.958655,28.803585],[-17.958652,28.803557],[-17.958645,28.803526],[-17.958635,28.803495],[-17.958614,28.803451],[-17.958594,28.803403],[-17.958579,28.80337],[-17.958558,28.803315],[-17.958528,28.803253],[-17.958512,28.803219],[-17.958487,28.803185],[-17.958473,28.803169],[-17.958391,28.803089],[-17.958328,28.80301],[-17.958301,28.802971],[-17.958278,28.80293],[-17.958277,28.802893],[-17.958293,28.802859],[-17.958325,28.802823],[-17.95836,28.802809],[-17.958685,28.802802],[-17.958737,28.802792],[-17.958774,28.80277],[-17.958806,28.802734],[-17.958832,28.802694],[-17.958982,28.802469],[-17.959007,28.802429],[-17.959018,28.802384],[-17.959047,28.802081],[-17.959043,28.802035],[-17.959033,28.801943],[-17.959021,28.801805],[-17.959013,28.80176],[-17.958999,28.801716],[-17.958983,28.801673],[-17.958972,28.801628],[-17.958955,28.801584],[-17.958935,28.801542],[-17.958912,28.8015],[-17.958896,28.801455],[-17.958916,28.801372],[-17.958968,28.801263],[-17.959024,28.801173],[-17.959057,28.801138],[-17.959098,28.80111],[-17.959145,28.801096],[-17.959198,28.80109],[-17.959419,28.801054],[-17.95952,28.801043],[-17.959667,28.80103],[-17.959719,28.801023],[-17.95977,28.801016],[-17.959819,28.801001],[-17.95986,28.800972],[-17.959884,28.800936],[-17.959895,28.80089],[-17.959888,28.80085],[-17.959865,28.800807],[-17.959804,28.800731],[-17.959772,28.800695],[-17.959746,28.800655],[-17.959723,28.800615],[-17.959701,28.800572],[-17.959673,28.800534],[-17.959638,28.800515],[-17.959589,28.800498],[-17.959434,28.800459],[-17.959334,28.800428],[-17.959285,28.800414],[-17.959235,28.800398],[-17.959135,28.800364],[-17.959085,28.800345],[-17.959039,28.800325],[-17.958989,28.800283],[-17.958932,28.800216],[-17.958828,28.800106]]},"properties":{"clase":"canal","origen":"Canal LP-II","nombre":"CANAL LA PALMA II","tipo_red":"RED BÁSICA","codigo":"CT000111"}},{"type":"Feature","geometry":{"type":"LineString","coordinates":[[-17.958828,28.800106],[-17.959796,28.798648],[-17.960205,28.798073]]},"properties":{"clase":"canal","origen":"Canal LP-II","nombre":"CANAL LA PALMA II","tipo_red":"RED BÁSICA","codigo":"CT000112"}},{"type":"Feature","geometry":{"type":"LineString","coordinates":[[-17.960205,28.798073],[-17.960134,28.797923],[-17.960077,28.797803],[-17.960038,28.797702],[-17.959972,28.79757],[-17.95995,28.797525],[-17.959938,28.797478],[-17.959934,28.797431],[-17.959939,28.797383],[-17.959961,28.797338],[-17.960018,28.797281],[-17.960048,28.797231],[-17.960052,28.797189],[-17.960041,28.797146],[-17.960027,28.797104],[-17.960006,28.797063],[-17.959987,28.797019],[-17.959983,28.796979],[-17.960003,28.796933],[-17.960033,28.796899],[-17.960083,28.796876],[-17.960139,28.796869],[-17.960193,28.796876],[-17.960286,28.796917],[-17.960565,28.797074],[-17.960672,28.797166],[-17.960701,28.797199],[-17.960728,28.797285],[-17.960754,28.797322],[-17.960778,28.797343],[-17.960823,28.797355],[-17.960873,28.797357],[-17.960926,28.797358],[-17.960979,28.797363],[-17.96103,28.79737],[-17.961082,28.797375],[-17.961251,28.797402],[-17.961303,28.79741],[-17.961355,28.79742],[-17.961406,28.797439],[-17.961452,28.797461],[-17.961499,28.797486],[-17.961543,28.797513],[-17.961626,28.797572],[-17.961668,28.797602],[-17.961709,28.797632],[-17.961748,28.797662],[-17.961788,28.79769],[-17.961833,28.797714],[-17.961877,28.797735],[-17.961924,28.797753],[-17.962162,28.797867],[-17.96221,28.79788],[-17.962258,28.797882],[-17.962304,28.797871],[-17.962345,28.797847],[-17.962379,28.797815],[-17.962404,28.797777],[-17.962431,28.797707],[-17.962452,28.797649],[-17.962478,28.797607],[-17.962513,28.797572],[-17.962743,28.797364],[-17.962889,28.797216],[-17.962909,28.797176],[-17.96292,28.797131],[-17.962932,28.796993],[-17.962932,28.796948],[-17.962926,28.796902],[-17.962914,28.796858],[-17.962899,28.796815],[-17.962884,28.796769],[-17.96288,28.796721],[-17.962895,28.796673],[-17.962922,28.796632],[-17.96296,28.796603],[-17.963147,28.79655],[-17.963171,28.796538],[-17.963194,28.796523],[-17.963214,28.796506],[-17.963231,28.796486],[-17.963246,28.796465],[-17.963257,28.796442],[-17.963265,28.796418],[-17.963269,28.796394],[-17.963269,28.796369],[-17.963266,28.796344],[-17.963259,28.796321],[-17.96324,28.79628],[-17.963213,28.796243],[-17.963184,28.796205],[-17.963081,28.796099],[-17.963004,28.796015],[-17.962968,28.79598],[-17.962936,28.795943],[-17.962905,28.795905],[-17.962877,28.795865],[-17.962852,28.795824],[-17.962837,28.795778],[-17.962831,28.795731],[-17.962837,28.795683],[-17.962855,28.795648],[-17.962886,28.795624],[-17.962898,28.795615],[-17.962943,28.795597],[-17.962996,28.795596],[-17.963048,28.795612],[-17.963092,28.795639],[-17.963132,28.795669],[-17.96317,28.795699],[-17.963215,28.79572],[-17.963264,28.795735],[-17.963314,28.795751],[-17.963365,28.795764],[-17.963417,28.795775],[-17.96352,28.795794],[-17.963572,28.795804],[-17.963623,28.79581],[-17.963673,28.795808],[-17.963721,28.795794],[-17.963764,28.795771],[-17.963801,28.795741],[-17.963824,28.795704],[-17.963836,28.795661],[-17.96384,28.795616],[-17.963839,28.795525],[-17.96384,28.795385],[-17.963841,28.795293],[-17.963833,28.79525],[-17.963815,28.79521],[-17.963782,28.795175],[-17.96375,28.795137],[-17.963717,28.795101],[-17.963695,28.795064],[-17.963691,28.795057],[-17.963681,28.795009],[-17.963679,28.794961],[-17.963689,28.794914],[-17.963714,28.794877],[-17.963759,28.794847],[-17.96381,28.794831],[-17.963864,28.79482],[-17.963919,28.794823],[-17.964021,28.79485],[-17.964071,28.794863],[-17.964122,28.794881],[-17.964216,28.794924],[-17.964304,28.794978],[-17.964342,28.79501],[-17.964376,28.795049],[-17.964399,28.795092],[-17.964457,28.795215],[-17.96448,28.795256],[-17.964506,28.795295],[-17.964535,28.795332],[-17.96457,28.795363],[-17.964612,28.795386],[-17.964661,28.795397],[-17.964711,28.795401],[-17.964759,28.795396],[-17.964805,28.79538],[-17.964845,28.795352],[-17.964881,28.795321],[-17.964913,28.795284],[-17.964945,28.795248],[-17.964978,28.79521],[-17.965021,28.79518],[-17.965059,28.795165],[-17.965115,28.795168],[-17.965166,28.795186],[-17.965212,28.795209],[-17.965254,28.795239],[-17.965293,28.795271],[-17.965332,28.795301],[-17.96537,28.795333],[-17.965411,28.795359],[-17.965456,28.79538],[-17.965504,28.795395],[-17.965554,28.795405],[-17.965605,28.795406],[-17.965655,28.795402],[-17.965705,28.79539],[-17.965749,28.795372],[-17.965788,28.795345],[-17.965823,28.795311],[-17.965848,28.795277],[-17.965859,28.795235],[-17.965861,28.795193],[-17.965825,28.795107],[-17.96579,28.795019],[-17.965753,28.794931],[-17.965739,28.794886],[-17.965714,28.794796],[-17.965703,28.794752],[-17.965692,28.794708],[-17.965675,28.794666],[-17.965647,28.794628],[-17.965612,28.794593],[-17.965577,28.794557],[-17.965543,28.794522],[-17.965514,28.794482],[-17.965493,28.794438],[-17.965478,28.794391],[-17.965475,28.794343],[-17.965475,28.794296],[-17.96548,28.79425],[-17.965489,28.794204],[-17.965497,28.794158],[-17.96551,28.794067],[-17.965515,28.793974],[-17.965532,28.793928],[-17.965558,28.793898],[-17.965565,28.79389],[-17.965606,28.793868],[-17.965652,28.793863],[-17.965702,28.793877],[-17.965745,28.793907],[-17.965783,28.793939],[-17.965815,28.793978],[-17.96588,28.794104],[-17.965907,28.794141],[-17.965945,28.79417],[-17.965989,28.794193],[-17.966035,28.794212],[-17.966083,28.794227],[-17.966133,28.794246],[-17.966178,28.79427],[-17.966222,28.794295],[-17.966263,28.794324],[-17.966303,28.794353],[-17.966343,28.794384],[-17.966377,28.794419],[-17.96641,28.794454],[-17.966443,28.794488],[-17.966482,28.794516],[-17.966524,28.794543],[-17.966568,28.794566],[-17.966614,28.794586],[-17.966743,28.794611],[-17.96678,28.794613],[-17.966828,28.794596],[-17.966867,28.794568],[-17.966903,28.794536],[-17.966934,28.7945],[-17.96696,28.794462],[-17.967002,28.794382],[-17.967031,28.794319],[-17.967056,28.794241],[-17.967101,28.794132],[-17.967161,28.793985],[-17.967168,28.79392],[-17.967135,28.793865],[-17.966985,28.79368],[-17.966943,28.79362],[-17.966901,28.793552],[-17.966869,28.793487],[-17.966842,28.793423],[-17.966823,28.79339],[-17.9668,28.793359],[-17.966784,28.793341],[-17.966768,28.793324],[-17.966748,28.793306],[-17.966731,28.793289],[-17.966716,28.793272],[-17.966705,28.793255],[-17.966696,28.793237],[-17.96669,28.793204],[-17.966692,28.793187],[-17.9667,28.793155],[-17.966711,28.79313],[-17.966724,28.79311],[-17.966742,28.793087],[-17.966774,28.793052],[-17.966808,28.793023],[-17.966835,28.793004],[-17.966862,28.792989],[-17.966892,28.792975],[-17.966929,28.79296],[-17.96698,28.792945],[-17.967011,28.792936],[-17.967105,28.792933],[-17.96721,28.79293],[-17.967263,28.792924],[-17.967294,28.792918],[-17.967335,28.792898],[-17.967358,28.792879],[-17.967375,28.792855],[-17.967381,28.792842],[-17.967386,28.792818],[-17.967385,28.792795],[-17.967381,28.792773],[-17.967379,28.792767],[-17.96734,28.792644],[-17.967314,28.792583],[-17.967275,28.792499],[-17.967273,28.792491],[-17.967272,28.792465],[-17.967274,28.792457],[-17.967279,28.792441],[-17.967288,28.792426],[-17.967301,28.792413],[-17.967371,28.792355],[-17.967463,28.792287],[-17.96753,28.792241],[-17.967695,28.792128]]},"properties":{"clase":"canal","origen":"Canal LP-II","nombre":"CANAL LA PALMA II","tipo_red":"RED BÁSICA","codigo":"CT000113"}},{"type":"Feature","geometry":{"type":"LineString","coordinates":[[-17.967695,28.792128],[-17.96845,28.791356]]},"properties":{"clase":"canal","origen":"Canal LP-II","nombre":"CANAL LA PALMA II","tipo_red":"RED BÁSICA","codigo":"CT000114"}},{"type":"Feature","geometry":{"type":"LineString","coordinates":[[-17.96845,28.791356],[-17.968539,28.791349],[-17.968588,28.791346],[-17.96863,28.791345],[-17.968694,28.791331],[-17.968911,28.791256],[-17.96895,28.791245],[-17.96899,28.791235],[-17.969029,28.791225],[-17.969069,28.791211],[-17.969103,28.79119],[-17.969122,28.791164],[-17.969133,28.791128],[-17.969137,28.791092],[-17.96914,28.791056],[-17.96914,28.790888],[-17.969131,28.790734],[-17.9691,28.790619],[-17.969106,28.790587],[-17.969125,28.79056],[-17.969156,28.79054],[-17.969193,28.790523],[-17.969232,28.790509],[-17.969252,28.790502],[-17.96927,28.790496],[-17.96931,28.790485],[-17.969352,28.790484],[-17.969387,28.790495],[-17.969418,28.790518],[-17.969445,28.790547],[-17.969512,28.790636],[-17.96961,28.790755],[-17.969664,28.790845],[-17.96974,28.790945],[-17.969771,28.790963],[-17.96981,28.790974],[-17.969851,28.790983],[-17.969976,28.790998],[-17.970055,28.791003],[-17.970071,28.791004],[-17.970112,28.791004],[-17.970153,28.790997],[-17.970192,28.790984],[-17.970406,28.79089],[-17.970544,28.790832],[-17.970599,28.790806],[-17.970659,28.790774],[-17.970731,28.790727],[-17.970852,28.790647],[-17.97087,28.790635],[-17.970896,28.790602],[-17.970923,28.790567],[-17.970931,28.790536],[-17.970928,28.790499],[-17.970921,28.790463],[-17.970909,28.790428],[-17.970891,28.790393],[-17.970834,28.790275],[-17.97083,28.790247],[-17.97083,28.790233],[-17.970835,28.790205],[-17.97084,28.790192],[-17.97085,28.790169],[-17.97086,28.790153],[-17.970869,28.790142],[-17.97088,28.790131],[-17.970997,28.790045],[-17.971026,28.790019],[-17.971052,28.78999],[-17.971071,28.789958],[-17.971084,28.789923],[-17.971085,28.789887],[-17.971083,28.78985],[-17.971074,28.789804],[-17.971037,28.78966],[-17.971038,28.789647],[-17.971041,28.789635],[-17.971052,28.789611],[-17.97106,28.789599],[-17.971069,28.789589],[-17.971079,28.78958],[-17.971102,28.789564],[-17.971115,28.789558],[-17.971129,28.789554],[-17.971168,28.789541],[-17.971211,28.789528],[-17.971244,28.789511],[-17.971255,28.789505],[-17.971275,28.78949],[-17.971294,28.789475],[-17.971318,28.789449],[-17.97139,28.789368],[-17.971411,28.789354],[-17.971434,28.789341],[-17.971458,28.789331],[-17.97147,28.789327],[-17.971483,28.789324],[-17.971509,28.789319],[-17.971579,28.789312],[-17.971633,28.789306],[-17.971644,28.789303],[-17.971655,28.789299],[-17.971666,28.789294],[-17.971676,28.789288],[-17.971685,28.789281],[-17.971694,28.789273],[-17.971701,28.789265],[-17.971708,28.789256],[-17.971713,28.789246],[-17.97172,28.789226],[-17.971793,28.78904]]},"properties":{"clase":"canal","origen":"Canal LP-II","nombre":"CANAL LA PALMA II","tipo_red":"RED BÁSICA","codigo":"CT000115"}},{"type":"Feature","geometry":{"type":"LineString","coordinates":[[-17.971793,28.78904],[-17.972254,28.788979],[-17.972636,28.788956],[-17.972892,28.78894]]},"properties":{"clase":"canal","origen":"Canal LP-II","nombre":"CANAL LA PALMA II","tipo_red":"RED BÁSICA","codigo":"CT000116"}},{"type":"Feature","geometry":{"type":"LineString","coordinates":[[-17.972892,28.788941],[-17.972996,28.78904],[-17.973013,28.789051],[-17.973032,28.789059],[-17.973053,28.789063],[-17.973063,28.789063],[-17.973074,28.789062],[-17.973082,28.78906],[-17.973094,28.789057],[-17.973104,28.789053],[-17.973257,28.788981],[-17.973273,28.78897],[-17.973287,28.788957],[-17.9733,28.788942],[-17.97331,28.788926],[-17.973322,28.788901],[-17.973385,28.788761],[-17.973396,28.788748],[-17.973438,28.78872],[-17.97353,28.788701],[-17.973562,28.788701],[-17.973592,28.788703],[-17.973613,28.788707],[-17.973642,28.788715],[-17.973895,28.788798],[-17.974002,28.788815],[-17.974021,28.788814],[-17.97404,28.788809],[-17.974057,28.788801],[-17.974072,28.788791],[-17.974085,28.788779],[-17.97409,28.788772],[-17.974353,28.788481],[-17.974487,28.788357],[-17.974507,28.788332],[-17.974539,28.78829],[-17.974559,28.788265],[-17.974603,28.788214],[-17.974762,28.788059],[-17.974784,28.788031],[-17.974796,28.788009],[-17.974806,28.787986],[-17.974814,28.787963],[-17.97482,28.787939],[-17.974823,28.787915],[-17.974824,28.78789],[-17.974823,28.787866],[-17.974819,28.787841],[-17.974813,28.787817],[-17.974805,28.787794],[-17.974795,28.787771],[-17.97476,28.787712],[-17.97474,28.787678],[-17.974652,28.787585],[-17.974633,28.787565],[-17.974616,28.787544],[-17.974602,28.787521],[-17.974589,28.787497],[-17.974584,28.787485],[-17.974575,28.78746],[-17.974513,28.787251],[-17.974456,28.787068],[-17.97445,28.787054],[-17.974444,28.787041],[-17.974437,28.787028],[-17.974421,28.787003],[-17.974402,28.786979],[-17.974382,28.786956],[-17.97436,28.786935],[-17.974181,28.786783],[-17.974073,28.786699],[-17.973998,28.786646],[-17.97388,28.786572],[-17.973799,28.786527],[-17.97365,28.786446],[-17.973597,28.786403],[-17.973399,28.786202],[-17.973269,28.786071],[-17.973142,28.785942],[-17.973106,28.785903],[-17.973072,28.785862],[-17.973056,28.785841],[-17.973027,28.785797],[-17.973,28.785753],[-17.972988,28.78573],[-17.972977,28.785706],[-17.972946,28.785619],[-17.97294,28.785599],[-17.972937,28.785579],[-17.972938,28.785548],[-17.972943,28.785528],[-17.972951,28.785509],[-17.972975,28.78548],[-17.972996,28.785458]]},"properties":{"clase":"canal","origen":"Canal LP-II","nombre":"CANAL LA PALMA II","tipo_red":"RED BÁSICA","codigo":"CT000117"}},{"type":"Feature","geometry":{"type":"LineString","coordinates":[[-17.972996,28.785458],[-17.974689,28.784622],[-17.974981,28.784463],[-17.976277,28.783824]]},"properties":{"clase":"canal","origen":"Canal LP-II","nombre":"CANAL LA PALMA II","tipo_red":"RED BÁSICA","codigo":"CT000118"}},{"type":"Feature","geometry":{"type":"LineString","coordinates":[[-17.976277,28.783824],[-17.976395,28.783792],[-17.976455,28.783799],[-17.976494,28.783808],[-17.976532,28.78382],[-17.976568,28.783834],[-17.97663,28.783868],[-17.976711,28.783919],[-17.976787,28.783975],[-17.976881,28.784057],[-17.97703,28.784176],[-17.977145,28.784242],[-17.977398,28.784423],[-17.977511,28.784488],[-17.977549,28.784511],[-17.977605,28.784544],[-17.977808,28.784823],[-17.977834,28.78484],[-17.977853,28.784849],[-17.977872,28.784857],[-17.977913,28.784868],[-17.978163,28.78493],[-17.978272,28.784983],[-17.97829,28.784993],[-17.978326,28.785012],[-17.978361,28.785032],[-17.978512,28.785132],[-17.978665,28.785223],[-17.978705,28.785235],[-17.978726,28.785238],[-17.978767,28.78524],[-17.978788,28.785238],[-17.978809,28.785235],[-17.978829,28.78523],[-17.978849,28.785223],[-17.978868,28.785215],[-17.978886,28.785205],[-17.978908,28.785187],[-17.978937,28.785155],[-17.978945,28.785143],[-17.978952,28.785132],[-17.978966,28.785107],[-17.978976,28.785082],[-17.979024,28.784946],[-17.979031,28.784919],[-17.979037,28.784892],[-17.979043,28.784851],[-17.979047,28.784795],[-17.979058,28.784679],[-17.979064,28.78466],[-17.979071,28.784642],[-17.979079,28.784624],[-17.979088,28.784607],[-17.979099,28.78459],[-17.979111,28.784574],[-17.979138,28.784544],[-17.979169,28.784517],[-17.979186,28.784505],[-17.979348,28.78442],[-17.979378,28.784402],[-17.979408,28.784383],[-17.979437,28.784362],[-17.979465,28.784341],[-17.979517,28.784295],[-17.979542,28.784271],[-17.979588,28.78422],[-17.979629,28.784166],[-17.979704,28.784063],[-17.979742,28.784011],[-17.979903,28.78376],[-17.97993,28.783714],[-17.97995,28.783665],[-17.979964,28.783615],[-17.97997,28.78358],[-17.979983,28.783455],[-17.979979,28.783359],[-17.979987,28.7833],[-17.980002,28.783229],[-17.980013,28.783206],[-17.980027,28.783185],[-17.980044,28.783165],[-17.980064,28.783147],[-17.980086,28.783132],[-17.980136,28.783108],[-17.980163,28.783101],[-17.980191,28.783096],[-17.980219,28.783095],[-17.980317,28.783107],[-17.980398,28.78312],[-17.980521,28.783138],[-17.980603,28.783147],[-17.980686,28.783155],[-17.980768,28.783162],[-17.98081,28.783154],[-17.98085,28.78314],[-17.980878,28.783125],[-17.981021,28.783044],[-17.9811,28.782993],[-17.981541,28.782652],[-17.981581,28.782617],[-17.981619,28.78258],[-17.981653,28.78254],[-17.981684,28.782499],[-17.981724,28.782433],[-17.981831,28.782268],[-17.981866,28.782215],[-17.981911,28.782157],[-17.981915,28.782153],[-17.981976,28.78208],[-17.982059,28.781968],[-17.982212,28.781742],[-17.982297,28.78165],[-17.982319,28.781631],[-17.982342,28.781615],[-17.982368,28.781601],[-17.982395,28.78159],[-17.982423,28.781581],[-17.982438,28.781577],[-17.982518,28.781559],[-17.982597,28.781549],[-17.982635,28.781545],[-17.982903,28.781537],[-17.983009,28.781535],[-17.983047,28.781524],[-17.983082,28.781506],[-17.983103,28.78149],[-17.98312,28.781472],[-17.983128,28.781462],[-17.983309,28.781222],[-17.98345,28.781019],[-17.983529,28.780939],[-17.983567,28.780916],[-17.983589,28.780905],[-17.983609,28.780895],[-17.983625,28.780891],[-17.983731,28.780873],[-17.983781,28.780865],[-17.983847,28.780837],[-17.983879,28.780821],[-17.983926,28.780795],[-17.983955,28.780775],[-17.984115,28.780638],[-17.984214,28.780548],[-17.984307,28.780435],[-17.984328,28.780403],[-17.984351,28.780358],[-17.984359,28.780334],[-17.984366,28.78031],[-17.984374,28.780212],[-17.98438,28.780186],[-17.984391,28.780161],[-17.984407,28.780138],[-17.98442,28.780125],[-17.984469,28.780097],[-17.984566,28.780053],[-17.984599,28.780037],[-17.984628,28.780015],[-17.98465,28.779989],[-17.984662,28.779969],[-17.984723,28.779841],[-17.984788,28.77974],[-17.984863,28.779646],[-17.984881,28.779623],[-17.984895,28.779598],[-17.984902,28.779581],[-17.984909,28.779564],[-17.984911,28.779555],[-17.98493,28.779438],[-17.984947,28.779348],[-17.985021,28.779108],[-17.985121,28.778756],[-17.985136,28.778688],[-17.985141,28.778666],[-17.985149,28.77862],[-17.985156,28.778574],[-17.985161,28.778529],[-17.985164,28.778506],[-17.985179,28.778049],[-17.985182,28.778013],[-17.98519,28.777978],[-17.985198,28.777955],[-17.985213,28.777922],[-17.985243,28.777874],[-17.985366,28.777673],[-17.98541,28.777586],[-17.9855,28.777393],[-17.985568,28.777209],[-17.985575,28.777149],[-17.985614,28.776847],[-17.985618,28.776802],[-17.985611,28.776787],[-17.985602,28.776774],[-17.98559,28.776762],[-17.985577,28.776752],[-17.985554,28.776742],[-17.985369,28.776717],[-17.98532,28.776704],[-17.985249,28.776682],[-17.985202,28.776666],[-17.985155,28.776649],[-17.985109,28.776632],[-17.985025,28.776605],[-17.984993,28.776592],[-17.984979,28.776584],[-17.984965,28.776574],[-17.984953,28.776562],[-17.984943,28.77655],[-17.984934,28.776536],[-17.984927,28.776522],[-17.984922,28.776507],[-17.984919,28.776492],[-17.984918,28.776476],[-17.98492,28.776459],[-17.984925,28.776443],[-17.984931,28.776427],[-17.984939,28.776412],[-17.984949,28.776398],[-17.984961,28.776385],[-17.984975,28.776373],[-17.98499,28.776362],[-17.985006,28.776353],[-17.985023,28.776346],[-17.98504,28.77634],[-17.985148,28.776315],[-17.985185,28.776304],[-17.98522,28.77629],[-17.985237,28.776281],[-17.985253,28.776271],[-17.985268,28.776261],[-17.985282,28.776249],[-17.985295,28.776237],[-17.985317,28.776212],[-17.985318,28.776205],[-17.985319,28.776196],[-17.985318,28.776177],[-17.985315,28.776159],[-17.985308,28.776141],[-17.985304,28.776132],[-17.985294,28.776116],[-17.985221,28.776038],[-17.985181,28.775988],[-17.985162,28.775963],[-17.985127,28.775911],[-17.985095,28.775858],[-17.98508,28.775831],[-17.985052,28.775776],[-17.98504,28.775748],[-17.98502,28.775704],[-17.985013,28.77568],[-17.985007,28.775657],[-17.985001,28.775609],[-17.985001,28.775584],[-17.985002,28.77556],[-17.985004,28.775536],[-17.985009,28.775512],[-17.985022,28.775471],[-17.985043,28.775437],[-17.985056,28.775423],[-17.98509,28.775399],[-17.985108,28.775389],[-17.985128,28.775382],[-17.985149,28.775378],[-17.985171,28.775375],[-17.985205,28.775377],[-17.98524,28.775388],[-17.985269,28.775408],[-17.985285,28.775424],[-17.985297,28.775442],[-17.985444,28.775653],[-17.985455,28.775671],[-17.985468,28.775687],[-17.985482,28.775703],[-17.985497,28.775717],[-17.985531,28.775743],[-17.98555,28.775754],[-17.98559,28.775771],[-17.985611,28.775778],[-17.985633,28.775784],[-17.985684,28.775797],[-17.985788,28.775824],[-17.985816,28.775833],[-17.98587,28.775856],[-17.985896,28.775869],[-17.985946,28.775897],[-17.98597,28.775913],[-17.986015,28.775947],[-17.986036,28.775965],[-17.986056,28.775984],[-17.986153,28.776062],[-17.986168,28.776069],[-17.986184,28.776075],[-17.986217,28.776083],[-17.986252,28.776085],[-17.986269,28.776083],[-17.986303,28.776077],[-17.986335,28.776064],[-17.986364,28.776048],[-17.986434,28.775991],[-17.986471,28.775949],[-17.986688,28.775697],[-17.986803,28.775604],[-17.986859,28.775537],[-17.986883,28.775493],[-17.986887,28.775455],[-17.986879,28.775246],[-17.986885,28.775212],[-17.986892,28.775177],[-17.986896,28.775111]]},"properties":{"clase":"canal","origen":"Canal LP-II","nombre":"CANAL LA PALMA II","tipo_red":"RED BÁSICA","codigo":"CT000119"}},{"type":"Feature","geometry":{"type":"LineString","coordinates":[[-17.986896,28.775111],[-17.986927,28.774711],[-17.986947,28.774369]]},"properties":{"clase":"canal","origen":"Canal LP-II","nombre":"CANAL LA PALMA II","tipo_red":"RED BÁSICA","codigo":"CT000120"}},{"type":"Feature","geometry":{"type":"LineString","coordinates":[[-17.986947,28.774369],[-17.986941,28.774178],[-17.986938,28.774062],[-17.986917,28.773883],[-17.986903,28.773698],[-17.986901,28.773566],[-17.986903,28.77353],[-17.986921,28.773472],[-17.986949,28.773418],[-17.987025,28.773302],[-17.987056,28.773245],[-17.987108,28.773142],[-17.987174,28.773008],[-17.987186,28.772968],[-17.98731,28.772803],[-17.987351,28.772726],[-17.987362,28.772696],[-17.987369,28.772665],[-17.987374,28.772634],[-17.987376,28.772602],[-17.987376,28.77257],[-17.987375,28.772553],[-17.987385,28.772457],[-17.987395,28.772429],[-17.987408,28.772402],[-17.987413,28.772393],[-17.987424,28.772376],[-17.987436,28.77236],[-17.987507,28.772273],[-17.987648,28.77208],[-17.987722,28.771975],[-17.987743,28.771941],[-17.987762,28.771906],[-17.98777,28.771888],[-17.987786,28.771852],[-17.987798,28.771815],[-17.987804,28.771796],[-17.987846,28.771628],[-17.987864,28.771594],[-17.987887,28.771564],[-17.9879,28.77155],[-17.98793,28.771525],[-17.987963,28.771505],[-17.987999,28.771489],[-17.988072,28.771451],[-17.988087,28.77144],[-17.988101,28.771427],[-17.988113,28.771413],[-17.988124,28.771399],[-17.988133,28.771383],[-17.98814,28.771366],[-17.988146,28.77135],[-17.988149,28.771332],[-17.98815,28.771315],[-17.98815,28.771297],[-17.988147,28.77128],[-17.98811,28.771163],[-17.988103,28.771144],[-17.988084,28.771108],[-17.98806,28.771074],[-17.988046,28.771058],[-17.988016,28.771029],[-17.987981,28.771004],[-17.98795,28.770988],[-17.987923,28.770976],[-17.987883,28.770958],[-17.987842,28.77094],[-17.987814,28.770928],[-17.987781,28.770906],[-17.98777,28.770889],[-17.987763,28.770872],[-17.987757,28.770837],[-17.987757,28.770819],[-17.987766,28.770784],[-17.987774,28.770767],[-17.987785,28.770752],[-17.987797,28.770738],[-17.987833,28.770707],[-17.987856,28.77069],[-17.987907,28.770661],[-17.987934,28.770648],[-17.987962,28.770638],[-17.987991,28.77063],[-17.988021,28.770624],[-17.988051,28.77062],[-17.988081,28.770617],[-17.988112,28.770617],[-17.98816,28.770623],[-17.988208,28.770633],[-17.988276,28.770656],[-17.988339,28.770688],[-17.988359,28.7707],[-17.98843,28.770741],[-17.988459,28.770749],[-17.98849,28.770756],[-17.98851,28.770758],[-17.988548,28.770757],[-17.988752,28.770732],[-17.988858,28.770725],[-17.989152,28.770719],[-17.989351,28.770696],[-17.989585,28.770665],[-17.989838,28.770608],[-17.990063,28.770527],[-17.990171,28.770497],[-17.990246,28.770483],[-17.990449,28.770419],[-17.990482,28.770407],[-17.990526,28.770377]]},"properties":{"clase":"canal","origen":"Canal LP-II","nombre":"CANAL LA PALMA II","tipo_red":"RED BÁSICA","codigo":"CT000121"}},{"type":"Feature","geometry":{"type":"LineString","coordinates":[[-17.990526,28.770377],[-17.990555,28.770341],[-17.990585,28.770276],[-17.990591,28.770181],[-17.990584,28.770159],[-17.990531,28.770025],[-17.990372,28.769709],[-17.990365,28.769692],[-17.990349,28.769659],[-17.990328,28.769629],[-17.990303,28.7696],[-17.990289,28.769587],[-17.990258,28.769564],[-17.990242,28.769554],[-17.990137,28.769499],[-17.990079,28.769474],[-17.990052,28.769459],[-17.990001,28.769426],[-17.989976,28.769408],[-17.989932,28.769368],[-17.989912,28.769346],[-17.989893,28.769323],[-17.989875,28.7693],[-17.989864,28.769275],[-17.989855,28.76925],[-17.989848,28.769224],[-17.989844,28.769198],[-17.989842,28.769172],[-17.989843,28.769145],[-17.989847,28.769119],[-17.989852,28.769093],[-17.989861,28.769067],[-17.989871,28.769042],[-17.989905,28.768988],[-17.989928,28.76896],[-17.989983,28.768908],[-17.990014,28.768886],[-17.990048,28.768866],[-17.990083,28.768849],[-17.990119,28.768835],[-17.990157,28.768823],[-17.990196,28.768815],[-17.990236,28.76881],[-17.990326,28.76881],[-17.990434,28.76881],[-17.990601,28.768815],[-17.990653,28.768816],[-17.990705,28.768812],[-17.990731,28.768808],[-17.990782,28.768799],[-17.990831,28.768785],[-17.990879,28.768767],[-17.990889,28.768761],[-17.990907,28.768747],[-17.990922,28.768731],[-17.990944,28.768693],[-17.990949,28.768673],[-17.99094,28.768409],[-17.990934,28.768271],[-17.990902,28.768042],[-17.990872,28.767787],[-17.990863,28.767683],[-17.990856,28.767657],[-17.990841,28.767618],[-17.990821,28.767581],[-17.990796,28.767546],[-17.990732,28.767465],[-17.990723,28.767447],[-17.990717,28.767429],[-17.990714,28.76741],[-17.990714,28.767373],[-17.990724,28.767336],[-17.990744,28.767303],[-17.990772,28.767275],[-17.990799,28.767256],[-17.990845,28.767235],[-17.990878,28.767228],[-17.990912,28.767224],[-17.990947,28.767226],[-17.991422,28.767337],[-17.991528,28.767368],[-17.99158,28.767386],[-17.991631,28.767407],[-17.991705,28.767441],[-17.991753,28.767467],[-17.991776,28.767481],[-17.991799,28.767496],[-17.991824,28.767507],[-17.991849,28.767516],[-17.991903,28.76753],[-17.99193,28.767534],[-17.991958,28.767536],[-17.991986,28.767536],[-17.992014,28.767534],[-17.992041,28.767531],[-17.992068,28.767525],[-17.992095,28.767518],[-17.99213,28.767512],[-17.992165,28.767503],[-17.992199,28.767491],[-17.992231,28.767478],[-17.992292,28.767443],[-17.992345,28.7674],[-17.992368,28.767376],[-17.992389,28.76735],[-17.992407,28.767323],[-17.992422,28.767266],[-17.992431,28.767207],[-17.992433,28.767149],[-17.992432,28.76712],[-17.99243,28.76709],[-17.992426,28.767061],[-17.99242,28.767032],[-17.992413,28.767004],[-17.992409,28.766945],[-17.992409,28.766917],[-17.992414,28.766862],[-17.992426,28.766808],[-17.992458,28.76673],[-17.992487,28.766682],[-17.992526,28.766624],[-17.992563,28.766552],[-17.992593,28.766477],[-17.992614,28.7664],[-17.992622,28.766361],[-17.992628,28.766322],[-17.992633,28.766242],[-17.992629,28.766208],[-17.992619,28.766139],[-17.992596,28.766037],[-17.992575,28.76597],[-17.992536,28.765872],[-17.992474,28.76572],[-17.992372,28.765372],[-17.992369,28.765353],[-17.992369,28.765334],[-17.992378,28.765279],[-17.992395,28.765244],[-17.992422,28.765209],[-17.992454,28.765186],[-17.99251,28.765159],[-17.992545,28.765147],[-17.993057,28.765053],[-17.99326,28.765008],[-17.9933,28.764996],[-17.993336,28.764977],[-17.993369,28.764953],[-17.993396,28.764925],[-17.993417,28.764893],[-17.993424,28.764875],[-17.993479,28.764712],[-17.993652,28.763889],[-17.993679,28.763801],[-17.993703,28.763736],[-17.993722,28.763693],[-17.993743,28.763622],[-17.993746,28.763567],[-17.993745,28.76353],[-17.993741,28.763475],[-17.993736,28.763438],[-17.993732,28.76342],[-17.993723,28.763344],[-17.993705,28.763121],[-17.993692,28.763039],[-17.993679,28.762986],[-17.993653,28.762907],[-17.993632,28.762856],[-17.99358,28.762742],[-17.993472,28.762483],[-17.99346,28.76245],[-17.993458,28.762428],[-17.993459,28.762417],[-17.993463,28.762394],[-17.993472,28.762373],[-17.993477,28.762363],[-17.993499,28.762331],[-17.993526,28.762303],[-17.993541,28.76229],[-17.993558,28.762279],[-17.993576,28.76227],[-17.993595,28.762261],[-17.993635,28.762249],[-17.993655,28.762246],[-17.993737,28.762248],[-17.993764,28.762246],[-17.993777,28.762244],[-17.993802,28.762236],[-17.993814,28.762231],[-17.993836,28.762217],[-17.993854,28.762199],[-17.99388,28.762162],[-17.993893,28.762132],[-17.993902,28.762101],[-17.993906,28.762069],[-17.993906,28.762037],[-17.9939,28.762005],[-17.993889,28.761974],[-17.993874,28.761945],[-17.993855,28.761918],[-17.993831,28.761893],[-17.993804,28.761872],[-17.993652,28.761791],[-17.993429,28.761682],[-17.993301,28.761626],[-17.993275,28.761609],[-17.993254,28.761588],[-17.993246,28.761576],[-17.993233,28.761551],[-17.993229,28.761538],[-17.993226,28.761524],[-17.993225,28.76151],[-17.993226,28.761496],[-17.993263,28.761406],[-17.993273,28.761391],[-17.993297,28.761362],[-17.993327,28.761338],[-17.993344,28.761328],[-17.993381,28.761312],[-17.9934,28.761307],[-17.99342,28.761303],[-17.99344,28.7613],[-17.993662,28.761262],[-17.993722,28.76125],[-17.993758,28.761242],[-17.993782,28.761236],[-17.993793,28.761233],[-17.994012,28.76114],[-17.994388,28.760973],[-17.994475,28.760926],[-17.994531,28.76089],[-17.994583,28.760851],[-17.994632,28.760808],[-17.994655,28.760786],[-17.994677,28.760763],[-17.994686,28.760748],[-17.994692,28.760732],[-17.994697,28.760716],[-17.994698,28.760699],[-17.994698,28.760682],[-17.994691,28.760649],[-17.994684,28.760634],[-17.994676,28.760619],[-17.994665,28.760605],[-17.994652,28.760592],[-17.99446,28.760426],[-17.994414,28.760384],[-17.994386,28.760355],[-17.994372,28.76034],[-17.994346,28.760309],[-17.994251,28.760149],[-17.994155,28.760004],[-17.993833,28.759722],[-17.993563,28.759449],[-17.993457,28.759349],[-17.993378,28.759273],[-17.993331,28.759223],[-17.993281,28.759176],[-17.993229,28.759131],[-17.993174,28.759088],[-17.993118,28.759048],[-17.993088,28.759028],[-17.992873,28.758898],[-17.99283,28.758874],[-17.992748,28.758819],[-17.99271,28.758789],[-17.992692,28.758773],[-17.992644,28.758728],[-17.99262,28.7587],[-17.9926,28.758671],[-17.992583,28.758641],[-17.992575,28.758625],[-17.992563,28.758592],[-17.992558,28.758576],[-17.99247,28.758001],[-17.992466,28.757968],[-17.992457,28.757935],[-17.99245,28.757919],[-17.992432,28.75789],[-17.992421,28.757876],[-17.992395,28.757851],[-17.992367,28.757832],[-17.992354,28.757825],[-17.992325,28.757815],[-17.992294,28.757809],[-17.992263,28.757809],[-17.992247,28.757811],[-17.992232,28.757814],[-17.992217,28.757818],[-17.992122,28.757859],[-17.99208,28.757879],[-17.992038,28.757898],[-17.991996,28.757916],[-17.991952,28.757933],[-17.991909,28.757949],[-17.991887,28.757957],[-17.991727,28.757997],[-17.991543,28.758046],[-17.991524,28.758051],[-17.991488,28.758064],[-17.991435,28.758086],[-17.991384,28.758111],[-17.991351,28.75813],[-17.991226,28.758231],[-17.991162,28.758279],[-17.991112,28.758314],[-17.991059,28.758346],[-17.991042,28.758356],[-17.990921,28.758407],[-17.9909,28.758414],[-17.990879,28.758419],[-17.990858,28.758423],[-17.990813,28.758424],[-17.990792,28.758422],[-17.990749,28.758411],[-17.99071,28.758394],[-17.990691,28.758383],[-17.990605,28.758322],[-17.990573,28.758304],[-17.990556,28.758297],[-17.99052,28.758288],[-17.990482,28.758286],[-17.990445,28.758291],[-17.990409,28.758301],[-17.990294,28.758376],[-17.990264,28.758391],[-17.990231,28.758402],[-17.990197,28.758409],[-17.990163,28.758411],[-17.990128,28.75841],[-17.99011,28.758407],[-17.989924,28.758389],[-17.989889,28.758387],[-17.989779,28.758378],[-17.989764,28.758374],[-17.989736,28.758362],[-17.989712,28.758345],[-17.989701,28.758335],[-17.989685,28.758312],[-17.989674,28.758286],[-17.989672,28.758273],[-17.989669,28.758246],[-17.989669,28.758219],[-17.989672,28.758193],[-17.989677,28.758167],[-17.989685,28.758141],[-17.989696,28.758116],[-17.989709,28.758092],[-17.989725,28.758069],[-17.989743,28.758048],[-17.989784,28.75801],[-17.98991,28.757949],[-17.990026,28.757892],[-17.990088,28.757856],[-17.990147,28.757816],[-17.990203,28.757773],[-17.990256,28.757728],[-17.990305,28.757679],[-17.990337,28.757643],[-17.990353,28.757622],[-17.990366,28.757599],[-17.990377,28.757576],[-17.990389,28.757539],[-17.990392,28.757527],[-17.990403,28.757432],[-17.990411,28.757385],[-17.990441,28.75727],[-17.990466,28.757203],[-17.990518,28.757094],[-17.990528,28.757055],[-17.990532,28.757015],[-17.990532,28.756975],[-17.990529,28.756948],[-17.990494,28.756818],[-17.990474,28.756748],[-17.990463,28.756696],[-17.990457,28.756661],[-17.990453,28.756625],[-17.990449,28.756516],[-17.990453,28.756431],[-17.990446,28.756406],[-17.990436,28.756382],[-17.990411,28.756335],[-17.990395,28.756313],[-17.990356,28.756274],[-17.990311,28.756241],[-17.990286,28.756228],[-17.99026,28.756216],[-17.990022,28.756111],[-17.989941,28.756079],[-17.989907,28.756063],[-17.98984,28.756028],[-17.989798,28.756001],[-17.989757,28.755973],[-17.989719,28.755943],[-17.989589,28.755832],[-17.9895,28.755759],[-17.989447,28.75572],[-17.989272,28.755629],[-17.989081,28.755551],[-17.988977,28.755512],[-17.988905,28.755497],[-17.988771,28.755484],[-17.98874,28.755477],[-17.98871,28.755467],[-17.988669,28.755445],[-17.988644,28.755426],[-17.988623,28.755405],[-17.988522,28.755296],[-17.988468,28.755256],[-17.988448,28.755245],[-17.988405,28.755229],[-17.988359,28.75522],[-17.988288,28.75522],[-17.988239,28.755231],[-17.98818,28.755259],[-17.988143,28.755288],[-17.988032,28.755442],[-17.987789,28.755795],[-17.987753,28.755844],[-17.987736,28.755873],[-17.987727,28.755904],[-17.987725,28.755928],[-17.987703,28.756043],[-17.987695,28.756076],[-17.987679,28.756106],[-17.987656,28.756133],[-17.987628,28.756155],[-17.987595,28.756172],[-17.987578,28.756178],[-17.987557,28.756183],[-17.987539,28.756187],[-17.987518,28.756188],[-17.987476,28.756184],[-17.987456,28.756179],[-17.987417,28.756165],[-17.9874,28.756155],[-17.987383,28.756143],[-17.987354,28.756116],[-17.987343,28.756101],[-17.987268,28.756005],[-17.987197,28.755893],[-17.98719,28.755869],[-17.987185,28.755844],[-17.987183,28.75582],[-17.987217,28.755643],[-17.987236,28.755579],[-17.987244,28.755536],[-17.987248,28.75547],[-17.987246,28.755426],[-17.987244,28.755404],[-17.987238,28.755361],[-17.987218,28.755321],[-17.987197,28.755298],[-17.987173,28.755279],[-17.987159,28.755271],[-17.987028,28.755232],[-17.986923,28.755192],[-17.986825,28.75514],[-17.986734,28.755077],[-17.986676,28.75502],[-17.986644,28.754978],[-17.986604,28.754909],[-17.986491,28.754629],[-17.986475,28.754589],[-17.986452,28.754552],[-17.986418,28.754515],[-17.986391,28.754493],[-17.986344,28.754467],[-17.98631,28.754456],[-17.986256,28.754447],[-17.986117,28.754429],[-17.986083,28.754414],[-17.986055,28.754393],[-17.986035,28.754365],[-17.986022,28.754334],[-17.98602,28.754301],[-17.986022,28.754285],[-17.98604,28.754105],[-17.986044,28.754003],[-17.986031,28.75392],[-17.986006,28.75384],[-17.985979,28.753793],[-17.985926,28.753746],[-17.98585,28.753708],[-17.98578,28.753685],[-17.985734,28.753657],[-17.985705,28.75362],[-17.985696,28.753567],[-17.98571,28.753513],[-17.985749,28.753464],[-17.985818,28.753401],[-17.985914,28.753314],[-17.985939,28.753287],[-17.985955,28.753246],[-17.985956,28.753203],[-17.985942,28.753155],[-17.985866,28.753067],[-17.985756,28.752942],[-17.985566,28.75272],[-17.985411,28.752563],[-17.985305,28.752463],[-17.985261,28.752407],[-17.985222,28.75234],[-17.985185,28.752262],[-17.985154,28.752203],[-17.985108,28.752173],[-17.985024,28.752121],[-17.984981,28.752117],[-17.984917,28.752128],[-17.984867,28.75214],[-17.984759,28.75217],[-17.984723,28.752183],[-17.984639,28.752225],[-17.984525,28.752287],[-17.984491,28.752307],[-17.984461,28.752318],[-17.98443,28.752324],[-17.984409,28.752325],[-17.984388,28.752323],[-17.984318,28.752301],[-17.984298,28.752276],[-17.984291,28.752262],[-17.984287,28.752247],[-17.984289,28.752186],[-17.984295,28.752154],[-17.984296,28.752121],[-17.984293,28.752089],[-17.984289,28.752073],[-17.984279,28.752041],[-17.984264,28.752011],[-17.984256,28.752],[-17.984235,28.75198],[-17.984222,28.751973],[-17.984193,28.751963],[-17.984163,28.751961],[-17.984148,28.751963],[-17.984133,28.751967],[-17.984119,28.751973],[-17.984028,28.752022],[-17.983844,28.752143],[-17.98383,28.752155],[-17.983799,28.752177],[-17.983775,28.752193],[-17.983758,28.752203],[-17.983558,28.752306],[-17.983543,28.752314],[-17.983528,28.75232],[-17.983504,28.752327],[-17.983487,28.75233],[-17.98344,28.752333],[-17.98341,28.752334],[-17.983379,28.752334],[-17.983349,28.752333],[-17.983289,28.752329],[-17.983259,28.752325],[-17.983229,28.75232],[-17.9832,28.752314],[-17.983171,28.752307],[-17.983142,28.7523],[-17.983072,28.752276],[-17.983003,28.752251],[-17.982934,28.752224],[-17.982867,28.752195],[-17.9828,28.752165],[-17.982767,28.752149],[-17.982673,28.752092],[-17.982658,28.752082],[-17.982633,28.752069],[-17.982615,28.752062],[-17.982587,28.752056],[-17.982577,28.752054],[-17.982373,28.752057],[-17.982181,28.752042],[-17.982006,28.752016],[-17.981988,28.752014],[-17.981961,28.752015],[-17.981944,28.75202],[-17.981921,28.752033],[-17.981914,28.752038],[-17.981859,28.752098],[-17.981825,28.752133],[-17.981788,28.752167],[-17.981747,28.752197],[-17.981726,28.752211],[-17.981704,28.752224],[-17.981682,28.752237],[-17.981659,28.752248],[-17.981635,28.752259],[-17.981436,28.752349],[-17.981402,28.752364],[-17.981384,28.752369],[-17.981365,28.752373],[-17.981327,28.752377],[-17.981308,28.752377],[-17.981289,28.752376],[-17.981251,28.752369],[-17.981233,28.752363],[-17.981216,28.752354],[-17.9812,28.752344],[-17.981186,28.752331],[-17.981174,28.752317],[-17.981165,28.752302],[-17.981153,28.752268],[-17.981151,28.752251],[-17.981152,28.752233],[-17.981156,28.752216],[-17.981173,28.752172],[-17.981197,28.752118],[-17.981222,28.752064],[-17.98125,28.752011],[-17.981265,28.751984],[-17.981295,28.751933],[-17.981311,28.751907],[-17.9814,28.751677],[-17.981483,28.751478],[-17.981504,28.751445],[-17.981541,28.751399],[-17.981568,28.75137],[-17.981614,28.75133],[-17.98163,28.751317],[-17.982006,28.751181]]},"properties":{"clase":"canal","origen":"Canal LP-II","nombre":"CANAL LA PALMA II","tipo_red":"RED BÁSICA","codigo":"CT000122"}},{"type":"Feature","geometry":{"type":"MultiLineString","coordinates":[[[-17.981064,28.747986],[-17.981082,28.748007],[-17.981111,28.748003]],[[-17.981111,28.748003],[-17.981139,28.747999],[-17.981148,28.747973]],[[-17.982006,28.751181],[-17.981111,28.748003]],[[-17.982006,28.751181],[-17.981978,28.751176],[-17.981959,28.751197]],[[-17.982042,28.751212],[-17.982034,28.751186],[-17.982006,28.751181]]]},"properties":{"clase":"canal","origen":"Canal LP-II","nombre":"CANAL LA PALMA II","tipo_red":"RED BÁSICA","codigo":"CT000123"}},{"type":"Feature","geometry":{"type":"LineString","coordinates":[[-17.981111,28.748003],[-17.980643,28.745845],[-17.980225,28.744024],[-17.980217,28.74393]]},"properties":{"clase":"canal","origen":"Canal LP-II","nombre":"CANAL LA PALMA II","tipo_red":"RED BÁSICA","codigo":"CT000124"}},{"type":"Feature","geometry":{"type":"LineString","coordinates":[[-17.980217,28.74393],[-17.980674,28.743671],[-17.981034,28.743505],[-17.981297,28.743401],[-17.981328,28.74339],[-17.981357,28.743374],[-17.981363,28.74337],[-17.981401,28.743327],[-17.981421,28.743295],[-17.981436,28.743262],[-17.981447,28.743227],[-17.981529,28.742822],[-17.981542,28.742567],[-17.981537,28.742491],[-17.981515,28.742416],[-17.981478,28.742347],[-17.981404,28.742246],[-17.981001,28.741747],[-17.980909,28.741657],[-17.980704,28.741493],[-17.980649,28.741443],[-17.980604,28.741382],[-17.980593,28.741362],[-17.980571,28.741339],[-17.980551,28.741327],[-17.980519,28.741315],[-17.980473,28.741295],[-17.980428,28.741271],[-17.980387,28.741244],[-17.980348,28.741214],[-17.980311,28.741181],[-17.980255,28.741124],[-17.980176,28.741068],[-17.980137,28.74102],[-17.980116,28.740979],[-17.980108,28.740959],[-17.980088,28.740933],[-17.980062,28.740911],[-17.980041,28.740901],[-17.98001,28.740891],[-17.979977,28.740887],[-17.979945,28.740891],[-17.979914,28.740901],[-17.979885,28.740914],[-17.979843,28.740928],[-17.9798,28.740936],[-17.97976,28.740935],[-17.9797,28.74093],[-17.97964,28.740918],[-17.979602,28.740907],[-17.979583,28.740901],[-17.979503,28.740868],[-17.97947,28.740861],[-17.979415,28.740851],[-17.979371,28.740848],[-17.979341,28.740847],[-17.979192,28.740867],[-17.979174,28.740869],[-17.979137,28.740869],[-17.979119,28.740866],[-17.979084,28.740856],[-17.979052,28.740839],[-17.979026,28.740816],[-17.979015,28.740803],[-17.979008,28.74078],[-17.979005,28.740753],[-17.979008,28.740728],[-17.979021,28.740691],[-17.979035,28.740669],[-17.979304,28.740461],[-17.979538,28.740319],[-17.979567,28.740289],[-17.979579,28.740268],[-17.979585,28.740253],[-17.979607,28.740147],[-17.979609,28.740132],[-17.979617,28.740103],[-17.979632,28.740076],[-17.979651,28.740051],[-17.979663,28.74004],[-17.979676,28.740031],[-17.97969,28.740022],[-17.979705,28.740015],[-17.979811,28.739978],[-17.980032,28.739926],[-17.980318,28.739879],[-17.980341,28.739869],[-17.980373,28.73985],[-17.980391,28.739835],[-17.980406,28.739817],[-17.980418,28.739798],[-17.980515,28.739601],[-17.980526,28.739574],[-17.980531,28.739555],[-17.980533,28.739536],[-17.98053,28.739507],[-17.980528,28.739498],[-17.980484,28.739295],[-17.980494,28.739241],[-17.980508,28.739205],[-17.980536,28.739156],[-17.980561,28.739126],[-17.980575,28.739112],[-17.980685,28.739008],[-17.980712,28.738986],[-17.980747,28.738949],[-17.980767,28.738922],[-17.980783,28.738893],[-17.980796,28.738863],[-17.980802,28.738818],[-17.980833,28.738733],[-17.980833,28.738713],[-17.980822,28.738691],[-17.98079,28.738657],[-17.980737,28.738621],[-17.980692,28.738583],[-17.980617,28.738509],[-17.98052,28.738412],[-17.980506,28.738393],[-17.980493,28.738373],[-17.980474,28.73833],[-17.980468,28.738308],[-17.980461,28.738262],[-17.980461,28.738239],[-17.980467,28.738193],[-17.980474,28.738171],[-17.980525,28.738078],[-17.980631,28.737931],[-17.98066,28.737876],[-17.980664,28.737836],[-17.980656,28.737811],[-17.980648,28.7378],[-17.980638,28.737789],[-17.980627,28.737781],[-17.9806,28.737768],[-17.980554,28.737749],[-17.980508,28.737734],[-17.980464,28.737716],[-17.9804,28.737685],[-17.980359,28.737662],[-17.98032,28.737636],[-17.980111,28.737459],[-17.98009,28.737433],[-17.980081,28.73742],[-17.980066,28.737391],[-17.98006,28.737376],[-17.980052,28.737344],[-17.980049,28.737313],[-17.980049,28.737297],[-17.980077,28.737095],[-17.980077,28.737057],[-17.980059,28.737004],[-17.980027,28.73696],[-17.979989,28.736913],[-17.979894,28.736805],[-17.979771,28.736682],[-17.979723,28.736628],[-17.979656,28.736584],[-17.979591,28.736548],[-17.979524,28.736522],[-17.979486,28.736504],[-17.979449,28.736471],[-17.979406,28.736418],[-17.979377,28.736392],[-17.979341,28.736377],[-17.979284,28.736356],[-17.979243,28.736336],[-17.979199,28.736312],[-17.979144,28.736273],[-17.979105,28.736243],[-17.979051,28.736159]]},"properties":{"clase":"canal","origen":"Canal LP-II","nombre":"CANAL LA PALMA II","tipo_red":"RED BÁSICA","codigo":"CT000125"}},{"type":"Feature","geometry":{"type":"LineString","coordinates":[[-17.979051,28.736159],[-17.978303,28.73482],[-17.97788,28.734062],[-17.977355,28.733138]]},"properties":{"clase":"canal","origen":"Canal LP-II","nombre":"CANAL LA PALMA II","tipo_red":"RED BÁSICA","codigo":"CT000126"}},{"type":"Feature","geometry":{"type":"LineString","coordinates":[[-17.977355,28.733138],[-17.977227,28.733115],[-17.977147,28.733095],[-17.977054,28.733063],[-17.976995,28.733029],[-17.976958,28.732982],[-17.976932,28.732933],[-17.976932,28.732909],[-17.976949,28.732844],[-17.976966,28.732796],[-17.976993,28.73276],[-17.977049,28.732707],[-17.977113,28.732653],[-17.977148,28.732623],[-17.977164,28.732592],[-17.97718,28.732553],[-17.977186,28.732519],[-17.977187,28.732495],[-17.977184,28.732469],[-17.977147,28.732324],[-17.977111,28.732243],[-17.977081,28.732188],[-17.977065,28.732135],[-17.977058,28.732089],[-17.977065,28.732061],[-17.977083,28.732021],[-17.977154,28.731942],[-17.977178,28.731901],[-17.97719,28.731858],[-17.977194,28.731816],[-17.977181,28.731705],[-17.977131,28.73155],[-17.977078,28.731425],[-17.977043,28.731327],[-17.976996,28.731208],[-17.976939,28.731089],[-17.976901,28.731043],[-17.976864,28.731004],[-17.976803,28.730979],[-17.976722,28.730961],[-17.976651,28.730948],[-17.976546,28.73092],[-17.97649,28.730886],[-17.976449,28.730827],[-17.976435,28.73078],[-17.976435,28.730729],[-17.976449,28.730628],[-17.976448,28.730575],[-17.976441,28.730533],[-17.976406,28.730487],[-17.976239,28.730348],[-17.976184,28.730316],[-17.976132,28.730305],[-17.976076,28.730301],[-17.976009,28.730311],[-17.97593,28.730324],[-17.975893,28.730327],[-17.975846,28.730317],[-17.975807,28.730297],[-17.975778,28.73027],[-17.975755,28.73024],[-17.975729,28.730185],[-17.975721,28.730125],[-17.975706,28.73003],[-17.975694,28.729958],[-17.975673,28.729907],[-17.975642,28.729863],[-17.975594,28.729825],[-17.975546,28.729804],[-17.97547,28.729786],[-17.975388,28.729787],[-17.97532,28.729797],[-17.975266,28.729809],[-17.975171,28.729826],[-17.975119,28.729835],[-17.975055,28.729832],[-17.975022,28.72982],[-17.974987,28.729795],[-17.974956,28.729757],[-17.974932,28.729699],[-17.974919,28.729645],[-17.974905,28.729596],[-17.974884,28.729535],[-17.974855,28.729493],[-17.974819,28.729459],[-17.974737,28.729405],[-17.974682,28.729375],[-17.974637,28.729348],[-17.974596,28.729326],[-17.974567,28.729304],[-17.974549,28.729276],[-17.974544,28.729252],[-17.974539,28.729209],[-17.974553,28.729153],[-17.974567,28.729133],[-17.974581,28.729124],[-17.9746,28.729115],[-17.974628,28.729106],[-17.974671,28.729103],[-17.974718,28.729098],[-17.974753,28.729092],[-17.974795,28.729078],[-17.974839,28.729062],[-17.974882,28.729035],[-17.974902,28.729001],[-17.974912,28.728976],[-17.97492,28.728949],[-17.974925,28.728912],[-17.974928,28.728772],[-17.974926,28.728667],[-17.974932,28.728544],[-17.974927,28.728458],[-17.97492,28.728384],[-17.974908,28.728352],[-17.974893,28.728323],[-17.974856,28.728283],[-17.974826,28.728259],[-17.974799,28.728242],[-17.974745,28.72822],[-17.974678,28.728193],[-17.974598,28.728148],[-17.974535,28.728112],[-17.974481,28.728088],[-17.974442,28.728078],[-17.974387,28.728064],[-17.974347,28.728064],[-17.974309,28.728074],[-17.974277,28.728093],[-17.974248,28.728128],[-17.97418,28.728217],[-17.974136,28.728263],[-17.974098,28.728287],[-17.974042,28.728308],[-17.973989,28.728322],[-17.973938,28.728322],[-17.973893,28.728314],[-17.973858,28.728299],[-17.973821,28.728268],[-17.973803,28.728242],[-17.973753,28.728173],[-17.973723,28.728132],[-17.973678,28.728074],[-17.973642,28.728041],[-17.973602,28.727998],[-17.973566,28.727953],[-17.973504,28.727878],[-17.973475,28.727826],[-17.973463,28.727795],[-17.97345,28.727732],[-17.973451,28.727698],[-17.973455,28.727665],[-17.973462,28.727631],[-17.973464,28.727587],[-17.973459,28.727558],[-17.973437,28.727517],[-17.973404,28.727493],[-17.97335,28.72748],[-17.973253,28.727465],[-17.973197,28.727457],[-17.973098,28.727429],[-17.972986,28.727418],[-17.972871,28.727416],[-17.972795,28.727428],[-17.972766,28.727451],[-17.972716,28.727499],[-17.972656,28.727562],[-17.972587,28.72761],[-17.972512,28.72765],[-17.972436,28.727672],[-17.972368,28.727682],[-17.972301,28.727686],[-17.97224,28.727683],[-17.9722,28.72767],[-17.972135,28.727634],[-17.972073,28.727586],[-17.972031,28.727552],[-17.97197,28.727512],[-17.971889,28.727469],[-17.971845,28.727443],[-17.971816,28.727419],[-17.971794,28.727393],[-17.971783,28.727367],[-17.971775,28.727344],[-17.971781,28.727309],[-17.971791,28.72727],[-17.971804,28.727242],[-17.971826,28.727215],[-17.971897,28.727168],[-17.971968,28.727124],[-17.972053,28.727074],[-17.97212,28.727029],[-17.97217,28.726996],[-17.972209,28.726963],[-17.972257,28.726907],[-17.972282,28.726862],[-17.972322,28.726785],[-17.972344,28.726735],[-17.972366,28.726698],[-17.9724,28.726657],[-17.972435,28.726619],[-17.972493,28.726569],[-17.972538,28.726539],[-17.972583,28.726513],[-17.972626,28.72649],[-17.972698,28.726457],[-17.972763,28.726431],[-17.9728,28.726411],[-17.97283,28.726385],[-17.97285,28.726356],[-17.972884,28.726277],[-17.972901,28.726233],[-17.972919,28.726204],[-17.972946,28.72617],[-17.972973,28.726135],[-17.972984,28.726093],[-17.972985,28.726045],[-17.97293,28.725956],[-17.972772,28.725739],[-17.972596,28.725491],[-17.972543,28.725432],[-17.972501,28.725397],[-17.97244,28.725376],[-17.972388,28.725361],[-17.972327,28.72535],[-17.972252,28.72534],[-17.972149,28.725322],[-17.972047,28.7253],[-17.971933,28.725225],[-17.971671,28.72504],[-17.971501,28.724919],[-17.971422,28.72485],[-17.971343,28.724769],[-17.971244,28.724656],[-17.971202,28.724605],[-17.971132,28.724522],[-17.971105,28.724487],[-17.97108,28.724464],[-17.971055,28.72444],[-17.97102,28.724426],[-17.970987,28.724416],[-17.970956,28.724416],[-17.970929,28.72442],[-17.970897,28.724429],[-17.970867,28.724442],[-17.970844,28.72446],[-17.970767,28.724549],[-17.970721,28.724606],[-17.970673,28.724663],[-17.970641,28.72468],[-17.970609,28.724689],[-17.970581,28.724688],[-17.970542,28.724681],[-17.97051,28.724666],[-17.970478,28.724637],[-17.970455,28.724611],[-17.970416,28.724543],[-17.970407,28.724484],[-17.970405,28.724441],[-17.970409,28.724383],[-17.970429,28.724247],[-17.970455,28.724112],[-17.970461,28.724068],[-17.970456,28.724027],[-17.970446,28.724],[-17.970421,28.723956],[-17.970209,28.72371],[-17.970053,28.723524],[-17.969928,28.723381],[-17.969742,28.723166],[-17.969697,28.723106],[-17.969635,28.72299],[-17.969571,28.722876],[-17.969538,28.722814],[-17.969477,28.722781],[-17.969424,28.722763],[-17.969324,28.722772],[-17.969186,28.722776],[-17.969108,28.722766],[-17.969031,28.722727],[-17.969008,28.722681],[-17.969022,28.722605],[-17.969058,28.72256],[-17.969114,28.722512],[-17.969178,28.722482],[-17.969199,28.722456],[-17.969201,28.722415],[-17.969199,28.722372],[-17.969171,28.722332],[-17.969136,28.722306],[-17.9691,28.722295],[-17.969039,28.722284],[-17.968994,28.722279],[-17.968937,28.722265],[-17.968901,28.722246],[-17.968854,28.722204],[-17.968828,28.722148],[-17.968818,28.722094],[-17.968827,28.722037],[-17.968841,28.721989],[-17.968866,28.721958],[-17.968887,28.721923],[-17.968945,28.721878],[-17.969018,28.72182],[-17.969059,28.72179],[-17.969073,28.721764],[-17.969078,28.721733],[-17.96907,28.721704],[-17.968983,28.721492],[-17.968963,28.721467],[-17.968934,28.721435],[-17.968904,28.721417],[-17.968865,28.721404],[-17.96883,28.721397],[-17.968793,28.721393],[-17.968764,28.72138],[-17.968678,28.721353],[-17.968615,28.721311],[-17.968589,28.721289],[-17.968569,28.721266],[-17.968551,28.721216],[-17.968547,28.72118],[-17.968551,28.72113],[-17.96856,28.721088],[-17.968566,28.721061],[-17.968565,28.721033],[-17.968561,28.721001],[-17.96855,28.72097],[-17.968534,28.720933],[-17.968502,28.720844],[-17.968483,28.72077],[-17.968465,28.720674],[-17.968458,28.720599],[-17.968452,28.720544],[-17.968438,28.720471],[-17.968351,28.720257],[-17.968308,28.720187],[-17.968281,28.720142],[-17.968128,28.720008],[-17.967955,28.719867],[-17.967683,28.719611],[-17.967555,28.719504],[-17.967503,28.719485],[-17.967446,28.719492],[-17.96739,28.719517],[-17.967306,28.719555],[-17.967236,28.71958],[-17.967134,28.719603],[-17.96703,28.719621],[-17.966935,28.719646],[-17.966874,28.719654],[-17.966815,28.719671],[-17.966779,28.719695],[-17.966737,28.719726],[-17.966693,28.719815],[-17.966638,28.719926],[-17.966593,28.71999],[-17.966543,28.720036],[-17.966492,28.720061],[-17.966439,28.720072],[-17.966374,28.720075],[-17.96629,28.720058],[-17.966236,28.720016],[-17.96621,28.719981],[-17.966193,28.719938],[-17.966191,28.719906],[-17.966221,28.719766],[-17.96627,28.71951],[-17.966281,28.719475],[-17.966307,28.719418],[-17.966338,28.719358],[-17.966363,28.719316],[-17.966384,28.719288],[-17.966418,28.719225],[-17.96643,28.719182],[-17.966438,28.719144],[-17.966437,28.719059],[-17.966432,28.718991],[-17.96642,28.718927],[-17.966347,28.718755],[-17.966324,28.718701],[-17.966304,28.718674],[-17.966272,28.718658],[-17.966216,28.718655],[-17.96612,28.71867],[-17.966013,28.718694],[-17.965945,28.718694],[-17.965897,28.718677],[-17.965858,28.718649],[-17.965833,28.71861],[-17.965826,28.718573],[-17.965897,28.718356],[-17.965942,28.718256],[-17.965959,28.71817],[-17.965977,28.718041],[-17.966014,28.717926],[-17.966025,28.717849],[-17.966005,28.717793],[-17.965957,28.717733],[-17.965875,28.717702],[-17.965681,28.717679],[-17.965559,28.717671],[-17.965424,28.717653],[-17.965329,28.717629],[-17.965275,28.717599],[-17.965203,28.717549],[-17.965147,28.717511],[-17.965089,28.717468],[-17.965047,28.717454],[-17.965007,28.717452],[-17.964967,28.717456],[-17.964921,28.717471],[-17.964683,28.717569],[-17.964426,28.717691],[-17.964329,28.717729],[-17.964273,28.717742],[-17.964201,28.717747],[-17.964144,28.717742],[-17.964101,28.717718],[-17.964074,28.717686],[-17.964052,28.717634],[-17.964067,28.717561],[-17.964083,28.717515],[-17.964119,28.717473],[-17.964165,28.71743],[-17.964268,28.717365],[-17.964319,28.717326],[-17.964378,28.71727],[-17.964452,28.717166],[-17.964551,28.71705],[-17.964652,28.716938],[-17.964697,28.716902],[-17.964742,28.716877],[-17.96479,28.71685],[-17.964853,28.716833],[-17.964904,28.716822],[-17.96496,28.716802],[-17.965016,28.716745],[-17.965082,28.71669],[-17.965148,28.716619],[-17.965213,28.716534],[-17.965254,28.716466],[-17.965272,28.716426],[-17.965322,28.716321],[-17.965336,28.716271],[-17.965347,28.716212],[-17.965339,28.716145],[-17.965263,28.715967],[-17.965209,28.715905],[-17.965148,28.715877],[-17.965097,28.715867],[-17.96494,28.715846],[-17.964915,28.715852],[-17.964881,28.715877],[-17.964847,28.715913],[-17.964813,28.715939],[-17.964756,28.715965],[-17.964681,28.715996],[-17.964578,28.716028],[-17.964494,28.716051],[-17.964414,28.71606],[-17.964322,28.716065],[-17.964246,28.716063],[-17.964175,28.716067],[-17.964092,28.716077],[-17.964027,28.716093],[-17.963966,28.716128],[-17.963911,28.716163],[-17.963865,28.716189],[-17.963811,28.71621],[-17.963778,28.716216],[-17.963733,28.716216],[-17.963692,28.716208],[-17.963662,28.716192],[-17.963639,28.716179],[-17.963587,28.716126],[-17.963569,28.716093],[-17.963556,28.716056],[-17.96355,28.716026],[-17.96355,28.715997],[-17.963557,28.71596],[-17.96359,28.715914],[-17.963692,28.715813],[-17.963749,28.71576],[-17.963807,28.715718],[-17.963887,28.715675],[-17.963959,28.715639],[-17.963996,28.715628],[-17.964065,28.715605],[-17.964115,28.715591],[-17.964152,28.715569],[-17.964182,28.715539],[-17.964198,28.715515],[-17.964224,28.715452],[-17.964257,28.715326],[-17.96429,28.71517],[-17.964318,28.715037],[-17.964382,28.714884],[-17.964433,28.714766],[-17.964457,28.714725],[-17.964482,28.714699],[-17.964522,28.714673],[-17.964568,28.71465],[-17.964602,28.714622],[-17.964616,28.714583],[-17.964619,28.71456],[-17.964613,28.714524],[-17.964594,28.714491],[-17.964568,28.714475],[-17.964481,28.714454],[-17.964414,28.714432],[-17.964326,28.714394],[-17.964217,28.71433],[-17.964147,28.714275],[-17.964091,28.714223],[-17.964019,28.714141],[-17.963935,28.713994],[-17.96385,28.713795],[-17.963814,28.713697],[-17.963771,28.713606],[-17.963743,28.713563],[-17.963694,28.713533],[-17.963647,28.713519],[-17.963555,28.713486],[-17.963481,28.713448],[-17.963418,28.713402],[-17.963338,28.713316],[-17.96327,28.713269],[-17.963195,28.713251],[-17.96312,28.71325],[-17.963005,28.713232],[-17.962945,28.713209],[-17.962903,28.713161],[-17.962891,28.713107],[-17.962896,28.713046],[-17.962915,28.713004],[-17.962967,28.712946],[-17.963001,28.712923],[-17.963084,28.712879],[-17.963141,28.712841],[-17.963177,28.712797],[-17.963193,28.712747],[-17.963187,28.712679],[-17.963158,28.71257],[-17.96314,28.712499],[-17.96313,28.712411],[-17.963112,28.712284],[-17.963082,28.71221],[-17.963051,28.712165],[-17.962996,28.712127],[-17.962919,28.712092],[-17.962821,28.71206],[-17.962745,28.71204],[-17.962659,28.712004],[-17.962584,28.711956],[-17.962508,28.711873],[-17.96249,28.711832],[-17.962482,28.71179],[-17.962488,28.711734],[-17.962512,28.711684],[-17.96254,28.711651],[-17.962578,28.711625],[-17.962646,28.7116],[-17.962765,28.711585],[-17.962876,28.711572],[-17.962994,28.711528],[-17.963054,28.711495],[-17.963148,28.711436],[-17.963208,28.71139],[-17.963266,28.711331],[-17.963309,28.71128],[-17.963324,28.71124],[-17.963414,28.710963],[-17.963424,28.710926],[-17.963432,28.710868],[-17.963423,28.710797],[-17.963404,28.710733],[-17.963375,28.710677],[-17.963335,28.710626],[-17.963206,28.710519],[-17.963129,28.710464],[-17.963059,28.710414],[-17.962999,28.710347],[-17.962956,28.710287],[-17.962896,28.710182],[-17.962807,28.70996],[-17.962762,28.70986],[-17.962722,28.709778],[-17.962691,28.709733],[-17.96265,28.709717],[-17.962579,28.709714],[-17.962454,28.709726],[-17.962276,28.709765],[-17.962127,28.709796],[-17.962003,28.709814],[-17.961795,28.709843],[-17.96172,28.709865],[-17.961637,28.709902],[-17.961562,28.709934],[-17.961494,28.709939],[-17.961438,28.709933],[-17.961394,28.709918],[-17.961348,28.709883],[-17.961292,28.709827],[-17.961266,28.709765],[-17.961263,28.709703],[-17.961283,28.70965],[-17.961308,28.7096],[-17.961346,28.709544],[-17.961382,28.709509],[-17.961417,28.709477],[-17.961509,28.70942],[-17.961578,28.709388],[-17.961664,28.709356],[-17.961752,28.709321],[-17.961828,28.709284],[-17.961895,28.709245],[-17.961941,28.709212],[-17.961995,28.709165],[-17.962021,28.709134],[-17.962039,28.709084],[-17.962038,28.70904],[-17.962026,28.708989],[-17.961992,28.708955],[-17.961952,28.708923],[-17.961881,28.708897],[-17.961819,28.70888],[-17.961689,28.708847],[-17.961643,28.708843],[-17.961603,28.708852],[-17.961556,28.708879],[-17.961523,28.708893],[-17.961476,28.708899],[-17.961355,28.708883],[-17.961103,28.708807],[-17.961017,28.708785],[-17.96073,28.708712],[-17.960605,28.708663],[-17.960433,28.708584],[-17.960346,28.708557],[-17.960265,28.708542],[-17.960171,28.708541],[-17.96008,28.708529],[-17.960002,28.7085],[-17.959945,28.708462],[-17.959926,28.708425],[-17.959914,28.70833],[-17.959853,28.708159],[-17.95974,28.707969],[-17.959694,28.707905],[-17.959639,28.707805],[-17.959603,28.707752],[-17.959545,28.707709],[-17.959465,28.707674],[-17.959359,28.707629],[-17.959252,28.707586],[-17.9592,28.70756],[-17.959163,28.707537],[-17.959096,28.707499],[-17.959052,28.707482],[-17.958988,28.707465],[-17.958908,28.707451],[-17.95883,28.707437],[-17.958783,28.707422],[-17.958749,28.707397],[-17.958728,28.707367],[-17.958717,28.707341],[-17.958716,28.707321],[-17.958717,28.707298],[-17.958731,28.70726],[-17.958752,28.707236],[-17.958778,28.707204],[-17.958791,28.707182],[-17.958795,28.707162],[-17.958795,28.707144],[-17.958777,28.707116],[-17.958749,28.707094],[-17.958692,28.70705],[-17.958623,28.707004],[-17.958582,28.706971],[-17.958505,28.706887],[-17.958466,28.706826],[-17.958429,28.706761],[-17.9584,28.706705],[-17.958356,28.706644],[-17.958313,28.706622],[-17.95823,28.70658],[-17.958136,28.706545],[-17.958021,28.706503],[-17.957959,28.70648]]},"properties":{"clase":"canal","origen":"Canal LP-II","nombre":"CANAL LA PALMA II","tipo_red":"RED BÁSICA","codigo":"CT000127"}},{"type":"Feature","geometry":{"type":"MultiLineString","coordinates":[[[-17.954464,28.705388],[-17.954463,28.705363],[-17.954436,28.705351]],[[-17.954438,28.705426],[-17.954464,28.705413],[-17.954464,28.705388]],[[-17.958002,28.706456],[-17.957972,28.706457],[-17.957959,28.70648]],[[-17.957959,28.70648],[-17.954464,28.705388]],[[-17.957959,28.70648],[-17.957947,28.706503],[-17.957965,28.706524]]]},"properties":{"clase":"canal","origen":"Canal LP-II","nombre":"CANAL LA PALMA II","tipo_red":"RED BÁSICA","codigo":"CT000128"}},{"type":"Feature","geometry":{"type":"LineString","coordinates":[[-17.954464,28.705388],[-17.954378,28.705404],[-17.9543,28.70544],[-17.954231,28.70549],[-17.954172,28.705548],[-17.954078,28.705632],[-17.953984,28.705719],[-17.953951,28.705747],[-17.953921,28.705776],[-17.953884,28.705798],[-17.953839,28.705808],[-17.953794,28.705809],[-17.953703,28.705802],[-17.95366,28.705798],[-17.953567,28.705793],[-17.953526,28.705793],[-17.953483,28.705798],[-17.953443,28.705806],[-17.953401,28.705823],[-17.953378,28.705846],[-17.953356,28.705877],[-17.953336,28.705911],[-17.953301,28.70598],[-17.953281,28.706053],[-17.953262,28.706093],[-17.953235,28.706146],[-17.953197,28.706193],[-17.953141,28.706241],[-17.953075,28.706248],[-17.952996,28.706233],[-17.952932,28.706164],[-17.952866,28.705975],[-17.952848,28.705917],[-17.952848,28.70584],[-17.952851,28.705706],[-17.952853,28.705664],[-17.952881,28.705597],[-17.952899,28.705549],[-17.952937,28.705499]]},"properties":{"clase":"canal","origen":"Canal LP-II","nombre":"CANAL LA PALMA II","tipo_red":"RED BÁSICA","codigo":"CT000129"}},{"type":"Feature","geometry":{"type":"MultiLineString","coordinates":[[[-17.953002,28.70524],[-17.953027,28.705253],[-17.953052,28.70524]],[[-17.953052,28.70524],[-17.953076,28.705227],[-17.953074,28.705201]],[[-17.952937,28.705499],[-17.952966,28.705468],[-17.952992,28.705438],[-17.953052,28.705367],[-17.953079,28.7053],[-17.953052,28.70524]],[[-17.952937,28.705499],[-17.952913,28.705485],[-17.952887,28.705497]],[[-17.952957,28.705539],[-17.952961,28.705513],[-17.952937,28.705499]]]},"properties":{"clase":"canal","origen":"Canal LP-II","nombre":"CANAL LA PALMA II","tipo_red":"RED BÁSICA","codigo":"CT000130"}},{"type":"Feature","geometry":{"type":"LineString","coordinates":[[-17.953052,28.70524],[-17.952977,28.705157],[-17.952942,28.705107],[-17.952914,28.705058],[-17.952891,28.704998],[-17.952895,28.704944],[-17.952925,28.704869],[-17.952969,28.704805],[-17.952992,28.704752],[-17.953006,28.704683],[-17.953006,28.704634],[-17.953039,28.704576],[-17.953114,28.704511],[-17.953205,28.704459],[-17.953282,28.704412]]},"properties":{"clase":"canal","origen":"Canal LP-II","nombre":"CANAL LA PALMA II","tipo_red":"RED BÁSICA","codigo":"CT000131"}},{"type":"Feature","geometry":{"type":"MultiLineString","coordinates":[[[-17.953512,28.704178],[-17.953487,28.704193],[-17.95349,28.704218]],[[-17.95349,28.704218],[-17.953494,28.704244],[-17.953522,28.704253]],[[-17.953282,28.704412],[-17.953376,28.704355],[-17.953435,28.704303],[-17.953463,28.704244],[-17.95349,28.704218]],[[-17.953282,28.704412],[-17.953258,28.704398],[-17.953232,28.704411]],[[-17.953302,28.704452],[-17.953306,28.704426],[-17.953282,28.704412]]]},"properties":{"clase":"canal","origen":"Canal LP-II","nombre":"CANAL LA PALMA II","tipo_red":"RED BÁSICA","codigo":"CT000132"}},{"type":"Feature","geometry":{"type":"LineString","coordinates":[[-17.95349,28.704218],[-17.953545,28.70422],[-17.953629,28.704246],[-17.95371,28.704241],[-17.953763,28.70422],[-17.953791,28.704176],[-17.953822,28.70409],[-17.953832,28.70399],[-17.953863,28.703922],[-17.953877,28.703851],[-17.95386,28.703748],[-17.953821,28.703672],[-17.953759,28.703628]]},"properties":{"clase":"canal","origen":"Canal LP-II","nombre":"CANAL LA PALMA II","tipo_red":"RED BÁSICA","codigo":"CT000133"}},{"type":"Feature","geometry":{"type":"MultiLineString","coordinates":[[[-17.953924,28.703156],[-17.953901,28.703173],[-17.953907,28.703197],[-17.953907,28.703198]],[[-17.953907,28.703198],[-17.953913,28.703222],[-17.953941,28.703229]],[[-17.953802,28.703606],[-17.953772,28.703606],[-17.953759,28.703628]],[[-17.953759,28.703628],[-17.953741,28.703582],[-17.953732,28.703516],[-17.953759,28.70342],[-17.953811,28.703285],[-17.953907,28.703198]],[[-17.953759,28.703628],[-17.953745,28.70365],[-17.953762,28.703672]]]},"properties":{"clase":"canal","origen":"Canal LP-II","nombre":"CANAL LA PALMA II","tipo_red":"RED BÁSICA","codigo":"CT000134"}},{"type":"Feature","geometry":{"type":"LineString","coordinates":[[-17.953907,28.703198],[-17.95393,28.703177],[-17.953967,28.703138],[-17.954028,28.703059]]},"properties":{"clase":"canal","origen":"Canal LP-II","nombre":"CANAL LA PALMA II","tipo_red":"RED BÁSICA","codigo":"CT000135"}},{"type":"Feature","geometry":{"type":"MultiLineString","coordinates":[[[-17.95565,28.700531],[-17.95565,28.700557],[-17.955675,28.700569]],[[-17.955675,28.700569],[-17.9557,28.700581],[-17.955725,28.700566]],[[-17.955675,28.700569],[-17.954603,28.702617],[-17.954432,28.702612],[-17.954373,28.702624],[-17.954301,28.702637],[-17.954222,28.702665],[-17.954139,28.702699],[-17.954069,28.702762],[-17.95404,28.702813],[-17.954024,28.702895],[-17.954025,28.703006],[-17.954028,28.703059]],[[-17.954028,28.703059],[-17.954,28.703053],[-17.953981,28.703073]],[[-17.954064,28.70309],[-17.954056,28.703065],[-17.954028,28.703059]]]},"properties":{"clase":"canal","origen":"Canal LP-II","nombre":"CANAL LA PALMA II","tipo_red":"RED BÁSICA","codigo":"CT000136"}},{"type":"Feature","geometry":{"type":"LineString","coordinates":[[-17.955704,28.700544],[-17.955778,28.700469],[-17.955849,28.7004],[-17.955867,28.700337],[-17.955847,28.70029],[-17.955821,28.700213],[-17.955802,28.700114],[-17.955814,28.700054],[-17.955839,28.699991],[-17.955868,28.699937],[-17.955925,28.69987],[-17.955988,28.699804],[-17.956044,28.699746],[-17.956076,28.699707],[-17.956099,28.699658],[-17.95612,28.699606],[-17.956153,28.699512],[-17.956169,28.699443],[-17.956193,28.699349],[-17.95621,28.699303],[-17.956238,28.699261],[-17.956285,28.699202],[-17.956348,28.699148],[-17.956405,28.699104],[-17.956453,28.699064],[-17.956467,28.699038],[-17.956474,28.699001],[-17.956471,28.698971],[-17.956458,28.698943],[-17.956424,28.69893],[-17.956332,28.698921],[-17.95622,28.698923],[-17.956123,28.698919],[-17.956032,28.698908],[-17.955958,28.698891],[-17.955893,28.698861],[-17.955848,28.69883],[-17.955796,28.69877],[-17.955752,28.698707],[-17.955705,28.698635],[-17.955653,28.698558],[-17.955598,28.698484],[-17.955538,28.69843],[-17.955466,28.698389],[-17.955393,28.698363],[-17.955315,28.69835],[-17.955232,28.698348],[-17.955145,28.698353],[-17.955049,28.698365],[-17.954961,28.6984],[-17.954786,28.698499],[-17.954585,28.698585],[-17.954439,28.69863],[-17.954305,28.698659],[-17.954202,28.698667],[-17.954105,28.698662],[-17.954076,28.698644],[-17.954041,28.698613],[-17.954035,28.698585],[-17.954042,28.698537],[-17.954079,28.698482],[-17.954131,28.698424],[-17.95415,28.698379],[-17.954154,28.698346],[-17.95415,28.698309],[-17.954134,28.698274],[-17.954102,28.698241],[-17.954069,28.69821],[-17.954032,28.698159],[-17.954014,28.698121],[-17.954015,28.698085],[-17.954018,28.698054],[-17.954029,28.698021],[-17.954053,28.697995],[-17.954085,28.697974],[-17.954123,28.69793],[-17.954154,28.697874],[-17.9542,28.697798],[-17.954231,28.697754],[-17.954251,28.697738],[-17.954275,28.697723],[-17.954302,28.697714],[-17.954332,28.697707],[-17.954362,28.697706],[-17.95453,28.697721],[-17.954625,28.697722],[-17.954695,28.697717],[-17.954755,28.697703],[-17.954835,28.697669],[-17.954878,28.697652],[-17.954928,28.697634],[-17.954976,28.697607],[-17.95502,28.697574],[-17.955032,28.697548],[-17.955038,28.69753],[-17.955038,28.697468],[-17.955015,28.697321],[-17.955008,28.697242],[-17.955002,28.697171],[-17.954993,28.697015],[-17.954976,28.69696],[-17.954937,28.696905],[-17.954876,28.696849],[-17.954855,28.696809],[-17.954855,28.696783],[-17.954856,28.696741],[-17.954874,28.69672],[-17.954922,28.696676],[-17.954953,28.696656],[-17.955015,28.696634],[-17.95506,28.696615],[-17.955113,28.696584],[-17.955138,28.696556],[-17.955149,28.696517],[-17.955155,28.69641],[-17.955148,28.696335],[-17.955133,28.696267],[-17.955116,28.696188],[-17.955082,28.6961],[-17.955007,28.695975],[-17.954927,28.695849],[-17.954832,28.695677],[-17.954747,28.695539],[-17.95468,28.695457],[-17.954631,28.695426],[-17.954525,28.695393],[-17.954399,28.695389],[-17.954355,28.695367],[-17.954308,28.695325],[-17.954294,28.695274],[-17.954295,28.695215],[-17.954333,28.695137],[-17.954386,28.695105],[-17.95445,28.695048],[-17.9545,28.694984],[-17.954525,28.694935],[-17.954564,28.694804],[-17.954598,28.694672],[-17.954636,28.694578],[-17.954673,28.694461],[-17.954674,28.694416],[-17.954665,28.694362],[-17.954631,28.69428],[-17.954614,28.69422],[-17.954605,28.694169],[-17.954608,28.694119],[-17.954612,28.694064],[-17.954633,28.693992],[-17.954668,28.693927],[-17.9547,28.693883],[-17.954766,28.693804],[-17.95482,28.693749],[-17.954886,28.693673],[-17.954928,28.693625],[-17.954947,28.693591],[-17.954967,28.693546],[-17.955004,28.693422],[-17.955022,28.693331],[-17.955044,28.693219],[-17.955084,28.693074],[-17.955135,28.692911],[-17.955161,28.692824],[-17.955178,28.69275],[-17.955185,28.692679],[-17.955179,28.69263],[-17.955168,28.692582],[-17.955143,28.69254],[-17.955115,28.692514],[-17.955039,28.692497],[-17.954969,28.692489],[-17.954908,28.692477],[-17.954851,28.692438],[-17.954814,28.692393],[-17.954786,28.692346],[-17.954722,28.692248],[-17.954695,28.692215],[-17.954662,28.692185],[-17.954625,28.692167],[-17.954585,28.692154],[-17.954534,28.692146],[-17.954488,28.692146],[-17.954309,28.692149],[-17.954225,28.692147],[-17.954154,28.69214],[-17.954095,28.692126],[-17.954023,28.692104],[-17.953964,28.692078],[-17.953916,28.692052],[-17.953889,28.692028],[-17.953867,28.691998],[-17.953855,28.691968],[-17.953847,28.691934],[-17.953844,28.691865],[-17.953848,28.691803],[-17.953857,28.691758],[-17.95387,28.691689],[-17.953892,28.691609],[-17.953906,28.691523],[-17.953897,28.691467],[-17.953872,28.691419],[-17.953832,28.691381],[-17.953755,28.691328],[-17.953622,28.691384],[-17.953479,28.691475],[-17.953373,28.691505],[-17.9529,28.691636],[-17.952521,28.691866],[-17.952268,28.69201],[-17.951942,28.692146],[-17.95169,28.692125],[-17.951411,28.691936],[-17.951362,28.691792],[-17.95127,28.691724],[-17.951186,28.691654],[-17.95099,28.691612],[-17.950945,28.691474],[-17.951011,28.691426],[-17.951311,28.691442],[-17.951776,28.691459],[-17.951874,28.691271],[-17.952027,28.691067],[-17.952205,28.690987],[-17.952541,28.690798],[-17.952715,28.690582],[-17.95294,28.69034],[-17.95317,28.690036],[-17.95318,28.689911],[-17.95308,28.689854],[-17.953029,28.689803],[-17.952961,28.689751],[-17.95289,28.689694],[-17.95284,28.689618],[-17.952834,28.689549],[-17.952815,28.689463],[-17.952797,28.689397],[-17.952789,28.689318],[-17.952762,28.689223],[-17.952749,28.689152],[-17.95274,28.689021],[-17.95273,28.688937],[-17.952736,28.688861],[-17.95278,28.688803],[-17.952809,28.688757],[-17.952842,28.688684],[-17.952827,28.688646],[-17.952813,28.688613],[-17.952783,28.688538],[-17.95275,28.688479],[-17.95273,28.688467],[-17.952706,28.688391],[-17.952837,28.688326],[-17.952863,28.688266],[-17.952816,28.688076],[-17.952723,28.687842],[-17.952659,28.687681],[-17.952636,28.687561],[-17.952576,28.687424],[-17.952514,28.687313],[-17.952441,28.687219],[-17.952387,28.687132],[-17.952304,28.686983],[-17.952262,28.68682],[-17.952227,28.686727],[-17.952187,28.686677],[-17.952169,28.686596],[-17.952136,28.686497],[-17.952093,28.68641],[-17.952057,28.686349],[-17.951969,28.686287],[-17.951903,28.686245],[-17.951733,28.686165],[-17.951601,28.686099],[-17.951494,28.686046],[-17.951417,28.686005],[-17.951375,28.685956],[-17.951371,28.685894],[-17.951357,28.685792],[-17.951377,28.68572],[-17.951375,28.685647],[-17.951362,28.685564],[-17.951338,28.685496],[-17.951288,28.685349],[-17.951253,28.685271],[-17.951208,28.685205],[-17.951086,28.685],[-17.951035,28.684908],[-17.950987,28.684859],[-17.950948,28.684829],[-17.950894,28.684806],[-17.950752,28.684759],[-17.950604,28.684673],[-17.950481,28.684626],[-17.950379,28.684564],[-17.950299,28.684503],[-17.950231,28.684423],[-17.950181,28.684384],[-17.950115,28.68435],[-17.950037,28.684349],[-17.949983,28.684364],[-17.949937,28.684372],[-17.94988,28.684369],[-17.949826,28.684353],[-17.949759,28.684305],[-17.949695,28.684225],[-17.94969,28.684149],[-17.949698,28.684063],[-17.949712,28.683984],[-17.949733,28.683933],[-17.949768,28.683827],[-17.949806,28.683645],[-17.949807,28.683578],[-17.949775,28.683513],[-17.949705,28.683441],[-17.949692,28.683324],[-17.949665,28.683258],[-17.94957,28.682955],[-17.949537,28.682692],[-17.949349,28.682282],[-17.949188,28.681918],[-17.949121,28.681852],[-17.949073,28.68174],[-17.948969,28.681594],[-17.948793,28.681442],[-17.948664,28.681304],[-17.94863,28.681241],[-17.948587,28.681148],[-17.948566,28.681052],[-17.948557,28.680966],[-17.948548,28.68091],[-17.948518,28.680787],[-17.948484,28.680717],[-17.948421,28.680656],[-17.948342,28.680609],[-17.948241,28.680569],[-17.948149,28.680538],[-17.948047,28.680479],[-17.947971,28.680431],[-17.947918,28.680352],[-17.947901,28.680296],[-17.94788,28.680222],[-17.947884,28.680174],[-17.947916,28.68009],[-17.947952,28.680012],[-17.947985,28.679959],[-17.947993,28.679932],[-17.947984,28.679861],[-17.947922,28.679654],[-17.947866,28.679539],[-17.947798,28.679422],[-17.947705,28.67932],[-17.947623,28.679242],[-17.947562,28.679194],[-17.947532,28.679137],[-17.947497,28.679027],[-17.947503,28.678903],[-17.947523,28.678831],[-17.947557,28.678751],[-17.947591,28.678685],[-17.947618,28.678591],[-17.947623,28.678465],[-17.947605,28.678345],[-17.947594,28.678196],[-17.947561,28.677972],[-17.947523,28.677758],[-17.947486,28.677604],[-17.947461,28.677472],[-17.947458,28.677439],[-17.94737,28.677256],[-17.94724,28.677027],[-17.947131,28.676859],[-17.947023,28.676664],[-17.94696,28.676597],[-17.946806,28.676488],[-17.946657,28.67638],[-17.946571,28.676311],[-17.946492,28.676247],[-17.946448,28.67619],[-17.946424,28.676136],[-17.946417,28.676054],[-17.946436,28.675985],[-17.94647,28.675924],[-17.946521,28.675859],[-17.946567,28.675801],[-17.946602,28.675754],[-17.946656,28.675663],[-17.946762,28.675481],[-17.946831,28.675359],[-17.946853,28.675307],[-17.946866,28.675251],[-17.946862,28.675161],[-17.946847,28.675026],[-17.946811,28.674955],[-17.946739,28.674887],[-17.946699,28.674832],[-17.94656,28.674639],[-17.946391,28.674461],[-17.946003,28.67405],[-17.945908,28.673925],[-17.945613,28.673488],[-17.945461,28.673267],[-17.945325,28.673047],[-17.94526,28.672901],[-17.945234,28.672793],[-17.945201,28.672692],[-17.945141,28.672559],[-17.945116,28.672484],[-17.945116,28.672422],[-17.945139,28.672359],[-17.945177,28.672282],[-17.945132,28.672207],[-17.944818,28.67179],[-17.944752,28.671709],[-17.944707,28.67161],[-17.944637,28.671466],[-17.944566,28.671373],[-17.944491,28.671287],[-17.944335,28.671094],[-17.944238,28.670946],[-17.944135,28.670784],[-17.94403,28.670617],[-17.943923,28.670444],[-17.943825,28.670306],[-17.943699,28.670186],[-17.943615,28.670068],[-17.943569,28.669943],[-17.943557,28.669851],[-17.94356,28.669696],[-17.943587,28.669507],[-17.943592,28.669376],[-17.943573,28.669294],[-17.943549,28.669208],[-17.943498,28.669125],[-17.943333,28.66909],[-17.943167,28.66907],[-17.943212,28.66874]]},"properties":{"clase":"canal","origen":"Canal LP-II","nombre":"CANAL LA PALMA II","tipo_red":"RED BÁSICA","codigo":"CT000137"}},{"type":"Feature","geometry":{"type":"MultiLineString","coordinates":[[[-17.940201,28.667176],[-17.940215,28.667153],[-17.940198,28.667132]],[[-17.940157,28.667197],[-17.940187,28.667198],[-17.940201,28.667176]],[[-17.943233,28.668761],[-17.943206,28.66875],[-17.943183,28.668765]],[[-17.943183,28.668765],[-17.940201,28.667176]],[[-17.943183,28.668765],[-17.94316,28.66878],[-17.943166,28.668806]]]},"properties":{"clase":"canal","origen":"Canal LP-II","nombre":"CANAL LA PALMA II","tipo_red":"RED BÁSICA","codigo":"CT000138"}},{"type":"Feature","geometry":{"type":"LineString","coordinates":[[-17.940201,28.667176],[-17.939978,28.667104],[-17.939898,28.667173],[-17.93985,28.667226],[-17.939773,28.667321],[-17.939663,28.667313],[-17.93928,28.667229],[-17.938606,28.6669],[-17.938496,28.667125],[-17.938425,28.667209],[-17.938395,28.667267],[-17.938377,28.667344],[-17.93836,28.66738],[-17.938299,28.667439],[-17.938227,28.667519],[-17.938191,28.667583],[-17.938162,28.66767],[-17.93817,28.667731],[-17.93818,28.667768],[-17.93816,28.667808],[-17.93812,28.667845],[-17.938042,28.667906],[-17.937962,28.66802],[-17.937832,28.668239],[-17.937778,28.668339],[-17.937708,28.668426],[-17.937583,28.66862],[-17.937469,28.668779],[-17.937289,28.66897],[-17.937071,28.669162],[-17.936914,28.669367],[-17.936709,28.669581],[-17.936609,28.66965],[-17.936409,28.669768],[-17.936264,28.669912],[-17.936098,28.67006],[-17.935943,28.6702],[-17.935833,28.670299],[-17.935681,28.670361],[-17.935469,28.670449],[-17.935314,28.670501],[-17.935207,28.670605],[-17.935103,28.670712],[-17.934755,28.670968],[-17.934553,28.671133],[-17.9343,28.671324],[-17.934256,28.671301],[-17.934196,28.671337],[-17.933785,28.671741],[-17.933615,28.671909],[-17.933388,28.671999],[-17.933167,28.672085],[-17.932962,28.672197],[-17.932657,28.672395],[-17.93248,28.672525],[-17.932312,28.672629],[-17.932249,28.67268],[-17.929947,28.674647],[-17.929755,28.674721]]},"properties":{"clase":"canal","origen":"Canal LP-II","nombre":"CANAL LA PALMA II","tipo_red":"RED BÁSICA","codigo":"CT000139"}},{"type":"Feature","geometry":{"type":"LineString","coordinates":[[-17.929755,28.674721],[-17.929545,28.674807],[-17.929395,28.674841],[-17.929351,28.674843],[-17.928957,28.674711],[-17.928855,28.674658],[-17.928782,28.674608],[-17.928617,28.674469],[-17.92848,28.674339],[-17.928059,28.674157],[-17.928045,28.67415],[-17.927943,28.674064],[-17.927856,28.673961],[-17.927758,28.673906],[-17.927627,28.673865],[-17.927264,28.673826],[-17.927077,28.673819],[-17.926779,28.673813],[-17.926509,28.67376],[-17.926276,28.673751],[-17.925525,28.673661],[-17.925018,28.673617],[-17.92481,28.673586],[-17.924173,28.673181],[-17.923589,28.673073],[-17.923045,28.673022],[-17.922818,28.673081],[-17.922601,28.673128],[-17.922517,28.673144],[-17.92242,28.673141],[-17.922309,28.673128],[-17.922253,28.673129],[-17.922176,28.673148],[-17.922094,28.673176],[-17.921975,28.673259],[-17.921922,28.673323],[-17.921896,28.673414],[-17.921798,28.673556],[-17.921776,28.673584],[-17.92117,28.673342]]},"properties":{"clase":"canal","origen":"Canal LP-II","nombre":"CANAL LA PALMA II","tipo_red":"RED BÁSICA","codigo":"CT000140"}},{"type":"Feature","geometry":{"type":"LineString","coordinates":[[-17.898866,28.644854],[-17.898747,28.644697],[-17.899044,28.644525],[-17.899241,28.644405],[-17.899338,28.644353],[-17.899314,28.644251],[-17.899247,28.644202],[-17.899244,28.644097],[-17.899132,28.643918],[-17.899054,28.643809],[-17.898918,28.64351],[-17.89895,28.643139],[-17.898433,28.643079],[-17.898505,28.642712],[-17.89836,28.642657],[-17.898048,28.642649],[-17.898015,28.64204],[-17.898324,28.642038],[-17.898397,28.641848],[-17.898371,28.64165],[-17.8983,28.641348],[-17.898163,28.640996],[-17.898075,28.640825],[-17.898091,28.640703],[-17.898488,28.639867],[-17.8986,28.639631],[-17.898695,28.639353],[-17.898685,28.639029],[-17.897811,28.636854],[-17.898005,28.636751],[-17.898135,28.636638],[-17.897871,28.63588],[-17.897204,28.635003],[-17.896704,28.634372],[-17.89656,28.634331],[-17.896388,28.634344],[-17.896147,28.634383],[-17.895992,28.634452],[-17.895754,28.63457],[-17.895655,28.634568],[-17.895556,28.634531],[-17.895464,28.634437],[-17.895322,28.634288],[-17.895183,28.634025],[-17.895016,28.633844],[-17.894718,28.63359],[-17.894849,28.63342],[-17.89492,28.633351],[-17.894711,28.632586],[-17.894502,28.631444],[-17.894415,28.631437],[-17.894349,28.630982],[-17.89452,28.630949],[-17.89509,28.630885],[-17.896358,28.630706],[-17.89624,28.630427],[-17.896118,28.63022],[-17.89582,28.629807],[-17.895685,28.629625],[-17.895536,28.62951],[-17.895471,28.629434],[-17.895509,28.629311],[-17.89559,28.629195],[-17.895566,28.629099],[-17.895484,28.62899],[-17.895256,28.628782],[-17.894771,28.628216],[-17.894621,28.628029],[-17.894586,28.627939],[-17.894592,28.626357],[-17.894572,28.625613],[-17.894538,28.625407],[-17.894376,28.624877],[-17.894198,28.624548],[-17.894029,28.624122],[-17.893859,28.623631],[-17.893772,28.623218],[-17.893625,28.62266],[-17.893418,28.622297],[-17.893367,28.622237],[-17.89346,28.62206],[-17.893515,28.621939],[-17.893474,28.621906],[-17.893336,28.621693],[-17.89326,28.621388],[-17.893226,28.621264],[-17.893209,28.621061],[-17.893362,28.620491],[-17.893475,28.620158],[-17.893735,28.620247],[-17.89386,28.620274],[-17.89414,28.620242],[-17.894165,28.619272],[-17.894042,28.619113],[-17.894044,28.618899],[-17.894022,28.618684],[-17.894007,28.618434],[-17.893988,28.618048],[-17.894165,28.617672],[-17.894373,28.617574],[-17.894689,28.617434],[-17.894916,28.616615],[-17.895031,28.616585],[-17.895158,28.61593],[-17.895203,28.61532],[-17.895147,28.61521],[-17.895116,28.614949],[-17.894831,28.614944],[-17.894884,28.614649],[-17.894937,28.614382],[-17.895059,28.613468],[-17.895098,28.612731],[-17.895425,28.612762],[-17.895534,28.612125],[-17.895859,28.611764],[-17.895912,28.611331],[-17.895826,28.610986],[-17.89557,28.610159],[-17.896006,28.610028],[-17.895785,28.60943],[-17.896091,28.609264],[-17.896396,28.609031],[-17.896421,28.608967],[-17.896276,28.608856],[-17.896166,28.608728],[-17.89607,28.608556],[-17.895714,28.607842],[-17.895505,28.607439],[-17.895428,28.607271],[-17.895395,28.607069],[-17.895431,28.606642],[-17.895604,28.60642],[-17.895956,28.606417],[-17.896247,28.606395],[-17.897142,28.606146],[-17.897157,28.606141],[-17.89741,28.605762],[-17.897398,28.605611],[-17.89738,28.605431],[-17.897383,28.605225],[-17.897392,28.604935],[-17.897384,28.60477],[-17.89731,28.604468],[-17.897264,28.60426],[-17.897203,28.604087],[-17.897175,28.604009],[-17.897163,28.603918],[-17.89716,28.603812],[-17.897201,28.603725],[-17.89725,28.603595],[-17.897319,28.603374],[-17.897387,28.60315],[-17.897382,28.603038],[-17.897376,28.602927],[-17.897297,28.602638],[-17.897273,28.60254],[-17.897268,28.602458],[-17.897372,28.601634],[-17.897406,28.601393],[-17.897412,28.601238],[-17.897427,28.600936],[-17.89746,28.600463],[-17.897462,28.600394],[-17.897449,28.600322],[-17.897436,28.60028],[-17.897419,28.600228],[-17.897368,28.600143],[-17.897303,28.600076],[-17.897231,28.600008],[-17.89718,28.599934],[-17.897126,28.599831],[-17.897066,28.599742],[-17.896986,28.599615],[-17.896965,28.599557],[-17.896947,28.599434],[-17.896945,28.599305],[-17.896959,28.59921],[-17.89699,28.599138],[-17.897138,28.59891],[-17.897158,28.598865],[-17.897342,28.598449],[-17.897378,28.59818],[-17.897385,28.598016],[-17.897379,28.59788],[-17.897356,28.597554],[-17.89734,28.597454],[-17.897316,28.597382],[-17.897277,28.597309],[-17.89722,28.597186],[-17.897178,28.597071],[-17.897133,28.596951],[-17.897082,28.596833],[-17.897019,28.596721],[-17.89694,28.596615],[-17.896828,28.596492],[-17.896794,28.596454],[-17.896732,28.596284],[-17.896685,28.596156],[-17.896588,28.595881],[-17.896575,28.59585],[-17.896547,28.595808],[-17.89651,28.595772],[-17.896465,28.595743],[-17.896359,28.595694],[-17.896085,28.595585],[-17.896,28.595523],[-17.895973,28.595489],[-17.895959,28.595429],[-17.895929,28.595156],[-17.895855,28.594816],[-17.895787,28.594682],[-17.895744,28.594625],[-17.895696,28.594571],[-17.895501,28.59434],[-17.895449,28.5943],[-17.895216,28.594129],[-17.895168,28.594091],[-17.895124,28.594035],[-17.895049,28.59389],[-17.894891,28.593572],[-17.894756,28.593298],[-17.894732,28.593282],[-17.894698,28.593265],[-17.894347,28.593175],[-17.894321,28.593165],[-17.894291,28.593145],[-17.894035,28.592829],[-17.893807,28.59255],[-17.893736,28.59249],[-17.893714,28.592481],[-17.893465,28.592463],[-17.893174,28.59245],[-17.892997,28.592438],[-17.89297,28.592428],[-17.892892,28.592375],[-17.892877,28.592354],[-17.892873,28.592331],[-17.892884,28.592257],[-17.892899,28.592155],[-17.892914,28.592137],[-17.892985,28.592117],[-17.893087,28.592064],[-17.893327,28.591929],[-17.893348,28.59191],[-17.893367,28.591878],[-17.893368,28.591812],[-17.893346,28.591693],[-17.893307,28.591583],[-17.893298,28.591519],[-17.893298,28.591408],[-17.893303,28.591244],[-17.89325,28.591008],[-17.893242,28.590948],[-17.893232,28.590795],[-17.893222,28.590763],[-17.893082,28.590347],[-17.893036,28.590202],[-17.893014,28.590113],[-17.892996,28.590033],[-17.892998,28.589962],[-17.893028,28.589834],[-17.893036,28.589785],[-17.893027,28.589732],[-17.89301,28.58971],[-17.892961,28.589678],[-17.8929,28.589641],[-17.892882,28.58962],[-17.892873,28.589589]]},"properties":{"clase":"canal","origen":"Canal LP-II","nombre":"CANAL LA PALMA II","tipo_red":"RED BÁSICA","codigo":"CT000141"}},{"type":"Feature","geometry":{"type":"LineString","coordinates":[[-17.892873,28.589589],[-17.892885,28.589553],[-17.892929,28.589502],[-17.892988,28.589449],[-17.893021,28.58941],[-17.893146,28.589106],[-17.893145,28.589092],[-17.893112,28.588998],[-17.893062,28.588878],[-17.892929,28.588605],[-17.89292,28.588576],[-17.892922,28.588553],[-17.892937,28.588535],[-17.89299,28.58849],[-17.893044,28.588442],[-17.89309,28.588393],[-17.89311,28.588371],[-17.893136,28.588344],[-17.893164,28.58831],[-17.893171,28.588241],[-17.893188,28.588154],[-17.893212,28.588102],[-17.893257,28.588003],[-17.893281,28.587984],[-17.893419,28.587893],[-17.893567,28.587781],[-17.893672,28.587716],[-17.89373,28.587684],[-17.893816,28.587661],[-17.893921,28.587636],[-17.893978,28.587617],[-17.89408,28.587571],[-17.894217,28.587497],[-17.894321,28.587423],[-17.894408,28.587339],[-17.89448,28.587245],[-17.894501,28.587212],[-17.894519,28.587178],[-17.894536,28.587143],[-17.894551,28.587107],[-17.894563,28.587071],[-17.894593,28.58684],[-17.894609,28.586806],[-17.894622,28.586788],[-17.894768,28.58669],[-17.894795,28.586673],[-17.894805,28.586647],[-17.89481,28.586611],[-17.894795,28.586461],[-17.894791,28.586406],[-17.894787,28.586344],[-17.894775,28.5863],[-17.894757,28.586266],[-17.89473,28.586242],[-17.894632,28.586212],[-17.894562,28.586201],[-17.894519,28.586199],[-17.894456,28.586183],[-17.894417,28.586165],[-17.894382,28.586142],[-17.894352,28.586114],[-17.894296,28.586054],[-17.89424,28.585996],[-17.894209,28.58597],[-17.894158,28.585935],[-17.894122,28.585914],[-17.894045,28.585883],[-17.893985,28.585855],[-17.893947,28.585819],[-17.893907,28.585737],[-17.893873,28.585643],[-17.893836,28.58559],[-17.893776,28.585551],[-17.893636,28.585517],[-17.893576,28.585495],[-17.893553,28.585472],[-17.89353,28.585437],[-17.893517,28.58536],[-17.893466,28.585172],[-17.893432,28.585063],[-17.893407,28.584952],[-17.893406,28.584827],[-17.89343,28.584603],[-17.893409,28.584403],[-17.893381,28.584136],[-17.893373,28.583908],[-17.893354,28.583809],[-17.893306,28.58368],[-17.893255,28.583504],[-17.893196,28.583356],[-17.893103,28.583046],[-17.893013,28.582759],[-17.892931,28.582499],[-17.892855,28.582263],[-17.892842,28.582179],[-17.892834,28.582101],[-17.892765,28.581643],[-17.892686,28.581142],[-17.892674,28.580987],[-17.892663,28.580814],[-17.892657,28.58068],[-17.89265,28.580592],[-17.892642,28.58054],[-17.892629,28.580494],[-17.892615,28.580457],[-17.892577,28.580401],[-17.892498,28.580306],[-17.892464,28.580254],[-17.892454,28.580222],[-17.892447,28.580183],[-17.892447,28.580144],[-17.892454,28.580104],[-17.892477,28.580032],[-17.892492,28.57998],[-17.892497,28.579949],[-17.892492,28.57987],[-17.892487,28.579828],[-17.892471,28.579762],[-17.892456,28.579731],[-17.892433,28.579697],[-17.892404,28.579663],[-17.892386,28.579642],[-17.892309,28.579583],[-17.89221,28.579521],[-17.89208,28.579458],[-17.891973,28.579424],[-17.891758,28.579391],[-17.891614,28.579378],[-17.891495,28.579361],[-17.891439,28.579347],[-17.891391,28.579322],[-17.891334,28.579272],[-17.891264,28.579187],[-17.891202,28.579103],[-17.891166,28.579075],[-17.89112,28.579057],[-17.891036,28.579037],[-17.890934,28.579019],[-17.890866,28.579],[-17.89082,28.578975],[-17.890769,28.578928],[-17.890723,28.578862],[-17.890697,28.578809],[-17.890691,28.578763],[-17.890695,28.578728],[-17.890716,28.578674],[-17.890767,28.578597],[-17.890807,28.578529],[-17.890834,28.578477],[-17.890844,28.578436],[-17.890844,28.57835],[-17.890846,28.578188],[-17.890857,28.577976],[-17.890853,28.577883],[-17.89084,28.577767],[-17.89083,28.577727],[-17.890817,28.577697],[-17.8908,28.577672],[-17.890776,28.577647],[-17.890749,28.577627],[-17.890711,28.577606],[-17.890605,28.577564],[-17.890533,28.577554],[-17.890484,28.577559],[-17.890424,28.577585],[-17.890329,28.577639],[-17.890224,28.577697],[-17.890181,28.577712],[-17.890132,28.577721],[-17.890096,28.577724],[-17.890062,28.577717],[-17.890019,28.577697],[-17.889911,28.577617],[-17.889813,28.577536],[-17.889775,28.577511],[-17.88972,28.577501],[-17.889627,28.577505],[-17.889502,28.577516],[-17.88938,28.577524],[-17.889263,28.577525],[-17.889136,28.577513],[-17.889054,28.577503],[-17.889003,28.577486],[-17.888972,28.577465],[-17.888881,28.577363],[-17.888839,28.577303]]},"properties":{"clase":"canal","origen":"Canal LP-II","nombre":"CANAL LA PALMA II","tipo_red":"RED BÁSICA","codigo":"CT000142"}},{"type":"Feature","geometry":{"type":"LineString","coordinates":[[-17.92117,28.673342],[-17.920499,28.673081],[-17.920563,28.672698],[-17.919792,28.672417],[-17.919511,28.672808],[-17.918887,28.672559],[-17.918434,28.67198],[-17.918381,28.671945],[-17.918367,28.671925],[-17.917888,28.671926],[-17.917427,28.672008],[-17.917285,28.671709],[-17.917219,28.671579],[-17.916829,28.671641],[-17.916785,28.671608],[-17.916625,28.671354],[-17.916599,28.671322],[-17.916351,28.671479],[-17.916174,28.67161],[-17.915937,28.672035],[-17.915738,28.671996],[-17.91557,28.672318],[-17.915518,28.672306],[-17.915466,28.672101],[-17.913917,28.672242],[-17.913863,28.672056],[-17.913559,28.672129],[-17.913392,28.671923],[-17.913224,28.671907],[-17.913027,28.671902],[-17.912895,28.671928],[-17.912698,28.672004],[-17.912578,28.672034],[-17.912287,28.672125],[-17.912152,28.672168],[-17.911919,28.672031],[-17.911916,28.671909],[-17.911234,28.67201],[-17.910986,28.672039],[-17.910921,28.67204],[-17.910525,28.671222],[-17.910274,28.670752],[-17.910201,28.670495],[-17.91008,28.670304],[-17.909954,28.670183],[-17.90975,28.670113],[-17.909749,28.670017],[-17.910015,28.669698],[-17.908885,28.668826],[-17.90854,28.66855],[-17.907661,28.667919],[-17.90752,28.668009],[-17.90715,28.667584],[-17.906619,28.666921],[-17.906617,28.666853],[-17.906581,28.666707],[-17.906044,28.666609],[-17.905887,28.666077],[-17.905614,28.665699],[-17.905381,28.665278],[-17.905242,28.665031],[-17.905233,28.664899],[-17.90516,28.664779],[-17.904917,28.664501],[-17.904743,28.664319],[-17.904593,28.664203],[-17.904471,28.664158],[-17.904342,28.664112],[-17.903108,28.663133],[-17.903374,28.662795],[-17.903246,28.662771],[-17.902973,28.662719],[-17.902747,28.66272],[-17.902624,28.662772],[-17.902492,28.66279],[-17.902347,28.662733],[-17.901925,28.662561],[-17.901691,28.662792],[-17.90123,28.662421],[-17.900792,28.662481],[-17.900582,28.662426],[-17.900444,28.662293],[-17.900408,28.662175],[-17.900289,28.662063],[-17.900177,28.662023],[-17.900041,28.66189],[-17.899823,28.661714],[-17.899828,28.661668],[-17.899545,28.660454],[-17.89972,28.660295],[-17.899744,28.660211],[-17.899133,28.659696],[-17.899693,28.659178],[-17.898836,28.658562],[-17.898681,28.65842],[-17.898638,28.658288],[-17.89845,28.658206],[-17.898543,28.657868],[-17.898524,28.657715],[-17.898438,28.657647],[-17.898318,28.657614],[-17.897878,28.657707],[-17.897691,28.656652],[-17.8976,28.656501],[-17.897579,28.656462],[-17.897525,28.656248],[-17.897531,28.656195],[-17.897673,28.656145],[-17.897668,28.65605],[-17.897403,28.655659],[-17.897328,28.655593],[-17.897344,28.655524],[-17.897579,28.65548],[-17.897647,28.65473],[-17.897679,28.654384],[-17.897751,28.654047],[-17.898064,28.6541],[-17.898092,28.653862],[-17.89812,28.653741],[-17.898273,28.653497],[-17.898297,28.653373],[-17.898143,28.653301],[-17.898112,28.652886],[-17.898054,28.652732],[-17.897875,28.652366],[-17.897773,28.651735],[-17.898275,28.651731],[-17.898127,28.651147],[-17.898606,28.650983],[-17.898305,28.650454],[-17.8981,28.650153],[-17.898154,28.65004],[-17.898147,28.649808],[-17.89862,28.649558],[-17.89898,28.649007],[-17.899148,28.648869],[-17.899427,28.648707],[-17.899677,28.648586],[-17.899922,28.648482],[-17.900183,28.648414],[-17.900323,28.648324],[-17.900186,28.648216],[-17.900065,28.648089],[-17.900033,28.647961],[-17.900015,28.647765],[-17.900035,28.647442],[-17.900068,28.647016],[-17.90006,28.646733],[-17.899923,28.646471],[-17.899776,28.64632],[-17.899534,28.646211],[-17.899372,28.646143],[-17.899363,28.645932],[-17.898866,28.644854]]},"properties":{"clase":"canal","origen":"Canal LP-II","nombre":"CANAL LA PALMA II","tipo_red":"RED BÁSICA","codigo":"CT000141"}},{"type":"Feature","geometry":{"type":"LineString","coordinates":[[-17.888839,28.577303],[-17.888543,28.576845],[-17.888467,28.576708],[-17.888146,28.576121],[-17.888035,28.575925],[-17.887981,28.57567],[-17.887817,28.575474],[-17.887768,28.575409],[-17.887726,28.575309],[-17.887673,28.574915],[-17.887644,28.574793],[-17.887574,28.574545],[-17.887499,28.574394],[-17.887414,28.574127],[-17.887059,28.573603],[-17.886597,28.573838],[-17.886335,28.573965],[-17.886251,28.573807],[-17.886139,28.573474],[-17.886009,28.57295],[-17.885925,28.57259],[-17.885838,28.572219],[-17.885766,28.571964],[-17.88578,28.571885],[-17.885911,28.571742],[-17.886034,28.571586],[-17.886267,28.57148],[-17.886432,28.571404],[-17.886619,28.571348],[-17.886792,28.571297]]},"properties":{"clase":"canal","origen":"Canal LP-II","nombre":"CANAL LA PALMA II"}},{"type":"Feature","geometry":{"type":"LineString","coordinates":[[-17.810326,28.682297],[-17.810288,28.682278],[-17.810158,28.682218],[-17.810021,28.682164],[-17.809899,28.68214],[-17.809828,28.682133],[-17.809679,28.68212],[-17.809469,28.682104],[-17.809294,28.682052],[-17.809124,28.681983],[-17.80894,28.681912],[-17.808846,28.681864],[-17.808694,28.681767],[-17.808604,28.681696],[-17.808392,28.681544],[-17.808173,28.68134],[-17.80797,28.681131],[-17.807814,28.680896],[-17.807654,28.680693],[-17.807592,28.680589],[-17.807585,28.680541],[-17.807592,28.680503],[-17.807625,28.680459],[-17.807737,28.680385],[-17.807883,28.68031],[-17.808054,28.680238],[-17.808197,28.68019],[-17.808236,28.680169],[-17.808232,28.680145],[-17.808149,28.680104],[-17.808036,28.680046],[-17.807831,28.679992],[-17.807705,28.679975],[-17.807501,28.679939],[-17.807313,28.679903],[-17.807164,28.679863],[-17.807073,28.679829],[-17.806979,28.679764],[-17.806858,28.679598],[-17.806761,28.679416],[-17.806664,28.679251],[-17.80661,28.679144],[-17.806617,28.679077],[-17.806668,28.679023],[-17.806836,28.678974],[-17.807024,28.678924],[-17.807188,28.678832],[-17.807358,28.678682],[-17.807506,28.678534],[-17.807593,28.67839],[-17.807668,28.678257],[-17.807679,28.678078],[-17.807712,28.677937],[-17.807836,28.67784],[-17.80806,28.677816],[-17.808245,28.67785],[-17.808412,28.677898],[-17.808499,28.677902],[-17.8085,28.677853],[-17.808464,28.677751],[-17.808381,28.677641],[-17.808194,28.677545],[-17.808035,28.677483],[-17.807865,28.677449],[-17.807728,28.67743],[-17.807563,28.677424],[-17.8073,28.677451],[-17.807046,28.677535],[-17.806966,28.677569],[-17.806881,28.677577],[-17.806745,28.677566],[-17.806641,28.677522],[-17.80652,28.677445],[-17.806335,28.677318],[-17.806218,28.677217],[-17.806067,28.677087],[-17.805763,28.676857],[-17.805431,28.676646],[-17.80526,28.676534],[-17.805178,28.676491],[-17.804987,28.676386],[-17.80484,28.676331],[-17.804696,28.676289],[-17.804578,28.676261],[-17.804434,28.676226],[-17.804303,28.676181],[-17.804197,28.676136],[-17.80412,28.676084],[-17.804028,28.676003],[-17.803912,28.675872],[-17.803808,28.675756],[-17.803662,28.675616],[-17.803506,28.675488],[-17.803366,28.675374],[-17.803243,28.675285],[-17.803194,28.675231],[-17.803187,28.675161],[-17.803201,28.675051],[-17.803229,28.674898],[-17.803276,28.674816],[-17.803354,28.674769],[-17.80341,28.674757],[-17.80352,28.674794],[-17.80365,28.674853],[-17.803796,28.674897],[-17.803979,28.674922],[-17.804263,28.67494],[-17.804443,28.67495],[-17.80453,28.674925],[-17.80456,28.674908],[-17.804543,28.674856],[-17.804475,28.674755],[-17.80437,28.674593],[-17.804338,28.67444],[-17.804333,28.674234],[-17.804305,28.673865],[-17.804297,28.673664],[-17.804284,28.673445],[-17.804298,28.673322],[-17.804323,28.673251],[-17.804408,28.673134],[-17.804446,28.673081],[-17.804513,28.673028],[-17.804594,28.672967],[-17.804658,28.67293],[-17.804711,28.672915],[-17.804789,28.672928],[-17.804878,28.672972],[-17.805002,28.673043],[-17.805135,28.673091],[-17.8053,28.67315],[-17.805407,28.673191],[-17.805534,28.67324],[-17.805654,28.673285],[-17.805789,28.673345],[-17.805886,28.67339],[-17.80598,28.673446],[-17.806046,28.673481],[-17.806095,28.673486],[-17.806144,28.673482],[-17.80618,28.673468],[-17.806205,28.673448],[-17.806249,28.673406],[-17.806322,28.673362],[-17.806422,28.673309],[-17.806463,28.673289],[-17.806475,28.673266],[-17.806473,28.673221],[-17.806419,28.673183],[-17.806319,28.673134],[-17.806233,28.673087],[-17.806071,28.672907],[-17.805907,28.672704],[-17.805746,28.672501],[-17.80567,28.672367],[-17.805652,28.672334],[-17.805634,28.67229],[-17.805612,28.672243],[-17.805606,28.672208],[-17.8056,28.672165],[-17.805605,28.672121],[-17.805649,28.672019],[-17.805687,28.671965],[-17.805772,28.671919],[-17.805812,28.671859],[-17.805843,28.671808],[-17.80591,28.671755],[-17.805987,28.67173],[-17.806076,28.671737],[-17.806169,28.671768],[-17.806256,28.671831],[-17.80637,28.671897],[-17.80648,28.671924],[-17.806636,28.671928],[-17.80673,28.671894],[-17.806803,28.671832],[-17.807003,28.671673],[-17.807042,28.671657],[-17.80708,28.671655],[-17.807134,28.671664],[-17.807213,28.671697],[-17.807507,28.67182],[-17.807824,28.671901],[-17.808203,28.67198],[-17.808567,28.672104],[-17.808799,28.672099],[-17.809008,28.67199],[-17.809219,28.671963],[-17.809416,28.671982],[-17.809613,28.672023],[-17.809794,28.672028],[-17.809863,28.671913],[-17.809954,28.671852],[-17.810285,28.671863],[-17.810502,28.671873],[-17.810672,28.671846],[-17.81085,28.671752],[-17.81105,28.67172],[-17.811283,28.671756],[-17.811367,28.671782],[-17.81151,28.671838],[-17.811551,28.67184],[-17.81157,28.671831],[-17.81155,28.671764],[-17.811528,28.671723],[-17.811492,28.671639],[-17.811469,28.671577],[-17.81145,28.671529],[-17.81142,28.671471],[-17.811357,28.671404],[-17.81127,28.671363],[-17.811159,28.671323],[-17.811023,28.671269],[-17.810909,28.671218],[-17.8108,28.671159],[-17.810701,28.671092],[-17.81064,28.671045],[-17.810584,28.67098],[-17.810518,28.670891],[-17.810459,28.670813],[-17.810404,28.670761],[-17.810308,28.6707],[-17.810205,28.670644],[-17.810061,28.670592],[-17.80995,28.670572],[-17.809812,28.670559],[-17.809699,28.670552],[-17.809578,28.670552],[-17.809441,28.670547],[-17.809279,28.670528],[-17.809056,28.670484],[-17.808904,28.670442],[-17.808852,28.670411],[-17.80883,28.670382],[-17.808821,28.670336],[-17.808851,28.670301],[-17.808917,28.670268],[-17.809031,28.670217],[-17.809187,28.670174],[-17.809429,28.670085],[-17.809665,28.669962],[-17.809878,28.669864],[-17.80997,28.669819],[-17.81001,28.669772],[-17.810028,28.669741],[-17.810067,28.669629],[-17.8101,28.669549],[-17.810144,28.669493],[-17.810211,28.669471],[-17.810316,28.669461],[-17.810426,28.669458],[-17.810523,28.669455],[-17.810563,28.669443],[-17.810564,28.669415],[-17.810531,28.669375],[-17.810425,28.669319],[-17.810311,28.669281],[-17.810145,28.669241],[-17.810025,28.669232],[-17.809904,28.669237],[-17.809802,28.669254],[-17.809718,28.669271],[-17.809635,28.669297],[-17.809549,28.669331],[-17.809473,28.669353],[-17.809368,28.669355],[-17.809165,28.669325],[-17.808998,28.669275],[-17.808808,28.669249],[-17.808335,28.66922],[-17.807928,28.669194],[-17.807679,28.669182],[-17.807481,28.669136],[-17.807379,28.669078],[-17.807309,28.669025],[-17.807306,28.668975],[-17.807329,28.668918],[-17.807588,28.668802],[-17.807794,28.668716],[-17.807911,28.668621],[-17.807975,28.668522],[-17.808015,28.668417],[-17.808016,28.668303],[-17.808023,28.668213],[-17.808063,28.668138],[-17.80813,28.66813],[-17.808363,28.6681],[-17.808667,28.668073],[-17.80887,28.668067],[-17.809095,28.668039],[-17.809271,28.668003],[-17.809431,28.667974],[-17.809498,28.667936],[-17.809492,28.667898],[-17.809388,28.667828],[-17.809176,28.667764],[-17.809052,28.667679],[-17.809029,28.667624],[-17.809035,28.667554],[-17.809053,28.667493],[-17.809103,28.667441],[-17.809169,28.667403],[-17.809479,28.667305],[-17.809652,28.66721],[-17.809789,28.667118],[-17.809987,28.667047],[-17.810227,28.666955],[-17.810419,28.666862],[-17.81057,28.666787],[-17.810661,28.666731],[-17.810669,28.666683],[-17.810606,28.666641],[-17.810366,28.666635],[-17.809943,28.666634],[-17.809649,28.666629],[-17.809322,28.666634],[-17.809237,28.666605],[-17.80915,28.66656],[-17.809095,28.666505],[-17.809058,28.666461],[-17.809019,28.666432],[-17.809001,28.666426],[-17.808944,28.666424],[-17.808792,28.666436],[-17.808733,28.666464],[-17.808705,28.666484],[-17.808596,28.666489],[-17.808433,28.666482],[-17.808294,28.666463],[-17.808159,28.666418],[-17.80795,28.666329],[-17.807749,28.666207],[-17.807635,28.666133],[-17.807614,28.666094],[-17.80762,28.666037],[-17.807768,28.665831],[-17.80785,28.665722],[-17.807934,28.665636],[-17.807991,28.665623],[-17.808062,28.66565],[-17.808113,28.665669],[-17.808167,28.665682],[-17.808217,28.665683],[-17.808264,28.665683],[-17.808308,28.665691],[-17.808336,28.665703],[-17.808403,28.665713],[-17.808485,28.665715],[-17.808579,28.665704],[-17.80866,28.6657],[-17.808723,28.665716],[-17.808773,28.665734],[-17.808802,28.665755],[-17.808847,28.665786],[-17.808934,28.665794],[-17.809016,28.665789],[-17.80907,28.665774],[-17.80911,28.665748],[-17.809127,28.665716],[-17.809148,28.665592],[-17.80917,28.665516],[-17.809217,28.665423],[-17.809297,28.665339],[-17.809398,28.665232],[-17.809519,28.665127],[-17.809861,28.66475],[-17.80977,28.664659],[-17.809644,28.664589],[-17.809555,28.664426],[-17.809526,28.664309],[-17.809576,28.664072],[-17.809605,28.663884],[-17.809624,28.663734],[-17.809499,28.663651],[-17.809446,28.663631],[-17.809348,28.663614],[-17.80932,28.663616],[-17.809212,28.663636],[-17.809078,28.663671],[-17.809014,28.663708],[-17.808957,28.66379],[-17.80893,28.663872],[-17.808867,28.664004],[-17.808812,28.664113],[-17.808775,28.664173],[-17.808725,28.664227],[-17.808676,28.664248],[-17.808637,28.664253],[-17.80858,28.664245],[-17.808523,28.664218],[-17.808481,28.664174],[-17.808421,28.664099],[-17.808379,28.66405],[-17.808326,28.664002],[-17.808267,28.663969],[-17.808175,28.663939],[-17.808058,28.663939],[-17.807936,28.663926],[-17.807867,28.663916],[-17.807757,28.663889],[-17.807655,28.663853],[-17.807575,28.663799],[-17.80752,28.663737],[-17.807447,28.663664],[-17.807385,28.663601],[-17.807282,28.663541],[-17.80722,28.663511],[-17.807172,28.663484],[-17.807135,28.663446],[-17.807141,28.663376],[-17.807175,28.66331],[-17.807194,28.663262],[-17.807183,28.663193],[-17.807161,28.663069],[-17.807121,28.662954],[-17.807061,28.662884],[-17.807018,28.662826],[-17.807013,28.662765],[-17.807019,28.662719],[-17.807033,28.662687],[-17.807117,28.662588],[-17.807468,28.662307],[-17.807606,28.662195],[-17.807747,28.662015],[-17.807839,28.661901],[-17.807908,28.661852],[-17.808194,28.661625],[-17.808406,28.661484],[-17.808545,28.661404],[-17.808523,28.661169],[-17.80806,28.661118],[-17.807774,28.661056],[-17.807553,28.661016],[-17.807361,28.660989],[-17.807134,28.660971],[-17.806915,28.660956],[-17.806833,28.660928],[-17.806757,28.660901],[-17.806712,28.660857],[-17.806617,28.660734],[-17.80653,28.660644],[-17.806421,28.660574],[-17.80635,28.660534],[-17.806308,28.660482],[-17.806292,28.660427],[-17.80613,28.660278],[-17.806045,28.660196],[-17.805986,28.660096],[-17.805941,28.659985],[-17.805947,28.659955],[-17.805997,28.659886],[-17.806153,28.659775],[-17.806222,28.659705],[-17.806219,28.659676],[-17.806204,28.659642],[-17.806178,28.659559],[-17.806158,28.659486],[-17.80614,28.659356],[-17.806164,28.659284],[-17.806208,28.659236],[-17.806273,28.65918],[-17.806394,28.659137],[-17.806603,28.659098],[-17.806712,28.659091],[-17.806858,28.659075],[-17.806975,28.659061],[-17.807093,28.659051],[-17.807166,28.65905],[-17.807223,28.659057],[-17.807303,28.659059],[-17.807374,28.659046],[-17.807407,28.659012],[-17.80738,28.658957],[-17.807332,28.658892],[-17.807298,28.658808],[-17.807304,28.658682],[-17.807327,28.658617],[-17.807387,28.658529],[-17.807457,28.658458],[-17.807587,28.6584],[-17.807725,28.658369],[-17.807903,28.658345],[-17.808029,28.658316],[-17.808129,28.658311],[-17.808216,28.658288],[-17.808283,28.658271],[-17.808299,28.65824],[-17.808283,28.658201],[-17.808214,28.65814],[-17.808001,28.658025],[-17.807839,28.657969],[-17.807666,28.657921],[-17.807503,28.6579],[-17.807299,28.657889],[-17.807072,28.657876],[-17.806898,28.657847],[-17.806807,28.657829],[-17.806733,28.65779],[-17.806692,28.657751],[-17.80668,28.657663],[-17.806689,28.657554],[-17.806686,28.657458],[-17.806668,28.657385],[-17.806592,28.657311],[-17.806618,28.657218],[-17.806709,28.657147],[-17.806821,28.657088],[-17.806928,28.65707],[-17.807036,28.657037],[-17.807105,28.656985],[-17.807171,28.656927],[-17.807273,28.65689],[-17.807359,28.656865],[-17.807463,28.656837],[-17.807526,28.656816],[-17.807588,28.656787],[-17.807706,28.656728],[-17.807764,28.656689],[-17.807816,28.656642],[-17.807856,28.656603],[-17.807894,28.656561],[-17.807951,28.656523],[-17.808037,28.656492],[-17.808094,28.65649],[-17.808182,28.656488],[-17.808251,28.656503],[-17.808533,28.656562],[-17.808665,28.656579],[-17.808753,28.656595],[-17.808843,28.656593],[-17.808975,28.656593],[-17.809069,28.656584],[-17.809204,28.656548],[-17.809292,28.656519],[-17.809379,28.656505],[-17.809457,28.656488],[-17.809487,28.656474],[-17.809492,28.656459],[-17.809471,28.656429],[-17.809417,28.656396],[-17.809307,28.656359],[-17.809178,28.656335],[-17.809022,28.656285],[-17.808739,28.656169],[-17.808603,28.656079],[-17.808536,28.656025],[-17.808488,28.655967],[-17.808485,28.655868],[-17.808514,28.655775],[-17.808524,28.655698],[-17.808518,28.655616],[-17.808504,28.655551],[-17.808459,28.655494],[-17.808387,28.655461],[-17.808254,28.655444],[-17.808074,28.655427],[-17.807956,28.655412],[-17.807781,28.655379],[-17.807598,28.655297],[-17.807529,28.65524],[-17.807496,28.655164],[-17.807503,28.655096],[-17.807538,28.654995],[-17.807591,28.654927],[-17.807658,28.654848],[-17.807816,28.654781],[-17.807976,28.654699],[-17.808168,28.654628],[-17.808353,28.654573],[-17.808495,28.654521],[-17.808796,28.654416],[-17.808958,28.65435],[-17.809101,28.654314],[-17.809245,28.654299],[-17.80934,28.654305],[-17.80942,28.654308],[-17.809643,28.654348],[-17.809728,28.654372],[-17.809781,28.654387],[-17.80984,28.654409],[-17.809867,28.654414],[-17.809896,28.654412],[-17.80991,28.654406],[-17.80993,28.654395],[-17.809935,28.654383],[-17.809923,28.654347],[-17.809878,28.654293],[-17.809826,28.654249],[-17.809768,28.6542],[-17.809727,28.654174],[-17.809653,28.654109],[-17.809563,28.654052],[-17.809496,28.654013],[-17.809337,28.653937],[-17.80928,28.653923],[-17.809156,28.653891],[-17.809071,28.653881],[-17.808667,28.653829],[-17.808441,28.653787],[-17.808226,28.65373],[-17.808104,28.653697],[-17.807899,28.653625],[-17.807752,28.653555],[-17.80769,28.653501],[-17.807667,28.653448],[-17.807664,28.653393],[-17.807674,28.653332],[-17.807691,28.653294],[-17.807746,28.653248],[-17.807885,28.653191],[-17.808036,28.65315],[-17.808149,28.653104],[-17.808321,28.653026],[-17.808391,28.652981],[-17.808586,28.652879],[-17.808745,28.652828],[-17.808938,28.65283],[-17.80919,28.652836],[-17.809373,28.652841],[-17.809532,28.652844],[-17.809762,28.65285],[-17.809959,28.65284],[-17.810135,28.652823],[-17.810257,28.652775],[-17.810315,28.65273],[-17.810348,28.652672],[-17.810312,28.652612],[-17.810251,28.652548],[-17.810079,28.652491],[-17.809813,28.65238],[-17.809622,28.652284],[-17.809468,28.652215],[-17.809319,28.65209],[-17.809215,28.651975],[-17.809146,28.6519],[-17.809137,28.651803],[-17.809173,28.651739],[-17.809286,28.651688],[-17.809498,28.651648],[-17.809751,28.651586],[-17.809951,28.651536],[-17.810348,28.651425],[-17.810605,28.651335],[-17.810791,28.651284],[-17.811001,28.651234],[-17.811189,28.651184],[-17.811384,28.651148],[-17.811537,28.651121],[-17.811641,28.651097],[-17.811765,28.651063],[-17.811833,28.65104],[-17.811848,28.651013],[-17.811749,28.650975],[-17.811554,28.650945],[-17.811286,28.650904],[-17.811171,28.650876],[-17.810637,28.650821],[-17.810441,28.650807],[-17.810147,28.650783],[-17.809868,28.650747],[-17.809644,28.650721],[-17.809422,28.650672],[-17.809276,28.650626],[-17.809181,28.650586],[-17.809101,28.65054],[-17.808992,28.650462],[-17.808927,28.650381],[-17.808865,28.65026],[-17.808794,28.650198],[-17.808711,28.650143],[-17.808598,28.650086],[-17.808503,28.650079],[-17.808397,28.650095],[-17.808316,28.650103],[-17.808199,28.650077],[-17.807939,28.650032],[-17.807866,28.649995],[-17.807836,28.649951],[-17.807856,28.649901],[-17.807939,28.649808],[-17.808001,28.649734],[-17.808096,28.649647],[-17.808188,28.649596],[-17.808392,28.649523],[-17.808586,28.649461],[-17.808712,28.649419],[-17.80884,28.649376],[-17.809011,28.649306],[-17.809206,28.64924],[-17.809281,28.649222],[-17.809416,28.649209],[-17.809615,28.649204],[-17.809831,28.649199],[-17.80996,28.649193],[-17.81011,28.649183],[-17.810223,28.649174],[-17.810368,28.649138],[-17.810442,28.649108],[-17.810522,28.649062],[-17.810602,28.64901],[-17.810649,28.648983],[-17.810738,28.648933],[-17.810885,28.648853],[-17.811001,28.648787],[-17.811104,28.648729],[-17.811137,28.648698],[-17.811139,28.648682],[-17.811117,28.648674],[-17.811037,28.64867],[-17.810899,28.648683],[-17.810719,28.648702],[-17.810644,28.648708],[-17.810473,28.648707],[-17.81036,28.6487],[-17.810093,28.648666],[-17.809789,28.648605],[-17.80954,28.648552],[-17.809257,28.648492],[-17.808769,28.648404],[-17.808519,28.64837],[-17.808291,28.648323],[-17.807734,28.648263],[-17.80743,28.648268],[-17.80716,28.648273],[-17.807042,28.648249],[-17.806974,28.648209],[-17.806938,28.648174],[-17.806944,28.648117],[-17.806991,28.648032],[-17.80709,28.647978],[-17.807161,28.647928],[-17.807182,28.647857],[-17.807267,28.647774],[-17.807372,28.64769],[-17.807625,28.647544],[-17.807808,28.647512],[-17.808052,28.647466],[-17.808186,28.647452],[-17.808308,28.647414],[-17.808432,28.647367],[-17.808493,28.647323],[-17.808531,28.647244],[-17.808521,28.647175],[-17.808489,28.647118],[-17.80836,28.647098],[-17.808224,28.647072],[-17.808099,28.647069],[-17.80788,28.647035],[-17.807602,28.646974],[-17.807298,28.646917],[-17.807061,28.646836],[-17.806957,28.646752],[-17.806906,28.64664],[-17.806905,28.646506],[-17.806901,28.646423],[-17.806855,28.646319],[-17.806822,28.646232],[-17.806763,28.646147],[-17.806702,28.646063],[-17.806675,28.645982],[-17.806673,28.645901],[-17.806697,28.645787],[-17.806752,28.645733],[-17.806808,28.645703],[-17.806939,28.645674],[-17.807116,28.64566],[-17.807232,28.645652],[-17.807387,28.64562],[-17.807544,28.645574],[-17.807914,28.645486],[-17.808106,28.645442],[-17.808228,28.645419],[-17.80835,28.645408],[-17.808573,28.645364],[-17.808707,28.645301],[-17.808802,28.645225],[-17.808903,28.645139],[-17.808965,28.645082],[-17.808961,28.645024],[-17.808906,28.644961],[-17.808629,28.644862],[-17.808506,28.644797],[-17.808427,28.644739],[-17.808255,28.644678],[-17.808071,28.644637],[-17.807894,28.644613],[-17.807572,28.644586],[-17.807292,28.644557],[-17.8071,28.644526],[-17.806885,28.64446],[-17.806631,28.644376],[-17.806471,28.644343],[-17.806392,28.644314],[-17.806362,28.644267],[-17.806372,28.644213],[-17.806408,28.644159],[-17.806538,28.644125],[-17.806722,28.644096],[-17.806822,28.644053],[-17.806885,28.643995],[-17.807002,28.643893],[-17.807153,28.643822],[-17.807241,28.643794],[-17.807447,28.643765],[-17.807633,28.643725],[-17.807808,28.643659],[-17.80796,28.643574],[-17.808075,28.643506],[-17.808274,28.643382],[-17.808414,28.643321],[-17.808603,28.643289],[-17.808715,28.643259],[-17.808856,28.64323],[-17.808924,28.643203],[-17.808967,28.643169],[-17.809015,28.643061],[-17.80901,28.642944],[-17.80901,28.642858],[-17.809002,28.642784],[-17.809011,28.642666],[-17.80901,28.642572],[-17.809001,28.64252],[-17.808921,28.642539],[-17.808757,28.642601],[-17.808643,28.642608],[-17.808487,28.64261],[-17.808352,28.642618],[-17.808217,28.642597],[-17.808003,28.642587],[-17.807831,28.642563],[-17.807533,28.642524],[-17.807325,28.64249],[-17.807041,28.642415],[-17.806875,28.642362],[-17.806716,28.642327],[-17.806539,28.642319],[-17.806417,28.642279],[-17.806364,28.642226],[-17.806362,28.642132],[-17.806415,28.642045],[-17.806525,28.641976],[-17.806661,28.641894],[-17.806762,28.641845],[-17.806875,28.641793],[-17.807035,28.641719],[-17.807107,28.641653],[-17.807159,28.641601],[-17.807295,28.641523],[-17.807599,28.64137],[-17.807878,28.641253],[-17.808043,28.641162],[-17.80816,28.641077],[-17.808355,28.640892],[-17.808524,28.640709],[-17.808599,28.640609],[-17.808691,28.640508],[-17.808797,28.640421],[-17.808914,28.640323],[-17.808965,28.640276],[-17.808971,28.640248],[-17.808923,28.640205],[-17.808774,28.640171],[-17.808623,28.640169],[-17.808413,28.640203],[-17.80824,28.640236],[-17.808063,28.640265],[-17.807915,28.640285],[-17.807708,28.640291],[-17.807564,28.640296],[-17.807369,28.640289],[-17.807214,28.64028],[-17.80709,28.640249],[-17.807053,28.640203],[-17.807069,28.640145],[-17.807127,28.640084],[-17.807208,28.64002],[-17.807324,28.639948],[-17.807428,28.639886],[-17.807575,28.639776],[-17.807742,28.639673],[-17.807885,28.639608],[-17.807995,28.639551],[-17.80807,28.639529],[-17.808173,28.639483],[-17.808241,28.639449],[-17.808247,28.639424],[-17.808173,28.639401],[-17.808006,28.639288],[-17.807939,28.639213],[-17.807937,28.639121],[-17.807924,28.639023],[-17.807907,28.638916],[-17.807877,28.638832],[-17.807788,28.638767],[-17.807653,28.638735],[-17.807512,28.638721],[-17.807358,28.63869],[-17.807277,28.638652],[-17.807136,28.638624],[-17.807014,28.638603],[-17.806869,28.638571],[-17.806718,28.638528],[-17.806589,28.638487],[-17.806496,28.638446],[-17.806462,28.638406],[-17.806461,28.638352],[-17.806498,28.638319],[-17.806579,28.638305],[-17.806697,28.638308],[-17.806775,28.638325],[-17.806882,28.638328],[-17.806995,28.638328],[-17.807089,28.638311],[-17.807157,28.638269],[-17.807202,28.638231],[-17.807235,28.638153],[-17.807235,28.638072],[-17.80722,28.638003],[-17.807196,28.637915],[-17.807198,28.637811],[-17.807195,28.637695],[-17.807153,28.637523],[-17.80708,28.637399],[-17.806963,28.637244],[-17.806768,28.637138],[-17.806585,28.637043],[-17.806455,28.636965],[-17.806228,28.636871],[-17.806101,28.63691],[-17.805951,28.636972],[-17.805885,28.637014],[-17.80581,28.637064],[-17.805754,28.637078],[-17.80568,28.637083],[-17.805599,28.637077],[-17.805495,28.637055],[-17.805447,28.637008],[-17.805428,28.63697],[-17.805406,28.636927],[-17.805377,28.636852],[-17.805351,28.636774],[-17.805342,28.63674],[-17.805343,28.636702],[-17.805356,28.636663],[-17.805395,28.636621],[-17.80542,28.636587],[-17.80543,28.636558],[-17.805433,28.636531],[-17.805421,28.636503],[-17.805408,28.636486],[-17.805393,28.636475],[-17.805321,28.636426],[-17.805296,28.636406],[-17.805263,28.636348],[-17.805236,28.636295],[-17.805201,28.636203],[-17.805185,28.63616],[-17.805161,28.636131],[-17.805135,28.636112],[-17.805099,28.636095],[-17.805044,28.63607],[-17.805014,28.636049],[-17.805005,28.63603],[-17.805002,28.635999],[-17.805007,28.635976],[-17.805025,28.635953],[-17.805055,28.635926],[-17.805105,28.635871],[-17.805141,28.635821],[-17.80517,28.635788],[-17.805202,28.635762],[-17.805254,28.635735],[-17.805318,28.635703],[-17.805378,28.635674],[-17.805427,28.635647],[-17.805466,28.635625],[-17.805502,28.635584],[-17.805536,28.635535],[-17.805554,28.6355],[-17.805554,28.635457],[-17.80555,28.635415],[-17.805523,28.635357],[-17.805492,28.635297],[-17.805473,28.635236],[-17.805433,28.635101],[-17.8054,28.634983],[-17.805376,28.634906],[-17.805369,28.634828],[-17.805372,28.634641],[-17.805388,28.634612],[-17.805437,28.63458],[-17.805485,28.634523],[-17.805514,28.634451],[-17.805522,28.634346],[-17.805517,28.634261],[-17.805498,28.634163],[-17.805448,28.634086],[-17.805358,28.633957],[-17.805162,28.633681],[-17.805089,28.633622],[-17.80503,28.633581],[-17.804925,28.633546],[-17.804831,28.63354],[-17.804723,28.633529],[-17.804597,28.633517],[-17.804472,28.633514],[-17.804347,28.633539],[-17.804226,28.633599],[-17.804169,28.63363],[-17.804127,28.633617],[-17.804043,28.633571],[-17.803956,28.63355],[-17.803903,28.633523],[-17.803828,28.633476],[-17.803737,28.633485],[-17.80367,28.633519],[-17.803571,28.633525],[-17.803497,28.633495],[-17.803415,28.633439],[-17.80332,28.633404],[-17.80321,28.633408],[-17.803137,28.633401],[-17.803089,28.633392],[-17.803021,28.633369],[-17.802951,28.633361],[-17.802877,28.633336],[-17.802819,28.633303],[-17.802775,28.63326],[-17.802744,28.633202],[-17.802726,28.633128],[-17.802712,28.633053],[-17.802707,28.632997],[-17.80268,28.632931],[-17.802666,28.632892],[-17.802631,28.632848],[-17.8026,28.63282],[-17.802554,28.632809],[-17.802495,28.632809],[-17.802439,28.632818],[-17.802384,28.63283],[-17.802336,28.632836],[-17.8023,28.632837],[-17.802199,28.632825],[-17.802134,28.6328],[-17.802097,28.632761],[-17.802088,28.63273],[-17.802082,28.632696],[-17.802092,28.632653],[-17.80211,28.632595],[-17.802154,28.632504],[-17.802178,28.632438],[-17.802222,28.632295],[-17.802241,28.632199],[-17.802253,28.632112],[-17.802256,28.632066],[-17.80224,28.632026],[-17.802194,28.631988],[-17.802156,28.631964],[-17.802122,28.631935],[-17.802104,28.631911],[-17.802093,28.631882],[-17.802088,28.63186],[-17.802091,28.631735],[-17.802108,28.631643],[-17.802121,28.63156],[-17.802136,28.631484],[-17.802166,28.631366],[-17.802188,28.631277],[-17.802183,28.631229],[-17.802155,28.631174],[-17.802104,28.631131],[-17.802054,28.631068],[-17.802036,28.63103],[-17.802038,28.630964],[-17.802051,28.630885],[-17.802069,28.630836],[-17.802103,28.630791],[-17.802134,28.630745],[-17.802178,28.630677],[-17.802207,28.630632],[-17.802231,28.630601],[-17.80223,28.63058],[-17.802216,28.630559],[-17.802157,28.63053],[-17.802113,28.630498],[-17.802069,28.630442],[-17.80206,28.630381],[-17.802019,28.630077],[-17.801991,28.629861],[-17.801969,28.629514],[-17.801954,28.629262],[-17.801935,28.629126],[-17.801911,28.629024],[-17.801881,28.628934],[-17.801804,28.628849],[-17.801682,28.628775],[-17.801398,28.628587],[-17.801317,28.628426],[-17.801232,28.628309],[-17.801158,28.628208],[-17.801113,28.628216],[-17.801049,28.628245],[-17.80097,28.628273],[-17.800897,28.628305],[-17.800802,28.628348],[-17.800701,28.628392],[-17.800614,28.628421],[-17.800513,28.628449],[-17.800455,28.628453],[-17.800408,28.628446],[-17.800355,28.628426],[-17.800314,28.628398],[-17.800272,28.628345],[-17.800236,28.62828],[-17.800219,28.628249],[-17.800198,28.628186],[-17.800124,28.627988],[-17.800067,28.627825],[-17.800014,28.627653],[-17.799975,28.627569],[-17.799891,28.627411],[-17.799772,28.627229],[-17.799668,28.627109],[-17.799501,28.626974],[-17.799374,28.626884],[-17.799249,28.626817],[-17.799103,28.626769],[-17.799034,28.62677],[-17.798956,28.626786],[-17.798899,28.626826],[-17.798796,28.626914],[-17.798705,28.626981],[-17.798553,28.627006],[-17.79845,28.626983],[-17.798332,28.626913],[-17.798234,28.62683],[-17.798145,28.626719],[-17.79805,28.62662],[-17.79793,28.626556],[-17.797805,28.626553],[-17.797694,28.626545],[-17.797501,28.626531],[-17.797404,28.626501],[-17.797292,28.626453],[-17.79723,28.626401],[-17.797135,28.626308],[-17.797106,28.626277],[-17.797075,28.626244],[-17.797041,28.626204],[-17.797014,28.626176],[-17.796931,28.626114],[-17.796774,28.625978],[-17.796625,28.625843],[-17.796499,28.625724],[-17.79643,28.625669],[-17.796266,28.62555],[-17.796077,28.625415],[-17.795987,28.625351],[-17.79593,28.62532],[-17.795853,28.625303],[-17.795803,28.625285],[-17.795771,28.625264],[-17.795743,28.625221],[-17.795739,28.625181],[-17.79573,28.625139],[-17.795706,28.625114],[-17.795664,28.625071],[-17.795616,28.625026],[-17.795522,28.624965],[-17.795484,28.624947],[-17.795377,28.624905],[-17.795241,28.624848],[-17.795187,28.624825],[-17.795064,28.624784],[-17.794964,28.624749],[-17.794848,28.624695],[-17.794781,28.624667],[-17.794748,28.624637],[-17.794708,28.624589],[-17.794692,28.624557],[-17.794687,28.624531],[-17.794686,28.624499],[-17.794692,28.624451],[-17.794698,28.624415],[-17.794701,28.624392],[-17.7947,28.624376],[-17.794685,28.624312],[-17.79465,28.624247],[-17.794619,28.624183],[-17.794585,28.624118],[-17.794575,28.624095],[-17.794562,28.624052],[-17.79456,28.624025],[-17.794562,28.62398],[-17.794562,28.623935],[-17.794558,28.62391],[-17.794544,28.623844],[-17.794542,28.623815],[-17.794549,28.623787],[-17.794567,28.623723],[-17.794569,28.623684],[-17.794567,28.62365],[-17.794561,28.623623],[-17.794547,28.623596],[-17.794524,28.623555],[-17.794506,28.623532],[-17.794433,28.623461],[-17.794402,28.623433],[-17.794355,28.623372],[-17.794329,28.623309],[-17.794307,28.623243],[-17.794269,28.623126],[-17.794256,28.6231],[-17.794232,28.623063],[-17.794179,28.622994],[-17.794152,28.622961],[-17.794112,28.622921],[-17.794085,28.622899],[-17.794068,28.622884],[-17.794053,28.622867],[-17.794033,28.62284],[-17.794015,28.622814],[-17.793995,28.622793],[-17.793977,28.622778],[-17.793944,28.622755],[-17.793879,28.622723],[-17.793763,28.622624],[-17.79373,28.62258],[-17.793677,28.62249],[-17.793639,28.622421],[-17.793629,28.622365],[-17.793642,28.622292],[-17.793732,28.622144],[-17.793853,28.621955],[-17.793909,28.621847],[-17.793922,28.621811],[-17.793951,28.621687],[-17.793956,28.621644],[-17.793956,28.621554],[-17.793961,28.621509],[-17.793975,28.621397],[-17.79398,28.62135],[-17.793981,28.621258],[-17.793978,28.621232],[-17.793962,28.621182],[-17.79394,28.62114],[-17.793899,28.621083],[-17.793873,28.621069],[-17.793813,28.621066],[-17.793728,28.621071],[-17.793673,28.62106],[-17.793599,28.621016],[-17.793545,28.620955],[-17.793471,28.620781],[-17.793434,28.620714],[-17.793406,28.620671],[-17.793362,28.620655],[-17.793283,28.620657],[-17.793236,28.620676],[-17.793179,28.620713],[-17.793127,28.620764],[-17.793064,28.620811],[-17.793015,28.620836],[-17.79294,28.620844],[-17.792873,28.620841],[-17.792792,28.620821],[-17.792731,28.620795],[-17.792693,28.620767],[-17.792654,28.620734],[-17.792605,28.620698],[-17.792541,28.620666],[-17.792475,28.620635],[-17.792402,28.620604],[-17.792218,28.620497],[-17.792136,28.620458],[-17.792037,28.620433],[-17.791958,28.620422],[-17.791883,28.620418],[-17.791809,28.620399],[-17.791747,28.620358],[-17.791688,28.620313],[-17.791662,28.620282],[-17.791627,28.620237],[-17.79159,28.620203],[-17.791547,28.620185],[-17.791482,28.620172],[-17.791431,28.620159],[-17.791365,28.620108],[-17.791284,28.620015],[-17.791227,28.619915],[-17.791201,28.619814],[-17.791165,28.619662],[-17.791147,28.61953],[-17.79113,28.619461],[-17.791097,28.619382],[-17.791068,28.619343],[-17.791039,28.619314],[-17.791002,28.619297],[-17.790963,28.619289],[-17.790918,28.619289],[-17.790863,28.619296],[-17.790817,28.619306],[-17.790786,28.619311],[-17.790745,28.619304],[-17.790687,28.619283],[-17.790625,28.619253],[-17.790587,28.619229],[-17.790561,28.619206],[-17.790534,28.619169],[-17.790508,28.619108],[-17.790493,28.619048],[-17.79048,28.618978],[-17.790462,28.618911],[-17.790424,28.618854],[-17.790368,28.618814],[-17.790322,28.618775],[-17.790306,28.618737],[-17.790316,28.618693],[-17.790345,28.618636],[-17.790354,28.618573],[-17.790363,28.618506],[-17.790354,28.618458],[-17.79023,28.618247],[-17.790135,28.618097],[-17.790062,28.617848],[-17.790074,28.617503],[-17.790084,28.617284],[-17.790092,28.617119],[-17.790148,28.617053],[-17.79031,28.617001],[-17.79035,28.616991],[-17.790449,28.616941],[-17.790686,28.616821],[-17.790744,28.616745],[-17.790793,28.616626],[-17.790858,28.616562],[-17.790995,28.616475],[-17.791025,28.616435],[-17.791002,28.616386],[-17.790727,28.615932],[-17.79068,28.615951],[-17.79063,28.615996],[-17.790585,28.616081],[-17.790531,28.616143],[-17.790486,28.61617],[-17.790391,28.616182],[-17.79029,28.616172],[-17.790217,28.616138],[-17.790089,28.616058],[-17.789975,28.615936],[-17.789902,28.615857],[-17.789785,28.615784],[-17.789655,28.615709],[-17.789533,28.615615],[-17.789419,28.615488],[-17.789192,28.615117],[-17.789115,28.61489],[-17.789022,28.614674],[-17.78901,28.61459],[-17.789054,28.614468],[-17.789085,28.614352],[-17.789087,28.614301],[-17.789059,28.614226],[-17.788983,28.614143],[-17.788968,28.614104],[-17.788955,28.614076],[-17.788929,28.614064],[-17.788892,28.614046],[-17.78887,28.61402],[-17.788832,28.613941],[-17.788796,28.613881],[-17.788689,28.61373],[-17.788649,28.613669],[-17.788619,28.613641],[-17.788576,28.6136],[-17.788487,28.613499],[-17.788431,28.613415],[-17.788401,28.613356],[-17.788397,28.61332],[-17.788403,28.613287],[-17.788414,28.61326],[-17.788431,28.613236],[-17.788459,28.613213],[-17.788482,28.613192],[-17.788516,28.613154],[-17.788541,28.613114],[-17.78855,28.613077],[-17.788556,28.613047],[-17.788553,28.612991],[-17.78854,28.612934],[-17.788522,28.612885],[-17.788501,28.612849],[-17.788474,28.6128],[-17.78845,28.612748],[-17.788436,28.612705],[-17.788423,28.612645],[-17.788415,28.612586],[-17.788405,28.612465],[-17.788394,28.612339],[-17.788383,28.612218],[-17.788377,28.612174],[-17.788368,28.612131],[-17.788321,28.61194],[-17.788254,28.611728],[-17.788185,28.611563],[-17.788148,28.611486],[-17.788106,28.611439],[-17.788055,28.611396],[-17.788001,28.611389],[-17.787939,28.611382],[-17.787846,28.611386],[-17.787741,28.611389],[-17.787612,28.611377],[-17.787529,28.611361],[-17.787446,28.611333],[-17.78742,28.611305],[-17.787397,28.611251],[-17.787374,28.61118],[-17.787357,28.611104],[-17.787352,28.611061],[-17.787357,28.611037],[-17.787376,28.611012],[-17.787413,28.610986],[-17.78745,28.610964],[-17.787476,28.610941],[-17.787494,28.610916],[-17.787507,28.610882],[-17.787517,28.610849],[-17.787518,28.610815],[-17.787513,28.610789],[-17.7875,28.610762],[-17.787482,28.610741],[-17.787454,28.610721],[-17.787431,28.610707],[-17.787364,28.61068],[-17.787311,28.610663],[-17.787247,28.610642],[-17.787197,28.61062],[-17.787174,28.610595],[-17.787161,28.610566],[-17.78716,28.61054],[-17.787167,28.610515],[-17.787195,28.610476],[-17.787227,28.610458],[-17.787306,28.610412],[-17.787357,28.610376],[-17.787404,28.610332],[-17.787442,28.61027],[-17.78746,28.610224],[-17.787484,28.610151],[-17.787493,28.610096],[-17.787493,28.610049],[-17.787482,28.610021],[-17.787469,28.609998],[-17.787397,28.609909],[-17.787336,28.609873],[-17.787251,28.609814],[-17.787186,28.609731],[-17.787171,28.609605],[-17.787184,28.609415],[-17.787212,28.609369],[-17.78728,28.609339],[-17.787307,28.609324],[-17.78735,28.609288],[-17.787357,28.609266],[-17.787381,28.608943],[-17.7873,28.60874],[-17.787575,28.608139],[-17.787669,28.607942],[-17.787827,28.607804],[-17.787952,28.60773],[-17.788143,28.607634],[-17.788195,28.607574],[-17.788263,28.607405],[-17.788275,28.607346],[-17.788272,28.607067],[-17.788275,28.6068],[-17.788255,28.606745],[-17.787951,28.606338],[-17.787881,28.606231],[-17.787858,28.606139],[-17.78788,28.606065],[-17.787913,28.605987],[-17.787933,28.605918],[-17.787931,28.605875],[-17.787915,28.605771],[-17.787893,28.605691],[-17.787843,28.605612],[-17.78783,28.605542],[-17.787807,28.605297],[-17.78781,28.60527],[-17.787822,28.605249],[-17.787833,28.60523],[-17.787839,28.605192],[-17.787835,28.605162],[-17.787815,28.605119],[-17.787736,28.605014],[-17.787656,28.604929],[-17.787609,28.604894],[-17.787546,28.604853],[-17.787462,28.604791],[-17.787331,28.604704],[-17.787221,28.604615],[-17.787199,28.604588],[-17.787177,28.604533],[-17.787052,28.604331],[-17.786881,28.604083],[-17.786724,28.603887],[-17.786685,28.603816],[-17.786658,28.603652],[-17.786612,28.603403],[-17.786594,28.603196],[-17.786604,28.60305],[-17.786631,28.602867],[-17.786648,28.602799],[-17.786661,28.602718],[-17.786681,28.602658],[-17.786721,28.602594],[-17.786753,28.602553],[-17.78682,28.602496],[-17.786865,28.602443],[-17.786892,28.602406],[-17.786909,28.602358],[-17.786911,28.60232],[-17.786906,28.60228],[-17.786799,28.601978],[-17.786749,28.60188],[-17.786678,28.601809],[-17.786619,28.601752],[-17.786524,28.601548],[-17.786508,28.601461],[-17.786535,28.601426],[-17.786574,28.601383],[-17.786651,28.601303],[-17.786788,28.601216],[-17.78698,28.601118],[-17.787,28.601111],[-17.78717,28.600962],[-17.787026,28.600736],[-17.786935,28.600635],[-17.786758,28.600518],[-17.786669,28.600432],[-17.786604,28.600368],[-17.786489,28.600283],[-17.786344,28.600114],[-17.786114,28.599903],[-17.786013,28.599795],[-17.785965,28.599713],[-17.785873,28.599632],[-17.785592,28.599432],[-17.785518,28.599363],[-17.785456,28.599289],[-17.785463,28.599233],[-17.785491,28.599157],[-17.785527,28.599083],[-17.785592,28.598956],[-17.785622,28.598868],[-17.785646,28.598739],[-17.785842,28.598306],[-17.785861,28.598256],[-17.785966,28.598133],[-17.786259,28.597887],[-17.786346,28.59783],[-17.786423,28.597786],[-17.786481,28.597728],[-17.786489,28.597697],[-17.786485,28.597657],[-17.786469,28.597623],[-17.786445,28.597594],[-17.786359,28.597545],[-17.786319,28.597516],[-17.786282,28.597468],[-17.786272,28.597394],[-17.786309,28.597243],[-17.786395,28.597107],[-17.786438,28.597104],[-17.786477,28.596993],[-17.786513,28.59694],[-17.786556,28.596877],[-17.786629,28.596773],[-17.786657,28.596722],[-17.786657,28.596659],[-17.786656,28.596605],[-17.786624,28.596508],[-17.786605,28.59641],[-17.786593,28.596354],[-17.786603,28.596289],[-17.786655,28.596225],[-17.786695,28.596171],[-17.786704,28.59613],[-17.786628,28.59594],[-17.786586,28.595857],[-17.786571,28.595796],[-17.786523,28.595572],[-17.786518,28.595456],[-17.786522,28.595302],[-17.786476,28.595124],[-17.786433,28.594987],[-17.786372,28.594813],[-17.786342,28.594571],[-17.786308,28.594477],[-17.786244,28.594345],[-17.786206,28.59419],[-17.786111,28.593929],[-17.786088,28.593839],[-17.786076,28.593765],[-17.786062,28.593491],[-17.786065,28.593203],[-17.786066,28.592359],[-17.786078,28.591861],[-17.786007,28.591799],[-17.786002,28.591788],[-17.786034,28.591718],[-17.786191,28.591307],[-17.786229,28.591195],[-17.786211,28.591067],[-17.78618,28.590818],[-17.786137,28.590432],[-17.786132,28.590361],[-17.7862,28.590206],[-17.786335,28.589868],[-17.786379,28.589834],[-17.786436,28.589787],[-17.786441,28.589753],[-17.786423,28.589707],[-17.786385,28.589655],[-17.786287,28.589566],[-17.786237,28.589513],[-17.786197,28.589437],[-17.786204,28.589326],[-17.786228,28.589258],[-17.786248,28.589197],[-17.786255,28.589156],[-17.78625,28.589133],[-17.786217,28.589086],[-17.786027,28.588896],[-17.785949,28.588788],[-17.785944,28.588722],[-17.785924,28.588524],[-17.785909,28.588235],[-17.785937,28.58815],[-17.785985,28.588026],[-17.786007,28.587902],[-17.786031,28.587753],[-17.786107,28.58762],[-17.786161,28.587509],[-17.786181,28.587448],[-17.786192,28.587385],[-17.786204,28.587296],[-17.786212,28.587209],[-17.786208,28.587139],[-17.78619,28.587045],[-17.786112,28.586946],[-17.786018,28.586867],[-17.785981,28.586826],[-17.78594,28.586765],[-17.785918,28.586724],[-17.785916,28.58666],[-17.785928,28.586588],[-17.78595,28.586487],[-17.785981,28.586405],[-17.786031,28.586353],[-17.786083,28.586324],[-17.786153,28.586293],[-17.786213,28.586258],[-17.786259,28.586198],[-17.786302,28.586133],[-17.786318,28.586082],[-17.78632,28.586029],[-17.786288,28.585867],[-17.786248,28.585678],[-17.786248,28.585262],[-17.786235,28.584992],[-17.786212,28.584908],[-17.786218,28.584849],[-17.786227,28.584682],[-17.78623,28.584559],[-17.786196,28.584411],[-17.786216,28.584254],[-17.786261,28.584165],[-17.786319,28.584057],[-17.786386,28.583963],[-17.786443,28.583834],[-17.78647,28.583717],[-17.786469,28.583641],[-17.786482,28.583518],[-17.786506,28.583427],[-17.786539,28.583357],[-17.786547,28.583311],[-17.78655,28.583225],[-17.786545,28.583141],[-17.786542,28.583098],[-17.786548,28.583064],[-17.786576,28.58305],[-17.786676,28.583069],[-17.786748,28.583088],[-17.786822,28.583107],[-17.78689,28.583116],[-17.786965,28.583095],[-17.786996,28.583068],[-17.787017,28.583036],[-17.787012,28.583008],[-17.786902,28.582953],[-17.786772,28.582885],[-17.78663,28.58277],[-17.786591,28.58271],[-17.786596,28.582648],[-17.786639,28.582573],[-17.786729,28.582455],[-17.786769,28.582382],[-17.786805,28.582256],[-17.786849,28.582164],[-17.786899,28.582103],[-17.786996,28.582013],[-17.787085,28.581913],[-17.787185,28.581805],[-17.787272,28.581762],[-17.787377,28.581718],[-17.787448,28.58168],[-17.787508,28.581628],[-17.787528,28.581576],[-17.787556,28.581213],[-17.787582,28.581039],[-17.787565,28.580988],[-17.787438,28.580919],[-17.78736,28.580885],[-17.787286,28.580838],[-17.787269,28.580815],[-17.787271,28.580741],[-17.787297,28.580693],[-17.787351,28.580639],[-17.787484,28.580566],[-17.78767,28.580473],[-17.78785,28.580315],[-17.787899,28.580258],[-17.787931,28.58021],[-17.787955,28.580089],[-17.787993,28.580011],[-17.788017,28.579975],[-17.788071,28.579934],[-17.788142,28.579866],[-17.788236,28.579769],[-17.788392,28.579615],[-17.788422,28.579441],[-17.788444,28.579322],[-17.788459,28.579241],[-17.788468,28.579129],[-17.78847,28.579037],[-17.788458,28.578913],[-17.788439,28.578806],[-17.788437,28.578767],[-17.788458,28.578704],[-17.788507,28.578611],[-17.788539,28.578558],[-17.788568,28.578509],[-17.788589,28.578447],[-17.788607,28.578397],[-17.788611,28.578343],[-17.78862,28.578234],[-17.788624,28.577998],[-17.788625,28.577912],[-17.788667,28.577769],[-17.788693,28.577672],[-17.78869,28.577532],[-17.788669,28.577425],[-17.78867,28.577299],[-17.788675,28.577215],[-17.78872,28.577128],[-17.78879,28.5771],[-17.788887,28.576949],[-17.78888,28.576826],[-17.78892,28.576698],[-17.788933,28.576661],[-17.789217,28.57647],[-17.789295,28.576303],[-17.789294,28.576205],[-17.789291,28.57613],[-17.789318,28.576013],[-17.789323,28.575949],[-17.789292,28.575431],[-17.789268,28.575267],[-17.789175,28.575154],[-17.789092,28.575096],[-17.788988,28.575053],[-17.788837,28.574989],[-17.788689,28.574886],[-17.788583,28.574786],[-17.788516,28.574681],[-17.788481,28.574622],[-17.788463,28.574502],[-17.788479,28.574388],[-17.788526,28.574235],[-17.788609,28.574027],[-17.788671,28.573828],[-17.788721,28.573595],[-17.788795,28.573316],[-17.788913,28.573131],[-17.788997,28.573032],[-17.789156,28.572928],[-17.789252,28.572876],[-17.789347,28.572827],[-17.789461,28.572752],[-17.789564,28.572693],[-17.789618,28.572671],[-17.789666,28.572658],[-17.789727,28.572655],[-17.789806,28.572656],[-17.78986,28.572655],[-17.789983,28.572671],[-17.790025,28.572675],[-17.790171,28.572673],[-17.790265,28.572667],[-17.790347,28.572654],[-17.790421,28.572628],[-17.790492,28.572589],[-17.790551,28.572541],[-17.790599,28.572483],[-17.79068,28.572363],[-17.790769,28.572241],[-17.790808,28.572164],[-17.790831,28.572083],[-17.790854,28.571954],[-17.790879,28.57178],[-17.790921,28.571509],[-17.790961,28.571361],[-17.790972,28.571343],[-17.791033,28.571316],[-17.791371,28.57123],[-17.791408,28.571196],[-17.79143,28.571161],[-17.791452,28.571101],[-17.791479,28.570939],[-17.791477,28.57088],[-17.791445,28.570813],[-17.791396,28.570757],[-17.791327,28.570695],[-17.791278,28.570662],[-17.791217,28.570631],[-17.791168,28.570602],[-17.791141,28.570579],[-17.791131,28.570547],[-17.791137,28.570508],[-17.791155,28.570476],[-17.791183,28.570458],[-17.791236,28.570434],[-17.791435,28.570339],[-17.791466,28.570322],[-17.791607,28.570228],[-17.791694,28.570159],[-17.791768,28.570101],[-17.791793,28.570081],[-17.791837,28.570062],[-17.791901,28.570043],[-17.791962,28.57003],[-17.792085,28.569978],[-17.792178,28.569919],[-17.792259,28.569858],[-17.79237,28.569725],[-17.792426,28.569642],[-17.792493,28.56956],[-17.792535,28.569525],[-17.792582,28.569494],[-17.792652,28.56946],[-17.792763,28.569422],[-17.792832,28.5694],[-17.792854,28.569386],[-17.792861,28.569368],[-17.792863,28.56935],[-17.792858,28.569328],[-17.792825,28.569281],[-17.792802,28.569254],[-17.792747,28.569204],[-17.792675,28.569148],[-17.792646,28.569119],[-17.792633,28.56909],[-17.792631,28.569067],[-17.792648,28.569047],[-17.792688,28.569031],[-17.792899,28.569],[-17.793089,28.56898],[-17.793163,28.568971],[-17.793243,28.568959],[-17.793297,28.568943],[-17.793332,28.568917],[-17.793354,28.568884],[-17.793361,28.568859],[-17.793362,28.568814],[-17.793354,28.568768],[-17.793318,28.568703],[-17.793278,28.568662],[-17.793246,28.568634],[-17.793212,28.568581],[-17.79318,28.568493],[-17.793148,28.568398],[-17.79312,28.568292],[-17.793096,28.568234],[-17.793042,28.568141],[-17.792979,28.56805],[-17.792926,28.567972],[-17.792894,28.56793],[-17.792853,28.567853],[-17.792829,28.567807],[-17.792818,28.567763],[-17.792817,28.567708],[-17.792835,28.567674],[-17.792868,28.567641],[-17.792897,28.567628],[-17.79293,28.567619],[-17.792969,28.567615],[-17.793058,28.567619],[-17.793127,28.567621],[-17.79319,28.567614],[-17.793242,28.567599],[-17.793291,28.567577],[-17.793346,28.567544],[-17.793411,28.567498],[-17.793522,28.567372],[-17.79356,28.567312],[-17.793597,28.567227],[-17.793621,28.567137],[-17.793646,28.567069],[-17.793741,28.566895],[-17.793839,28.566688],[-17.793879,28.566616],[-17.793936,28.566507],[-17.793984,28.566419],[-17.794011,28.566349],[-17.794026,28.566291],[-17.794025,28.566206],[-17.794015,28.56611],[-17.794012,28.565987],[-17.794026,28.565883],[-17.794055,28.565827],[-17.794094,28.565788],[-17.794153,28.565752],[-17.794234,28.565725],[-17.794304,28.565705],[-17.794364,28.565692],[-17.79442,28.56569],[-17.79448,28.565675],[-17.794523,28.565659],[-17.794569,28.565633],[-17.794587,28.565608],[-17.794607,28.56557],[-17.794611,28.565532],[-17.794611,28.565504],[-17.794627,28.565469],[-17.794666,28.565407],[-17.794706,28.565286],[-17.794745,28.565242],[-17.794805,28.565198],[-17.794968,28.5651],[-17.79511,28.565015],[-17.795231,28.564928],[-17.795286,28.564881],[-17.795296,28.564857],[-17.795298,28.564825],[-17.79529,28.564704],[-17.795272,28.564661],[-17.795232,28.564604],[-17.795197,28.564556],[-17.795174,28.564523],[-17.795163,28.564482],[-17.795166,28.564419],[-17.795195,28.564256],[-17.795237,28.56415],[-17.795262,28.564099],[-17.79529,28.563974],[-17.795328,28.563909],[-17.795467,28.563856],[-17.795541,28.563826],[-17.795837,28.56377],[-17.795996,28.56374],[-17.796101,28.563717],[-17.796421,28.563608],[-17.796546,28.563565],[-17.796619,28.563528],[-17.796703,28.563493],[-17.796796,28.563478],[-17.796873,28.563476],[-17.796935,28.563442],[-17.796992,28.563369],[-17.796997,28.563315],[-17.796988,28.563221],[-17.79699,28.563113],[-17.797011,28.563052],[-17.797068,28.562921],[-17.797127,28.562835],[-17.797192,28.56277],[-17.797233,28.562743],[-17.797378,28.562683],[-17.797493,28.562626],[-17.798057,28.562128],[-17.798248,28.561952],[-17.798375,28.561847],[-17.79842,28.561782],[-17.798431,28.561725],[-17.798437,28.56171],[-17.798433,28.561635],[-17.798414,28.561554],[-17.798391,28.561481],[-17.798366,28.56143],[-17.79826,28.561314],[-17.798198,28.561266],[-17.798119,28.561217],[-17.798054,28.561188],[-17.797987,28.561168],[-17.797875,28.561141],[-17.797813,28.56112],[-17.797797,28.561094],[-17.797796,28.561058],[-17.797803,28.561029],[-17.79782,28.561007],[-17.797922,28.560885],[-17.79793,28.560861],[-17.797928,28.560828],[-17.797825,28.560579],[-17.797792,28.560349],[-17.797784,28.560254],[-17.797779,28.560176],[-17.797776,28.560127],[-17.797784,28.5601],[-17.797807,28.560071],[-17.79785,28.560026],[-17.79794,28.559957],[-17.797976,28.559908],[-17.797991,28.559876],[-17.797998,28.559841],[-17.797994,28.55982],[-17.797978,28.559763],[-17.797926,28.559688],[-17.797853,28.559603],[-17.79781,28.559536],[-17.797801,28.559489],[-17.797789,28.559426],[-17.797775,28.559052],[-17.797775,28.558957],[-17.797809,28.55885],[-17.797862,28.55869],[-17.797896,28.558564],[-17.797911,28.558495],[-17.797918,28.558424],[-17.797929,28.558288],[-17.79802,28.558148],[-17.798097,28.558025],[-17.79813,28.557949],[-17.798258,28.557637],[-17.798326,28.557451],[-17.79836,28.557334],[-17.798373,28.557275],[-17.798373,28.557215],[-17.798368,28.557157],[-17.798339,28.557097],[-17.798299,28.557063],[-17.798257,28.557044],[-17.798142,28.557006],[-17.798044,28.556971],[-17.797873,28.556927],[-17.797624,28.556866],[-17.797496,28.55682],[-17.797462,28.556788],[-17.797446,28.556738],[-17.797302,28.556347],[-17.79729,28.556312],[-17.797289,28.556276],[-17.7973,28.55624],[-17.797319,28.556195],[-17.797369,28.556117],[-17.797444,28.556071],[-17.79751,28.556013],[-17.79754,28.555967],[-17.797586,28.555876],[-17.797603,28.555816],[-17.797601,28.555751],[-17.79758,28.55571],[-17.797562,28.555673],[-17.797536,28.555653],[-17.79752,28.555622],[-17.797513,28.55558],[-17.797526,28.555514],[-17.797577,28.555356],[-17.797609,28.55528],[-17.797673,28.555186],[-17.797782,28.554989],[-17.797851,28.554863],[-17.797931,28.554728],[-17.797952,28.554688],[-17.79797,28.554642],[-17.797993,28.554572],[-17.797995,28.554527],[-17.797999,28.554491],[-17.798018,28.554455],[-17.798037,28.554429],[-17.798085,28.55439],[-17.798189,28.554337],[-17.798293,28.554292],[-17.798455,28.554215],[-17.7985,28.554195],[-17.798546,28.55418],[-17.798679,28.554123],[-17.798787,28.554078],[-17.798837,28.554062],[-17.798921,28.554042],[-17.799037,28.554027],[-17.799099,28.554019],[-17.799189,28.554004],[-17.79927,28.553965],[-17.799353,28.553911],[-17.799422,28.553866],[-17.79965,28.55375],[-17.799758,28.553694],[-17.799824,28.553654],[-17.799849,28.553615],[-17.799867,28.553567],[-17.799869,28.553524],[-17.799877,28.553445],[-17.799887,28.553395],[-17.799932,28.553314],[-17.800111,28.55305],[-17.800101,28.553016],[-17.800137,28.552984],[-17.800168,28.552957],[-17.800264,28.552908],[-17.800379,28.552866],[-17.800509,28.552823],[-17.800801,28.552736],[-17.800891,28.552732],[-17.800957,28.55266],[-17.801029,28.552587],[-17.801056,28.552559],[-17.801092,28.552531],[-17.801127,28.55251],[-17.801214,28.552412],[-17.801261,28.552353],[-17.801303,28.552298],[-17.801349,28.552187],[-17.801368,28.552132],[-17.801396,28.552086],[-17.80143,28.552034],[-17.80145,28.55201],[-17.80148,28.551978],[-17.801509,28.551947],[-17.801551,28.551921],[-17.801597,28.551902],[-17.801634,28.551891],[-17.801701,28.55187],[-17.801808,28.551855],[-17.801895,28.551839],[-17.802012,28.551814],[-17.802148,28.551783],[-17.802225,28.551757],[-17.802296,28.551728],[-17.802376,28.551624],[-17.802425,28.551514],[-17.802465,28.551426],[-17.802496,28.551375],[-17.802699,28.551197],[-17.802787,28.551129],[-17.802855,28.551085],[-17.803038,28.550976],[-17.803227,28.550868],[-17.803415,28.550754],[-17.80352,28.550692],[-17.80363,28.55061],[-17.803693,28.550565],[-17.803723,28.550547],[-17.803748,28.550538],[-17.803786,28.550533],[-17.803816,28.550533],[-17.803942,28.55053],[-17.804042,28.550523],[-17.804128,28.550507],[-17.80417,28.550524],[-17.804252,28.550469],[-17.804306,28.550441],[-17.804364,28.550425],[-17.804451,28.550422],[-17.804525,28.55043],[-17.804576,28.550445],[-17.804647,28.550476],[-17.804773,28.550538],[-17.804857,28.550568],[-17.804891,28.550577],[-17.804933,28.55058],[-17.804978,28.55058],[-17.805027,28.550577],[-17.80508,28.550555],[-17.805112,28.550538],[-17.805186,28.550493],[-17.805235,28.550468],[-17.805278,28.550446],[-17.805334,28.550424],[-17.80541,28.550396],[-17.805479,28.550369],[-17.805547,28.550342],[-17.805595,28.550321],[-17.80565,28.550283],[-17.805671,28.550258],[-17.805685,28.550235],[-17.805694,28.550209],[-17.805697,28.550175],[-17.805685,28.550105],[-17.805673,28.550039],[-17.805661,28.549974],[-17.805663,28.54993],[-17.805672,28.549875],[-17.805705,28.549823],[-17.805733,28.549775],[-17.805893,28.54955],[-17.805975,28.549442],[-17.806,28.549401],[-17.806027,28.549297],[-17.806058,28.549135],[-17.806072,28.549006],[-17.806087,28.548871],[-17.806105,28.548796],[-17.806127,28.548726],[-17.806152,28.548674],[-17.806198,28.548608],[-17.806256,28.548553],[-17.806317,28.548506],[-17.806822,28.548066],[-17.806719,28.547935],[-17.806701,28.5479],[-17.806694,28.547872],[-17.806704,28.547841],[-17.806726,28.547813],[-17.80679,28.547744],[-17.806838,28.547704],[-17.806908,28.547659],[-17.806968,28.547612],[-17.806998,28.547564],[-17.80701,28.547528],[-17.807008,28.547499],[-17.806993,28.547464],[-17.806976,28.547439],[-17.806961,28.547409],[-17.806959,28.547387],[-17.806968,28.547362],[-17.806989,28.547332],[-17.807039,28.547292],[-17.807122,28.547245],[-17.807208,28.547209],[-17.807337,28.547171],[-17.80745,28.547135],[-17.807551,28.547117],[-17.807638,28.547112],[-17.807696,28.547098],[-17.807753,28.547083],[-17.807811,28.547075],[-17.807849,28.547066],[-17.80787,28.54704],[-17.807877,28.547022],[-17.807894,28.54684],[-17.807899,28.546779],[-17.807929,28.546703],[-17.807964,28.546645],[-17.808004,28.546589],[-17.808042,28.546551],[-17.808087,28.546524],[-17.808135,28.546503],[-17.808227,28.546485],[-17.808319,28.546456],[-17.808364,28.546431],[-17.808389,28.546387],[-17.808399,28.546351],[-17.808403,28.546327],[-17.808403,28.546185],[-17.808416,28.546117],[-17.808434,28.546051],[-17.808453,28.546003],[-17.808487,28.545933],[-17.808519,28.54588],[-17.808541,28.545846],[-17.80855,28.545702],[-17.808536,28.545655],[-17.808507,28.545621],[-17.808476,28.545586],[-17.808416,28.545527],[-17.80838,28.545482],[-17.808367,28.545453],[-17.808363,28.54542],[-17.808379,28.545243],[-17.808401,28.545158],[-17.808417,28.545116],[-17.80844,28.545079],[-17.8085,28.54504],[-17.808561,28.545008],[-17.808625,28.544977],[-17.808682,28.544939],[-17.808707,28.54491],[-17.80872,28.544886],[-17.808738,28.544857],[-17.808741,28.544826],[-17.808743,28.544739],[-17.80875,28.544708],[-17.808762,28.544677],[-17.808778,28.544646],[-17.808805,28.544614],[-17.808896,28.54452],[-17.808934,28.544489],[-17.80897,28.544465],[-17.809005,28.544442],[-17.809035,28.544412],[-17.809052,28.544397],[-17.809221,28.544177],[-17.809298,28.544079],[-17.809419,28.543949],[-17.809449,28.543914],[-17.809475,28.543884],[-17.809488,28.543858],[-17.809501,28.543824],[-17.809497,28.543795],[-17.809488,28.543734],[-17.809515,28.543669],[-17.809536,28.543617],[-17.809549,28.543578],[-17.809566,28.543501],[-17.809589,28.543393],[-17.809608,28.543349],[-17.809639,28.543286],[-17.809674,28.543216],[-17.80971,28.543154],[-17.809753,28.54309],[-17.809783,28.543051],[-17.809804,28.543027],[-17.809847,28.543005],[-17.809885,28.54299],[-17.809917,28.542969],[-17.809938,28.542952],[-17.809956,28.542928],[-17.809964,28.542914],[-17.809971,28.542887],[-17.809976,28.542859],[-17.809976,28.542838],[-17.809978,28.5427],[-17.809982,28.542631],[-17.809991,28.542581],[-17.809998,28.542537],[-17.81001,28.542507],[-17.810028,28.542474],[-17.810047,28.542449],[-17.810078,28.542419],[-17.810099,28.542403],[-17.810189,28.542364],[-17.810279,28.542327],[-17.810313,28.542309],[-17.810344,28.542293],[-17.810362,28.542272],[-17.810404,28.542126],[-17.810419,28.541975],[-17.810431,28.541872],[-17.810435,28.541805],[-17.810438,28.541744],[-17.810443,28.541674],[-17.810448,28.541638],[-17.810455,28.541607],[-17.810465,28.541572],[-17.810481,28.541526],[-17.810509,28.541469],[-17.810538,28.541422],[-17.810568,28.54137],[-17.810606,28.541306],[-17.810617,28.541271],[-17.810637,28.541206],[-17.810659,28.541138],[-17.810665,28.541112],[-17.810672,28.541076],[-17.810673,28.541019],[-17.810668,28.540962],[-17.810663,28.540908],[-17.810652,28.54084],[-17.810644,28.540802],[-17.810626,28.540763],[-17.810603,28.540731],[-17.810587,28.540711],[-17.810565,28.54069],[-17.810544,28.540671],[-17.810485,28.540633],[-17.810448,28.54061],[-17.810412,28.540591],[-17.810344,28.540557],[-17.810301,28.540537],[-17.810253,28.540515],[-17.810206,28.540491],[-17.810185,28.540481],[-17.810169,28.540465],[-17.810157,28.540447],[-17.810149,28.540433],[-17.810148,28.540415],[-17.810145,28.540394],[-17.810149,28.540375],[-17.810195,28.540251],[-17.810242,28.540197],[-17.810287,28.540171],[-17.810405,28.540106],[-17.810517,28.540046],[-17.810555,28.540026],[-17.810622,28.539988],[-17.810653,28.539967],[-17.810692,28.539941],[-17.810722,28.539917],[-17.810752,28.539885],[-17.810763,28.539868],[-17.810778,28.539845],[-17.810785,28.539832],[-17.81079,28.539813],[-17.810792,28.539791],[-17.810795,28.539766],[-17.810787,28.53973],[-17.810774,28.539686],[-17.810764,28.539646],[-17.810759,28.539608],[-17.810762,28.539565],[-17.810768,28.539522],[-17.810777,28.53949],[-17.810797,28.539457],[-17.810814,28.539438],[-17.810838,28.539419],[-17.810865,28.539406],[-17.8109,28.539394],[-17.81094,28.539382],[-17.810976,28.539374],[-17.811013,28.539361],[-17.81104,28.539349],[-17.811065,28.539333],[-17.81108,28.539315],[-17.81109,28.539298],[-17.811094,28.539274],[-17.811095,28.539251],[-17.811082,28.539236],[-17.811062,28.539224],[-17.811043,28.539216],[-17.811006,28.539204],[-17.810951,28.539182],[-17.810899,28.539159],[-17.810814,28.539115],[-17.81073,28.539064],[-17.810668,28.539023],[-17.810641,28.538996],[-17.810615,28.538955],[-17.810607,28.53892],[-17.810613,28.538882],[-17.810625,28.53885],[-17.810664,28.53881],[-17.81068,28.538799],[-17.810758,28.538749],[-17.810797,28.538719],[-17.810828,28.538694],[-17.810843,28.538678],[-17.810855,28.538666],[-17.81087,28.538636],[-17.810876,28.538616],[-17.810879,28.538574],[-17.810876,28.538531],[-17.810872,28.538483],[-17.810876,28.538449],[-17.810893,28.538374],[-17.810906,28.538298],[-17.810917,28.538244],[-17.810947,28.538201],[-17.810979,28.538148],[-17.810993,28.538124],[-17.811035,28.538075],[-17.811059,28.538053],[-17.811091,28.538027],[-17.811127,28.537997],[-17.811157,28.537971],[-17.811168,28.537951],[-17.811176,28.537926],[-17.811188,28.537881],[-17.811191,28.537855],[-17.811193,28.537825],[-17.811203,28.5378],[-17.811215,28.537775],[-17.811232,28.537746],[-17.811278,28.537685],[-17.8113,28.537657],[-17.811322,28.537625],[-17.811345,28.537594],[-17.811394,28.537546],[-17.81142,28.537517],[-17.811472,28.537453],[-17.811516,28.537389],[-17.811587,28.537284],[-17.81162,28.537239],[-17.811638,28.537214],[-17.811649,28.537191],[-17.811669,28.537167],[-17.8117,28.537128],[-17.811739,28.537098],[-17.811775,28.537069],[-17.811797,28.537045],[-17.811817,28.537023],[-17.811843,28.536974],[-17.811848,28.536951],[-17.811852,28.536932],[-17.811852,28.536911],[-17.811843,28.536857],[-17.81183,28.536817],[-17.81181,28.536761],[-17.811772,28.536682],[-17.811745,28.53663],[-17.811723,28.53659],[-17.811714,28.536546],[-17.811702,28.536485],[-17.811697,28.536423],[-17.811709,28.536373],[-17.811729,28.536324],[-17.811768,28.536239],[-17.811784,28.536187],[-17.811791,28.536154],[-17.811801,28.536087],[-17.811809,28.536019],[-17.81182,28.535967],[-17.81183,28.53593],[-17.811841,28.535899],[-17.811855,28.535869],[-17.811891,28.535821],[-17.811914,28.535789],[-17.811941,28.535751],[-17.811964,28.535724],[-17.811983,28.535709],[-17.812009,28.535698],[-17.812097,28.53567],[-17.812166,28.535652],[-17.812207,28.535637],[-17.812244,28.535621],[-17.812277,28.535599],[-17.812309,28.535577],[-17.812326,28.535561],[-17.812371,28.535525],[-17.812399,28.535501],[-17.812426,28.535482],[-17.812476,28.535456],[-17.812522,28.535436],[-17.812595,28.535399],[-17.812648,28.535371],[-17.812719,28.535332],[-17.812765,28.535307],[-17.812804,28.535289],[-17.812826,28.53527],[-17.812833,28.535259],[-17.812836,28.535251],[-17.812836,28.535241],[-17.812832,28.535232],[-17.812818,28.53522],[-17.812793,28.535216],[-17.812767,28.535214],[-17.812728,28.535206],[-17.812685,28.535194],[-17.812629,28.535175],[-17.812589,28.53516],[-17.812546,28.53514],[-17.812507,28.535122],[-17.812467,28.535109],[-17.812435,28.535102],[-17.812404,28.535096],[-17.812362,28.535083],[-17.812337,28.535068],[-17.81232,28.535045],[-17.812308,28.535012],[-17.812301,28.534987],[-17.812298,28.534952],[-17.812299,28.534904],[-17.812296,28.534862],[-17.8123,28.534824],[-17.812317,28.534796],[-17.812347,28.534761],[-17.812397,28.534716],[-17.812463,28.534665],[-17.812581,28.534568],[-17.812607,28.534543],[-17.812624,28.534522],[-17.812648,28.534492],[-17.812665,28.53446],[-17.812685,28.534425],[-17.812705,28.534385],[-17.81273,28.534333],[-17.812749,28.534292],[-17.812766,28.534246],[-17.812785,28.534186],[-17.812793,28.534147],[-17.812802,28.534067],[-17.812813,28.534024],[-17.812825,28.533994],[-17.812841,28.533957],[-17.812846,28.533918],[-17.812843,28.533878],[-17.812829,28.53384],[-17.812797,28.533795],[-17.81276,28.533746],[-17.812722,28.533721],[-17.81268,28.533706],[-17.812613,28.533695],[-17.812556,28.533691],[-17.812497,28.533681],[-17.812466,28.533666],[-17.81245,28.533649],[-17.812432,28.533616],[-17.812424,28.533586],[-17.812419,28.533559],[-17.812411,28.533525],[-17.812397,28.533481],[-17.812381,28.533439],[-17.812372,28.533424],[-17.812358,28.533401],[-17.812339,28.533384],[-17.812314,28.533368],[-17.812276,28.533346],[-17.812252,28.53333],[-17.812202,28.533273],[-17.812181,28.533241],[-17.812155,28.533198],[-17.812143,28.533164],[-17.812132,28.533126],[-17.812128,28.533089],[-17.812128,28.533044],[-17.812092,28.532791],[-17.812088,28.532763],[-17.812089,28.53274],[-17.812094,28.532716],[-17.812115,28.532656],[-17.812134,28.532592],[-17.812145,28.532556],[-17.812162,28.532489],[-17.812166,28.532456],[-17.812168,28.532414],[-17.812164,28.532379],[-17.812157,28.532357],[-17.812143,28.532331],[-17.812119,28.532305],[-17.812091,28.532285],[-17.812064,28.532273],[-17.812041,28.532268],[-17.811855,28.532246],[-17.811804,28.532233],[-17.811769,28.532213],[-17.811713,28.532164],[-17.811661,28.532117],[-17.811634,28.532076],[-17.811623,28.532042],[-17.81162,28.531995],[-17.811628,28.531954],[-17.811653,28.531915],[-17.811688,28.531887],[-17.811724,28.531858],[-17.811757,28.531833],[-17.811784,28.531802],[-17.811796,28.531779],[-17.811802,28.53175],[-17.811806,28.531709],[-17.811804,28.531678],[-17.811796,28.531648],[-17.811775,28.531593],[-17.811769,28.531561],[-17.811758,28.531491],[-17.811755,28.531439],[-17.811758,28.531398],[-17.811763,28.531365],[-17.811767,28.531327],[-17.811767,28.531301],[-17.811765,28.531288],[-17.81176,28.531276],[-17.81175,28.531256],[-17.811738,28.531241],[-17.811726,28.531224],[-17.811714,28.531199],[-17.811707,28.531177],[-17.8117,28.531152],[-17.811698,28.531133],[-17.811699,28.531084],[-17.811705,28.531036],[-17.811712,28.531009],[-17.811713,28.530991],[-17.811706,28.530953],[-17.811695,28.530907],[-17.811653,28.530879],[-17.811616,28.530859],[-17.81157,28.530839],[-17.811516,28.530812],[-17.811467,28.530785],[-17.811438,28.530758],[-17.811397,28.530697],[-17.811379,28.530661],[-17.811354,28.530625],[-17.811339,28.530603],[-17.811308,28.530579],[-17.811274,28.530556],[-17.811228,28.530527],[-17.811205,28.530505],[-17.811181,28.530479],[-17.811168,28.530452],[-17.811158,28.5304],[-17.81113,28.530215],[-17.811117,28.530122],[-17.811111,28.53008],[-17.811111,28.53004],[-17.811122,28.530021],[-17.811151,28.53001],[-17.811181,28.530004],[-17.811225,28.529986],[-17.811258,28.529966],[-17.81127,28.529948],[-17.811278,28.529937],[-17.81128,28.529921],[-17.811276,28.529909],[-17.811267,28.529894],[-17.811252,28.529877],[-17.811239,28.529861],[-17.811224,28.52985],[-17.811209,28.529835],[-17.811198,28.529818],[-17.811194,28.529806],[-17.811195,28.529795],[-17.811198,28.529787],[-17.811212,28.529774],[-17.811294,28.52972],[-17.811316,28.529705],[-17.811338,28.529685],[-17.811369,28.529657],[-17.811412,28.529616],[-17.811437,28.529598],[-17.811488,28.529567],[-17.811529,28.529546],[-17.81158,28.529528],[-17.811628,28.529506],[-17.811655,28.529491],[-17.811672,28.529477],[-17.811683,28.529459],[-17.811692,28.529439],[-17.811696,28.529415],[-17.811692,28.529369],[-17.811674,28.529206],[-17.811671,28.529144],[-17.811671,28.529113],[-17.81168,28.529096],[-17.811691,28.529082],[-17.811715,28.529068],[-17.811757,28.529048],[-17.811802,28.529022],[-17.811826,28.529004],[-17.811841,28.528992],[-17.811849,28.528982],[-17.811862,28.528963],[-17.811871,28.528941],[-17.811878,28.528908],[-17.81188,28.528879],[-17.81188,28.528853],[-17.81188,28.528827],[-17.811885,28.528812],[-17.811897,28.528803],[-17.811922,28.528795],[-17.811972,28.528791],[-17.812035,28.528789],[-17.812101,28.528784],[-17.812143,28.528777],[-17.812218,28.528762],[-17.812249,28.52875],[-17.8123,28.52873],[-17.812339,28.52872],[-17.812384,28.528697],[-17.812407,28.528678],[-17.812418,28.528657],[-17.812418,28.528645],[-17.812414,28.528627],[-17.812405,28.528611],[-17.81239,28.528589],[-17.812336,28.52853],[-17.812291,28.528488],[-17.812246,28.528444],[-17.812203,28.528412],[-17.812187,28.528402],[-17.812147,28.528381],[-17.812111,28.528364],[-17.812067,28.528344],[-17.812042,28.528328],[-17.812028,28.528305],[-17.812027,28.528285],[-17.812031,28.528266],[-17.812042,28.528255],[-17.812068,28.528244],[-17.8121,28.528238],[-17.812145,28.528235],[-17.812206,28.528228],[-17.812302,28.528206],[-17.812356,28.528192],[-17.812403,28.528177],[-17.812445,28.528163],[-17.812484,28.528147],[-17.812513,28.528133],[-17.812546,28.528115],[-17.812566,28.528102],[-17.812586,28.528086],[-17.812608,28.528066],[-17.81264,28.528026],[-17.812656,28.527996],[-17.812679,28.527957],[-17.812698,28.527926],[-17.812718,28.527902],[-17.812734,28.527888],[-17.812759,28.527866],[-17.812787,28.527838],[-17.812804,28.527807],[-17.81282,28.527769],[-17.812831,28.527716],[-17.812843,28.52767],[-17.812851,28.527633],[-17.812857,28.5276],[-17.812857,28.527581],[-17.812857,28.527557],[-17.812853,28.527529],[-17.812851,28.52749],[-17.812853,28.527456],[-17.812855,28.527448],[-17.812878,28.527425],[-17.813015,28.527333],[-17.813045,28.527322],[-17.813095,28.527331],[-17.813146,28.527339],[-17.813184,28.527344],[-17.813225,28.527347],[-17.813269,28.527346],[-17.81329,28.527344],[-17.813318,28.527341],[-17.81336,28.527329],[-17.813415,28.527299],[-17.813482,28.527266],[-17.81351,28.527243],[-17.813533,28.527221],[-17.813537,28.527209],[-17.813545,28.527187],[-17.813544,28.527167],[-17.81354,28.527138],[-17.81351,28.527068],[-17.813488,28.527021],[-17.813482,28.527009],[-17.813476,28.526976],[-17.813478,28.526938],[-17.81354,28.526756],[-17.813578,28.526648],[-17.813601,28.526599],[-17.813625,28.52655],[-17.813655,28.526464],[-17.813686,28.526357],[-17.813712,28.526272],[-17.813721,28.526237],[-17.813726,28.526208],[-17.813727,28.526177],[-17.813726,28.526148],[-17.813734,28.526102],[-17.813747,28.526053],[-17.813756,28.526011],[-17.813761,28.525972],[-17.813761,28.525944],[-17.81375,28.525897],[-17.813728,28.525835],[-17.813703,28.52579],[-17.813668,28.525758],[-17.813641,28.525727],[-17.813612,28.525674],[-17.81359,28.525627],[-17.813554,28.525558],[-17.813537,28.525525],[-17.813528,28.525498],[-17.813523,28.525468],[-17.813522,28.525436],[-17.813526,28.525404],[-17.813536,28.525371],[-17.813547,28.525341],[-17.813566,28.52532],[-17.813612,28.525273],[-17.813658,28.525208],[-17.813698,28.525139],[-17.813723,28.525094],[-17.813736,28.525061],[-17.813741,28.525037],[-17.813747,28.524964],[-17.813749,28.52491],[-17.813748,28.524854],[-17.81375,28.524809],[-17.813757,28.52477],[-17.813768,28.52474],[-17.813782,28.524716],[-17.813794,28.5247],[-17.813816,28.524681],[-17.813873,28.524637],[-17.81395,28.524574],[-17.813997,28.524541],[-17.814036,28.524511],[-17.814055,28.524486],[-17.814064,28.524463],[-17.81406,28.524442],[-17.814044,28.524422],[-17.814021,28.524407],[-17.813961,28.52438],[-17.813924,28.524363],[-17.813895,28.524334],[-17.813885,28.524306],[-17.81388,28.52426],[-17.813881,28.52422],[-17.813884,28.524171],[-17.813909,28.523782],[-17.813916,28.523747],[-17.813927,28.52373],[-17.813945,28.523715],[-17.813977,28.523694],[-17.813996,28.523675],[-17.81401,28.523656],[-17.814014,28.52364],[-17.81401,28.523622],[-17.814,28.523602],[-17.813968,28.523559],[-17.813951,28.523537],[-17.813948,28.523519],[-17.813952,28.523501],[-17.813962,28.523485],[-17.814004,28.523459],[-17.814049,28.523434],[-17.814075,28.523415],[-17.814096,28.523394],[-17.81411,28.523377],[-17.814122,28.523355],[-17.814144,28.523316],[-17.814164,28.523275],[-17.814174,28.523245],[-17.814182,28.523213],[-17.814198,28.523145],[-17.814213,28.523065],[-17.814233,28.522977],[-17.814265,28.522885],[-17.814272,28.522858],[-17.814275,28.522824],[-17.814272,28.522798],[-17.81426,28.522769],[-17.814239,28.52275],[-17.814199,28.522698],[-17.814176,28.522651],[-17.814166,28.522618],[-17.814162,28.522586],[-17.814158,28.522504],[-17.81416,28.522368],[-17.814165,28.522268],[-17.814178,28.522236],[-17.814194,28.522222],[-17.81422,28.522211],[-17.81431,28.52218],[-17.814368,28.522152],[-17.814443,28.522113],[-17.814528,28.522069],[-17.81457,28.522041],[-17.814641,28.521983],[-17.814712,28.521933],[-17.814739,28.521914],[-17.814769,28.521901],[-17.814804,28.521893],[-17.814836,28.521883],[-17.814855,28.521872],[-17.814867,28.521862],[-17.814874,28.521851],[-17.814881,28.52184],[-17.814888,28.521826],[-17.814892,28.521812],[-17.814895,28.521799],[-17.814895,28.521789],[-17.814891,28.521765],[-17.814886,28.521737],[-17.81488,28.521713],[-17.814881,28.521693],[-17.81489,28.521667],[-17.814915,28.521615],[-17.81494,28.52159],[-17.814955,28.521569],[-17.814966,28.521552],[-17.814972,28.521536],[-17.814973,28.521522],[-17.814968,28.521507],[-17.814951,28.521471],[-17.814934,28.521447],[-17.814916,28.521425],[-17.8149,28.521404],[-17.814883,28.521369],[-17.814878,28.52135],[-17.814878,28.521334],[-17.814882,28.521317],[-17.814886,28.521306],[-17.814929,28.521249],[-17.814969,28.521199],[-17.815003,28.521147],[-17.815024,28.521112],[-17.815041,28.521077],[-17.815056,28.521047],[-17.815071,28.521027],[-17.815106,28.520992],[-17.815132,28.520962],[-17.815162,28.520926],[-17.815184,28.520903],[-17.81521,28.520865],[-17.815239,28.520819],[-17.815253,28.520791],[-17.815291,28.520716],[-17.815309,28.520675],[-17.815316,28.520654],[-17.815318,28.520633],[-17.815314,28.520601],[-17.81531,28.520576],[-17.8153,28.520556],[-17.81529,28.520531],[-17.815285,28.520513],[-17.815284,28.520496],[-17.815294,28.52046],[-17.815305,28.520437],[-17.815323,28.520412],[-17.815348,28.520382],[-17.815385,28.520352],[-17.815423,28.520318],[-17.815438,28.520301],[-17.815504,28.520209],[-17.815531,28.520185],[-17.815579,28.520149],[-17.815627,28.52011],[-17.815658,28.520084],[-17.815678,28.520064],[-17.815695,28.52004],[-17.815712,28.520004],[-17.815723,28.519984],[-17.815736,28.519968],[-17.815754,28.519956],[-17.815799,28.519938],[-17.815831,28.519924],[-17.815854,28.51991],[-17.815873,28.519889],[-17.815893,28.519869],[-17.815908,28.51985],[-17.815918,28.519833],[-17.815924,28.519818],[-17.815928,28.519797],[-17.815932,28.519758],[-17.815926,28.519728],[-17.815914,28.519692],[-17.815882,28.519637],[-17.815868,28.519608],[-17.815861,28.519588],[-17.815861,28.519562],[-17.815869,28.519521],[-17.815911,28.519359],[-17.815942,28.519271],[-17.815962,28.51924],[-17.815978,28.519226],[-17.816006,28.519214],[-17.816039,28.519207],[-17.816079,28.519204],[-17.816111,28.5192],[-17.816136,28.519195],[-17.816157,28.519187],[-17.81617,28.519179],[-17.816185,28.519167],[-17.816204,28.519153],[-17.816222,28.519137],[-17.816242,28.519117],[-17.816261,28.519095],[-17.81627,28.519075],[-17.816284,28.51904],[-17.816286,28.519018],[-17.816281,28.518994],[-17.816276,28.51898],[-17.816266,28.518963],[-17.816198,28.518869],[-17.816182,28.518841],[-17.816178,28.518813],[-17.816179,28.518796],[-17.816181,28.518778],[-17.816207,28.518724],[-17.816233,28.518678],[-17.81625,28.518653],[-17.816268,28.518636],[-17.816286,28.518628],[-17.816313,28.518622],[-17.816411,28.518619],[-17.816485,28.51862],[-17.816523,28.518615],[-17.81655,28.518607],[-17.816571,28.518595],[-17.816585,28.51858],[-17.816858,28.518222],[-17.816942,28.518096],[-17.816962,28.518051],[-17.816968,28.518018],[-17.816962,28.517977],[-17.816947,28.517938],[-17.816905,28.51783],[-17.816854,28.517716],[-17.816847,28.517684],[-17.816851,28.517665],[-17.816858,28.517652],[-17.816874,28.517628],[-17.816905,28.517588],[-17.816919,28.517556],[-17.816925,28.517529],[-17.816929,28.517502],[-17.816939,28.517479],[-17.816962,28.51746],[-17.816985,28.517449],[-17.817017,28.517438],[-17.817043,28.517422],[-17.817088,28.517399],[-17.817126,28.51737],[-17.817145,28.517353],[-17.817166,28.517322],[-17.817192,28.517283],[-17.817216,28.51725],[-17.817268,28.517193],[-17.817319,28.517136],[-17.817371,28.517069],[-17.817409,28.517013],[-17.817425,28.516987],[-17.817441,28.516956],[-17.817446,28.516935],[-17.817444,28.516914],[-17.817437,28.516896],[-17.8174,28.516851],[-17.817375,28.516825],[-17.817367,28.516811],[-17.817364,28.516799],[-17.817365,28.516787],[-17.817387,28.516737],[-17.817435,28.516658],[-17.817459,28.516624],[-17.817473,28.516608],[-17.817496,28.516592],[-17.817591,28.516552],[-17.817648,28.516524],[-17.817779,28.516463],[-17.817825,28.516434],[-17.817851,28.516405],[-17.817864,28.516383],[-17.817875,28.516357],[-17.817943,28.51616],[-17.817946,28.516139],[-17.817947,28.516121],[-17.817945,28.516105],[-17.817941,28.516093],[-17.817889,28.515985],[-17.81788,28.515952],[-17.817884,28.515926],[-17.81789,28.515905],[-17.817984,28.515705],[-17.818043,28.515595],[-17.818149,28.515409],[-17.818171,28.515381],[-17.818187,28.515363],[-17.818207,28.51535],[-17.818234,28.515334],[-17.818285,28.515313],[-17.818316,28.515296],[-17.818335,28.515282],[-17.818355,28.515264],[-17.818375,28.515238],[-17.818395,28.515206],[-17.818404,28.515174],[-17.818405,28.515152],[-17.818404,28.515132],[-17.818399,28.515118],[-17.818358,28.515049],[-17.818304,28.514976],[-17.818253,28.514929],[-17.818189,28.514863],[-17.818138,28.5148],[-17.818094,28.514741],[-17.818067,28.514699],[-17.818041,28.514663],[-17.817997,28.514629],[-17.817982,28.514606],[-17.817961,28.514581],[-17.817908,28.514538],[-17.817856,28.514497],[-17.817833,28.514469],[-17.817822,28.514438],[-17.817828,28.514407],[-17.817848,28.514366],[-17.817879,28.514327],[-17.81796,28.514238],[-17.81801,28.514165],[-17.818048,28.514103],[-17.818066,28.514053],[-17.818068,28.514007],[-17.818057,28.51394],[-17.818036,28.513893],[-17.817995,28.513829],[-17.817983,28.513803],[-17.817978,28.513775],[-17.817989,28.513744],[-17.818016,28.51371],[-17.818333,28.513404],[-17.818433,28.513314],[-17.818487,28.513266],[-17.818535,28.513209],[-17.818553,28.513187],[-17.818566,28.513152],[-17.818578,28.513104],[-17.818591,28.513048],[-17.818609,28.512974],[-17.818615,28.512936],[-17.818626,28.512898],[-17.818643,28.512867],[-17.818704,28.512766],[-17.818744,28.512695],[-17.818773,28.512646],[-17.818796,28.512629],[-17.818873,28.512584],[-17.818918,28.512563],[-17.81896,28.512516],[-17.818983,28.512487],[-17.818997,28.51245],[-17.819023,28.512295],[-17.81902,28.512259],[-17.818999,28.512173],[-17.81898,28.512106],[-17.81896,28.512034],[-17.818964,28.511967],[-17.818982,28.511935],[-17.819015,28.511885],[-17.819041,28.511854],[-17.819079,28.51183],[-17.819125,28.511816],[-17.819195,28.511792],[-17.819282,28.511769],[-17.81935,28.511753],[-17.819428,28.51174],[-17.819518,28.511734],[-17.81959,28.511729],[-17.81967,28.51172],[-17.819717,28.511707],[-17.81976,28.51168],[-17.819785,28.511658],[-17.819798,28.511636],[-17.81981,28.511599],[-17.819837,28.511465],[-17.819852,28.511341],[-17.819864,28.511203],[-17.81987,28.511159],[-17.819885,28.511119],[-17.819907,28.511089],[-17.819958,28.511016],[-17.819993,28.510963],[-17.820033,28.51089],[-17.820089,28.510763],[-17.820137,28.510685],[-17.82015,28.510656],[-17.820162,28.510625],[-17.820164,28.510595],[-17.820163,28.510567],[-17.820152,28.510534],[-17.820126,28.510466],[-17.820118,28.51043],[-17.820116,28.510405],[-17.820118,28.510381],[-17.820125,28.510355],[-17.820137,28.5103],[-17.820139,28.510265],[-17.820137,28.510239],[-17.820128,28.510213],[-17.820108,28.510189],[-17.820077,28.510163],[-17.819984,28.51009],[-17.819952,28.510052],[-17.819933,28.510021],[-17.819923,28.509989],[-17.819919,28.509958],[-17.819924,28.509937],[-17.819949,28.509871],[-17.819966,28.509834],[-17.820001,28.509789],[-17.820019,28.509771],[-17.820065,28.509738],[-17.820133,28.509707],[-17.820221,28.509672],[-17.820369,28.509619],[-17.82044,28.509581],[-17.820501,28.509547],[-17.820537,28.509519],[-17.820572,28.50949],[-17.820595,28.509471],[-17.820606,28.509452],[-17.820622,28.509421],[-17.820634,28.509388],[-17.820636,28.509365],[-17.820637,28.509327],[-17.820635,28.509294],[-17.820628,28.509243],[-17.82063,28.509206],[-17.820635,28.509168],[-17.82065,28.509051],[-17.820663,28.508988],[-17.820675,28.508949],[-17.82069,28.508906],[-17.820694,28.508872],[-17.820695,28.508842],[-17.820691,28.508811],[-17.820682,28.508783],[-17.820616,28.508555],[-17.820613,28.508513],[-17.820619,28.508476],[-17.820626,28.508453],[-17.820644,28.508421],[-17.820665,28.508391],[-17.820685,28.508373],[-17.820725,28.508347],[-17.820761,28.508338],[-17.820818,28.50834],[-17.820956,28.508367],[-17.821138,28.508405],[-17.821242,28.508437],[-17.821347,28.508476],[-17.821396,28.50849],[-17.821435,28.5085],[-17.821501,28.508507],[-17.821541,28.508502],[-17.821588,28.508485],[-17.82163,28.508458],[-17.821658,28.508429],[-17.821682,28.5084],[-17.8217,28.508372],[-17.821721,28.508342],[-17.821736,28.508315],[-17.82175,28.508288],[-17.821761,28.508268],[-17.821891,28.507905],[-17.821934,28.507809],[-17.82196,28.507771],[-17.821988,28.507738],[-17.822016,28.507713],[-17.822073,28.507666],[-17.822128,28.507631],[-17.822212,28.507601],[-17.822281,28.507576],[-17.82234,28.507557],[-17.822387,28.507538],[-17.822442,28.507505],[-17.822472,28.507479],[-17.822495,28.507452],[-17.822525,28.507406],[-17.822609,28.507286],[-17.822656,28.507226],[-17.822674,28.507195],[-17.822686,28.50717],[-17.822699,28.507137],[-17.822704,28.50711],[-17.822736,28.506886],[-17.822745,28.506792],[-17.822751,28.506731],[-17.822749,28.506687],[-17.822749,28.506646],[-17.822759,28.506596],[-17.822771,28.506564],[-17.822952,28.506198],[-17.822997,28.506133],[-17.823072,28.506053],[-17.823156,28.505977],[-17.823287,28.505846],[-17.823327,28.505814],[-17.823402,28.505771],[-17.8235,28.50572],[-17.823561,28.505691],[-17.823686,28.505595],[-17.823823,28.505492],[-17.823925,28.505407],[-17.823973,28.505372],[-17.824133,28.50525],[-17.82417,28.505229],[-17.824196,28.505214],[-17.824255,28.505184],[-17.82431,28.505167],[-17.824354,28.505154],[-17.824414,28.505139],[-17.824477,28.505124],[-17.824554,28.505108],[-17.824622,28.505091],[-17.824665,28.505075],[-17.824712,28.50504],[-17.82477,28.504988],[-17.82491,28.50486],[-17.824963,28.504816],[-17.825015,28.504782],[-17.825149,28.504696],[-17.825255,28.504633],[-17.825363,28.504573],[-17.825452,28.504524],[-17.825486,28.504499],[-17.825543,28.504458],[-17.82563,28.504389],[-17.825682,28.504339],[-17.825727,28.504303],[-17.825772,28.504275],[-17.825808,28.50426],[-17.825869,28.504239],[-17.82594,28.50421],[-17.826017,28.504175],[-17.826104,28.504133],[-17.826169,28.504095],[-17.826206,28.504071],[-17.826267,28.504024],[-17.826322,28.503967],[-17.826352,28.50392],[-17.826403,28.503855],[-17.826443,28.503787],[-17.8265,28.503693],[-17.826551,28.503631],[-17.826588,28.503591],[-17.826622,28.503555],[-17.826668,28.503519],[-17.826702,28.503499],[-17.826775,28.503468],[-17.826832,28.503443],[-17.826876,28.503417],[-17.826971,28.503347],[-17.827017,28.503311],[-17.827067,28.503261],[-17.827106,28.503205],[-17.827195,28.503074],[-17.827251,28.503004],[-17.827337,28.502889],[-17.827355,28.502866],[-17.827468,28.502755],[-17.827516,28.502708],[-17.827563,28.502665],[-17.827594,28.502648],[-17.827634,28.502633],[-17.827691,28.502613],[-17.827731,28.502595],[-17.827795,28.50256],[-17.827911,28.502495],[-17.827965,28.502467],[-17.828072,28.502419],[-17.828152,28.502379],[-17.828207,28.502351],[-17.82827,28.502287],[-17.828313,28.50223],[-17.828439,28.50208],[-17.828539,28.501963],[-17.828485,28.501899],[-17.828564,28.501814],[-17.828664,28.501723],[-17.828711,28.50167],[-17.828748,28.501629],[-17.828771,28.501596],[-17.828781,28.501563],[-17.828789,28.50153],[-17.828798,28.501496],[-17.828814,28.501467],[-17.828832,28.501448],[-17.828901,28.501398],[-17.829004,28.50132],[-17.829142,28.50121],[-17.829276,28.5011],[-17.829249,28.500895],[-17.829258,28.500858],[-17.829296,28.500823],[-17.829332,28.500798],[-17.8294,28.500742],[-17.82944,28.500702],[-17.829475,28.500657],[-17.829493,28.500629],[-17.829504,28.500597],[-17.829516,28.500528],[-17.829517,28.500449],[-17.829516,28.500379],[-17.829509,28.500317],[-17.829511,28.500264],[-17.829517,28.500216],[-17.829529,28.500186],[-17.829552,28.500135],[-17.82957,28.500114],[-17.829625,28.500064],[-17.829678,28.500018],[-17.829721,28.499991],[-17.829746,28.49998],[-17.829776,28.499978],[-17.829807,28.499977],[-17.829838,28.499979],[-17.829877,28.49999],[-17.829917,28.499993],[-17.829954,28.499996],[-17.829994,28.499994],[-17.830033,28.499988],[-17.830085,28.49997],[-17.830124,28.49995],[-17.830174,28.499915],[-17.830198,28.49989],[-17.830211,28.499866],[-17.830218,28.49984],[-17.830223,28.499821],[-17.830231,28.4998],[-17.83025,28.499764],[-17.830266,28.499743],[-17.830301,28.499718],[-17.830351,28.499689],[-17.830408,28.499653],[-17.83045,28.499612],[-17.830489,28.499576],[-17.830526,28.499533],[-17.830558,28.499484],[-17.830593,28.499431],[-17.830614,28.499405],[-17.830639,28.499385],[-17.830663,28.499371],[-17.830699,28.499355],[-17.830777,28.499332],[-17.830829,28.499315],[-17.830893,28.499299],[-17.83096,28.499288],[-17.831037,28.499274],[-17.831092,28.499262],[-17.831139,28.499247],[-17.831173,28.49923],[-17.831205,28.499212],[-17.83123,28.499194],[-17.831304,28.499136],[-17.831341,28.499105],[-17.831379,28.499061],[-17.83141,28.499024],[-17.831442,28.498983],[-17.831464,28.498947],[-17.831495,28.498904],[-17.83153,28.498849],[-17.831573,28.498803],[-17.83164,28.498726],[-17.831673,28.498681],[-17.831712,28.498614],[-17.831751,28.498556],[-17.831797,28.498483],[-17.831832,28.498437],[-17.831861,28.498384],[-17.8319,28.498314],[-17.831936,28.498247],[-17.831954,28.498211],[-17.831981,28.498174],[-17.83206,28.498087],[-17.832128,28.498021],[-17.832175,28.497973],[-17.832202,28.49795],[-17.832232,28.497927],[-17.832262,28.49789],[-17.832293,28.497844],[-17.832315,28.497791],[-17.832369,28.497607],[-17.832382,28.497562],[-17.832386,28.497516],[-17.83239,28.497491],[-17.832388,28.497375],[-17.832386,28.497309],[-17.832386,28.497272],[-17.832391,28.497247],[-17.832404,28.497231],[-17.832424,28.49722],[-17.832452,28.497215],[-17.832491,28.497208],[-17.8326,28.497201],[-17.832706,28.497193],[-17.83281,28.497177],[-17.832856,28.497168],[-17.832881,28.497161],[-17.832895,28.497149],[-17.832905,28.497132],[-17.832908,28.497112],[-17.832903,28.497091],[-17.832881,28.497062],[-17.832823,28.496994],[-17.832778,28.496935],[-17.832747,28.496903],[-17.832694,28.496864],[-17.832661,28.49684],[-17.832638,28.496821],[-17.832634,28.496776],[-17.832634,28.496668],[-17.832649,28.496581],[-17.832657,28.496531],[-17.832682,28.496491],[-17.832725,28.496443],[-17.832762,28.496405],[-17.832797,28.496383],[-17.832825,28.496367],[-17.832857,28.496354],[-17.832892,28.496352],[-17.832944,28.496355],[-17.832989,28.496361],[-17.833023,28.496363],[-17.833073,28.496361],[-17.833115,28.496356],[-17.83315,28.496349],[-17.833191,28.496334],[-17.833247,28.496304],[-17.833354,28.496236],[-17.833417,28.496198],[-17.833478,28.496164],[-17.83352,28.496143],[-17.8336,28.496103],[-17.833644,28.496067],[-17.833673,28.496031],[-17.833705,28.495981],[-17.833772,28.49588],[-17.833817,28.495808],[-17.833883,28.495703],[-17.833946,28.495597],[-17.833968,28.495559],[-17.834,28.495521],[-17.834044,28.495469],[-17.834095,28.495433],[-17.834151,28.495402],[-17.834201,28.495383],[-17.834243,28.495368],[-17.834303,28.495347],[-17.834341,28.495333],[-17.834441,28.495285],[-17.834521,28.495226],[-17.834577,28.495179],[-17.834609,28.495147],[-17.834663,28.495088],[-17.834695,28.495051],[-17.83472,28.495018],[-17.83474,28.494996],[-17.834756,28.494981],[-17.834776,28.494964],[-17.83483,28.494938],[-17.834862,28.494928],[-17.83491,28.494915],[-17.834956,28.4949],[-17.835024,28.494868],[-17.8351,28.494827],[-17.835173,28.494786],[-17.835231,28.494744],[-17.835306,28.494703],[-17.835364,28.494679],[-17.83541,28.49467],[-17.835448,28.494666],[-17.835499,28.49466],[-17.835574,28.494655],[-17.835614,28.494653],[-17.835653,28.494649],[-17.835685,28.49464],[-17.835716,28.494629],[-17.835775,28.494592],[-17.835836,28.49455],[-17.835904,28.494509],[-17.835967,28.494472],[-17.836056,28.494406],[-17.836114,28.494359],[-17.83616,28.494315],[-17.836196,28.494276],[-17.836253,28.494206],[-17.836273,28.494175],[-17.83629,28.494139],[-17.836299,28.494111],[-17.836348,28.49393],[-17.836368,28.493842],[-17.836372,28.493795],[-17.836375,28.493732],[-17.836369,28.493688],[-17.83636,28.493656],[-17.836345,28.493618],[-17.836297,28.4935],[-17.836273,28.493426],[-17.836267,28.493393],[-17.836259,28.493327],[-17.836245,28.493134],[-17.836244,28.493034],[-17.836248,28.492984],[-17.836264,28.492946],[-17.836283,28.492915],[-17.83633,28.492862],[-17.836382,28.492804],[-17.836439,28.492787],[-17.836485,28.492785],[-17.836525,28.492784],[-17.836573,28.492784],[-17.836654,28.492793],[-17.83677,28.492805],[-17.836915,28.492808],[-17.837002,28.492807],[-17.837061,28.492797],[-17.837096,28.492784],[-17.837134,28.492763],[-17.83719,28.492722],[-17.837233,28.49269],[-17.837269,28.492665],[-17.837308,28.492643],[-17.837385,28.49262],[-17.837576,28.492567],[-17.837701,28.492496],[-17.837795,28.492439],[-17.837875,28.492387],[-17.837964,28.492314],[-17.83804,28.49224],[-17.838195,28.492084],[-17.838332,28.491937],[-17.838386,28.491885],[-17.838558,28.49171],[-17.838621,28.491646],[-17.838656,28.491597],[-17.838732,28.491477],[-17.838773,28.491418],[-17.838847,28.491327],[-17.838965,28.491156],[-17.839049,28.491013],[-17.839055,28.49098],[-17.839051,28.490945],[-17.839037,28.490884],[-17.839017,28.490827],[-17.838991,28.490772],[-17.838979,28.490737],[-17.838981,28.490705],[-17.838987,28.490672],[-17.839003,28.490626],[-17.839028,28.490584],[-17.839058,28.490545],[-17.839101,28.490502],[-17.83915,28.490459],[-17.839199,28.490414],[-17.839228,28.49038],[-17.839251,28.490344],[-17.839266,28.490305],[-17.839271,28.490276],[-17.839273,28.490244],[-17.839267,28.490192],[-17.839258,28.490111],[-17.839257,28.490063],[-17.839262,28.490032],[-17.839274,28.490014],[-17.839288,28.489995],[-17.839306,28.489977],[-17.839334,28.489957],[-17.839521,28.489854],[-17.839547,28.489837],[-17.839569,28.48982],[-17.839742,28.489673],[-17.839862,28.48957],[-17.839886,28.489544],[-17.83991,28.489515],[-17.839927,28.489487],[-17.839938,28.489461],[-17.839943,28.489435],[-17.839945,28.489414],[-17.839939,28.489383],[-17.839915,28.489297],[-17.839885,28.4892],[-17.83988,28.489171],[-17.839871,28.4891],[-17.83987,28.489063],[-17.839872,28.489037],[-17.839877,28.489017],[-17.839888,28.48899],[-17.839919,28.48895],[-17.839954,28.488911],[-17.839979,28.488888],[-17.840001,28.488871],[-17.840029,28.488861],[-17.840057,28.488852],[-17.840085,28.488848],[-17.840119,28.488847],[-17.840208,28.488848],[-17.840254,28.488848],[-17.840279,28.488848],[-17.840299,28.488846],[-17.840324,28.488837],[-17.840347,28.488819],[-17.840364,28.488792],[-17.840371,28.48877],[-17.840381,28.488741],[-17.840385,28.488715],[-17.840387,28.488693],[-17.840383,28.488653],[-17.840364,28.488457],[-17.840356,28.488384],[-17.840356,28.488327],[-17.840355,28.488238],[-17.840364,28.488205],[-17.840378,28.488172],[-17.840396,28.488145],[-17.840419,28.488124],[-17.840442,28.488106],[-17.84046,28.488097],[-17.84065,28.488007],[-17.840983,28.48785],[-17.841024,28.487836],[-17.841073,28.487821],[-17.841127,28.487808],[-17.841174,28.4878],[-17.841222,28.487795],[-17.841272,28.487792],[-17.841328,28.487792],[-17.841424,28.487791],[-17.841455,28.487792],[-17.841635,28.487819],[-17.841721,28.48783],[-17.841866,28.487847],[-17.842028,28.487898],[-17.842095,28.487918],[-17.842357,28.487913],[-17.842391,28.487908],[-17.842417,28.487898],[-17.842439,28.487883],[-17.842459,28.487864],[-17.842643,28.487697],[-17.842665,28.487673],[-17.842776,28.487537],[-17.842806,28.487498],[-17.842893,28.48736],[-17.843087,28.487078],[-17.843109,28.487034],[-17.843125,28.486944],[-17.843136,28.486866],[-17.843137,28.486803],[-17.84313,28.4867],[-17.843121,28.486637],[-17.843094,28.486534],[-17.843047,28.486407],[-17.843028,28.486346],[-17.843015,28.486299],[-17.843004,28.486243],[-17.842998,28.486192],[-17.842993,28.486116],[-17.842992,28.486056],[-17.842992,28.486025],[-17.842982,28.485973],[-17.842945,28.485791],[-17.842919,28.485666],[-17.842905,28.485618],[-17.842885,28.485564],[-17.842862,28.485512],[-17.842817,28.485431],[-17.842757,28.485341],[-17.842667,28.485193],[-17.842599,28.485103],[-17.842558,28.485051],[-17.842503,28.484997],[-17.842481,28.484976],[-17.84246,28.484953],[-17.842442,28.48492],[-17.842433,28.484887],[-17.842434,28.484849],[-17.842439,28.484826],[-17.84245,28.4848],[-17.842462,28.484778],[-17.84248,28.484761],[-17.842633,28.484654],[-17.84269,28.484616],[-17.843125,28.484354],[-17.843264,28.484306],[-17.843622,28.484185],[-17.843858,28.484118],[-17.843967,28.484087],[-17.844083,28.484063],[-17.844134,28.484051],[-17.844332,28.484024],[-17.844512,28.484001],[-17.844601,28.483993],[-17.844689,28.483987],[-17.844761,28.483983],[-17.8448,28.483979],[-17.845053,28.483845],[-17.845155,28.483791],[-17.845196,28.483765],[-17.845238,28.483737],[-17.845305,28.483693],[-17.845392,28.483623],[-17.845502,28.483534],[-17.845619,28.483444],[-17.845664,28.483411],[-17.845711,28.483385],[-17.845745,28.483376],[-17.845786,28.483371],[-17.845816,28.483371],[-17.845856,28.483363],[-17.846229,28.483269],[-17.846294,28.483256],[-17.846328,28.483252],[-17.846371,28.48325],[-17.846434,28.483251],[-17.846632,28.483252],[-17.846672,28.483247],[-17.846731,28.483234],[-17.846785,28.483215],[-17.846826,28.483194],[-17.846876,28.483162],[-17.846906,28.483139],[-17.846929,28.483116],[-17.846955,28.483088],[-17.84705,28.482943],[-17.847121,28.482801],[-17.847195,28.482648],[-17.847236,28.482563],[-17.847277,28.48249],[-17.847317,28.48242],[-17.847338,28.482384],[-17.847376,28.482331],[-17.847422,28.482276],[-17.847472,28.482216],[-17.847541,28.482143],[-17.847604,28.482085],[-17.847665,28.482034],[-17.847773,28.481952],[-17.847877,28.481882],[-17.848005,28.481799],[-17.848114,28.481738],[-17.848209,28.481689],[-17.8483,28.481646],[-17.84841,28.481601],[-17.848504,28.481567],[-17.848632,28.481527],[-17.848732,28.481502],[-17.848831,28.48148],[-17.848933,28.481463],[-17.849079,28.481445],[-17.849148,28.481441],[-17.84928,28.481441],[-17.849412,28.48145],[-17.849497,28.481459],[-17.849644,28.481481],[-17.849967,28.481557],[-17.85029,28.481634],[-17.850536,28.481691],[-17.850842,28.481778],[-17.851039,28.481878],[-17.851295,28.482026],[-17.851506,28.482157],[-17.851552,28.482186],[-17.851628,28.482244],[-17.851676,28.482286],[-17.851731,28.482342],[-17.851771,28.482389],[-17.851843,28.482486],[-17.851889,28.48257],[-17.85193,28.482658],[-17.85197,28.482763],[-17.851997,28.482858],[-17.852016,28.48295],[-17.85204,28.483096],[-17.852059,28.483219],[-17.852077,28.483329],[-17.852083,28.483362],[-17.852086,28.483487],[-17.852083,28.483561],[-17.852078,28.483648],[-17.852066,28.483744],[-17.852048,28.483843],[-17.852028,28.483937],[-17.852006,28.48403],[-17.851946,28.484283],[-17.851905,28.48443],[-17.851859,28.484592],[-17.851826,28.484723],[-17.851806,28.48479],[-17.85178,28.484863],[-17.851718,28.485008],[-17.851674,28.485089],[-17.851624,28.485182],[-17.851581,28.485253],[-17.851531,28.485315],[-17.851463,28.485387],[-17.85139,28.48545],[-17.851325,28.485505],[-17.851215,28.485585],[-17.851119,28.485637],[-17.851012,28.485687],[-17.850909,28.485726],[-17.850828,28.485754],[-17.850723,28.48578],[-17.850636,28.485803],[-17.850517,28.485834],[-17.850414,28.485863],[-17.850305,28.485899],[-17.850199,28.485945],[-17.850119,28.485994],[-17.85005,28.486048],[-17.84998,28.48611],[-17.849931,28.486166],[-17.849908,28.48621],[-17.849888,28.486262],[-17.849886,28.486318],[-17.84989,28.486373],[-17.849901,28.486418],[-17.84993,28.48657],[-17.849958,28.486723],[-17.849971,28.486799],[-17.849983,28.486861],[-17.849986,28.486905],[-17.849982,28.486944],[-17.849974,28.486978],[-17.849959,28.487023],[-17.849931,28.487105],[-17.849905,28.487206],[-17.849888,28.487273],[-17.849876,28.487334],[-17.849865,28.487375],[-17.849833,28.487443],[-17.849793,28.487523],[-17.849781,28.487564],[-17.849763,28.487631],[-17.849734,28.487737],[-17.849708,28.487831],[-17.8497,28.487884],[-17.849694,28.487945],[-17.849688,28.488015],[-17.849688,28.488057],[-17.849692,28.488124],[-17.849701,28.488174],[-17.849718,28.488218],[-17.849738,28.488252],[-17.849771,28.48829],[-17.849892,28.488421],[-17.849923,28.48846],[-17.849941,28.488491],[-17.849948,28.48852],[-17.849956,28.488562],[-17.849966,28.488615],[-17.849979,28.488647],[-17.849993,28.488672],[-17.850011,28.488696],[-17.850384,28.48909],[-17.850414,28.48912],[-17.850445,28.489145],[-17.850472,28.489166],[-17.850501,28.489187],[-17.850523,28.489206],[-17.850543,28.489226],[-17.850557,28.489248],[-17.850568,28.489267],[-17.850642,28.489432],[-17.850686,28.489525],[-17.850693,28.489551],[-17.850697,28.48958],[-17.850695,28.489605],[-17.850694,28.489622],[-17.850689,28.489657],[-17.850685,28.489688],[-17.850687,28.489707],[-17.850714,28.489805],[-17.850725,28.48984],[-17.850808,28.489996],[-17.850886,28.490146],[-17.850981,28.490288],[-17.851034,28.490322],[-17.851052,28.490332]]},"properties":{"clase":"canal","origen":"Canal LP-III","nombre":"CANAL LA PALMA III","tipo_red":"RED BÁSICA","codigo":"CT000301"}}]}