{"type":"FeatureCollection","features":[{"type":"Feature","geometry":{"type":"Point","coordinates":[-17.759975,28.743663]},"properties":{"clase":"balsa","origen":"Balsas de agua","nombre":"MANUEL REMÓN","capacidad":119000}},{"type":"Feature","geometry":{"type":"Point","coordinates":[-17.783102,28.804121]},"properties":{"clase":"balsa","origen":"Balsas de agua","nombre":"ADEYAHAMEN","capacidad":340000}},{"type":"Feature","geometry":{"type":"Point","coordinates":[-17.780843,28.805748]},"properties":{"clase":"balsa","origen":"Balsas de agua","nombre":"BEDIESTA","capacidad":180000}},{"type":"Feature","geometry":{"type":"Point","coordinates":[-17.781691,28.792614]},"properties":{"clase":"balsa","origen":"Balsas de agua","nombre":"LAS LOMADAS","capacidad":90000}},{"type":"Feature","geometry":{"type":"Point","coordinates":[-17.771853,28.776804]},"properties":{"clase":"balsa","origen":"Balsas de agua","nombre":"LOS GALGUITOS","capacidad":110000}},{"type":"Feature","geometry":{"type":"Point","coordinates":[-17.806251,28.81088]},"properties":{"clase":"balsa","origen":"Balsas de agua","nombre":"LAGUNA DE BARLOVENTO","capacidad":3120000}},{"type":"Feature","geometry":{"type":"Point","coordinates":[-17.894029,28.589447]},"properties":{"clase":"balsa","origen":"Balsas de agua","nombre":"CUATRO CAMINOS","capacidad":108000}},{"type":"Feature","geometry":{"type":"Point","coordinates":[-17.901331,28.64452]},"properties":{"clase":"balsa","origen":"Balsas de agua","nombre":"DOS PINOS","capacidad":384000}},{"type":"Feature","geometry":{"type":"Point","coordinates":[-17.991986,28.772023]},"properties":{"clase":"balsa","origen":"Balsas de agua","nombre":"EL CAMPO","capacidad":109440}},{"type":"Feature","geometry":{"type":"Point","coordinates":[-17.963832,28.768214]},"properties":{"clase":"balsa","origen":"Balsas de agua","nombre":"MONTAÑA DEL ARCO","capacidad":90000}},{"type":"Feature","geometry":{"type":"Point","coordinates":[-17.952756,28.678883]},"properties":{"clase":"balsa","origen":"Balsas de agua","nombre":"VICARIO en obras","capacidad":0}},{"type":"Feature","geometry":{"type":"Point","coordinates":[-17.866373,28.511914]},"properties":{"clase":"balsa","origen":"Balsas de agua","nombre":"LA CALDERETA","capacidad":110000}},{"type":"Feature","geometry":{"type":"Point","coordinates":[-17.853512,28.481845]},"properties":{"clase":"naciente","origen":"Nacientes","nombre":"Quemados","municipio":"FUENCALIENTE","comarca":"IIc","codigo":"FC001"}},{"type":"Feature","geometry":{"type":"Point","coordinates":[-17.833291,28.516005]},"properties":{"clase":"naciente","origen":"Nacientes","nombre":"Roques","municipio":"FUENCALIENTE","comarca":"IIc","codigo":"FC002"}},{"type":"Feature","geometry":{"type":"Point","coordinates":[-17.756968,28.587308]},"properties":{"clase":"naciente","origen":"Nacientes","nombre":"Goteras (De Las)","municipio":"VILLA DE MAZO","comarca":"IIb","codigo":"MZ001"}},{"type":"Feature","geometry":{"type":"Point","coordinates":[-17.80555,28.598308]},"properties":{"clase":"naciente","origen":"Nacientes","nombre":"Fuente Roque","municipio":"VILLA DE MAZO","comarca":"IIb","codigo":"MZ002"}},{"type":"Feature","geometry":{"type":"Point","coordinates":[-17.821858,28.650469]},"properties":{"clase":"naciente","origen":"Nacientes","nombre":"Fuente Guacrin","municipio":"BREÑA ALTA","comarca":"IIb","codigo":"BA001"}},{"type":"Feature","geometry":{"type":"Point","coordinates":[-17.878715,28.71742]},"properties":{"clase":"naciente","origen":"Nacientes","nombre":"Pino (El)","municipio":"EL PASO","comarca":"0","codigo":"PA001"}},{"type":"Feature","geometry":{"type":"Point","coordinates":[-17.771178,28.717638]},"properties":{"clase":"naciente","origen":"Nacientes","nombre":"Fuente Lugo","municipio":"SANTA CRUZ DE LA PALMA","comarca":"IIb","codigo":"SC001"}},{"type":"Feature","geometry":{"type":"Point","coordinates":[-17.754941,28.699387]},"properties":{"clase":"naciente","origen":"Nacientes","nombre":"Fuente del Serrano","municipio":"SANTA CRUZ DE LA PALMA","comarca":"IIb","codigo":"SC002"}},{"type":"Feature","geometry":{"type":"Point","coordinates":[-17.764161,28.715436]},"properties":{"clase":"naciente","origen":"Nacientes","nombre":"Fuente de Los Gomero","municipio":"SANTA CRUZ DE LA PALMA","comarca":"IIb","codigo":"SC003"}},{"type":"Feature","geometry":{"type":"Point","coordinates":[-17.821494,28.705141]},"properties":{"clase":"naciente","origen":"Nacientes","nombre":"Salto del Cedro","municipio":"SANTA CRUZ DE LA PALMA","comarca":"IIb","codigo":"SC004"}},{"type":"Feature","geometry":{"type":"Point","coordinates":[-17.818783,28.703258]},"properties":{"clase":"naciente","origen":"Nacientes","nombre":"Riachuelo (Del)","municipio":"SANTA CRUZ DE LA PALMA","comarca":"IIb","codigo":"SC005"}},{"type":"Feature","geometry":{"type":"Point","coordinates":[-17.801017,28.693118]},"properties":{"clase":"naciente","origen":"Nacientes","nombre":"Quintero","municipio":"SANTA CRUZ DE LA PALMA","comarca":"IIb","codigo":"SC005"}},{"type":"Feature","geometry":{"type":"Point","coordinates":[-17.815043,28.701126]},"properties":{"clase":"naciente","origen":"Nacientes","nombre":"Maestrantes (Los)","municipio":"SANTA CRUZ DE LA PALMA","comarca":"IIb","codigo":"SC006"}},{"type":"Feature","geometry":{"type":"Point","coordinates":[-17.824688,28.705976]},"properties":{"clase":"naciente","origen":"Nacientes","nombre":"Halcón (El)","municipio":"SANTA CRUZ DE LA PALMA","comarca":"IIb","codigo":"SC007"}},{"type":"Feature","geometry":{"type":"Point","coordinates":[-17.817151,28.703427]},"properties":{"clase":"naciente","origen":"Nacientes","nombre":"Aguacay Bajo o Totis","municipio":"SANTA CRUZ DE LA PALMA","comarca":"IIb","codigo":"SC008"}},{"type":"Feature","geometry":{"type":"Point","coordinates":[-17.819103,28.703747]},"properties":{"clase":"naciente","origen":"Nacientes","nombre":"Aguacay Alto","municipio":"SANTA CRUZ DE LA PALMA","comarca":"IIb","codigo":"SC009"}},{"type":"Feature","geometry":{"type":"Point","coordinates":[-17.851797,28.717133]},"properties":{"clase":"naciente","origen":"Nacientes","nombre":"Salto del Agua","municipio":"EL PASO","comarca":"0","codigo":"PA002"}},{"type":"Feature","geometry":{"type":"Point","coordinates":[-17.853857,28.706356]},"properties":{"clase":"naciente","origen":"Nacientes","nombre":"Salto de Los Verdes","municipio":"EL PASO","comarca":"0","codigo":"PA003"}},{"type":"Feature","geometry":{"type":"Point","coordinates":[-17.844404,28.716207]},"properties":{"clase":"naciente","origen":"Nacientes","nombre":"Morro de Bejeques","municipio":"EL PASO","comarca":"0","codigo":"PA004"}},{"type":"Feature","geometry":{"type":"Point","coordinates":[-17.829397,28.705336]},"properties":{"clase":"naciente","origen":"Nacientes","nombre":"Madre del Agua","municipio":"SANTA CRUZ DE LA PALMA","comarca":"IIb","codigo":"SC010"}},{"type":"Feature","geometry":{"type":"Point","coordinates":[-17.861283,28.695374]},"properties":{"clase":"naciente","origen":"Nacientes","nombre":"Madera de García III","municipio":"EL PASO","comarca":"0","codigo":"PA005"}},{"type":"Feature","geometry":{"type":"Point","coordinates":[-17.862478,28.694176]},"properties":{"clase":"naciente","origen":"Nacientes","nombre":"Madera de García II","municipio":"EL PASO","comarca":"0","codigo":"PA006"}},{"type":"Feature","geometry":{"type":"Point","coordinates":[-17.843922,28.717299]},"properties":{"clase":"naciente","origen":"Nacientes","nombre":"Hoyo de Los Pinos","municipio":"EL PASO","comarca":"0","codigo":"PA007"}},{"type":"Feature","geometry":{"type":"Point","coordinates":[-17.849625,28.704957]},"properties":{"clase":"naciente","origen":"Nacientes","nombre":"Fuerte (Del)","municipio":"EL PASO","comarca":"0","codigo":"PA008"}},{"type":"Feature","geometry":{"type":"Point","coordinates":[-17.857498,28.699153]},"properties":{"clase":"naciente","origen":"Nacientes","nombre":"Hornitos (Los)","municipio":"EL PASO","comarca":"0","codigo":"PA009"}},{"type":"Feature","geometry":{"type":"Point","coordinates":[-17.865413,28.694881]},"properties":{"clase":"naciente","origen":"Nacientes","nombre":"Madera de García I","municipio":"EL PASO","comarca":"0","codigo":"PA010"}},{"type":"Feature","geometry":{"type":"Point","coordinates":[-17.860262,28.69923]},"properties":{"clase":"naciente","origen":"Nacientes","nombre":"Chozas (Las)","municipio":"EL PASO","comarca":"0","codigo":"PA011"}},{"type":"Feature","geometry":{"type":"Point","coordinates":[-17.742597,28.73997]},"properties":{"clase":"naciente","origen":"Nacientes","nombre":"Fuente de San Juan","municipio":"PUNTALLANA","comarca":"IIa","codigo":"PL001"}},{"type":"Feature","geometry":{"type":"Point","coordinates":[-17.863957,28.733428]},"properties":{"clase":"naciente","origen":"Nacientes","nombre":"Vueltitas Jurada III","municipio":"EL PASO","comarca":"0","codigo":"PA012"}},{"type":"Feature","geometry":{"type":"Point","coordinates":[-17.858765,28.736289]},"properties":{"clase":"naciente","origen":"Nacientes","nombre":"Vueltitas Jurada I","municipio":"EL PASO","comarca":"0","codigo":"PA013"}},{"type":"Feature","geometry":{"type":"Point","coordinates":[-17.862614,28.734855]},"properties":{"clase":"naciente","origen":"Nacientes","nombre":"Vueltitas Jurada II","municipio":"EL PASO","comarca":"0","codigo":"PA014"}},{"type":"Feature","geometry":{"type":"Point","coordinates":[-17.858756,28.737868]},"properties":{"clase":"naciente","origen":"Nacientes","nombre":"Marrubio II","municipio":"EL PASO","comarca":"0","codigo":"PA015"}},{"type":"Feature","geometry":{"type":"Point","coordinates":[-17.858613,28.738232]},"properties":{"clase":"naciente","origen":"Nacientes","nombre":"Marrubio I","municipio":"EL PASO","comarca":"0","codigo":"PA016"}},{"type":"Feature","geometry":{"type":"Point","coordinates":[-17.858301,28.739952]},"properties":{"clase":"naciente","origen":"Nacientes","nombre":"Murmurado","municipio":"EL PASO","comarca":"0","codigo":"PA017"}},{"type":"Feature","geometry":{"type":"Point","coordinates":[-17.854738,28.742508]},"properties":{"clase":"naciente","origen":"Nacientes","nombre":"Verdura de Alfonso","municipio":"EL PASO","comarca":"0","codigo":"PA018"}},{"type":"Feature","geometry":{"type":"Point","coordinates":[-17.84931,28.738609]},"properties":{"clase":"naciente","origen":"Nacientes","nombre":"Barranco del Guanche","municipio":"EL PASO","comarca":"0","codigo":"PA019"}},{"type":"Feature","geometry":{"type":"Point","coordinates":[-17.846709,28.729508]},"properties":{"clase":"naciente","origen":"Nacientes","nombre":"Relva de Altaguna","municipio":"EL PASO","comarca":"0","codigo":"PA020"}},{"type":"Feature","geometry":{"type":"Point","coordinates":[-17.852068,28.72714]},"properties":{"clase":"naciente","origen":"Nacientes","nombre":"Fuente Goteras","municipio":"EL PASO","comarca":"0","codigo":"PA021"}},{"type":"Feature","geometry":{"type":"Point","coordinates":[-17.844243,28.731048]},"properties":{"clase":"naciente","origen":"Nacientes","nombre":"Viñatigo de Altaguna","municipio":"EL PASO","comarca":"0","codigo":"PA022"}},{"type":"Feature","geometry":{"type":"Point","coordinates":[-17.845487,28.725971]},"properties":{"clase":"naciente","origen":"Nacientes","nombre":"Barranco Prieto","municipio":"EL PASO","comarca":"0","codigo":"PA023"}},{"type":"Feature","geometry":{"type":"Point","coordinates":[-17.84511,28.721469]},"properties":{"clase":"naciente","origen":"Nacientes","nombre":"Escuchadero (El)","municipio":"EL PASO","comarca":"0","codigo":"PA024"}},{"type":"Feature","geometry":{"type":"Point","coordinates":[-17.862692,28.737695]},"properties":{"clase":"naciente","origen":"Nacientes","nombre":"Barranco de Murmurado","municipio":"EL PASO","comarca":"0","codigo":"PA025"}},{"type":"Feature","geometry":{"type":"Point","coordinates":[-17.877551,28.67302]},"properties":{"clase":"naciente","origen":"Nacientes","nombre":"Tamarahoya","municipio":"EL PASO","comarca":"0","codigo":"PA026"}},{"type":"Feature","geometry":{"type":"Point","coordinates":[-17.894203,28.687187]},"properties":{"clase":"naciente","origen":"Nacientes","nombre":"Peludo (El)","municipio":"EL PASO","comarca":"0","codigo":"PA027"}},{"type":"Feature","geometry":{"type":"Point","coordinates":[-17.889872,28.70081]},"properties":{"clase":"naciente","origen":"Nacientes","nombre":"Rosera (La)","municipio":"EL PASO","comarca":"0","codigo":"PA028"}},{"type":"Feature","geometry":{"type":"Point","coordinates":[-17.895057,28.695918]},"properties":{"clase":"naciente","origen":"Nacientes","nombre":"Capellán I (El)","municipio":"EL PASO","comarca":"0","codigo":"PA029"}},{"type":"Feature","geometry":{"type":"Point","coordinates":[-17.894503,28.696246]},"properties":{"clase":"naciente","origen":"Nacientes","nombre":"Capellán III (El)","municipio":"EL PASO","comarca":"0","codigo":"PA030"}},{"type":"Feature","geometry":{"type":"Point","coordinates":[-17.893733,28.696127]},"properties":{"clase":"naciente","origen":"Nacientes","nombre":"Capellán II (El)","municipio":"EL PASO","comarca":"0","codigo":"PA031"}},{"type":"Feature","geometry":{"type":"Point","coordinates":[-17.902305,28.713893]},"properties":{"clase":"naciente","origen":"Nacientes","nombre":"Grieta (La)","municipio":"EL PASO","comarca":"0","codigo":"PA032"}},{"type":"Feature","geometry":{"type":"Point","coordinates":[-17.905332,28.708642]},"properties":{"clase":"naciente","origen":"Nacientes","nombre":"Suitos (Los)","municipio":"EL PASO","comarca":"0","codigo":"PA033"}},{"type":"Feature","geometry":{"type":"Point","coordinates":[-17.890594,28.715903]},"properties":{"clase":"naciente","origen":"Nacientes","nombre":"Viñátigo","municipio":"EL PASO","comarca":"0","codigo":"PA034"}},{"type":"Feature","geometry":{"type":"Point","coordinates":[-17.889876,28.708387]},"properties":{"clase":"naciente","origen":"Nacientes","nombre":"Caneras (Las)","municipio":"EL PASO","comarca":"0","codigo":"PA035"}},{"type":"Feature","geometry":{"type":"Point","coordinates":[-17.871015,28.693995]},"properties":{"clase":"naciente","origen":"Nacientes","nombre":"Zarza (De La)","municipio":"EL PASO","comarca":"0","codigo":"PA036"}},{"type":"Feature","geometry":{"type":"Point","coordinates":[-17.881609,28.69607]},"properties":{"clase":"naciente","origen":"Nacientes","nombre":"La Hiedra IV","municipio":"EL PASO","comarca":"0","codigo":"PA037"}},{"type":"Feature","geometry":{"type":"Point","coordinates":[-17.882561,28.695373]},"properties":{"clase":"naciente","origen":"Nacientes","nombre":"Hiedra II (La)","municipio":"EL PASO","comarca":"0","codigo":"PA038"}},{"type":"Feature","geometry":{"type":"Point","coordinates":[-17.881532,28.695125]},"properties":{"clase":"naciente","origen":"Nacientes","nombre":"Hiedra I (La)","municipio":"EL PASO","comarca":"0","codigo":"PA039"}},{"type":"Feature","geometry":{"type":"Point","coordinates":[-17.886224,28.69277]},"properties":{"clase":"naciente","origen":"Nacientes","nombre":"Loros ((Los)","municipio":"EL PASO","comarca":"0","codigo":"PA040"}},{"type":"Feature","geometry":{"type":"Point","coordinates":[-17.8873,28.692837]},"properties":{"clase":"naciente","origen":"Nacientes","nombre":"Paso Malo","municipio":"EL PASO","comarca":"0","codigo":"PA041"}},{"type":"Feature","geometry":{"type":"Point","coordinates":[-17.887964,28.690929]},"properties":{"clase":"naciente","origen":"Nacientes","nombre":"Hortijana","municipio":"EL PASO","comarca":"0","codigo":"PA042"}},{"type":"Feature","geometry":{"type":"Point","coordinates":[-17.881252,28.696123]},"properties":{"clase":"naciente","origen":"Nacientes","nombre":"Hiedra III (La)","municipio":"EL PASO","comarca":"0","codigo":"PA043"}},{"type":"Feature","geometry":{"type":"Point","coordinates":[-17.892676,28.691189]},"properties":{"clase":"naciente","origen":"Nacientes","nombre":"Laja de Las Palomas","municipio":"EL PASO","comarca":"0","codigo":"PA044"}},{"type":"Feature","geometry":{"type":"Point","coordinates":[-17.893863,28.693418]},"properties":{"clase":"naciente","origen":"Nacientes","nombre":"Tetas (Las)","municipio":"EL PASO","comarca":"0","codigo":"PA045"}},{"type":"Feature","geometry":{"type":"Point","coordinates":[-17.898737,28.693945]},"properties":{"clase":"naciente","origen":"Nacientes","nombre":"Fraile (El)","municipio":"EL PASO","comarca":"0","codigo":"PA046"}},{"type":"Feature","geometry":{"type":"Point","coordinates":[-17.893153,28.704799]},"properties":{"clase":"naciente","origen":"Nacientes","nombre":"Chamusquina","municipio":"EL PASO","comarca":"0","codigo":"PA047"}},{"type":"Feature","geometry":{"type":"Point","coordinates":[-17.9013,28.701557]},"properties":{"clase":"naciente","origen":"Nacientes","nombre":"Hurones (Los)","municipio":"EL PASO","comarca":"0","codigo":"PA048"}},{"type":"Feature","geometry":{"type":"Point","coordinates":[-17.923727,28.706035]},"properties":{"clase":"naciente","origen":"Nacientes","nombre":"Trajocade","municipio":"TIJARAFE","comarca":"I","codigo":"TJ001"}},{"type":"Feature","geometry":{"type":"Point","coordinates":[-17.930614,28.703541]},"properties":{"clase":"naciente","origen":"Nacientes","nombre":"Caquero","municipio":"TIJARAFE","comarca":"I","codigo":"TJ002"}},{"type":"Feature","geometry":{"type":"Point","coordinates":[-17.940308,28.713613]},"properties":{"clase":"naciente","origen":"Nacientes","nombre":"Fuente de La Candelaria","municipio":"TIJARAFE","comarca":"I","codigo":"TJ003"}},{"type":"Feature","geometry":{"type":"Point","coordinates":[-17.947777,28.697215]},"properties":{"clase":"naciente","origen":"Nacientes","nombre":"Fuente del Toro","municipio":"TIJARAFE","comarca":"I","codigo":"TJ004"}},{"type":"Feature","geometry":{"type":"Point","coordinates":[-17.875203,28.73116]},"properties":{"clase":"naciente","origen":"Nacientes","nombre":"Roque de la Viña","municipio":"EL PASO","comarca":"0","codigo":"PA049"}},{"type":"Feature","geometry":{"type":"Point","coordinates":[-17.840311,28.67985]},"properties":{"clase":"naciente","origen":"Nacientes","nombre":"Pino (Del)","municipio":"EL PASO","comarca":"0","codigo":"PA050"}},{"type":"Feature","geometry":{"type":"Point","coordinates":[-17.892135,28.71799]},"properties":{"clase":"naciente","origen":"Nacientes","nombre":"Panteras (Las)","municipio":"EL PASO","comarca":"0","codigo":"PA051"}},{"type":"Feature","geometry":{"type":"Point","coordinates":[-17.89321,28.719861]},"properties":{"clase":"naciente","origen":"Nacientes","nombre":"Traves (Las)","municipio":"EL PASO","comarca":"0","codigo":"PA052"}},{"type":"Feature","geometry":{"type":"Point","coordinates":[-17.888522,28.718699]},"properties":{"clase":"naciente","origen":"Nacientes","nombre":"Piedra Redonda","municipio":"EL PASO","comarca":"0","codigo":"PA053"}},{"type":"Feature","geometry":{"type":"Point","coordinates":[-17.885992,28.717851]},"properties":{"clase":"naciente","origen":"Nacientes","nombre":"Fayal (El)","municipio":"EL PASO","comarca":"0","codigo":"PA054"}},{"type":"Feature","geometry":{"type":"Point","coordinates":[-17.884084,28.719154]},"properties":{"clase":"naciente","origen":"Nacientes","nombre":"Paso de Mula","municipio":"EL PASO","comarca":"0","codigo":"PA055"}},{"type":"Feature","geometry":{"type":"Point","coordinates":[-17.88482,28.734788]},"properties":{"clase":"naciente","origen":"Nacientes","nombre":"Bomba de Agua","municipio":"EL PASO","comarca":"0","codigo":"PA056"}},{"type":"Feature","geometry":{"type":"Point","coordinates":[-17.878071,28.74057]},"properties":{"clase":"naciente","origen":"Nacientes","nombre":"Hoyo Verde I","municipio":"EL PASO","comarca":"0","codigo":"PA057"}},{"type":"Feature","geometry":{"type":"Point","coordinates":[-17.879086,28.740278]},"properties":{"clase":"naciente","origen":"Nacientes","nombre":"Hoyo Verde II","municipio":"EL PASO","comarca":"0","codigo":"PA058"}},{"type":"Feature","geometry":{"type":"Point","coordinates":[-17.880833,28.742405]},"properties":{"clase":"naciente","origen":"Nacientes","nombre":"Hoyo Verde III","municipio":"EL PASO","comarca":"0","codigo":"PA059"}},{"type":"Feature","geometry":{"type":"Point","coordinates":[-17.880793,28.742812]},"properties":{"clase":"naciente","origen":"Nacientes","nombre":"Hoyok Verde IV","municipio":"EL PASO","comarca":"0","codigo":"PA060"}},{"type":"Feature","geometry":{"type":"Point","coordinates":[-17.875476,28.74297]},"properties":{"clase":"naciente","origen":"Nacientes","nombre":"Turugumay IV","municipio":"EL PASO","comarca":"0","codigo":"PA061"}},{"type":"Feature","geometry":{"type":"Point","coordinates":[-17.87468,28.743799]},"properties":{"clase":"naciente","origen":"Nacientes","nombre":"Piedra Rajada I (Lomo de)","municipio":"EL PASO","comarca":"0","codigo":"PA062"}},{"type":"Feature","geometry":{"type":"Point","coordinates":[-17.877738,28.720958]},"properties":{"clase":"naciente","origen":"Nacientes","nombre":"Espigón del Horno","municipio":"EL PASO","comarca":"0","codigo":"PA063"}},{"type":"Feature","geometry":{"type":"Point","coordinates":[-17.870352,28.733383]},"properties":{"clase":"naciente","origen":"Nacientes","nombre":"Gazmil","municipio":"EL PASO","comarca":"0","codigo":"PA064"}},{"type":"Feature","geometry":{"type":"Point","coordinates":[-17.883231,28.71606]},"properties":{"clase":"naciente","origen":"Nacientes","nombre":"Hoya de Los Juncos","municipio":"EL PASO","comarca":"0","codigo":"PA065"}},{"type":"Feature","geometry":{"type":"Point","coordinates":[-17.95763,28.740114]},"properties":{"clase":"naciente","origen":"Nacientes","nombre":"Fuente del Agua","municipio":"TIJARAFE","comarca":"I","codigo":"TJ005"}},{"type":"Feature","geometry":{"type":"Point","coordinates":[-17.782174,28.770002]},"properties":{"clase":"naciente","origen":"Nacientes","nombre":"Huerto (Del)","municipio":"SAN ANDRÉS Y SAUCES","comarca":"IIa","codigo":"SS001"}},{"type":"Feature","geometry":{"type":"Point","coordinates":[-17.78343,28.7633]},"properties":{"clase":"naciente","origen":"Nacientes","nombre":"Fuente Redonda","municipio":"SAN ANDRÉS Y SAUCES","comarca":"IIa","codigo":"SS001"}},{"type":"Feature","geometry":{"type":"Point","coordinates":[-17.772205,28.770477]},"properties":{"clase":"naciente","origen":"Nacientes","nombre":"Fuente Nueva (La)","municipio":"SAN ANDRÉS Y SAUCES","comarca":"IIa","codigo":"SS002"}},{"type":"Feature","geometry":{"type":"Point","coordinates":[-17.76931,28.75853]},"properties":{"clase":"naciente","origen":"Nacientes","nombre":"Fuente de Los Pinos","municipio":"PUNTALLANA","comarca":"IIa","codigo":"PL002"}},{"type":"Feature","geometry":{"type":"Point","coordinates":[-17.816862,28.768921]},"properties":{"clase":"naciente","origen":"Nacientes","nombre":"Caldero del Agua Cernida","municipio":"SAN ANDRÉS Y SAUCES","comarca":"IIa","codigo":"SS003"}},{"type":"Feature","geometry":{"type":"Point","coordinates":[-17.861601,28.768973]},"properties":{"clase":"naciente","origen":"Nacientes","nombre":"Rio Morisco II","municipio":"GARAFÍA","comarca":"I","codigo":"GF001"}},{"type":"Feature","geometry":{"type":"Point","coordinates":[-17.858568,28.77039]},"properties":{"clase":"naciente","origen":"Nacientes","nombre":"Rio Morisco I","municipio":"GARAFÍA","comarca":"I","codigo":"GF002"}},{"type":"Feature","geometry":{"type":"Point","coordinates":[-17.828894,28.761454]},"properties":{"clase":"naciente","origen":"Nacientes","municipio":"SAN ANDRÉS Y SAUCES","comarca":"IIa","codigo":"SS004"}},{"type":"Feature","geometry":{"type":"Point","coordinates":[-17.830285,28.765574]},"properties":{"clase":"naciente","origen":"Nacientes","municipio":"SAN ANDRÉS Y SAUCES","comarca":"IIa","codigo":"SS005"}},{"type":"Feature","geometry":{"type":"Point","coordinates":[-17.866253,28.751916]},"properties":{"clase":"naciente","origen":"Nacientes","nombre":"Talud (El)","municipio":"EL PASO","comarca":"0","codigo":"PA066"}},{"type":"Feature","geometry":{"type":"Point","coordinates":[-17.863565,28.750936]},"properties":{"clase":"naciente","origen":"Nacientes","nombre":"Diablo (El)","municipio":"EL PASO","comarca":"0","codigo":"PA067"}},{"type":"Feature","geometry":{"type":"Point","coordinates":[-17.767836,28.803898]},"properties":{"clase":"naciente","origen":"Nacientes","nombre":"Virgen de Lourdes","municipio":"SAN ANDRÉS Y SAUCES","comarca":"IIa","codigo":"SS006"}},{"type":"Feature","geometry":{"type":"Point","coordinates":[-17.76512,28.779012]},"properties":{"clase":"naciente","origen":"Nacientes","municipio":"SAN ANDRÉS Y SAUCES","comarca":"IIa","codigo":"SS007"}},{"type":"Feature","geometry":{"type":"Point","coordinates":[-17.776919,28.798073]},"properties":{"clase":"naciente","origen":"Nacientes","nombre":"Palma (La)","municipio":"SAN ANDRÉS Y SAUCES","comarca":"IIa","codigo":"SS008"}},{"type":"Feature","geometry":{"type":"Point","coordinates":[-17.770375,28.795727]},"properties":{"clase":"naciente","origen":"Nacientes","nombre":"Fondo de La Fajana","municipio":"SAN ANDRÉS Y SAUCES","comarca":"IIa","codigo":"SS009"}},{"type":"Feature","geometry":{"type":"Point","coordinates":[-17.757529,28.795584]},"properties":{"clase":"naciente","origen":"Nacientes","nombre":"Cueva del Roque","municipio":"SAN ANDRÉS Y SAUCES","comarca":"IIa","codigo":"SS010"}},{"type":"Feature","geometry":{"type":"Point","coordinates":[-17.789376,28.794389]},"properties":{"clase":"naciente","origen":"Nacientes","nombre":"Manantial (El)","municipio":"SAN ANDRÉS Y SAUCES","comarca":"IIa","codigo":"SS011"}},{"type":"Feature","geometry":{"type":"Point","coordinates":[-17.821299,28.781638]},"properties":{"clase":"naciente","origen":"Nacientes","nombre":"Fayas (Las)","municipio":"SAN ANDRÉS Y SAUCES","comarca":"IIa","codigo":"SS012"}},{"type":"Feature","geometry":{"type":"Point","coordinates":[-17.810747,28.779513]},"properties":{"clase":"naciente","origen":"Nacientes","nombre":"Fajana Perdida (La)","municipio":"SAN ANDRÉS Y SAUCES","comarca":"IIa","codigo":"SS013"}},{"type":"Feature","geometry":{"type":"Point","coordinates":[-17.800251,28.789789]},"properties":{"clase":"naciente","origen":"Nacientes","nombre":"La Cascada","municipio":"SAN ANDRÉS Y SAUCES","comarca":"IIa","codigo":"SS014"}},{"type":"Feature","geometry":{"type":"Point","coordinates":[-17.803816,28.788316]},"properties":{"clase":"naciente","origen":"Nacientes","nombre":"Barranquero del Agua","municipio":"SAN ANDRÉS Y SAUCES","comarca":"IIa","codigo":"SS015"}},{"type":"Feature","geometry":{"type":"Point","coordinates":[-17.787824,28.797262]},"properties":{"clase":"naciente","origen":"Nacientes","nombre":"Barranquera de La Choza","municipio":"SAN ANDRÉS Y SAUCES","comarca":"IIa","codigo":"SS016"}},{"type":"Feature","geometry":{"type":"Point","coordinates":[-17.806713,28.79899]},"properties":{"clase":"naciente","origen":"Nacientes","nombre":"Agua de Alto","municipio":"SAN ANDRÉS Y SAUCES","comarca":"IIa","codigo":"SS017"}},{"type":"Feature","geometry":{"type":"Point","coordinates":[-17.839812,28.796043]},"properties":{"clase":"naciente","origen":"Nacientes","nombre":"Tanque de Los Burros","municipio":"BARLOVENTO","comarca":"IIa","codigo":"BV001"}},{"type":"Feature","geometry":{"type":"Point","coordinates":[-17.836278,28.778978]},"properties":{"clase":"naciente","origen":"Nacientes","nombre":"Agua del Risco","municipio":"BARLOVENTO","comarca":"IIa","codigo":"BV002"}},{"type":"Feature","geometry":{"type":"Point","coordinates":[-17.836202,28.779972]},"properties":{"clase":"naciente","origen":"Nacientes","nombre":"Agua de Las Hoyas","municipio":"BARLOVENTO","comarca":"IIa","codigo":"BV003"}},{"type":"Feature","geometry":{"type":"Point","coordinates":[-17.835489,28.780077]},"properties":{"clase":"naciente","origen":"Nacientes","nombre":"Agua del Brezo","municipio":"BARLOVENTO","comarca":"IIa","codigo":"BV004"}},{"type":"Feature","geometry":{"type":"Point","coordinates":[-17.786772,28.823128]},"properties":{"clase":"naciente","origen":"Nacientes","nombre":"Fuente Ferreras","municipio":"BARLOVENTO","comarca":"IIa","codigo":"BV005"}},{"type":"Feature","geometry":{"type":"Point","coordinates":[-17.775383,28.810824]},"properties":{"clase":"naciente","origen":"Nacientes","nombre":"Del Toro","municipio":"SAN ANDRÉS Y SAUCES","comarca":"IIa","codigo":"SS018"}},{"type":"Feature","geometry":{"type":"Point","coordinates":[-17.816761,28.814657]},"properties":{"clase":"naciente","origen":"Nacientes","nombre":"Vica (De La)","municipio":"BARLOVENTO","comarca":"IIa","codigo":"BV006"}},{"type":"Feature","geometry":{"type":"Point","coordinates":[-17.820512,28.809437]},"properties":{"clase":"naciente","origen":"Nacientes","nombre":"Mimbreras (Las)","municipio":"BARLOVENTO","comarca":"IIa","codigo":"BV007"}},{"type":"Feature","geometry":{"type":"Point","coordinates":[-17.798968,28.808081]},"properties":{"clase":"naciente","origen":"Nacientes","nombre":"Fuente La Piedra","municipio":"BARLOVENTO","comarca":"IIa","codigo":"BV008"}},{"type":"Feature","geometry":{"type":"Point","coordinates":[-17.800837,28.828158]},"properties":{"clase":"naciente","origen":"Nacientes","nombre":"Fuente de Los Llanos","municipio":"BARLOVENTO","comarca":"IIa","codigo":"BV009"}},{"type":"Feature","geometry":{"type":"Point","coordinates":[-17.789262,28.839674]},"properties":{"clase":"naciente","origen":"Nacientes","nombre":"Fuente de La Fajana","municipio":"BARLOVENTO","comarca":"IIa","codigo":"BV010"}},{"type":"Feature","geometry":{"type":"Point","coordinates":[-17.835964,28.827875]},"properties":{"clase":"naciente","origen":"Nacientes","nombre":"Fuent de Los Gallegos","municipio":"BARLOVENTO","comarca":"IIa","codigo":"BV011"}},{"type":"Feature","geometry":{"type":"Point","coordinates":[-17.869756,28.747151]},"properties":{"clase":"naciente","origen":"Nacientes","nombre":"Helechera de Carvajal (La)","municipio":"EL PASO","comarca":"0","codigo":"PA068"}},{"type":"Feature","geometry":{"type":"Point","coordinates":[-17.875094,28.743971]},"properties":{"clase":"naciente","origen":"Nacientes","nombre":"Piedra Rajada II (Lomo de)","municipio":"EL PASO","comarca":"0","codigo":"PA069"}},{"type":"Feature","geometry":{"type":"Point","coordinates":[-17.874793,28.744203]},"properties":{"clase":"naciente","origen":"Nacientes","nombre":"Turugumay III","municipio":"EL PASO","comarca":"0","codigo":"PA070"}},{"type":"Feature","geometry":{"type":"Point","coordinates":[-17.875211,28.74451]},"properties":{"clase":"naciente","origen":"Nacientes","nombre":"Turugumay II","municipio":"EL PASO","comarca":"0","codigo":"PA071"}},{"type":"Feature","geometry":{"type":"Point","coordinates":[-17.874379,28.749624]},"properties":{"clase":"naciente","origen":"Nacientes","nombre":"Turugumay I","municipio":"EL PASO","comarca":"0","codigo":"PA072"}},{"type":"Feature","geometry":{"type":"Point","coordinates":[-17.873245,28.751226]},"properties":{"clase":"naciente","origen":"Nacientes","nombre":"Turugumay VI","municipio":"EL PASO","comarca":"0","codigo":"PA073"}},{"type":"Feature","geometry":{"type":"Point","coordinates":[-17.873097,28.75141]},"properties":{"clase":"naciente","origen":"Nacientes","nombre":"Turugumay V","municipio":"EL PASO","comarca":"0","codigo":"PA074"}},{"type":"Feature","geometry":{"type":"Point","coordinates":[-17.874437,28.770432]},"properties":{"clase":"naciente","origen":"Nacientes","nombre":"Siete Fuentes (Las)","municipio":"GARAFÍA","comarca":"I","codigo":"GF003"}},{"type":"Feature","geometry":{"type":"Point","coordinates":[-17.936325,28.761415]},"properties":{"clase":"naciente","origen":"Nacientes","nombre":"Juanones","municipio":"PUNTAGORDA","comarca":"I","codigo":"PG001"}},{"type":"Feature","geometry":{"type":"Point","coordinates":[-17.96226,28.759135]},"properties":{"clase":"naciente","origen":"Nacientes","nombre":"Bacaro (El)","municipio":"PUNTAGORDA","comarca":"I","codigo":"PG002"}},{"type":"Feature","geometry":{"type":"Point","coordinates":[-17.88714,28.796752]},"properties":{"clase":"naciente","origen":"Nacientes","nombre":"Fuente Carmona","municipio":"GARAFÍA","comarca":"I","codigo":"GF004"}},{"type":"Feature","geometry":{"type":"Point","coordinates":[-17.943934,28.786324]},"properties":{"clase":"naciente","origen":"Nacientes","nombre":"Grande del Castillo","municipio":"GARAFÍA","comarca":"I","codigo":"GF005"}},{"type":"Feature","geometry":{"type":"Point","coordinates":[-17.966533,28.776269]},"properties":{"clase":"naciente","origen":"Nacientes","nombre":"Fuente de Los Dornajos","municipio":"PUNTAGORDA","comarca":"I","codigo":"PG003"}},{"type":"Feature","geometry":{"type":"Point","coordinates":[-17.976429,28.793098]},"properties":{"clase":"naciente","origen":"Nacientes","nombre":"Buraca","municipio":"GARAFÍA","comarca":"I","codigo":"GF006"}},{"type":"Feature","geometry":{"type":"Point","coordinates":[-17.905568,28.802129]},"properties":{"clase":"naciente","origen":"Nacientes","nombre":"Zarza (La)","municipio":"GARAFÍA","comarca":"I","codigo":"GF007"}},{"type":"Feature","geometry":{"type":"Point","coordinates":[-17.875481,28.800988]},"properties":{"clase":"naciente","origen":"Nacientes","nombre":"Rio Torito","municipio":"GARAFÍA","comarca":"I","codigo":"GF008"}},{"type":"Feature","geometry":{"type":"Point","coordinates":[-17.909865,28.818543]},"properties":{"clase":"naciente","origen":"Nacientes","nombre":"Rio de Las Viejas","municipio":"GARAFÍA","comarca":"I","codigo":"GF009"}},{"type":"Feature","geometry":{"type":"Point","coordinates":[-17.880896,28.80798]},"properties":{"clase":"naciente","origen":"Nacientes","nombre":"Cerca-La Tablado","municipio":"GARAFÍA","comarca":"I","codigo":"GF010"}},{"type":"Feature","geometry":{"type":"Point","coordinates":[-17.8785,28.806498]},"properties":{"clase":"naciente","origen":"Nacientes","nombre":"Cascajal-El Tablado","municipio":"GARAFÍA","comarca":"I","codigo":"GF011"}},{"type":"Feature","geometry":{"type":"Point","coordinates":[-17.901671,28.822237]},"properties":{"clase":"naciente","origen":"Nacientes","nombre":"Caldera del Agua","municipio":"GARAFÍA","comarca":"I","codigo":"GF012"}},{"type":"Feature","geometry":{"type":"Point","coordinates":[-17.918371,28.807716]},"properties":{"clase":"naciente","origen":"Nacientes","nombre":"Secreta (La)","municipio":"GARAFÍA","comarca":"I","codigo":"GF013"}},{"type":"Feature","geometry":{"type":"Point","coordinates":[-17.937406,28.81091]},"properties":{"clase":"naciente","origen":"Nacientes","nombre":"Juncal (El)","municipio":"GARAFÍA","comarca":"I","codigo":"GF014"}},{"type":"Feature","geometry":{"type":"Point","coordinates":[-17.927142,28.813749]},"properties":{"clase":"naciente","origen":"Nacientes","nombre":"Hiedra (La)","municipio":"GARAFÍA","comarca":"I","codigo":"GF015"}},{"type":"Feature","geometry":{"type":"Point","coordinates":[-17.930208,28.804392]},"properties":{"clase":"naciente","origen":"Nacientes","nombre":"Fuente Negra","municipio":"GARAFÍA","comarca":"I","codigo":"GF016"}},{"type":"Feature","geometry":{"type":"Point","coordinates":[-17.909341,28.8255]},"properties":{"clase":"naciente","origen":"Nacientes","nombre":"Zarcero (El)","municipio":"GARAFÍA","comarca":"I","codigo":"GF017"}},{"type":"Feature","geometry":{"type":"Point","coordinates":[-17.830774,28.762242]},"properties":{"clase":"naciente","origen":"Nacientes","municipio":"SAN ANDRÉS Y SAUCES","comarca":"IIa","codigo":"SS019"}},{"type":"Feature","geometry":{"type":"Point","coordinates":[-17.83029,28.767243]},"properties":{"clase":"naciente","origen":"Nacientes","nombre":"Cordero","municipio":"SAN ANDRÉS Y SAUCES","comarca":"IIa","codigo":"SS020"}},{"type":"Feature","geometry":{"type":"Point","coordinates":[-17.828955,28.762646]},"properties":{"clase":"naciente","origen":"Nacientes","nombre":"Marcos","municipio":"SAN ANDRÉS Y SAUCES","comarca":"IIa","codigo":"SS021"}},{"type":"Feature","geometry":{"type":"Point","coordinates":[-17.813329,28.73001]},"properties":{"clase":"pozo","origen":"Pozos","nombre":"Pozo de la Nieve","municipio":"Santa Cruz","paraje":"Topo de Las Moraditas","altitud_m":1676,"estado":"Inactiva","subtipo":"Convencional"}},{"type":"Feature","geometry":{"type":"Point","coordinates":[-17.756951,28.779973]},"properties":{"clase":"pozo","origen":"Pozos","nombre":"Lito-La Galga","municipio":"San Andrés y Sauces","paraje":"Barranco del Cubo","altitud_m":48,"estado":"Inactiva","subtipo":"Convencional"}},{"type":"Feature","geometry":{"type":"Point","coordinates":[-17.735026,28.738635]},"properties":{"clase":"pozo","origen":"Pozos","nombre":"Las Pilas y El Espigon","municipio":"PuntaLlana","paraje":"Martín Luis","altitud_m":141,"estado":"Activa","subtipo":"Convencional"}},{"type":"Feature","geometry":{"type":"Point","coordinates":[-17.770628,28.677758]},"properties":{"clase":"pozo","origen":"Pozos","nombre":"San Isidro 1","municipio":"Santa Cruz","paraje":"Avenida Los Indianos","altitud_m":25,"estado":"Inactiva","subtipo":"Convencional"}},{"type":"Feature","geometry":{"type":"Point","coordinates":[-17.765244,28.684432]},"properties":{"clase":"pozo","origen":"Pozos","nombre":"Herederos de Luisa Perez","municipio":"Santa Cruz","paraje":"Santa  Cruz de La Palma","altitud_m":25,"estado":"Inactiva","subtipo":"Convencional"}},{"type":"Feature","geometry":{"type":"Point","coordinates":[-17.765435,28.683349]},"properties":{"clase":"pozo","origen":"Pozos","nombre":"Rodriguez Conde","municipio":"Santa Cruz","paraje":"Santa Cruz de la palma","altitud_m":25,"estado":"Inactiva","subtipo":"Convencional"}},{"type":"Feature","geometry":{"type":"Point","coordinates":[-17.766767,28.663147]},"properties":{"clase":"pozo","origen":"Pozos","nombre":"Llano del Pozo-Unelco Sur","municipio":"Breña Alta","paraje":"Los Guinchos","altitud_m":14,"estado":"Inactiva","subtipo":"Convencional"}},{"type":"Feature","geometry":{"type":"Point","coordinates":[-17.767248,28.665115]},"properties":{"clase":"pozo","origen":"Pozos","nombre":"Unelco Interior 2","municipio":"Breña Alta","paraje":"Playa Los Guinchos","altitud_m":4,"estado":"Inactiva","subtipo":"Convencional"}},{"type":"Feature","geometry":{"type":"Point","coordinates":[-17.767173,28.664979]},"properties":{"clase":"pozo","origen":"Pozos","nombre":"Unelco Interior 3","municipio":"Breña Alta","paraje":"Playa Los Guinchos","altitud_m":4,"estado":"Inactiva","subtipo":"Convencional"}},{"type":"Feature","geometry":{"type":"Point","coordinates":[-17.767053,28.664855]},"properties":{"clase":"pozo","origen":"Pozos","nombre":"Unelco Interior 4","municipio":"Breña Alta","paraje":"Playa Los Guinchos","altitud_m":5,"estado":"Inactiva","subtipo":"Convencional"}},{"type":"Feature","geometry":{"type":"Point","coordinates":[-17.766914,28.689402]},"properties":{"clase":"pozo","origen":"Pozos","nombre":"Los Pasitos","municipio":"Santa Cruz","paraje":"Barranco de Las Nieves","altitud_m":63,"estado":"Inactiva","subtipo":"Convencional"}},{"type":"Feature","geometry":{"type":"Point","coordinates":[-17.760485,28.692173]},"properties":{"clase":"pozo","origen":"Pozos","nombre":"Las Norias","municipio":"Santa Cruz","paraje":"Costa de Maldonado","altitud_m":21,"estado":"Inactiva","subtipo":"Convencional"}},{"type":"Feature","geometry":{"type":"Point","coordinates":[-17.920495,28.676789]},"properties":{"clase":"pozo","origen":"Pozos","nombre":"La Fuerza","municipio":"El Paso","paraje":"Barranco de Las Angustias","altitud_m":158,"estado":"Activa","subtipo":"Convencional"}},{"type":"Feature","geometry":{"type":"Point","coordinates":[-17.918922,28.679]},"properties":{"clase":"pozo","origen":"Pozos","nombre":"La Puntilla","municipio":"El Paso","paraje":"Hoyo de La Higuera","altitud_m":170,"estado":"Inactiva","subtipo":"Convencional"}},{"type":"Feature","geometry":{"type":"Point","coordinates":[-17.973461,28.703327]},"properties":{"clase":"pozo","origen":"Pozos","nombre":"Poris de Candelaria","municipio":"Tijarafe","paraje":"El Porís de Candelaria","altitud_m":8,"estado":"Inactiva","subtipo":"Convencional"}},{"type":"Feature","geometry":{"type":"Point","coordinates":[-17.905621,28.689934]},"properties":{"clase":"pozo","origen":"Pozos","nombre":"La Fajana","municipio":"El Paso","paraje":"Barranco Las Angustias-Hacienda del Cura","altitud_m":250,"estado":"Inactiva","subtipo":"Convencional"}},{"type":"Feature","geometry":{"type":"Point","coordinates":[-17.938913,28.657423]},"properties":{"clase":"pozo","origen":"Pozos","nombre":"Morriña o Vicente Hdez Fe","municipio":"Tazacorte","paraje":"Barranco  Las Angustias","altitud_m":50,"estado":"Activa","subtipo":"Convencional"}},{"type":"Feature","geometry":{"type":"Point","coordinates":[-17.93237,28.663066]},"properties":{"clase":"pozo","origen":"Pozos","nombre":"Zona Alta","municipio":"Los Llanos","paraje":"Barranco Las Angustias","altitud_m":75,"estado":"Activa","subtipo":"Convencional"}},{"type":"Feature","geometry":{"type":"Point","coordinates":[-17.928161,28.672394]},"properties":{"clase":"pozo","origen":"Pozos","nombre":"Las Casitas-El Remolino","municipio":"Los Llanos","paraje":"Barranco  Las Angustias","altitud_m":125,"estado":"Activa","subtipo":"Convencional"}},{"type":"Feature","geometry":{"type":"Point","coordinates":[-17.929687,28.666949]},"properties":{"clase":"pozo","origen":"Pozos","nombre":"Heredamiento Los Duques-EL Tablero","municipio":"Los Llanos","paraje":"Barranco Las Angustias","altitud_m":100,"estado":"Activa","subtipo":"Convencional"}},{"type":"Feature","geometry":{"type":"Point","coordinates":[-17.936002,28.660446]},"properties":{"clase":"pozo","origen":"Pozos","nombre":"La Prosperidad","municipio":"Tazacorte","paraje":"Barranco Las Angustias","altitud_m":55,"estado":"Activa","subtipo":"Convencional"}},{"type":"Feature","geometry":{"type":"Point","coordinates":[-17.942203,28.654781]},"properties":{"clase":"pozo","origen":"Pozos","nombre":"Juan Graje","municipio":"Tazacorte","paraje":"El Puerto","altitud_m":37,"estado":"Inactiva","subtipo":"Convencional"}},{"type":"Feature","geometry":{"type":"Point","coordinates":[-17.945797,28.652438]},"properties":{"clase":"pozo","origen":"Pozos","nombre":"Candelaria-Las Angustias I","municipio":"Tazacorte","paraje":"El Puerto","altitud_m":16,"estado":"Inactiva","subtipo":"Convencional"}},{"type":"Feature","geometry":{"type":"Point","coordinates":[-17.943354,28.652524]},"properties":{"clase":"pozo","origen":"Pozos","nombre":"Candelaria-Las Angustias II","municipio":"Tazacorte","paraje":"El Puerto","altitud_m":16,"estado":"Inactiva","subtipo":"Convencional"}},{"type":"Feature","geometry":{"type":"Point","coordinates":[-17.940913,28.653998]},"properties":{"clase":"pozo","origen":"Pozos","nombre":"Candelaria-Las Angustias III","municipio":"Tazacorte","paraje":"Barranco Las Angustias","altitud_m":24,"estado":"Inactiva","subtipo":"Convencional"}},{"type":"Feature","geometry":{"type":"Point","coordinates":[-17.943414,28.648237]},"properties":{"clase":"pozo","origen":"Pozos","nombre":"G.S.Colonizacion","municipio":"Tazacorte","paraje":"Barranco Tenisca-Los Tarajales","altitud_m":8,"estado":"Inactiva","subtipo":"Convencional"}},{"type":"Feature","geometry":{"type":"Point","coordinates":[-17.941822,28.647392]},"properties":{"clase":"pozo","origen":"Pozos","nombre":"La Fuerza de Tenisca","municipio":"Tazacorte","paraje":"Barranco Tenisca-Los Tarajales","altitud_m":14,"estado":"Activa","subtipo":"Convencional"}},{"type":"Feature","geometry":{"type":"Point","coordinates":[-17.938204,28.647646]},"properties":{"clase":"pozo","origen":"Pozos","nombre":"San Miguel","municipio":"Tazacorte","paraje":"Barranco Tenisca","altitud_m":32,"estado":"Activa","subtipo":"Convencional"}},{"type":"Feature","geometry":{"type":"Point","coordinates":[-17.930677,28.647353]},"properties":{"clase":"pozo","origen":"Pozos","nombre":"El Salto","municipio":"Tazacorte","paraje":"El Salto-Barranco Tenisca","altitud_m":106,"estado":"Activa","subtipo":"Convencional"}},{"type":"Feature","geometry":{"type":"Point","coordinates":[-17.938958,28.641158]},"properties":{"clase":"pozo","origen":"Pozos","nombre":"San Antonio","municipio":"Tazacorte","paraje":"Acantilados Tazacorte","altitud_m":4,"estado":"Activa","subtipo":"Convencional"}},{"type":"Feature","geometry":{"type":"Point","coordinates":[-17.929644,28.629751]},"properties":{"clase":"pozo","origen":"Pozos","nombre":"San Isidro","municipio":"Tazacorte","paraje":"San Ididro","altitud_m":80,"estado":"Activa","subtipo":"Convencional"}},{"type":"Feature","geometry":{"type":"Point","coordinates":[-17.921565,28.628122]},"properties":{"clase":"pozo","origen":"Pozos","nombre":"San Luis","municipio":"Tazacorte","paraje":"Montaña de La Laguna","altitud_m":137,"estado":"Inactiva","subtipo":"Convencional"}},{"type":"Feature","geometry":{"type":"Point","coordinates":[-17.919165,28.626035]},"properties":{"clase":"pozo","origen":"Pozos","nombre":"Fondo de la Montaña","municipio":"Tazacorte","paraje":"Montaña de La Laguna","altitud_m":164,"estado":"Inactiva","subtipo":"Convencional"}},{"type":"Feature","geometry":{"type":"Point","coordinates":[-17.761455,28.694615]},"properties":{"clase":"pozo","origen":"Pozos","nombre":"Hdos Mario Fdez Glez","municipio":"Santa Cruz","paraje":"Barranco del Carmen","altitud_m":25,"estado":"Inactiva","subtipo":"Convencional"}},{"type":"Feature","geometry":{"type":"Point","coordinates":[-17.75553,28.707959]},"properties":{"clase":"pozo","origen":"Pozos","nombre":"La Caldereta o Polvorin","municipio":"Santa Cruz","paraje":"Barranco Seco","altitud_m":50,"estado":"Inactiva","subtipo":"Convencional"}},{"type":"Feature","geometry":{"type":"Point","coordinates":[-17.772925,28.690092]},"properties":{"clase":"pozo","origen":"Pozos","nombre":"El Roque","municipio":"Santa Cruz","paraje":"Barranco de La Madera","altitud_m":125,"estado":"Activa","subtipo":"Convencional"}},{"type":"Feature","geometry":{"type":"Point","coordinates":[-17.783297,28.64037]},"properties":{"clase":"pozo","origen":"Pozos","nombre":"Amargavino","municipio":"Breña Baja","paraje":"Las Ledas","altitud_m":400,"estado":"Activa","subtipo":"Convencional"}},{"type":"Feature","geometry":{"type":"Point","coordinates":[-17.782792,28.640557]},"properties":{"clase":"pozo","origen":"Pozos","nombre":"Bajo Campo de Fútbol","municipio":"Breña Baja","paraje":"Las Ledas","altitud_m":400,"estado":"Inactiva","subtipo":"Convencional"}},{"type":"Feature","geometry":{"type":"Point","coordinates":[-17.776442,28.812548]},"properties":{"clase":"pozo","origen":"Pozos","nombre":"Herradura 1","municipio":"San Andrés y Sauces","paraje":"Barranco de La Herradura","altitud_m":100,"estado":"Inactiva","subtipo":"Convencional"}},{"type":"Feature","geometry":{"type":"Point","coordinates":[-17.787188,28.806755]},"properties":{"clase":"pozo","origen":"Pozos","nombre":"La Fajana-Perna-Herradura 2","municipio":"San Andrés y Sauces","paraje":"Barranco de La Herradura","altitud_m":250,"estado":"Inactiva","subtipo":"Convencional"}},{"type":"Feature","geometry":{"type":"Point","coordinates":[-17.760972,28.800892]},"properties":{"clase":"pozo","origen":"Pozos","nombre":"California","municipio":"San Andrés y Sauces","paraje":"Barranco del Agua","altitud_m":25,"estado":"Activa","subtipo":"Convencional"}},{"type":"Feature","geometry":{"type":"Point","coordinates":[-17.771888,28.785253]},"properties":{"clase":"pozo","origen":"Pozos","nombre":"San Juan","municipio":"San Andrés y Sauces","paraje":"Barranco de San Juan","altitud_m":208,"estado":"Activa","subtipo":"Convencional"}},{"type":"Feature","geometry":{"type":"Point","coordinates":[-17.761345,28.652994]},"properties":{"clase":"pozo","origen":"Pozos","nombre":"Cancajos-Cantillo","municipio":"Breña Baja","paraje":"Los Cancajos","altitud_m":11,"estado":"Inactiva","subtipo":"Convencional"}},{"type":"Feature","geometry":{"type":"Point","coordinates":[-17.91901,28.679113]},"properties":{"clase":"pozo","origen":"Pozos","nombre":"La Puntilla 2","municipio":"El Paso","paraje":"Hoyo de La Higuera","altitud_m":176,"estado":"Inactiva","subtipo":"Convencional"}},{"type":"Feature","geometry":{"type":"Point","coordinates":[-17.852533,28.661293]},"properties":{"clase":"pozo","origen":"Pozos","nombre":"Llano de la Pina 2","municipio":"El Paso","paraje":"Virgen del Pino","altitud_m":833,"estado":"Inactiva","subtipo":"Convencional"}},{"type":"Feature","geometry":{"type":"Point","coordinates":[-17.786504,28.686292]},"properties":{"clase":"pozo","origen":"Pozos","nombre":"El Castaño","municipio":"Santa Cruz","paraje":"Barranco Los Pajaritos","altitud_m":355,"estado":"Inactiva","subtipo":"Convencional"}},{"type":"Feature","geometry":{"type":"Point","coordinates":[-17.76738,28.665042]},"properties":{"clase":"pozo","origen":"Pozos","nombre":"Unelco Interior 5","municipio":"Breña Alta","paraje":"Playa Los Guinchos","altitud_m":5,"estado":"Inactiva","subtipo":"Convencional"}},{"type":"Feature","geometry":{"type":"Point","coordinates":[-17.768788,28.665773]},"properties":{"clase":"pozo","origen":"Pozos","nombre":"Unelco","municipio":"Breña Alta","paraje":"Los Guinchos","altitud_m":8,"estado":"Inactiva","subtipo":"Convencional"}},{"type":"Feature","geometry":{"type":"Point","coordinates":[-17.768604,28.665941]},"properties":{"clase":"pozo","origen":"Pozos","nombre":"(Disa) Casa del Capitan","municipio":"Breña Alta","paraje":"Los Guinchos","altitud_m":10,"estado":"Inactiva","subtipo":"Convencional"}},{"type":"Feature","geometry":{"type":"Point","coordinates":[-17.765613,28.660155]},"properties":{"clase":"pozo","origen":"Pozos","nombre":"El Fuerte","municipio":"Breña Baja","paraje":"El Fuerte","altitud_m":25,"estado":"Inactiva","subtipo":"Convencional"}},{"type":"Feature","geometry":{"type":"Point","coordinates":[-17.774259,28.679328]},"properties":{"clase":"pozo","origen":"Pozos","nombre":"El Polvorin","municipio":"Breña Alta","paraje":"Valle La Luna","altitud_m":108,"estado":"Inactiva","subtipo":"Convencional"}},{"type":"Feature","geometry":{"type":"Point","coordinates":[-17.969853,28.700667]},"properties":{"clase":"pozo","origen":"Pozos","nombre":"Jurado","municipio":"Tijarafe","paraje":"Barranco Jurado","altitud_m":26,"estado":"Inactiva","subtipo":"Convencional"}},{"type":"Feature","geometry":{"type":"Point","coordinates":[-17.964723,28.702651]},"properties":{"clase":"pozo","origen":"Pozos","nombre":"Salto del Jurado","municipio":"Tijarafe","paraje":"Barranco Jurado","altitud_m":151,"estado":"Inactiva","subtipo":"Convencional"}},{"type":"Feature","geometry":{"type":"Point","coordinates":[-17.796138,28.792605]},"properties":{"clase":"pozo","origen":"Pozos","nombre":"Los Tilos","municipio":"San Andrés y Sauces","paraje":"Los Tilos","altitud_m":401,"estado":"Activa","subtipo":"Convencional"}},{"type":"Feature","geometry":{"type":"Point","coordinates":[-17.782819,28.797253]},"properties":{"clase":"pozo","origen":"Pozos","nombre":"El Palomar","municipio":"San Andrés y Sauces","paraje":"Barranco Los Tilos","altitud_m":229,"estado":"Inactiva","subtipo":"Convencional"}},{"type":"Feature","geometry":{"type":"Point","coordinates":[-17.769427,28.667076]},"properties":{"clase":"pozo","origen":"Pozos","nombre":"Ruston","municipio":"Breña Alta","paraje":"Finca Manolo Blahnik","altitud_m":18,"estado":"Inactiva","subtipo":"Convencional"}},{"type":"Feature","geometry":{"type":"Point","coordinates":[-17.915998,28.599684]},"properties":{"clase":"pozo","origen":"Pozos","nombre":"Las Hoyas","municipio":"Tazacorte","paraje":"Las Hoyas","altitud_m":41,"estado":"Inactiva","subtipo":"Convencional"}},{"type":"Feature","geometry":{"type":"Point","coordinates":[-17.759268,28.595635]},"properties":{"clase":"pozo","origen":"Pozos","nombre":"Las Goteras","municipio":"Mazo","paraje":"El Posito","altitud_m":43,"estado":"Inactiva","subtipo":"Convencional"}},{"type":"Feature","geometry":{"type":"Point","coordinates":[-17.908026,28.58863]},"properties":{"clase":"pozo","origen":"Pozos","nombre":"Peña Horeb","municipio":"Los Llanos","paraje":"Puerto Naos","altitud_m":45,"estado":"Activa","subtipo":"Convencional"}},{"type":"Feature","geometry":{"type":"Point","coordinates":[-17.874696,28.52503]},"properties":{"clase":"pozo","origen":"Pozos","nombre":"Rosas del Banco","municipio":"Fuencaliente","paraje":"El Banco","altitud_m":50,"estado":"Inactiva","subtipo":"Convencional"}},{"type":"Feature","geometry":{"type":"Point","coordinates":[-17.873641,28.520564]},"properties":{"clase":"pozo","origen":"Pozos","nombre":"El Delirio","municipio":"Fuencaliente","paraje":"Los Andenes","altitud_m":75,"estado":"Inactiva","subtipo":"Convencional"}},{"type":"Feature","geometry":{"type":"Point","coordinates":[-17.872566,28.513852]},"properties":{"clase":"pozo","origen":"Pozos","nombre":"Zamora","municipio":"Fuencaliente","paraje":"La Zamora","altitud_m":59,"estado":"Inactiva","subtipo":"Convencional"}},{"type":"Feature","geometry":{"type":"Point","coordinates":[-17.769932,28.66922]},"properties":{"clase":"pozo","origen":"Pozos","nombre":"Campo de futbol","municipio":"Breña Alta","paraje":"Bajamar","altitud_m":19,"estado":"Inactiva","subtipo":"Convencional"}},{"type":"Feature","geometry":{"type":"Point","coordinates":[-17.932456,28.624982]},"properties":{"clase":"pozo","origen":"Pozos","nombre":"Taparratana","municipio":"Tazacorte","paraje":"Punta del perdido","altitud_m":7,"estado":"Inactiva","subtipo":"Galería"}},{"type":"Feature","geometry":{"type":"Point","coordinates":[-17.77098,28.698886]},"properties":{"clase":"pozo","origen":"Pozos","nombre":"Ntra. Sra. del Carmen","municipio":"Santa Cruz","paraje":"Barranco del Carmen","altitud_m":150,"estado":"Activa","subtipo":"Convencional"}},{"type":"Feature","geometry":{"type":"Point","coordinates":[-17.785007,28.698344]},"properties":{"clase":"pozo","origen":"Pozos","nombre":"De las Lajas","municipio":"Santa Cruz","paraje":"Barranco de la Madera","altitud_m":308,"estado":"Activa","subtipo":"Convencional"}},{"type":"Feature","geometry":{"type":"Point","coordinates":[-17.781358,28.705424]},"properties":{"clase":"pozo","origen":"Pozos","nombre":"Miraflores","municipio":"Santa Cruz","paraje":"Barranco del Carmen","altitud_m":331,"estado":"Inactiva","subtipo":"Convencional"}},{"type":"Feature","geometry":{"type":"Point","coordinates":[-17.760607,28.716878]},"properties":{"clase":"pozo","origen":"Pozos","nombre":"Tenagua","municipio":"Santa Cruz","paraje":"Barranco Seco","altitud_m":200,"estado":"Activa","subtipo":"Convencional"}},{"type":"Feature","geometry":{"type":"Point","coordinates":[-17.849147,28.664586]},"properties":{"clase":"pozo","origen":"Pozos","nombre":"Capote","municipio":"El Paso","paraje":"El Riachuelo","altitud_m":862,"estado":"Inactiva","subtipo":"Convencional"}},{"type":"Feature","geometry":{"type":"Point","coordinates":[-17.770003,28.669348]},"properties":{"clase":"pozo","origen":"Pozos","nombre":"Avenida","municipio":"Breña Alta","paraje":"Bajamar","altitud_m":19,"estado":"Inactiva","subtipo":"Galería"}},{"type":"Feature","geometry":{"type":"Point","coordinates":[-17.778633,28.658637]},"properties":{"clase":"pozo","origen":"Pozos","nombre":"Costa Las Breñas","municipio":"Breña Alta","paraje":"Barranco La Laja","altitud_m":204,"estado":"Inactiva","subtipo":"Convencional"}},{"type":"Feature","geometry":{"type":"Point","coordinates":[-17.784228,28.648587]},"properties":{"clase":"pozo","origen":"Pozos","nombre":"Brezal","municipio":"Breña Alta","paraje":"Miranda","altitud_m":345,"estado":"Inactiva","subtipo":"Convencional"}},{"type":"Feature","geometry":{"type":"Point","coordinates":[-17.848542,28.661531]},"properties":{"clase":"pozo","origen":"Pozos","nombre":"Llano de la Pina","municipio":"El Paso","paraje":"Virgen del Pino","altitud_m":850,"estado":"Inactiva","subtipo":"Convencional"}},{"type":"Feature","geometry":{"type":"Point","coordinates":[-17.962895,28.800359]},"properties":{"clase":"pozo","origen":"Pozos","nombre":"Del Noroeste","municipio":"Garafía","paraje":"Barranco de Briesta","altitud_m":400,"estado":"Activa","subtipo":"Convencional"}},{"type":"Feature","geometry":{"type":"Point","coordinates":[-17.752114,28.764391]},"properties":{"clase":"pozo","origen":"Pozos","nombre":"Nogales","municipio":"PuntaLlana","paraje":"Barranco Nogales","altitud_m":75,"estado":"Inactiva","subtipo":"Convencional"}},{"type":"Feature","geometry":{"type":"Point","coordinates":[-17.758658,28.778006]},"properties":{"clase":"pozo","origen":"Pozos","nombre":"La Fabrica","municipio":"PuntaLlana","paraje":"Barranco El Cubo","altitud_m":75,"estado":"Inactiva","subtipo":"Convencional"}},{"type":"Feature","geometry":{"type":"Point","coordinates":[-17.924348,28.675417]},"properties":{"clase":"pozo","origen":"Pozos","nombre":"El Rayo","municipio":"Tijarafe","paraje":"Barranco de Las Angustias","altitud_m":157,"estado":"Activa","subtipo":"Convencional"}},{"type":"Feature","geometry":{"type":"Point","coordinates":[-17.991422,28.74158]},"properties":{"clase":"pozo","origen":"Pozos","nombre":"Garome","municipio":"Punta Gorda","paraje":"Barranco Garome","altitud_m":63,"estado":"Inactiva","subtipo":"Convencional"}},{"type":"Feature","geometry":{"type":"Point","coordinates":[-17.993885,28.74402]},"properties":{"clase":"pozo","origen":"Pozos","nombre":"Palito I","municipio":"Punta Gorda","paraje":"Barranco del Roque","altitud_m":41,"estado":"Inactiva","subtipo":"Convencional"}},{"type":"Feature","geometry":{"type":"Point","coordinates":[-17.991817,28.740329]},"properties":{"clase":"pozo","origen":"Pozos","nombre":"Tinizara","municipio":"Punta Gorda","paraje":"Barranco Garome","altitud_m":9,"estado":"Inactiva","subtipo":"Convencional"}},{"type":"Feature","geometry":{"type":"Point","coordinates":[-18.002849,28.769837]},"properties":{"clase":"pozo","origen":"Pozos","nombre":"Agua Dulce","municipio":"Punta Gorda","paraje":"El Polear","altitud_m":225,"estado":"Inactiva","subtipo":"Convencional"}},{"type":"Feature","geometry":{"type":"Point","coordinates":[-17.767043,28.663556]},"properties":{"clase":"pozo","origen":"Pozos","nombre":"Don Pelayo","municipio":"Breña Alta","paraje":"Los Guinchos","altitud_m":12,"estado":"Inactiva","subtipo":"Convencional"}},{"type":"Feature","geometry":{"type":"Point","coordinates":[-17.953735,28.712462]},"properties":{"clase":"pozo","origen":"Pozos","nombre":"Tijarafe","municipio":"Tijarafe","paraje":"Candelaria","altitud_m":665,"estado":"Inactiva","subtipo":"Convencional"}},{"type":"Feature","geometry":{"type":"Point","coordinates":[-17.993597,28.742755]},"properties":{"clase":"pozo","origen":"Pozos","nombre":"Palito II","municipio":"Punta Gorda","paraje":"Barranco del Roque","altitud_m":26,"estado":"Inactiva","subtipo":"Convencional"}},{"type":"Feature","geometry":{"type":"Point","coordinates":[-17.808543,28.826741]},"properties":{"clase":"galeria","origen":"Galerías","nombre":"Los Tocaderos","municipio":"Barlovento","paraje":"Barranco Los Tocaderos","altitud_m":575,"estado":"Activa","subtipo":"Convencional"}},{"type":"Feature","geometry":{"type":"Point","coordinates":[-17.818944,28.815863]},"properties":{"clase":"galeria","origen":"Galerías","nombre":"De La Vica","municipio":"Barlovento","paraje":"Barranco de La Vica","altitud_m":559,"estado":"Inactiva","subtipo":"Naciente"}},{"type":"Feature","geometry":{"type":"Point","coordinates":[-17.815726,28.797058]},"properties":{"clase":"galeria","origen":"Galerías","nombre":"Salto o Caldero de Meleno","municipio":"Barlovento","paraje":"Barranco Meleno","altitud_m":810,"estado":"Activa","subtipo":"Convencional"}},{"type":"Feature","geometry":{"type":"Point","coordinates":[-17.787199,28.816676]},"properties":{"clase":"galeria","origen":"Galerías","nombre":"Guirineldos","municipio":"Barlovento","paraje":"Barranco La Gata","altitud_m":300,"estado":"Activa","subtipo":"Convencional"}},{"type":"Feature","geometry":{"type":"Point","coordinates":[-17.805965,28.819087]},"properties":{"clase":"galeria","origen":"Galerías","nombre":"El Capricho","municipio":"Barlovento","paraje":"Llanadas  de Bona","altitud_m":650,"estado":"Inactiva","subtipo":"Socavón"}},{"type":"Feature","geometry":{"type":"Point","coordinates":[-17.818467,28.816401]},"properties":{"clase":"galeria","origen":"Galerías","nombre":"El Cerco","municipio":"Barlovento","paraje":"Barranco La Vica","altitud_m":550,"estado":"Activa","subtipo":"Convencional"}},{"type":"Feature","geometry":{"type":"Point","coordinates":[-17.821107,28.815012]},"properties":{"clase":"galeria","origen":"Galerías","nombre":"Cuevitas","municipio":"Barlovento","paraje":"Barranco La Vica","altitud_m":608,"estado":"Activa","subtipo":"Convencional"}},{"type":"Feature","geometry":{"type":"Point","coordinates":[-17.745959,28.752218]},"properties":{"clase":"galeria","origen":"Galerías","nombre":"El Caldero","municipio":"Puntallana","paraje":"Barranco del Caldero","altitud_m":299,"estado":"Inactiva","subtipo":"Socavón"}},{"type":"Feature","geometry":{"type":"Point","coordinates":[-17.754566,28.703037]},"properties":{"clase":"galeria","origen":"Galerías","nombre":"Costa de Miranda","municipio":"Santa Cruz","paraje":"Costa de Miranda","altitud_m":24,"estado":"Inactiva","subtipo":"Socavón"}},{"type":"Feature","geometry":{"type":"Point","coordinates":[-17.818994,28.810393]},"properties":{"clase":"galeria","origen":"Galerías","nombre":"El Cuervo","municipio":"Barlovento","paraje":"El Cuervo Lomo del Aderno","altitud_m":802,"estado":"Inactiva","subtipo":"Naciente"}},{"type":"Feature","geometry":{"type":"Point","coordinates":[-17.817588,28.802]},"properties":{"clase":"galeria","origen":"Galerías","nombre":"Cancelitas o Adelfa","municipio":"Barlovento","paraje":"Campanario del Garabato","altitud_m":948,"estado":"Inactiva","subtipo":"Naciente"}},{"type":"Feature","geometry":{"type":"Point","coordinates":[-17.820191,28.802933]},"properties":{"clase":"galeria","origen":"Galerías","nombre":"Hoya de las Vergas","municipio":"Barlovento","paraje":"El Lomito","altitud_m":1000,"estado":"Inactiva","subtipo":"Naciente"}},{"type":"Feature","geometry":{"type":"Point","coordinates":[-17.809989,28.670596]},"properties":{"clase":"galeria","origen":"Galerías","nombre":"Las Lajas II","municipio":"Breña Alta","paraje":"Barranco La Laja","altitud_m":734,"estado":"Inactiva","subtipo":"Socavón"}},{"type":"Feature","geometry":{"type":"Point","coordinates":[-17.872802,28.657698]},"properties":{"clase":"galeria","origen":"Galerías","nombre":"El Valle","municipio":"El Paso","paraje":"Las Laderitas","altitud_m":725,"estado":"Inactiva","subtipo":"Convencional"}},{"type":"Feature","geometry":{"type":"Point","coordinates":[-17.880117,28.66758]},"properties":{"clase":"galeria","origen":"Galerías","nombre":"Los Remedios","municipio":"El Paso","paraje":"Barranco de Torres","altitud_m":679,"estado":"Inactiva","subtipo":"Socavón"}},{"type":"Feature","geometry":{"type":"Point","coordinates":[-17.873649,28.672776]},"properties":{"clase":"galeria","origen":"Galerías","nombre":"La Yedra","municipio":"El Paso","paraje":"Barranco de Torres","altitud_m":930,"estado":"Inactiva","subtipo":"Convencional"}},{"type":"Feature","geometry":{"type":"Point","coordinates":[-17.897368,28.674355]},"properties":{"clase":"galeria","origen":"Galerías","nombre":"Los Pajaros","municipio":"El Paso","paraje":"Barranco de Torres","altitud_m":700,"estado":"Inactiva","subtipo":"Socavón"}},{"type":"Feature","geometry":{"type":"Point","coordinates":[-17.905165,28.683736]},"properties":{"clase":"galeria","origen":"Galerías","nombre":"Salto de los Puercos","municipio":"El Paso","paraje":"La Cancelita","altitud_m":501,"estado":"Inactiva","subtipo":"Convencional"}},{"type":"Feature","geometry":{"type":"Point","coordinates":[-17.910085,28.688657]},"properties":{"clase":"galeria","origen":"Galerías","nombre":"El Campanario","municipio":"El Paso","paraje":"El Campanario","altitud_m":298,"estado":"Inactiva","subtipo":"Convencional"}},{"type":"Feature","geometry":{"type":"Point","coordinates":[-17.903765,28.692148]},"properties":{"clase":"galeria","origen":"Galerías","nombre":"Tirimoche","municipio":"El Paso","paraje":"Los Camachos","altitud_m":350,"estado":"Activa","subtipo":"Convencional"}},{"type":"Feature","geometry":{"type":"Point","coordinates":[-17.913522,28.693321]},"properties":{"clase":"galeria","origen":"Galerías","nombre":"Charco de las Ovejas","municipio":"El Paso","paraje":"Los Camachos","altitud_m":539,"estado":"Activa","subtipo":"Convencional"}},{"type":"Feature","geometry":{"type":"Point","coordinates":[-17.914535,28.695924]},"properties":{"clase":"galeria","origen":"Galerías","nombre":"Santa Teresa","municipio":"El Paso","paraje":"Hacienda del Cura","altitud_m":664,"estado":"Activa","subtipo":"Convencional"}},{"type":"Feature","geometry":{"type":"Point","coordinates":[-17.910623,28.703108]},"properties":{"clase":"galeria","origen":"Galerías","nombre":"Cadenas de Agua-Las Cañas","municipio":"El Paso","paraje":"Risco Camacho","altitud_m":900,"estado":"Activa","subtipo":"Convencional"}},{"type":"Feature","geometry":{"type":"Point","coordinates":[-17.909331,28.699838]},"properties":{"clase":"galeria","origen":"Galerías","nombre":"Salto de las Cañas","municipio":"El Paso","paraje":"Hacienda del Cura","altitud_m":734,"estado":"Inactiva","subtipo":"Convencional"}},{"type":"Feature","geometry":{"type":"Point","coordinates":[-17.901753,28.718732]},"properties":{"clase":"galeria","origen":"Galerías","nombre":"Tenerra","municipio":"El Paso","paraje":"Barranco Las Cañeras","altitud_m":1179,"estado":"Activa","subtipo":"Convencional"}},{"type":"Feature","geometry":{"type":"Point","coordinates":[-17.889129,28.730718]},"properties":{"clase":"galeria","origen":"Galerías","nombre":"Risco Liso","municipio":"El Paso","paraje":"Barranco Risco Liso","altitud_m":1101,"estado":"Activa","subtipo":"Convencional"}},{"type":"Feature","geometry":{"type":"Point","coordinates":[-17.885496,28.735902]},"properties":{"clase":"galeria","origen":"Galerías","nombre":"Bombas de Agua","municipio":"El Paso","paraje":"Barranco Bombas de Agua","altitud_m":1167,"estado":"Activa","subtipo":"Convencional"}},{"type":"Feature","geometry":{"type":"Point","coordinates":[-17.874033,28.750831]},"properties":{"clase":"galeria","origen":"Galerías","nombre":"Cantos I","municipio":"El Paso","paraje":"Cantos de Turugumay","altitud_m":1271,"estado":"Activa","subtipo":"Convencional"}},{"type":"Feature","geometry":{"type":"Point","coordinates":[-17.87376,28.750954]},"properties":{"clase":"galeria","origen":"Galerías","nombre":"Cantos II","municipio":"El Paso","paraje":"Cantos de Turugumay","altitud_m":1269,"estado":"Activa","subtipo":"Convencional"}},{"type":"Feature","geometry":{"type":"Point","coordinates":[-17.96513,28.683531]},"properties":{"clase":"galeria","origen":"Galerías","nombre":"La Laja","municipio":"Tijarafe","paraje":"Punta La Laja","altitud_m":22,"estado":"Inactiva","subtipo":"Socavón"}},{"type":"Feature","geometry":{"type":"Point","coordinates":[-17.958583,28.720187]},"properties":{"clase":"galeria","origen":"Galerías","nombre":"Aguatavar","municipio":"Tijarafe","paraje":"Barranco de Aguatavar o Cueva Grande","altitud_m":626,"estado":"Activa","subtipo":"Convencional"}},{"type":"Feature","geometry":{"type":"Point","coordinates":[-17.785372,28.68671]},"properties":{"clase":"galeria","origen":"Galerías","nombre":"Los Alpes","municipio":"Santa Cruz","paraje":"Barranco Los Pajaritos","altitud_m":325,"estado":"Activa","subtipo":"Convencional"}},{"type":"Feature","geometry":{"type":"Point","coordinates":[-17.774788,28.710979]},"properties":{"clase":"galeria","origen":"Galerías","nombre":"La Candelaria","municipio":"Santa Cruz","paraje":"Lomo Espanta","altitud_m":450,"estado":"Activa","subtipo":"Convencional"}},{"type":"Feature","geometry":{"type":"Point","coordinates":[-17.774738,28.710242]},"properties":{"clase":"galeria","origen":"Galerías","nombre":"(Desconocido)","municipio":"Santa Cruz","paraje":"Lomo Espanta","altitud_m":521,"estado":"Inactiva","subtipo":"Socavón"}},{"type":"Feature","geometry":{"type":"Point","coordinates":[-17.80305,28.681485]},"properties":{"clase":"galeria","origen":"Galerías","nombre":"La Afortunada","municipio":"Santa Cruz","paraje":"Los Palomos","altitud_m":672,"estado":"Activa","subtipo":"Convencional"}},{"type":"Feature","geometry":{"type":"Point","coordinates":[-17.802529,28.683823]},"properties":{"clase":"galeria","origen":"Galerías","nombre":"Los Majaderos","municipio":"Santa Cruz","paraje":"Los Palomos","altitud_m":702,"estado":"Inactiva","subtipo":"Convencional"}},{"type":"Feature","geometry":{"type":"Point","coordinates":[-17.808325,28.669691]},"properties":{"clase":"galeria","origen":"Galerías","nombre":"La Mesa","municipio":"Breña Alta","paraje":"Barranco Aguasencio","altitud_m":675,"estado":"Inactiva","subtipo":"Convencional"}},{"type":"Feature","geometry":{"type":"Point","coordinates":[-17.810137,28.66301]},"properties":{"clase":"galeria","origen":"Galerías","nombre":"Victoria del Cilantro","municipio":"Breña Alta","paraje":"Lomo del Adorno","altitud_m":750,"estado":"Inactiva","subtipo":"Convencional"}},{"type":"Feature","geometry":{"type":"Point","coordinates":[-17.810197,28.670601]},"properties":{"clase":"galeria","origen":"Galerías","nombre":"Las Lajas","municipio":"Breña Alta","paraje":"Barranco La Laja","altitud_m":740,"estado":"Inactiva","subtipo":"Convencional"}},{"type":"Feature","geometry":{"type":"Point","coordinates":[-17.810334,28.671258]},"properties":{"clase":"galeria","origen":"Galerías","nombre":"Risco Blanco III","municipio":"Breña Alta","paraje":"Barranco La Laja","altitud_m":701,"estado":"Inactiva","subtipo":"Socavón"}},{"type":"Feature","geometry":{"type":"Point","coordinates":[-17.813663,28.665884]},"properties":{"clase":"galeria","origen":"Galerías","nombre":"Salto de la Hondura Alta","municipio":"Breña Alta","paraje":"Lomo de Las Vueltas","altitud_m":818,"estado":"Inactiva","subtipo":"Socavón"}},{"type":"Feature","geometry":{"type":"Point","coordinates":[-17.82197,28.801769]},"properties":{"clase":"galeria","origen":"Galerías","nombre":"El Rio","municipio":"Barlovento","paraje":"El Lomito","altitud_m":1024,"estado":"Inactiva","subtipo":"Naciente"}},{"type":"Feature","geometry":{"type":"Point","coordinates":[-17.825277,28.800047]},"properties":{"clase":"galeria","origen":"Galerías","nombre":"La Basera","municipio":"Barlovento","paraje":"El Lomito","altitud_m":1078,"estado":"Inactiva","subtipo":"Naciente"}},{"type":"Feature","geometry":{"type":"Point","coordinates":[-17.83372,28.80089]},"properties":{"clase":"galeria","origen":"Galerías","nombre":"Marruecos","municipio":"Barlovento","paraje":"Barranco gallegos","altitud_m":769,"estado":"Inactiva","subtipo":"Socavón"}},{"type":"Feature","geometry":{"type":"Point","coordinates":[-17.834719,28.818204]},"properties":{"clase":"galeria","origen":"Galerías","nombre":"Ntra Sra del Cobre","municipio":"Barlovento","paraje":"Los Llanitos","altitud_m":574,"estado":"Inactiva","subtipo":"Socavón"}},{"type":"Feature","geometry":{"type":"Point","coordinates":[-17.800098,28.687064]},"properties":{"clase":"galeria","origen":"Galerías","nombre":"La Vega","municipio":"Santa Cruz","paraje":"Barranco Los Pajaritos","altitud_m":612,"estado":"Inactiva","subtipo":"Socavón"}},{"type":"Feature","geometry":{"type":"Point","coordinates":[-17.803599,28.693539]},"properties":{"clase":"galeria","origen":"Galerías","nombre":"El Remanente","municipio":"Santa Cruz","paraje":"Barranco Quintero","altitud_m":645,"estado":"Activa","subtipo":"Convencional"}},{"type":"Feature","geometry":{"type":"Point","coordinates":[-17.813673,28.666167]},"properties":{"clase":"galeria","origen":"Galerías","nombre":"La Hondura","municipio":"Breña Alta","paraje":"Lomo de Las Vueltas","altitud_m":820,"estado":"Inactiva","subtipo":"Convencional"}},{"type":"Feature","geometry":{"type":"Point","coordinates":[-17.816577,28.673776]},"properties":{"clase":"galeria","origen":"Galerías","nombre":"Risco Blanco I","municipio":"Breña Alta","paraje":"Barranco Aguacencio","altitud_m":904,"estado":"Activa","subtipo":"Convencional"}},{"type":"Feature","geometry":{"type":"Point","coordinates":[-17.810871,28.682098]},"properties":{"clase":"galeria","origen":"Galerías","nombre":"Los Remolinos","municipio":"Breña Alta","paraje":"Barranco de Juan Mayor","altitud_m":775,"estado":"Activa","subtipo":"Convencional"}},{"type":"Feature","geometry":{"type":"Point","coordinates":[-17.804935,28.677765]},"properties":{"clase":"galeria","origen":"Galerías","nombre":"Las Breñas","municipio":"Breña Alta","paraje":"Barranco de Juan Mayor","altitud_m":613,"estado":"Activa","subtipo":"Convencional"}},{"type":"Feature","geometry":{"type":"Point","coordinates":[-17.787985,28.657617]},"properties":{"clase":"galeria","origen":"Galerías","nombre":"Hidraulica Breña Alta","municipio":"Breña Alta","paraje":"San Miguel","altitud_m":300,"estado":"Activa","subtipo":"Convencional"}},{"type":"Feature","geometry":{"type":"Point","coordinates":[-17.835502,28.7923]},"properties":{"clase":"galeria","origen":"Galerías","nombre":"Loros Bajos","municipio":"Barlovento","paraje":"Barranco Gallegos","altitud_m":950,"estado":"Activa","subtipo":"Convencional"}},{"type":"Feature","geometry":{"type":"Point","coordinates":[-17.802056,28.694469]},"properties":{"clase":"galeria","origen":"Galerías","nombre":"El Porvenir","municipio":"Santa Cruz","paraje":"Barranco Quintero","altitud_m":611,"estado":"Inactiva","subtipo":"Socavón"}},{"type":"Feature","geometry":{"type":"Point","coordinates":[-17.79013,28.703419]},"properties":{"clase":"galeria","origen":"Galerías","nombre":"La Madera-Sta Ana","municipio":"Santa Cruz","paraje":"Barranco La Madera","altitud_m":450,"estado":"Activa","subtipo":"Convencional"}},{"type":"Feature","geometry":{"type":"Point","coordinates":[-17.789533,28.704276]},"properties":{"clase":"galeria","origen":"Galerías","nombre":"Fuente Morriña","municipio":"Santa Cruz","paraje":"Barranco de La Madera","altitud_m":412,"estado":"Inactiva","subtipo":"Naciente"}},{"type":"Feature","geometry":{"type":"Point","coordinates":[-17.783496,28.707384]},"properties":{"clase":"galeria","origen":"Galerías","nombre":"El Pulpito","municipio":"Santa Cruz","paraje":"Barranco del Carmen","altitud_m":394,"estado":"Inactiva","subtipo":"Convencional"}},{"type":"Feature","geometry":{"type":"Point","coordinates":[-17.815928,28.7021]},"properties":{"clase":"galeria","origen":"Galerías","nombre":"La Lanchita","municipio":"Santa Cruz","paraje":"Barranco del Rio","altitud_m":770,"estado":"Activa","subtipo":"Convencional"}},{"type":"Feature","geometry":{"type":"Point","coordinates":[-17.806244,28.703428]},"properties":{"clase":"galeria","origen":"Galerías","nombre":"Risco Quio","municipio":"Santa Cruz","paraje":"Barranco del Rio","altitud_m":601,"estado":"Activa","subtipo":"Convencional"}},{"type":"Feature","geometry":{"type":"Point","coordinates":[-17.796404,28.708261]},"properties":{"clase":"galeria","origen":"Galerías","nombre":"Las Mercedes II","municipio":"Santa Cruz","paraje":"Barranco de La Madera","altitud_m":872,"estado":"Inactiva","subtipo":"Socavón"}},{"type":"Feature","geometry":{"type":"Point","coordinates":[-17.98732,28.774955]},"properties":{"clase":"galeria","origen":"Galerías","nombre":"Fuente Mauro","municipio":"PuntaGorda","paraje":"Barranco de San Mauro","altitud_m":531,"estado":"Inactiva","subtipo":"Convencional"}},{"type":"Feature","geometry":{"type":"Point","coordinates":[-17.760533,28.725746]},"properties":{"clase":"galeria","origen":"Galerías","nombre":"Santa Lucia","municipio":"Puntallana","paraje":"Barranco del Agua","altitud_m":475,"estado":"Inactiva","subtipo":"Convencional"}},{"type":"Feature","geometry":{"type":"Point","coordinates":[-17.806711,28.783865]},"properties":{"clase":"galeria","origen":"Galerías","nombre":"San Andres","municipio":"San Andrés y Sauces","paraje":"Barranco de Los Tilos","altitud_m":575,"estado":"Activa","subtipo":"Convencional"}},{"type":"Feature","geometry":{"type":"Point","coordinates":[-17.79338,28.777605]},"properties":{"clase":"galeria","origen":"Galerías","nombre":"Garcés I","municipio":"San Andrés y Sauces","paraje":"Barranco San Juan","altitud_m":780,"estado":"Activa","subtipo":"Convencional"}},{"type":"Feature","geometry":{"type":"Point","coordinates":[-17.791879,28.765043]},"properties":{"clase":"galeria","origen":"Galerías","nombre":"El Rincon","municipio":"San Andrés y Sauces","paraje":"Barranco de Los Tilos","altitud_m":744,"estado":"Activa","subtipo":"Convencional"}},{"type":"Feature","geometry":{"type":"Point","coordinates":[-17.793358,28.77768]},"properties":{"clase":"galeria","origen":"Galerías","nombre":"Garces II","municipio":"San Andrés y Sauces","paraje":"Barranco San Juan","altitud_m":775,"estado":"Inactiva","subtipo":"Socavón"}},{"type":"Feature","geometry":{"type":"Point","coordinates":[-17.761547,28.747109]},"properties":{"clase":"galeria","origen":"Galerías","nombre":"El Corcho y Zarzalito","municipio":"Puntallana","paraje":"El Topo","altitud_m":529,"estado":"Activa","subtipo":"Convencional"}},{"type":"Feature","geometry":{"type":"Point","coordinates":[-17.781068,28.758649]},"properties":{"clase":"galeria","origen":"Galerías","nombre":"Caldero de los Tilos","municipio":"PuntaLlana","paraje":"Barranco del Cubo","altitud_m":606,"estado":"Activa","subtipo":"Convencional"}},{"type":"Feature","geometry":{"type":"Point","coordinates":[-17.857149,28.741979]},"properties":{"clase":"galeria","origen":"Galerías","nombre":"Verduras de Alfonso","municipio":"El Paso","paraje":"Barranco de Verduras de Afonso","altitud_m":1319,"estado":"Activa","subtipo":"Convencional"}},{"type":"Feature","geometry":{"type":"Point","coordinates":[-17.797936,28.661397]},"properties":{"clase":"galeria","origen":"Galerías","nombre":"Fuente Espinel","municipio":"Breña Alta","paraje":"Lomo Grande","altitud_m":501,"estado":"Inactiva","subtipo":"Socavón"}},{"type":"Feature","geometry":{"type":"Point","coordinates":[-17.791531,28.705711]},"properties":{"clase":"galeria","origen":"Galerías","nombre":"Fuente Morriña II","municipio":"Santa Cruz","paraje":"Baranco La Madera","altitud_m":45,"estado":"Inactiva","subtipo":"Naciente"}},{"type":"Feature","geometry":{"type":"Point","coordinates":[-17.780035,28.730771]},"properties":{"clase":"galeria","origen":"Galerías","nombre":"El Cuchillo","municipio":"Puntallana","paraje":"Barranco Seco","altitud_m":822,"estado":"Inactiva","subtipo":"Socavón"}},{"type":"Feature","geometry":{"type":"Point","coordinates":[-17.79176,28.714733]},"properties":{"clase":"galeria","origen":"Galerías","nombre":"Morera II","municipio":"Santa Cruz","paraje":"Barranco del Carmen","altitud_m":726,"estado":"Inactiva","subtipo":"Convencional"}},{"type":"Feature","geometry":{"type":"Point","coordinates":[-17.779979,28.73929]},"properties":{"clase":"galeria","origen":"Galerías","nombre":"Las Moraditas","municipio":"Puntallana","paraje":"Las Moraditas","altitud_m":1013,"estado":"Inactiva","subtipo":"Socavón"}},{"type":"Feature","geometry":{"type":"Point","coordinates":[-17.791466,28.743123]},"properties":{"clase":"galeria","origen":"Galerías","nombre":"La Rosita","municipio":"Puntallana","paraje":"Barranco Hondo de Nogales","altitud_m":1081,"estado":"Activa","subtipo":"Convencional"}},{"type":"Feature","geometry":{"type":"Point","coordinates":[-17.798975,28.662681]},"properties":{"clase":"galeria","origen":"Galerías","nombre":"Aguas de San Pedro","municipio":"Breña Alta","paraje":"Lomo Grande","altitud_m":508,"estado":"Inactiva","subtipo":"Convencional"}},{"type":"Feature","geometry":{"type":"Point","coordinates":[-17.803093,28.664358]},"properties":{"clase":"galeria","origen":"Galerías","nombre":"La Hiedra I","municipio":"Breña Alta","paraje":"Lomo Grande","altitud_m":525,"estado":"Inactiva","subtipo":"Socavón"}},{"type":"Feature","geometry":{"type":"Point","coordinates":[-17.802665,28.711567]},"properties":{"clase":"galeria","origen":"Galerías","nombre":"Las Mercedes I","municipio":"Santa Cruz","paraje":"Barranco de La Madera","altitud_m":646,"estado":"Activa","subtipo":"Convencional"}},{"type":"Feature","geometry":{"type":"Point","coordinates":[-17.804028,28.711647]},"properties":{"clase":"galeria","origen":"Galerías","nombre":"La Catarata","municipio":"Santa Cruz","paraje":"Barranco de La Madera","altitud_m":668,"estado":"Activa","subtipo":"Convencional"}},{"type":"Feature","geometry":{"type":"Point","coordinates":[-17.801589,28.711102]},"properties":{"clase":"galeria","origen":"Galerías","nombre":"Fuente Alonso","municipio":"Santa Cruz","paraje":"Barranco de La Madera","altitud_m":651,"estado":"Inactiva","subtipo":"Socavón"}},{"type":"Feature","geometry":{"type":"Point","coordinates":[-17.796136,28.717665]},"properties":{"clase":"galeria","origen":"Galerías","nombre":"Morera I","municipio":"Santa Cruz","paraje":"Barranco del Carmen","altitud_m":855,"estado":"Inactiva","subtipo":"Convencional"}},{"type":"Feature","geometry":{"type":"Point","coordinates":[-17.923339,28.609901]},"properties":{"clase":"galeria","origen":"Galerías","nombre":"Los Palacios","municipio":"Tazacorte","paraje":"Playa Nueva","altitud_m":26,"estado":"Inactiva","subtipo":"Pozo"}},{"type":"Feature","geometry":{"type":"Point","coordinates":[-17.77641,28.597841]},"properties":{"clase":"galeria","origen":"Galerías","nombre":"Salto de San Simon","municipio":"Mazo","paraje":"Barranco del Romero","altitud_m":416,"estado":"Inactiva","subtipo":"Socavón"}},{"type":"Feature","geometry":{"type":"Point","coordinates":[-17.781234,28.578782]},"properties":{"clase":"galeria","origen":"Galerías","nombre":"Rio Belmaco","municipio":"Mazo","paraje":"Barranco Las Cuevas","altitud_m":499,"estado":"Inactiva","subtipo":"Socavón"}},{"type":"Feature","geometry":{"type":"Point","coordinates":[-17.776345,28.614468]},"properties":{"clase":"galeria","origen":"Galerías","nombre":"El Porvenir de Mazo","municipio":"Mazo","paraje":"Barranco El Barranquito","altitud_m":346,"estado":"Inactiva","subtipo":"Socavón"}},{"type":"Feature","geometry":{"type":"Point","coordinates":[-17.806113,28.556556]},"properties":{"clase":"galeria","origen":"Galerías","nombre":"Bergoyo-Tigalate","municipio":"Mazo","paraje":"Tigalate","altitud_m":825,"estado":"Inactiva","subtipo":"Socavón"}},{"type":"Feature","geometry":{"type":"Point","coordinates":[-17.804094,28.665313]},"properties":{"clase":"galeria","origen":"Galerías","nombre":"La Fuente Grande","municipio":"Breña Alta","paraje":"Lomo Grande","altitud_m":565,"estado":"Inactiva","subtipo":"Convencional"}},{"type":"Feature","geometry":{"type":"Point","coordinates":[-17.802967,28.59971]},"properties":{"clase":"galeria","origen":"Galerías","nombre":"Cerco Nuevo","municipio":"Mazo","paraje":"El Porvenir","altitud_m":100,"estado":"Inactiva","subtipo":"Convencional"}},{"type":"Feature","geometry":{"type":"Point","coordinates":[-17.852425,28.738125]},"properties":{"clase":"galeria","origen":"Galerías","nombre":"Los Guanches","municipio":"El Paso","paraje":"Barranco Los Guanches","altitud_m":1376,"estado":"Activa","subtipo":"Convencional"}},{"type":"Feature","geometry":{"type":"Point","coordinates":[-17.847694,28.73149]},"properties":{"clase":"galeria","origen":"Galerías","nombre":"Altaguna","municipio":"El Paso","paraje":"Barranco de Altaguna","altitud_m":1311,"estado":"Activa","subtipo":"Convencional"}},{"type":"Feature","geometry":{"type":"Point","coordinates":[-17.850014,28.714862]},"properties":{"clase":"galeria","origen":"Galerías","nombre":"La Faya","municipio":"El Paso","paraje":"Lomo Los Juncos","altitud_m":1250,"estado":"Activa","subtipo":"Convencional"}},{"type":"Feature","geometry":{"type":"Point","coordinates":[-17.852761,28.708222]},"properties":{"clase":"galeria","origen":"Galerías","nombre":"Tacote","municipio":"El Paso","paraje":"Lomo Tacote","altitud_m":1256,"estado":"Activa","subtipo":"Convencional"}},{"type":"Feature","geometry":{"type":"Point","coordinates":[-17.851621,28.706595]},"properties":{"clase":"galeria","origen":"Galerías","nombre":"Aridane","municipio":"El Paso","paraje":"Barranco Ribanceras","altitud_m":1268,"estado":"Activa","subtipo":"Convencional"}},{"type":"Feature","geometry":{"type":"Point","coordinates":[-17.952748,28.722874]},"properties":{"clase":"galeria","origen":"Galerías","nombre":"La Castellana","municipio":"Tijarafe","paraje":"Barranco Las Calderetas","altitud_m":750,"estado":"Inactiva","subtipo":"Convencional"}},{"type":"Feature","geometry":{"type":"Point","coordinates":[-17.936455,28.709082]},"properties":{"clase":"galeria","origen":"Galerías","nombre":"Caboco","municipio":"Tijarafe","paraje":"Barranco Jurado","altitud_m":772,"estado":"Activa","subtipo":"Convencional"}},{"type":"Feature","geometry":{"type":"Point","coordinates":[-17.933322,28.713117]},"properties":{"clase":"galeria","origen":"Galerías","nombre":"Salto de Linares","municipio":"Tijarafe","paraje":"Barranco Jurado","altitud_m":934,"estado":"Inactiva","subtipo":"Socavón"}},{"type":"Feature","geometry":{"type":"Point","coordinates":[-17.938471,28.716827]},"properties":{"clase":"galeria","origen":"Galerías","nombre":"La Tranza","municipio":"Tijarafe","paraje":"Barranco de La Tranza","altitud_m":925,"estado":"Inactiva","subtipo":"Convencional"}},{"type":"Feature","geometry":{"type":"Point","coordinates":[-17.782614,28.722764]},"properties":{"clase":"galeria","origen":"Galerías","nombre":"Fuente Barbuzano","municipio":"Santa Cruz","paraje":"Montaña de Tagoja","altitud_m":952,"estado":"Activa","subtipo":"Convencional"}},{"type":"Feature","geometry":{"type":"Point","coordinates":[-17.807579,28.714116]},"properties":{"clase":"galeria","origen":"Galerías","nombre":"Hidraulica Las Nieves II","municipio":"Santa Cruz","paraje":"Barranco de La Madera","altitud_m":794,"estado":"Inactiva","subtipo":"Socavón"}},{"type":"Feature","geometry":{"type":"Point","coordinates":[-17.809673,28.715793]},"properties":{"clase":"galeria","origen":"Galerías","nombre":"Torbellino","municipio":"Santa Cruz","paraje":"Barranco La Madera","altitud_m":827,"estado":"Activa","subtipo":"Convencional"}},{"type":"Feature","geometry":{"type":"Point","coordinates":[-17.804077,28.665215]},"properties":{"clase":"galeria","origen":"Galerías","nombre":"Las Hiedras II","municipio":"Breña Alta","paraje":"Lomo Grande","altitud_m":562,"estado":"Inactiva","subtipo":"Socavón"}},{"type":"Feature","geometry":{"type":"Point","coordinates":[-17.806293,28.666939]},"properties":{"clase":"galeria","origen":"Galerías","nombre":"Salto de la Hondura Baja","municipio":"Breña Alta","paraje":"barranco de Aguacencio","altitud_m":633,"estado":"Inactiva","subtipo":"Socavón"}},{"type":"Feature","geometry":{"type":"Point","coordinates":[-17.807548,28.670208]},"properties":{"clase":"galeria","origen":"Galerías","nombre":"El Corchito","municipio":"Breña Alta","paraje":"Barranco Aguacencio","altitud_m":646,"estado":"Inactiva","subtipo":"Convencional"}},{"type":"Feature","geometry":{"type":"Point","coordinates":[-17.803764,28.651383]},"properties":{"clase":"galeria","origen":"Galerías","nombre":"La Palmita","municipio":"Breña Alta","paraje":"Barranco de aduares","altitud_m":550,"estado":"Inactiva","subtipo":"Convencional"}},{"type":"Feature","geometry":{"type":"Point","coordinates":[-17.777396,28.728851]},"properties":{"clase":"galeria","origen":"Galerías","nombre":"Caldero de los Ejes","municipio":"Puntallana","paraje":"Barranco Seco","altitud_m":738,"estado":"Inactiva","subtipo":"Socavón"}},{"type":"Feature","geometry":{"type":"Point","coordinates":[-17.954397,28.797731]},"properties":{"clase":"galeria","origen":"Galerías","nombre":"Guinderesa","municipio":"Garafía","paraje":"Zona del Castillo","altitud_m":555,"estado":"Activa","subtipo":"Convencional"}},{"type":"Feature","geometry":{"type":"Point","coordinates":[-17.93476,28.806389]},"properties":{"clase":"galeria","origen":"Galerías","nombre":"Cuatro Cabocos","municipio":"Garafía","paraje":"Barranco de Fernando Porto","altitud_m":800,"estado":"Activa","subtipo":"Convencional"}},{"type":"Feature","geometry":{"type":"Point","coordinates":[-17.925585,28.820671]},"properties":{"clase":"galeria","origen":"Galerías","nombre":"San Antonio","municipio":"Garafía","paraje":"San Antonio del Monte","altitud_m":725,"estado":"Inactiva","subtipo":"Convencional"}},{"type":"Feature","geometry":{"type":"Point","coordinates":[-17.890682,28.810116]},"properties":{"clase":"galeria","origen":"Galerías","nombre":"El Pinalejo","municipio":"Garafía","paraje":"Barranco Fagundo","altitud_m":675,"estado":"Activa","subtipo":"Convencional"}},{"type":"Feature","geometry":{"type":"Point","coordinates":[-17.889449,28.797289]},"properties":{"clase":"galeria","origen":"Galerías","nombre":"Carmona","municipio":"Garafía","paraje":"Barranco Carmona-Fagundo","altitud_m":1051,"estado":"Inactiva","subtipo":"Convencional"}},{"type":"Feature","geometry":{"type":"Point","coordinates":[-17.92714,28.839694]},"properties":{"clase":"galeria","origen":"Galerías","nombre":"Fuente el Palmar","municipio":"Garafía","paraje":"El Palmar","altitud_m":250,"estado":"Activa","subtipo":"Naciente"}},{"type":"Feature","geometry":{"type":"Point","coordinates":[-17.901866,28.822603]},"properties":{"clase":"galeria","origen":"Galerías","nombre":"Fuente La Vica","municipio":"Garafía","paraje":"Barranco Magdalena","altitud_m":800,"estado":"Activa","subtipo":"Naciente"}},{"type":"Feature","geometry":{"type":"Point","coordinates":[-17.812731,28.717575]},"properties":{"clase":"galeria","origen":"Galerías","nombre":"Canal Hidraulica Las Nieves","municipio":"Santa Cruz","paraje":"Barranco La Madera","altitud_m":1034,"estado":"Inactiva","subtipo":"Socavón"}},{"type":"Feature","geometry":{"type":"Point","coordinates":[-17.813945,28.718603]},"properties":{"clase":"galeria","origen":"Galerías","nombre":"Hidraulica de Las Nieves I","municipio":"Santa Cruz","paraje":"Barranco La Madera","altitud_m":1100,"estado":"Activa","subtipo":"Convencional"}},{"type":"Feature","geometry":{"type":"Point","coordinates":[-17.7884,28.732229]},"properties":{"clase":"galeria","origen":"Galerías","nombre":"Risco Blanco II","municipio":"PuntaLlana","paraje":"Barranco Seco","altitud_m":968,"estado":"Activa","subtipo":"Convencional"}},{"type":"Feature","geometry":{"type":"Point","coordinates":[-17.936206,28.632547]},"properties":{"clase":"galeria","origen":"Galerías","nombre":"Quinta Soca","municipio":"Tazacorte","paraje":"San Borondón","altitud_m":37,"estado":"Activa","subtipo":"Pozo"}},{"type":"Feature","geometry":{"type":"Point","coordinates":[-17.85065,28.459803]},"properties":{"clase":"galeria","origen":"Galerías","nombre":"Fuente Santa","municipio":"Fuencaliente","paraje":"Playa Echentive","altitud_m":23,"estado":"Activa","subtipo":"Naciente"}},{"type":"Feature","geometry":{"type":"Point","coordinates":[-17.907891,28.813554]},"properties":{"clase":"galeria","origen":"Galerías","nombre":"Caldera del Agua","municipio":"Garafía","paraje":"Barranco Magdalena","altitud_m":844,"estado":"Activa","subtipo":"Naciente"}},{"type":"Feature","geometry":{"type":"Point","coordinates":[-17.93247,28.805576]},"properties":{"clase":"galeria","origen":"Galerías","nombre":"Fuente Negro I","municipio":"Garafía","paraje":"Barranco de Fernando Porto","altitud_m":850,"estado":"Activa","subtipo":"Naciente"}},{"type":"Feature","geometry":{"type":"Point","coordinates":[-17.931692,28.805298]},"properties":{"clase":"galeria","origen":"Galerías","nombre":"Fuente Negro II","municipio":"Garafía","paraje":"Barranco de Fernando Porto","altitud_m":850,"estado":"Activa","subtipo":"Naciente"}},{"type":"Feature","geometry":{"type":"Point","coordinates":[-17.939921,28.773038]},"properties":{"clase":"galeria","origen":"Galerías","nombre":"El Riachuelo","municipio":"Garafía","paraje":"Barranco Las Mejeras","altitud_m":1175,"estado":"Inactiva","subtipo":"Convencional"}},{"type":"Feature","geometry":{"type":"Point","coordinates":[-17.92387,28.776096]},"properties":{"clase":"galeria","origen":"Galerías","nombre":"Cruz del Fraile","municipio":"Garafía","paraje":"Barranco de Briesta","altitud_m":1351,"estado":"Inactiva","subtipo":"Convencional"}},{"type":"Feature","geometry":{"type":"Point","coordinates":[-17.934071,28.766347]},"properties":{"clase":"galeria","origen":"Galerías","nombre":"El Saltadero","municipio":"Garafía","paraje":"Barranco Izcagua","altitud_m":1255,"estado":"Inactiva","subtipo":"Convencional"}},{"type":"Feature","geometry":{"type":"Point","coordinates":[-17.922455,28.753756]},"properties":{"clase":"galeria","origen":"Galerías","nombre":"Los Garabatos","municipio":"PuntaGorda","paraje":"Barranco de Izcagua","altitud_m":1555,"estado":"Inactiva","subtipo":"Convencional"}},{"type":"Feature","geometry":{"type":"Point","coordinates":[-17.861874,28.785629]},"properties":{"clase":"galeria","origen":"Galerías","nombre":"Los Poleos Medios","municipio":"Garafía","paraje":"Barranco Los Poleos-El Chincho","altitud_m":1268.27,"estado":"Activa","subtipo":"Convencional"}},{"type":"Feature","geometry":{"type":"Point","coordinates":[-17.853381,28.69541]},"properties":{"clase":"galeria","origen":"Galerías","nombre":"La Cumbrecita","municipio":"El Paso","paraje":"La Cumbrecita","altitud_m":1190,"estado":"Activa","subtipo":"Convencional"}},{"type":"Feature","geometry":{"type":"Point","coordinates":[-17.803298,28.693456]},"properties":{"clase":"galeria","origen":"Galerías","nombre":"Quintero","municipio":"Santa Cruz","paraje":"Barranco Quintero","altitud_m":650,"estado":"Inactiva","subtipo":"Naciente"}},{"type":"Feature","geometry":{"type":"Point","coordinates":[-17.759353,28.69755]},"properties":{"clase":"galeria","origen":"Galerías","nombre":"Galeria Horacio","municipio":"Santa Cruz","paraje":"Costa Miranda","altitud_m":27,"estado":"Inactiva","subtipo":"Socavón"}},{"type":"Feature","geometry":{"type":"Point","coordinates":[-17.803175,28.627893]},"properties":{"clase":"galeria","origen":"Galerías","nombre":"La Quebrada","municipio":"Breña Baja","paraje":"La Quebrada","altitud_m":720,"estado":"Inactiva","subtipo":"Convencional"}},{"type":"Feature","geometry":{"type":"Point","coordinates":[-17.812241,28.648369]},"properties":{"clase":"galeria","origen":"Galerías","nombre":"Norza","municipio":"Breña Alta","paraje":"Barranco Norza","altitud_m":760,"estado":"Inactiva","subtipo":"Socavón"}},{"type":"Feature","geometry":{"type":"Point","coordinates":[-17.813533,28.650823]},"properties":{"clase":"galeria","origen":"Galerías","nombre":"Lomo del Caballito","municipio":"Breña Alta","paraje":"Lomo del Caballito","altitud_m":774,"estado":"Inactiva","subtipo":"Socavón"}},{"type":"Feature","geometry":{"type":"Point","coordinates":[-17.812999,28.629615]},"properties":{"clase":"galeria","origen":"Galerías","nombre":"Los Mosquitos","municipio":"Breña Alta","paraje":"Barranco Cumbre Vieja","altitud_m":836,"estado":"Inactiva","subtipo":"Galería"}},{"type":"Feature","geometry":{"type":"Point","coordinates":[-17.803269,28.667807]},"properties":{"clase":"galeria","origen":"Galerías","nombre":"La Hondura Baja","municipio":"Breña Alta","paraje":"Barranco Aguacencio","altitud_m":564,"estado":"Inactiva","subtipo":"Naciente"}},{"type":"Feature","geometry":{"type":"Point","coordinates":[-17.941642,28.730463]},"properties":{"clase":"galeria","origen":"Galerías","nombre":"Las Calderetas","municipio":"Tijarafe","paraje":"Barranco Las Calderetas","altitud_m":1167,"estado":"Activa","subtipo":"Convencional"}},{"type":"Feature","geometry":{"type":"Point","coordinates":[-17.843444,28.670936]},"properties":{"clase":"galeria","origen":"Galerías","nombre":"Manantiales del Sur (El Riachuelo)","municipio":"El Paso","paraje":"El Riachuelo","altitud_m":919,"estado":"Activa","subtipo":"Convencional"}},{"type":"Feature","geometry":{"type":"Point","coordinates":[-17.841043,28.668943]},"properties":{"clase":"galeria","origen":"Galerías","nombre":"Fuente del Riachuelo","municipio":"El Paso","paraje":"Las Palomas","altitud_m":922,"estado":"Inactiva","subtipo":"Socavón"}},{"type":"Feature","geometry":{"type":"Point","coordinates":[-17.8363,28.667981]},"properties":{"clase":"galeria","origen":"Galerías","nombre":"Ajoniguez","municipio":"El Paso","paraje":"Barranco Ajoniguez","altitud_m":1024,"estado":"Inactiva","subtipo":"Convencional"}},{"type":"Feature","geometry":{"type":"Point","coordinates":[-17.839672,28.673785]},"properties":{"clase":"galeria","origen":"Galerías","nombre":"Las Palomas","municipio":"El Paso","paraje":"Las Palomas","altitud_m":994,"estado":"Activa","subtipo":"Convencional"}},{"type":"Feature","geometry":{"type":"Point","coordinates":[-17.841201,28.676512]},"properties":{"clase":"galeria","origen":"Galerías","nombre":"La Unica-Fuente del Pino","municipio":"El Paso","paraje":"El Riachuelo","altitud_m":1021,"estado":"Activa","subtipo":"Convencional"}},{"type":"Feature","geometry":{"type":"Point","coordinates":[-17.843846,28.676419]},"properties":{"clase":"galeria","origen":"Galerías","nombre":"El Primor","municipio":"El Paso","paraje":"El Riachuelo","altitud_m":971,"estado":"Activa","subtipo":"Convencional"}},{"type":"Feature","geometry":{"type":"Point","coordinates":[-17.843422,28.677866]},"properties":{"clase":"galeria","origen":"Galerías","nombre":"Tanausu","municipio":"El Paso","paraje":"El Riachuelo","altitud_m":994,"estado":"Activa","subtipo":"Convencional"}},{"type":"Feature","geometry":{"type":"Point","coordinates":[-17.897836,28.658289]},"properties":{"clase":"galeria","origen":"Galerías","nombre":"Tunel Trasvase Boca Oeste","municipio":"Los Llanos","paraje":"Hermosilla","altitud_m":426,"estado":"Activa","subtipo":"Convencional"}},{"type":"Feature","geometry":{"type":"Point","coordinates":[-17.821607,28.782091]},"properties":{"clase":"galeria","origen":"Galerías","nombre":"La Faya","municipio":"San Andrés y Sauces","paraje":"Barranco de La Herradura","altitud_m":1100,"estado":"Activa","subtipo":"Convencional"}},{"type":"Feature","geometry":{"type":"Point","coordinates":[-17.843457,28.67843]},"properties":{"clase":"galeria","origen":"Galerías","nombre":"Nuevo Socavon","municipio":"El Paso","paraje":"El Riachuelo","altitud_m":997,"estado":"Inactiva","subtipo":"Socavón"}},{"type":"Feature","geometry":{"type":"Point","coordinates":[-17.842839,28.679202]},"properties":{"clase":"galeria","origen":"Galerías","nombre":"La Intermedia","municipio":"El Paso","paraje":"El Riachuelo","altitud_m":1007,"estado":"Activa","subtipo":"Convencional"}},{"type":"Feature","geometry":{"type":"Point","coordinates":[-17.8427,28.679825]},"properties":{"clase":"galeria","origen":"Galerías","nombre":"Fuente del Pino (Fuente Los Chochos)","municipio":"El Paso","paraje":"Lavaderos de La Fuente","altitud_m":1023,"estado":"Activa","subtipo":"Convencional"}},{"type":"Feature","geometry":{"type":"Point","coordinates":[-17.843435,28.681361]},"properties":{"clase":"galeria","origen":"Galerías","nombre":"Laja Azul","municipio":"El Paso","paraje":"La Vuelta de Los Hermanos","altitud_m":1048,"estado":"Activa","subtipo":"Convencional"}},{"type":"Feature","geometry":{"type":"Point","coordinates":[-17.846781,28.682106]},"properties":{"clase":"galeria","origen":"Galerías","nombre":"Fuente Caquero","municipio":"El Paso","paraje":"El Riachuelo","altitud_m":1025,"estado":"Activa","subtipo":"Convencional"}},{"type":"Feature","geometry":{"type":"Point","coordinates":[-17.79204,28.533388]},"properties":{"clase":"galeria","origen":"Galerías","nombre":"La Galera","municipio":"Mazo","paraje":"El Porís","altitud_m":26,"estado":"Inactiva","subtipo":"Pozo"}},{"type":"Feature","geometry":{"type":"Point","coordinates":[-17.847597,28.686582]},"properties":{"clase":"galeria","origen":"Galerías","nombre":"El Roque","municipio":"El Paso","paraje":"El Riachuelo","altitud_m":1055,"estado":"Activa","subtipo":"Convencional"}},{"type":"Feature","geometry":{"type":"Point","coordinates":[-17.835122,28.786666]},"properties":{"clase":"galeria","origen":"Galerías","nombre":"Loros Altos","municipio":"Barlovento","paraje":"Barranco Gallegos","altitud_m":1087,"estado":"Activa","subtipo":"Convencional"}},{"type":"Feature","geometry":{"type":"Point","coordinates":[-17.803072,28.664173]},"properties":{"clase":"galeria","origen":"Galerías","nombre":"Fuente Nueva","municipio":"Breña Alta","paraje":"Lomo Grande","altitud_m":537,"estado":"Inactiva","subtipo":"Naciente"}},{"type":"Feature","geometry":{"type":"Point","coordinates":[-17.796965,28.652753]},"properties":{"clase":"galeria","origen":"Galerías","nombre":"Tunel Trasvase Boca Este","municipio":"Breña Alta","paraje":"Barranco Aduares","altitud_m":441,"estado":"Activa","subtipo":"Convencional"}},{"type":"Feature","geometry":{"type":"Point","coordinates":[-17.812207,28.683526]},"properties":{"clase":"galeria","origen":"Galerías","nombre":"El Corchete","municipio":"Santa Cruz","paraje":"Barranco de Juan Mayor","altitud_m":829,"estado":"Activa","subtipo":"Convencional"}},{"type":"Feature","geometry":{"type":"Point","coordinates":[-17.764027,28.721997]},"properties":{"clase":"galeria","origen":"Galerías","nombre":"Tenagua","municipio":"Santa Cruz","paraje":"Barranco Seco","altitud_m":300,"estado":"Activa","subtipo":"Convencional"}},{"type":"Feature","geometry":{"type":"Point","coordinates":[-17.808249,28.755435]},"properties":{"clase":"galeria","origen":"Galerías","nombre":"Tajadre","municipio":"San Andrés y Sauces","paraje":"Barranco Los Tilos","altitud_m":1150,"estado":"Activa","subtipo":"Convencional"}},{"type":"Feature","geometry":{"type":"Point","coordinates":[-17.80801,28.754177]},"properties":{"clase":"galeria","origen":"Galerías","nombre":"Las Goteras San Andrés","municipio":"San Andrés y Sauces","paraje":"Barranco Los Tilos","altitud_m":1175,"estado":"Inactiva","subtipo":"Convencional"}},{"type":"Feature","geometry":{"type":"Point","coordinates":[-17.781793,28.767598]},"properties":{"clase":"galeria","origen":"Galerías","nombre":"Canto Los Tilos y el Rio","municipio":"San Andrés y Sauces","paraje":"Barranco Los Tilos","altitud_m":549,"estado":"Activa","subtipo":"Convencional"}},{"type":"Feature","geometry":{"type":"Point","coordinates":[-17.859248,28.790024]},"properties":{"clase":"galeria","origen":"Galerías","nombre":"Los Poleos Bajos","municipio":"Garafía","paraje":"Barranco Los Poleos-El Chincho","altitud_m":1147,"estado":"Activa","subtipo":"Convencional"}},{"type":"Feature","geometry":{"type":"Point","coordinates":[-17.87214,28.791215]},"properties":{"clase":"galeria","origen":"Galerías","nombre":"Los Hombres","municipio":"Garafía","paraje":"Barranco Los Hombres","altitud_m":1129,"estado":"Activa","subtipo":"Convencional"}},{"type":"Feature","geometry":{"type":"Point","coordinates":[-17.87682,28.795674]},"properties":{"clase":"galeria","origen":"Galerías","nombre":"Torito del Agua","municipio":"Garafía","paraje":"Barranco La Faya","altitud_m":1100,"estado":"Activa","subtipo":"Convencional"}},{"type":"Feature","geometry":{"type":"Point","coordinates":[-17.845683,28.686388]},"properties":{"clase":"galeria","origen":"Galerías","nombre":"Caldero de la Veta","municipio":"El Paso","paraje":"El Riachuelo","altitud_m":1098,"estado":"Inactiva","subtipo":"Socavón"}},{"type":"Feature","geometry":{"type":"Point","coordinates":[-17.845813,28.690977]},"properties":{"clase":"galeria","origen":"Galerías","nombre":"Tabercorade","municipio":"El Paso","paraje":"Barranco Tabercorade","altitud_m":1172,"estado":"Activa","subtipo":"Convencional"}},{"type":"Feature","geometry":{"type":"Point","coordinates":[-17.849464,28.693892]},"properties":{"clase":"galeria","origen":"Galerías","nombre":"El Pino","municipio":"El Paso","paraje":"Las Laderas","altitud_m":1180,"estado":"Activa","subtipo":"Convencional"}},{"type":"Feature","geometry":{"type":"Point","coordinates":[-17.92351,28.651886]},"properties":{"clase":"galeria","origen":"Galerías","nombre":"Salto de los Enamorados","municipio":"Los Llanos","paraje":"Barranco Tenisca","altitud_m":250,"estado":"Inactiva","subtipo":"Convencional"}},{"type":"Feature","geometry":{"type":"Point","coordinates":[-17.925205,28.614829]},"properties":{"clase":"galeria","origen":"Galerías","nombre":"Los Guirres","municipio":"Tazacorte","paraje":"Playa Los Guirres","altitud_m":19,"estado":"Inactiva","subtipo":"Pozo"}},{"type":"Feature","geometry":{"type":"Point","coordinates":[-17.888866,28.56246]},"properties":{"clase":"galeria","origen":"Galerías","nombre":"El Remo","municipio":"Los Llanos","paraje":"El Remo","altitud_m":96,"estado":"Inactiva","subtipo":"Convencional"}},{"type":"Feature","geometry":{"type":"Point","coordinates":[-17.852488,28.694315]},"properties":{"clase":"galeria","origen":"Galerías","nombre":"La Plata","municipio":"El Paso","paraje":"La Cumbrecita","altitud_m":1161,"estado":"Activa","subtipo":"Convencional"}},{"type":"Feature","geometry":{"type":"Point","coordinates":[-17.851596,28.695664]},"properties":{"clase":"galeria","origen":"Galerías","nombre":"Salto Juan Flores","municipio":"El Paso","paraje":"La Cumbrecita","altitud_m":1201,"estado":"Activa","subtipo":"Convencional"}},{"type":"Feature","geometry":{"type":"Point","coordinates":[-17.924523,28.723782]},"properties":{"clase":"galeria","origen":"Galerías","nombre":"La Puente","municipio":"Tijarafe","paraje":"Barranco Jurado","altitud_m":1250,"estado":"Inactiva","subtipo":"Socavón"}},{"type":"Feature","geometry":{"type":"Point","coordinates":[-17.916877,28.725359]},"properties":{"clase":"galeria","origen":"Galerías","nombre":"Jieque","municipio":"Tijarafe","paraje":"Barranco Jurado","altitud_m":1441,"estado":"Inactiva","subtipo":"Convencional"}},{"type":"Feature","geometry":{"type":"Point","coordinates":[-17.921236,28.685531]},"properties":{"clase":"galeria","origen":"Galerías","nombre":"La Junquera","municipio":"El Paso","paraje":"Los Grietones","altitud_m":351,"estado":"Activa","subtipo":"Convencional"}},{"type":"Feature","geometry":{"type":"Point","coordinates":[-17.922411,28.687084]},"properties":{"clase":"galeria","origen":"Galerías","nombre":"Buena Fe o Junquera Vieja","municipio":"El Paso","paraje":"Los Grietones","altitud_m":475,"estado":"Activa","subtipo":"Convencional"}},{"type":"Feature","geometry":{"type":"Point","coordinates":[-17.890582,28.794624]},"properties":{"clase":"galeria","origen":"Galerías","nombre":"Fuente Nueva","municipio":"Garafía","paraje":"Barranco Fagundo-Carmona","altitud_m":1100,"estado":"Activa","subtipo":"Convencional"}},{"type":"Feature","geometry":{"type":"Point","coordinates":[-17.890709,28.788821]},"properties":{"clase":"galeria","origen":"Galerías","nombre":"El Cedro","municipio":"Garafía","paraje":"Barranco Las Grajas","altitud_m":1209,"estado":"Activa","subtipo":"Convencional"}},{"type":"Feature","geometry":{"type":"Point","coordinates":[-17.882997,28.781384]},"properties":{"clase":"galeria","origen":"Galerías","nombre":"Minaderos","municipio":"Garafía","paraje":"Barranco Barbudo","altitud_m":1359.84,"estado":"Activa","subtipo":"Convencional"}},{"type":"Feature","geometry":{"type":"Point","coordinates":[-17.838669,28.782581]},"properties":{"clase":"galeria","origen":"Galerías","nombre":"Roque Los Arboles","municipio":"Barlovento","paraje":"Barranco Gallegos","altitud_m":1227,"estado":"Activa","subtipo":"Convencional"}},{"type":"Feature","geometry":{"type":"Point","coordinates":[-17.902264,28.788613]},"properties":{"clase":"galeria","origen":"Galerías","nombre":"Las Goteras","municipio":"Garafía","paraje":"Barranco Las Grajas","altitud_m":1229,"estado":"Activa","subtipo":"Convencional"}},{"type":"Feature","geometry":{"type":"Point","coordinates":[-17.903044,28.779001]},"properties":{"clase":"galeria","origen":"Galerías","nombre":"Las Grajas","municipio":"Garafía","paraje":"Barranco de Las Grajas","altitud_m":1471,"estado":"Inactiva","subtipo":"Convencional"}},{"type":"Feature","geometry":{"type":"Point","coordinates":[-17.818538,28.810551]},"properties":{"clase":"galeria","origen":"Galerías","nombre":"El Cuervo II","municipio":"Barlovento","paraje":"Lomo del Aderno","altitud_m":806,"estado":"Inactiva","subtipo":"Socavón"}},{"type":"Feature","geometry":{"type":"Point","coordinates":[-17.822279,28.801667]},"properties":{"clase":"galeria","origen":"Galerías","nombre":"Vieja- El Rio","municipio":"Barlovento","paraje":"El Lomito","altitud_m":1026,"estado":"Inactiva","subtipo":"Socavón"}},{"type":"Feature","geometry":{"type":"Point","coordinates":[-17.975288,28.754883]},"properties":{"clase":"galeria","origen":"Galerías","nombre":"Fuente El Roque","municipio":"PuntaGorda","paraje":"Barranco del roque","altitud_m":732,"estado":"Inactiva","subtipo":"Convencional"}},{"type":"Feature","geometry":{"type":"Point","coordinates":[-17.891083,28.794575]},"properties":{"clase":"galeria","origen":"Galerías","nombre":"Fuente Nueva","municipio":"Garafía","paraje":"Barranco Carmona","altitud_m":1097,"estado":"Inactiva","subtipo":"Socavón"}},{"type":"Feature","geometry":{"type":"Point","coordinates":[-17.77674,28.728294]},"properties":{"clase":"galeria","origen":"Galerías","nombre":"Salto de la Baranda","municipio":"Santa Cruz","paraje":"Barranco Seco","altitud_m":725,"estado":"Activa","subtipo":"Convencional"}},{"type":"Feature","geometry":{"type":"Point","coordinates":[-17.789028,28.712796]},"properties":{"clase":"galeria","origen":"Galerías","nombre":"Flores del Funche","municipio":"Santa Cruz","paraje":"Barranco del Carmen","altitud_m":600,"estado":"Activa","subtipo":"Convencional"}},{"type":"Feature","geometry":{"type":"Point","coordinates":[-17.762352,28.654885]},"properties":{"clase":"galeria","origen":"Galerías","nombre":"Los Cancajos","municipio":"Breña Baja","paraje":"Los Cancajos","altitud_m":22,"estado":"Inactiva","subtipo":"Socavón"}},{"type":"Feature","geometry":{"type":"Point","coordinates":[-17.805649,28.834906]},"properties":{"clase":"galeria","origen":"Galerías","nombre":"Los Pajaritos","municipio":"Barlovento","paraje":"Barranco de Los Pajaritos","altitud_m":358,"estado":"Activa","subtipo":"Convencional"}}]}