{"type":"FeatureCollection","name":"lugares-interes-historico-la-palma-20260514","crs":{"type":"name","properties":{"name":"urn:ogc:def:crs:OGC:1.3:CRS84"}},"features":[{"type":"Feature","properties":{"id":1,"tipo":"bic","subtipo":"sitio_historico","nombre":"El Pino de la Virgen","municipio":"El Paso","direccion":"38780 El Paso (Santa Cruz de Tenerife)","descripcion":"Cuentan las crónicas que uno de los soldados que acompañaban al Adelantado Alonso Fernández de Lugo, en la conquista de la Isla, encontró la pequeña imagen de la Virgen entre las frondosas ramas de un pino. Siglos más tarde junto a este Pino, en el encantador paisaje se edificó una pequeña capilla, lugar de paso de viajeros, caminantes de ayer y de hoy, que conducen sus pasos a rincones y parajes donde el protagonista es el violento y sensual paisaje.","url_imagen":"http://www.cabildodelapalma.es/portal/RecursosWeb/IMAGENES/1/1_643_1.JPG","area_m2":0,"longitud":-17.841552957649153,"latitud":28.662914341784695},"geometry":{"type":"Polygon","coordinates":[[[-17.841807,28.662988],[-17.841566,28.663074],[-17.841369,28.663075],[-17.841299,28.663035],[-17.84127,28.66288],[-17.841457,28.662767],[-17.841517,28.662753],[-17.841566,28.662753],[-17.84179,28.662766],[-17.841837,28.662942],[-17.841807,28.662988]]]}},{"type":"Feature","properties":{"id":2,"tipo":"bic","subtipo":"zona_arqueologica","nombre":"Grabados Rupestres de Tigalate Hondo","municipio":"","direccion":"Tigalate. Bco Hondo","descripcion":"Art. 40.2 de la Ley 16/1985, de Patrimonio Histórico Español (B.O.E. 55, de 29 .06.1985)","url_imagen":"http://www.cabildodelapalma.es/portal/RecursosWeb/IMAGENES/1/1_664_1.JPG","area_m2":0,"longitud":-17.795361002960256,"latitud":28.53556255573498},"geometry":{"type":"Polygon","coordinates":[[[-17.802153,28.539923],[-17.801839,28.539929],[-17.801299,28.540018],[-17.801022,28.540131],[-17.800778,28.540167],[-17.800392,28.540098],[-17.799772,28.539802],[-17.799237,28.539442],[-17.798559,28.538931],[-17.79786,28.538282],[-17.796987,28.537666],[-17.796206,28.537235],[-17.795412,28.536973],[-17.795019,28.536657],[-17.794563,28.535971],[-17.793831,28.535384],[-17.793454,28.535006],[-17.79299,28.53466],[-17.792462,28.534532],[-17.792053,28.534278],[-17.791564,28.534303],[-17.790131,28.534348],[-17.790022,28.533532],[-17.78981,28.532795],[-17.789901,28.532268],[-17.790134,28.5318],[-17.791039,28.532322],[-17.791517,28.532543],[-17.792149,28.532638],[-17.793025,28.532667],[-17.793467,28.532843],[-17.794332,28.533165],[-17.795481,28.53362],[-17.795768,28.533908],[-17.796672,28.534368],[-17.796944,28.534733],[-17.797264,28.535576],[-17.797592,28.536079],[-17.797709,28.536524],[-17.798055,28.537057],[-17.798797,28.538],[-17.79946,28.538588],[-17.800187,28.538959],[-17.801393,28.538965],[-17.80248,28.539051],[-17.802153,28.539923]]]}},{"type":"Feature","properties":{"id":3,"tipo":"bic","subtipo":"zona_arqueologica","nombre":"Roque Teneguía","municipio":"","direccion":"Roque Teneguia. Fuencaliente","descripcion":"Art. 40.2 de la Ley 16/1985, de Patrimonio Histórico Español.","url_imagen":"http://www.cabildodelapalma.es/portal/RecursosWeb/IMAGENES/1/1_657_1.JPG","area_m2":0,"longitud":-17.85655765171693,"latitud":28.480504052791375},"geometry":{"type":"Polygon","coordinates":[[[-17.856594,28.48186],[-17.856554,28.48186],[-17.856514,28.481859],[-17.856474,28.481858],[-17.856434,28.481856],[-17.856394,28.481852],[-17.856355,28.481848],[-17.856315,28.481843],[-17.856276,28.481837],[-17.856236,28.48183],[-17.856197,28.481822],[-17.856159,28.481813],[-17.85612,28.481804],[-17.856082,28.481793],[-17.856044,28.481782],[-17.856007,28.48177],[-17.855969,28.481756],[-17.855933,28.481742],[-17.855896,28.481728],[-17.85586,28.481712],[-17.855825,28.481696],[-17.85579,28.481678],[-17.855756,28.48166],[-17.855722,28.481641],[-17.855689,28.481622],[-17.855656,28.481601],[-17.855624,28.48158],[-17.855592,28.481558],[-17.855562,28.481536],[-17.855532,28.481512],[-17.855502,28.481488],[-17.855474,28.481464],[-17.855446,28.481439],[-17.855418,28.481413],[-17.855392,28.481386],[-17.855366,28.481359],[-17.855342,28.481331],[-17.855318,28.481303],[-17.855294,28.481274],[-17.855272,28.481245],[-17.855251,28.481215],[-17.85523,28.481184],[-17.855211,28.481154],[-17.855192,28.481122],[-17.855174,28.481091],[-17.855157,28.481059],[-17.855141,28.481026],[-17.855126,28.480993],[-17.855112,28.48096],[-17.855099,28.480927],[-17.855087,28.480893],[-17.855077,28.480859],[-17.855067,28.480825],[-17.855058,28.48079],[-17.85505,28.480756],[-17.855043,28.480721],[-17.855037,28.480686],[-17.855032,28.480651],[-17.855028,28.480616],[-17.855025,28.48058],[-17.855024,28.480545],[-17.855023,28.48051],[-17.855023,28.480474],[-17.855025,28.480439],[-17.855027,28.480404],[-17.855031,28.480369],[-17.855035,28.480333],[-17.855041,28.480298],[-17.855047,28.480264],[-17.855055,28.480229],[-17.855064,28.480194],[-17.855073,28.48016],[-17.855084,28.480126],[-17.855095,28.480092],[-17.855108,28.480059],[-17.855122,28.480025],[-17.855136,28.479992],[-17.855152,28.47996],[-17.855168,28.479928],[-17.855186,28.479896],[-17.855204,28.479865],[-17.855224,28.479834],[-17.855244,28.479803],[-17.855265,28.479773],[-17.855287,28.479744],[-17.85531,28.479715],[-17.855334,28.479686],[-17.855358,28.479658],[-17.855384,28.479631],[-17.85541,28.479604],[-17.855437,28.479578],[-17.855464,28.479552],[-17.855493,28.479528],[-17.855522,28.479503],[-17.855552,28.47948],[-17.855582,28.479457],[-17.855614,28.479435],[-17.855646,28.479414],[-17.855678,28.479393],[-17.855711,28.479373],[-17.855745,28.479354],[-17.855779,28.479336],[-17.855814,28.479318],[-17.855849,28.479301],[-17.855885,28.479285],[-17.855921,28.47927],[-17.855957,28.479256],[-17.855994,28.479243],[-17.856032,28.47923],[-17.85607,28.479218],[-17.856108,28.479208],[-17.856146,28.479198],[-17.856185,28.479189],[-17.856224,28.479181],[-17.856263,28.479173],[-17.856302,28.479167],[-17.856342,28.479162],[-17.856381,28.479157],[-17.856421,28.479153],[-17.856461,28.479151],[-17.856501,28.479149],[-17.856541,28.479148],[-17.856581,28.479148],[-17.856621,28.479149],[-17.856661,28.479151],[-17.856701,28.479154],[-17.856741,28.479158],[-17.85678,28.479162],[-17.85682,28.479168],[-17.856859,28.479175],[-17.856898,28.479182],[-17.856937,28.47919],[-17.856976,28.479199],[-17.857014,28.479209],[-17.857052,28.47922],[-17.85709,28.479232],[-17.857127,28.479245],[-17.857164,28.479259],[-17.857201,28.479273],[-17.857237,28.479288],[-17.857273,28.479304],[-17.857308,28.479321],[-17.857342,28.479339],[-17.857377,28.479357],[-17.85741,28.479376],[-17.857443,28.479396],[-17.857475,28.479417],[-17.857507,28.479439],[-17.857538,28.479461],[-17.857569,28.479484],[-17.857598,28.479508],[-17.857628,28.479532],[-17.857656,28.479557],[-17.857683,28.479582],[-17.85771,28.479609],[-17.857736,28.479636],[-17.857761,28.479663],[-17.857786,28.479691],[-17.857809,28.47972],[-17.857832,28.479749],[-17.857854,28.479778],[-17.857875,28.479808],[-17.857895,28.479839],[-17.857914,28.47987],[-17.857932,28.479901],[-17.85795,28.479933],[-17.857966,28.479966],[-17.857982,28.479998],[-17.857996,28.480031],[-17.858009,28.480064],[-17.858022,28.480098],[-17.858033,28.480132],[-17.858044,28.480166],[-17.858053,28.4802],[-17.858062,28.480235],[-17.858069,28.48027],[-17.858076,28.480305],[-17.858081,28.48034],[-17.858085,28.480375],[-17.858089,28.48041],[-17.858091,28.480445],[-17.858092,28.480481],[-17.858092,28.480516],[-17.858091,28.480551],[-17.858089,28.480587],[-17.858087,28.480622],[-17.858083,28.480657],[-17.858078,28.480692],[-17.858071,28.480727],[-17.858064,28.480762],[-17.858056,28.480796],[-17.858047,28.480831],[-17.858037,28.480865],[-17.858026,28.480899],[-17.858014,28.480933],[-17.858,28.480966],[-17.857986,28.480999],[-17.857971,28.481032],[-17.857955,28.481064],[-17.857938,28.481096],[-17.85792,28.481128],[-17.857901,28.481159],[-17.857882,28.48119],[-17.857861,28.48122],[-17.857839,28.48125],[-17.857817,28.481279],[-17.857794,28.481308],[-17.85777,28.481336],[-17.857745,28.481364],[-17.857719,28.481391],[-17.857692,28.481417],[-17.857665,28.481443],[-17.857637,28.481468],[-17.857608,28.481493],[-17.857578,28.481517],[-17.857548,28.48154],[-17.857517,28.481562],[-17.857486,28.481584],[-17.857454,28.481605],[-17.857421,28.481625],[-17.857387,28.481645],[-17.857354,28.481663],[-17.857319,28.481681],[-17.857284,28.481699],[-17.857249,28.481715],[-17.857213,28.48173],[-17.857176,28.481745],[-17.857139,28.481759],[-17.857102,28.481772],[-17.857065,28.481784],[-17.857027,28.481795],[-17.856988,28.481806],[-17.85695,28.481815],[-17.856911,28.481824],[-17.856872,28.481831],[-17.856833,28.481838],[-17.856793,28.481844],[-17.856754,28.481849],[-17.856714,28.481853],[-17.856674,28.481856],[-17.856634,28.481858],[-17.856594,28.48186]]]}},{"type":"Feature","properties":{"id":4,"tipo":"bic","subtipo":"zona_arqueologica","nombre":"Cueva o Caboco de Belmaco","municipio":"","direccion":"Carretera General del Hoya de Mazo Km-7,  Villa de Mazo (Santa Cruz de Tenerife)","descripcion":"D. 49/86, 14 de marzo de 1986 (B.O.C.A.C. 38, de 2 .04.1986)","url_imagen":"http://www.cabildodelapalma.es/portal/RecursosWeb/IMAGENES/1/1_661_1.JPG","area_m2":0,"longitud":-17.77685857389254,"latitud":28.57793203726936},"geometry":{"type":"Polygon","coordinates":[[[-17.776852,28.578346],[-17.776796,28.578225],[-17.776793,28.578103],[-17.776449,28.577969],[-17.775843,28.577963],[-17.775608,28.57794],[-17.774909,28.578038],[-17.774867,28.577655],[-17.775135,28.577724],[-17.775379,28.577729],[-17.775622,28.577639],[-17.775897,28.577596],[-17.776298,28.577494],[-17.776779,28.577578],[-17.776991,28.577573],[-17.777456,28.577846],[-17.778092,28.577795],[-17.778286,28.577875],[-17.778447,28.577947],[-17.778472,28.578078],[-17.778476,28.578219],[-17.778395,28.578371],[-17.777531,28.578294],[-17.776852,28.578346]]]}},{"type":"Feature","properties":{"id":5,"tipo":"bic","subtipo":"zona_arqueologica","nombre":"Barranco de los Gomeros","municipio":"","direccion":"Tijarafe","descripcion":"El centro del conjunto arqueológico del Barranco de los Gomeros se sitúa principalmente en un recodo, a modo de meandro, del tramo medio del Barranco de los Gomeros-Las Palomas, en el barrio del Jesús, término municipal de Tijarafe. Esta Zona Arqueológica constituye uno de los mejores ejemplos sobre habitat característico de la cultura Benahoarense. El poblado cuenta con 39 cuevas naturales de habitación, en tres de ellas aparecieron restos humanos que indican que también serían utilizados como","url_imagen":"http://www.cabildodelapalma.es/portal/RecursosWeb/IMAGENES/1/1_665_1.JPG","area_m2":0,"longitud":-17.95568031967317,"latitud":28.689358885074753},"geometry":{"type":"Polygon","coordinates":[[[-17.957237,28.689559],[-17.955471,28.690205],[-17.953636,28.691287],[-17.953148,28.68999],[-17.955735,28.689102],[-17.955773,28.687938],[-17.95644,28.687724],[-17.9576,28.68784],[-17.958103,28.688316],[-17.957211,28.689039],[-17.957237,28.689559]]]}},{"type":"Feature","properties":{"id":6,"tipo":"bic","subtipo":"zona_arqueologica","nombre":"La Zarza, La Zarcita, Llano de la Zarza, Fuente de las Palomas y Fajaneta de Jarito","municipio":"","direccion":"Carretera General La Mata S/N,  Villa de Garafía (Santa Cruz de Tenerife)","descripcion":"Art. 40.2 de la Ley 16/1985, de Patrimonio Histórico Español (B.O.E. 55, de 29.06.1985)","url_imagen":"http://www.cabildodelapalma.es/portal/RecursosWeb/IMAGENES/1/1_658_1.jpg","area_m2":0,"longitud":-17.907569698202188,"latitud":28.8037100027378},"geometry":{"type":"Polygon","coordinates":[[[-17.907931,28.806354],[-17.907734,28.806152],[-17.907526,28.805985],[-17.907222,28.805835],[-17.906869,28.80576],[-17.906296,28.805832],[-17.906293,28.805718],[-17.906289,28.805569],[-17.906243,28.805175],[-17.906219,28.804992],[-17.906134,28.804723],[-17.905972,28.804418],[-17.905905,28.804342],[-17.905795,28.80394],[-17.905884,28.803836],[-17.905978,28.80382],[-17.90606,28.803867],[-17.906191,28.804003],[-17.906373,28.80384],[-17.906391,28.803705],[-17.906412,28.803495],[-17.906419,28.803151],[-17.906431,28.802813],[-17.90649,28.802551],[-17.906592,28.802298],[-17.906802,28.801946],[-17.907075,28.801526],[-17.907231,28.801325],[-17.907552,28.801351],[-17.907612,28.801533],[-17.90762,28.801813],[-17.907519,28.802133],[-17.907532,28.802364],[-17.907361,28.802753],[-17.907366,28.802938],[-17.907372,28.80314],[-17.907482,28.803157],[-17.907619,28.802961],[-17.907689,28.802709],[-17.90779,28.802388],[-17.907882,28.802184],[-17.908104,28.80186],[-17.908143,28.801715],[-17.908246,28.801471],[-17.90844,28.801222],[-17.908739,28.801065],[-17.908967,28.800983],[-17.909196,28.800959],[-17.909297,28.801044],[-17.909314,28.801246],[-17.909111,28.801413],[-17.90904,28.801647],[-17.909084,28.802042],[-17.90905,28.80239],[-17.908779,28.802897],[-17.908666,28.803144],[-17.908533,28.804095],[-17.908424,28.804484],[-17.908433,28.805292],[-17.908577,28.805675],[-17.908599,28.805875],[-17.908074,28.806091],[-17.907931,28.806354]]]}},{"type":"Feature","properties":{"id":7,"tipo":"bic","subtipo":"conjunto_historico","nombre":"Conjunto Histórico de Santa Cruz de La Palma","municipio":"Santa Cruz de La Palma","direccion":"38780 Santa Cruz de La Palma (Santa Cruz de Tenerife)","descripcion":"D. 942/1975, de 10 de abril (B.O.E. 108, de 6.06.1975) Fundada por Alonso Fernández de Lugo el 3 de mayo de 1493, es una ciudad con alto valor artístico y un rico patrimonio arquitectónico de estilo renacentista, barroco y neoclásico. El renacentista presente principalmente en el recinto delimitado por el Ayuntamiento, la Plaza de España y la iglesia de El Salvador","url_imagen":"http://www.cabildodelapalma.es/portal/RecursosWeb/IMAGENES/1/2_629_1.JPG","area_m2":0,"longitud":-17.76432770962121,"latitud":28.68402733671019},"geometry":{"type":"Polygon","coordinates":[[[-17.762671,28.684919],[-17.762994,28.684534],[-17.763376,28.683868],[-17.763597,28.683524],[-17.763914,28.683198],[-17.764978,28.682028],[-17.7661,28.680824],[-17.767056,28.681137],[-17.767169,28.681246],[-17.767563,28.681016],[-17.767918,28.681302],[-17.767192,28.681832],[-17.767584,28.682111],[-17.767139,28.682636],[-17.767477,28.682825],[-17.766803,28.683361],[-17.767307,28.683657],[-17.767211,28.683972],[-17.766481,28.684033],[-17.766369,28.684009],[-17.765797,28.683642],[-17.765548,28.683738],[-17.765662,28.684121],[-17.765569,28.684253],[-17.765342,28.68433],[-17.765074,28.68429],[-17.764897,28.684306],[-17.764851,28.684245],[-17.764821,28.684248],[-17.764604,28.684326],[-17.764331,28.684541],[-17.76408,28.684319],[-17.764067,28.684316],[-17.764048,28.684302],[-17.764046,28.684304],[-17.764068,28.684571],[-17.763972,28.68458],[-17.763907,28.684633],[-17.763803,28.684603],[-17.763509,28.684987],[-17.762488,28.686098],[-17.762708,28.686315],[-17.76217,28.686665],[-17.76223,28.686723],[-17.762168,28.687155],[-17.761798,28.687175],[-17.761785,28.687228],[-17.76178,28.687332],[-17.761559,28.687637],[-17.761384,28.688025],[-17.761279,28.688249],[-17.761021,28.688281],[-17.760914,28.688146],[-17.761134,28.687508],[-17.75983,28.687157],[-17.759836,28.687117],[-17.760056,28.686754],[-17.760438,28.686368],[-17.760824,28.686132],[-17.761846,28.685595],[-17.762122,28.68542],[-17.762644,28.685011],[-17.762671,28.684919]]]}},{"type":"Feature","properties":{"id":8,"tipo":"bic","subtipo":"conjunto_historico","nombre":"Conjunto Histórico de San Andrés","municipio":"San Andrés y Sauces","direccion":"38780 San Andrés y Sauces (Santa Cruz de Tenerife)","descripcion":"San Andrés es uno de los núcleos más antiguos de esta isla al que se le dio el título de Villa en los primeros años de la Conquista según consta en las datas de 23 de diciembre de 1507. La villa de San Andrés fue durante el siglo XVI y parte del XVII la población más rica y floreciente después de la capital. Era el centro de una comarca dedicada a la exportación de vino y azúcar de caña que se embarcaba por el puerto de El Guindaste. Esta intensa actividad mercantil atrajo a numerosos comerciant","url_imagen":"http://www.cabildodelapalma.es/portal/RecursosWeb/IMAGENES/1/1_666_1.JPG","area_m2":0,"longitud":-17.76031153042379,"latitud":28.799073558223505},"geometry":{"type":"Polygon","coordinates":[[[-17.762098,28.799505],[-17.761874,28.799573],[-17.761057,28.800023],[-17.760652,28.800202],[-17.76077,28.800407],[-17.760762,28.800489],[-17.760681,28.800536],[-17.760446,28.800567],[-17.760469,28.800666],[-17.760235,28.800698],[-17.760257,28.800779],[-17.760115,28.800818],[-17.760178,28.800862],[-17.760415,28.800938],[-17.760418,28.801046],[-17.760357,28.801083],[-17.760102,28.801098],[-17.759912,28.801264],[-17.759854,28.801418],[-17.759641,28.801468],[-17.759498,28.80111],[-17.759547,28.801046],[-17.759831,28.800932],[-17.760117,28.800899],[-17.759911,28.800766],[-17.759453,28.800929],[-17.759314,28.800645],[-17.759734,28.80049],[-17.759579,28.800263],[-17.759696,28.800202],[-17.759598,28.798822],[-17.759554,28.797802],[-17.759773,28.797799],[-17.760036,28.797274],[-17.759281,28.796514],[-17.759552,28.796292],[-17.760009,28.796905],[-17.760451,28.796932],[-17.760747,28.798117],[-17.760946,28.798316],[-17.761389,28.799402],[-17.761598,28.799398],[-17.762054,28.799389],[-17.762098,28.799505]]]}},{"type":"Feature","properties":{"id":9,"tipo":"arqueologico","subtipo":"amontonamiento_piedras","nombre":"amontonamiento piedras #1","municipio":"","direccion":"","descripcion":"","url_imagen":"","area_m2":5236.67,"longitud":-17.844331322398492,"latitud":28.70495020136864},"geometry":{"type":"Polygon","coordinates":[[[-17.844345,28.705417],[-17.844185,28.705362],[-17.844169,28.705342],[-17.844082,28.705182],[-17.844045,28.705062],[-17.844014,28.704884],[-17.844004,28.704642],[-17.844098,28.704526],[-17.844192,28.7045],[-17.844388,28.704499],[-17.844447,28.704515],[-17.844562,28.70463],[-17.844567,28.704657],[-17.844682,28.705264],[-17.844657,28.705296],[-17.844499,28.705389],[-17.844345,28.705417]]]}},{"type":"Feature","properties":{"id":10,"tipo":"arqueologico","subtipo":"amontonamiento_piedras","nombre":"amontonamiento piedras #2","municipio":"","direccion":"","descripcion":"","url_imagen":"","area_m2":10243.54,"longitud":-17.84352744476654,"latitud":28.6806962890939},"geometry":{"type":"Polygon","coordinates":[[[-17.843366,28.681295],[-17.843206,28.681187],[-17.843123,28.68111],[-17.843069,28.680956],[-17.843209,28.680189],[-17.843312,28.680053],[-17.843491,28.679955],[-17.843632,28.679984],[-17.84386,28.680307],[-17.843924,28.680474],[-17.843973,28.680916],[-17.843938,28.681086],[-17.843885,28.68118],[-17.843751,28.681304],[-17.843662,28.681348],[-17.843483,28.68135],[-17.843366,28.681295]]]}},{"type":"Feature","properties":{"id":11,"tipo":"arqueologico","subtipo":"amontonamiento_piedras","nombre":"amontonamiento piedras #3","municipio":"","direccion":"","descripcion":"","url_imagen":"","area_m2":7930.51,"longitud":-17.90975109750482,"latitud":28.71437649074652},"geometry":{"type":"Polygon","coordinates":[[[-17.909832,28.714916],[-17.909677,28.714942],[-17.909437,28.714825],[-17.909346,28.714691],[-17.909334,28.71417],[-17.909419,28.714034],[-17.90975,28.713857],[-17.90993,28.713851],[-17.910085,28.713918],[-17.910175,28.714048],[-17.910165,28.714477],[-17.910098,28.714636],[-17.909832,28.714916]]]}},{"type":"Feature","properties":{"id":12,"tipo":"arqueologico","subtipo":"amontonamiento_piedras","nombre":"amontonamiento piedras #4","municipio":"","direccion":"","descripcion":"","url_imagen":"","area_m2":419797.17,"longitud":-17.891937543980404,"latitud":28.7630407794508},"geometry":{"type":"Polygon","coordinates":[[[-17.900718,28.759728],[-17.900483,28.759853],[-17.900359,28.759983],[-17.900329,28.76005],[-17.900201,28.760175],[-17.899969,28.76028],[-17.899776,28.760316],[-17.899418,28.760298],[-17.899223,28.760331],[-17.89897,28.760434],[-17.89878,28.760444],[-17.898645,28.760407],[-17.898445,28.760376],[-17.897954,28.760355],[-17.897756,28.760381],[-17.897662,28.760411],[-17.897465,28.760456],[-17.896425,28.760603],[-17.896233,28.760658],[-17.896066,28.760733],[-17.895891,28.760826],[-17.895061,28.761343],[-17.8949,28.761454],[-17.89483,28.761508],[-17.894284,28.761572],[-17.89413,28.761661],[-17.893881,28.762027],[-17.893808,28.762193],[-17.89375,28.762439],[-17.893762,28.762613],[-17.893832,28.762791],[-17.893929,28.762948],[-17.894207,28.763265],[-17.894189,28.763392],[-17.894061,28.763479],[-17.893965,28.763623],[-17.893899,28.764001],[-17.8939,28.764179],[-17.893998,28.76473],[-17.893993,28.764908],[-17.893838,28.765548],[-17.893833,28.765725],[-17.893946,28.76635],[-17.893865,28.766469],[-17.89371,28.766518],[-17.893513,28.76653],[-17.893319,28.766496],[-17.893118,28.766462],[-17.893099,28.766459],[-17.89292,28.766385],[-17.8928,28.766297],[-17.892619,28.766237],[-17.892108,28.766034],[-17.891769,28.765871],[-17.891523,28.765771],[-17.891285,28.765755],[-17.891142,28.76575],[-17.890775,28.765753],[-17.890363,28.765799],[-17.890114,28.765978],[-17.889867,28.766155],[-17.889669,28.766115],[-17.888857,28.766018],[-17.888677,28.765948],[-17.887297,28.765357],[-17.88699,28.765136],[-17.886494,28.764835],[-17.886233,28.764767],[-17.885458,28.764908],[-17.885279,28.764991],[-17.88498,28.765186],[-17.884812,28.76519],[-17.884491,28.765004],[-17.884332,28.764892],[-17.883992,28.764604],[-17.883914,28.764451],[-17.883904,28.764263],[-17.883919,28.764085],[-17.884019,28.76363],[-17.88414,28.763532],[-17.885573,28.763398],[-17.885776,28.763404],[-17.886468,28.763509],[-17.886879,28.763684],[-17.887361,28.763728],[-17.887849,28.76369],[-17.888223,28.763641],[-17.888864,28.763586],[-17.889575,28.763239],[-17.890175,28.763019],[-17.890597,28.762829],[-17.891264,28.762028],[-17.891457,28.761624],[-17.891998,28.760947],[-17.892129,28.76081],[-17.892872,28.760147],[-17.893044,28.760064],[-17.894338,28.759821],[-17.89454,28.75981],[-17.895317,28.759868],[-17.89552,28.759864],[-17.896113,28.759795],[-17.896304,28.75974],[-17.896673,28.759561],[-17.896797,28.759433],[-17.896871,28.759247],[-17.897002,28.759135],[-17.897589,28.758973],[-17.897788,28.758941],[-17.898569,28.758902],[-17.898772,28.758914],[-17.899136,28.758973],[-17.899331,28.759024],[-17.900155,28.759325],[-17.900335,28.75941],[-17.90072,28.759632],[-17.900718,28.759728]]]}},{"type":"Feature","properties":{"id":13,"tipo":"arqueologico","subtipo":"amontonamiento_piedras","nombre":"amontonamiento piedras #5","municipio":"","direccion":"","descripcion":"","url_imagen":"","area_m2":15147.92,"longitud":-17.863878083468503,"latitud":28.769907232664064},"geometry":{"type":"Polygon","coordinates":[[[-17.864143,28.770559],[-17.864015,28.77062],[-17.863935,28.770598],[-17.863756,28.770516],[-17.863574,28.770389],[-17.863422,28.770269],[-17.863167,28.770041],[-17.863122,28.769969],[-17.862985,28.769843],[-17.862871,28.769781],[-17.862871,28.769687],[-17.862884,28.76968],[-17.86307,28.76961],[-17.863166,28.769587],[-17.863365,28.769545],[-17.863384,28.769541],[-17.863583,28.769498],[-17.863645,28.769483],[-17.863845,28.76945],[-17.864032,28.76943],[-17.864215,28.769365],[-17.864429,28.769221],[-17.864443,28.769215],[-17.864549,28.769264],[-17.864561,28.769334],[-17.864555,28.769512],[-17.864526,28.769641],[-17.864551,28.76981],[-17.864571,28.769845],[-17.86459,28.770013],[-17.864542,28.770167],[-17.864473,28.77022],[-17.864319,28.770339],[-17.86428,28.770369],[-17.864262,28.770382],[-17.864154,28.770527],[-17.864143,28.770559]]]}},{"type":"Feature","properties":{"id":14,"tipo":"arqueologico","subtipo":"amontonamiento_piedras","nombre":"amontonamiento piedras #6","municipio":"","direccion":"","descripcion":"","url_imagen":"","area_m2":14864.98,"longitud":-17.83690454746312,"latitud":28.725410552750905},"geometry":{"type":"Polygon","coordinates":[[[-17.837548,28.72608],[-17.836821,28.725853],[-17.836623,28.725811],[-17.836232,28.725766],[-17.836147,28.725666],[-17.836233,28.725199],[-17.836256,28.72502],[-17.83627,28.724823],[-17.836877,28.72481],[-17.837059,28.724865],[-17.837508,28.725185],[-17.837598,28.725331],[-17.837644,28.725729],[-17.83762,28.725903],[-17.837548,28.72608]]]}},{"type":"Feature","properties":{"id":15,"tipo":"arqueologico","subtipo":"canalillos_cazoletas","nombre":"canalillos cazoletas #1","municipio":"","direccion":"","descripcion":"","url_imagen":"","area_m2":61211.81,"longitud":-17.884122457147377,"latitud":28.729833099295387},"geometry":{"type":"Polygon","coordinates":[[[-17.885325,28.732016],[-17.88528,28.731948],[-17.885164,28.731777],[-17.885055,28.731624],[-17.884813,28.731308],[-17.884719,28.731149],[-17.884585,28.730847],[-17.884506,28.730681],[-17.884298,28.730277],[-17.88418,28.730134],[-17.883714,28.729752],[-17.88354,28.729668],[-17.883164,28.729582],[-17.882969,28.729528],[-17.882469,28.729362],[-17.882309,28.72926],[-17.882035,28.728963],[-17.882003,28.728808],[-17.882166,28.728371],[-17.882237,28.728202],[-17.88239,28.727875],[-17.882531,28.727799],[-17.88318,28.727848],[-17.883225,28.727847],[-17.883399,28.727909],[-17.883773,28.728243],[-17.883857,28.728397],[-17.883894,28.728676],[-17.883971,28.728836],[-17.884379,28.729274],[-17.884453,28.729433],[-17.884478,28.729669],[-17.884535,28.729839],[-17.884749,28.730204],[-17.884874,28.730342],[-17.885316,28.730673],[-17.885494,28.730752],[-17.885606,28.730775],[-17.88579,28.730847],[-17.886169,28.731078],[-17.886306,28.731206],[-17.886489,28.731477],[-17.886505,28.731638],[-17.886409,28.731861],[-17.886294,28.732003],[-17.886148,28.73211],[-17.885968,28.732178],[-17.885814,28.732193],[-17.885622,28.73216],[-17.885325,28.732016]]]}},{"type":"Feature","properties":{"id":16,"tipo":"arqueologico","subtipo":"canalillos_cazoletas","nombre":"canalillos cazoletas #2","municipio":"","direccion":"","descripcion":"","url_imagen":"","area_m2":3094.03,"longitud":-17.804484221027685,"latitud":28.8382056868244},"geometry":{"type":"Polygon","coordinates":[[[-17.80426,28.838258],[-17.804225,28.838089],[-17.804253,28.837885],[-17.804306,28.837808],[-17.804433,28.837792],[-17.804505,28.837852],[-17.804613,28.838],[-17.804698,28.838214],[-17.804747,28.838339],[-17.804743,28.838508],[-17.804694,28.838616],[-17.804652,28.838617],[-17.804479,28.838552],[-17.804456,28.83853],[-17.804338,28.838385],[-17.804293,28.838311],[-17.80426,28.838258]]]}},{"type":"Feature","properties":{"id":17,"tipo":"arqueologico","subtipo":"canalillos_cazoletas","nombre":"canalillos cazoletas #3","municipio":"","direccion":"","descripcion":"","url_imagen":"","area_m2":44723.68,"longitud":-17.851112143151465,"latitud":28.758020083290337},"geometry":{"type":"Polygon","coordinates":[[[-17.852825,28.756517],[-17.852935,28.756595],[-17.852962,28.756876],[-17.852901,28.757031],[-17.852362,28.757538],[-17.852232,28.757677],[-17.851827,28.75817],[-17.851693,28.758306],[-17.851179,28.758748],[-17.851019,28.758858],[-17.850279,28.75926],[-17.850093,28.759332],[-17.849112,28.759576],[-17.849059,28.75952],[-17.849317,28.759061],[-17.849421,28.758906],[-17.849909,28.758282],[-17.850059,28.758167],[-17.850472,28.757987],[-17.850638,28.757885],[-17.850997,28.757586],[-17.851128,28.757448],[-17.851671,28.756723],[-17.851829,28.756636],[-17.852825,28.756517]]]}},{"type":"Feature","properties":{"id":18,"tipo":"arqueologico","subtipo":"canalillos_cazoletas","nombre":"canalillos cazoletas #4","municipio":"","direccion":"","descripcion":"","url_imagen":"","area_m2":3740.78,"longitud":-17.851650831326076,"latitud":28.69907955580636},"geometry":{"type":"Polygon","coordinates":[[[-17.851633,28.699562],[-17.851521,28.699446],[-17.851488,28.699245],[-17.851458,28.699067],[-17.851404,28.698758],[-17.851461,28.698606],[-17.851528,28.698548],[-17.851641,28.698567],[-17.851748,28.69879],[-17.851855,28.699012],[-17.851899,28.699185],[-17.851907,28.699365],[-17.851836,28.699517],[-17.851818,28.699531],[-17.851646,28.699566],[-17.851633,28.699562]]]}},{"type":"Feature","properties":{"id":19,"tipo":"arqueologico","subtipo":"canalillos_cazoletas","nombre":"canalillos cazoletas #5","municipio":"","direccion":"","descripcion":"","url_imagen":"","area_m2":9968.3,"longitud":-17.762114317780313,"latitud":28.59849639079823},"geometry":{"type":"Polygon","coordinates":[[[-17.7621,28.599234],[-17.761932,28.59921],[-17.761864,28.599154],[-17.761826,28.599008],[-17.761843,28.59897],[-17.761868,28.598796],[-17.76186,28.598729],[-17.761798,28.598561],[-17.761713,28.598435],[-17.761682,28.598268],[-17.76178,28.597834],[-17.761898,28.597772],[-17.762249,28.597868],[-17.762376,28.597981],[-17.762501,28.598346],[-17.762524,28.598523],[-17.762487,28.598991],[-17.762387,28.599118],[-17.7621,28.599234]]]}},{"type":"Feature","properties":{"id":20,"tipo":"arqueologico","subtipo":"canalillos_cazoletas","nombre":"canalillos cazoletas #6","municipio":"","direccion":"","descripcion":"","url_imagen":"","area_m2":6950.14,"longitud":-17.75918647140563,"latitud":28.60452096269716},"geometry":{"type":"Polygon","coordinates":[[[-17.758833,28.605066],[-17.758789,28.604987],[-17.75889,28.604839],[-17.758886,28.604792],[-17.758827,28.604728],[-17.758791,28.604651],[-17.758788,28.604484],[-17.758803,28.60445],[-17.758863,28.604327],[-17.758902,28.604268],[-17.75892,28.604226],[-17.758947,28.604162],[-17.759006,28.604106],[-17.759101,28.604063],[-17.759214,28.604045],[-17.759366,28.604031],[-17.759509,28.60409],[-17.759591,28.604162],[-17.759656,28.604352],[-17.75965,28.604419],[-17.759615,28.604517],[-17.759546,28.604624],[-17.759498,28.604686],[-17.759476,28.604744],[-17.759416,28.604796],[-17.759261,28.60488],[-17.759228,28.604895],[-17.759187,28.604932],[-17.759145,28.604969],[-17.759107,28.605049],[-17.759041,28.605105],[-17.758981,28.605143],[-17.758833,28.605066]]]}},{"type":"Feature","properties":{"id":21,"tipo":"arqueologico","subtipo":"canalillos_cazoletas","nombre":"canalillos cazoletas #7","municipio":"","direccion":"","descripcion":"","url_imagen":"","area_m2":9874.59,"longitud":-17.836180482585846,"latitud":28.467410540649098},"geometry":{"type":"Polygon","coordinates":[[[-17.836718,28.466911],[-17.836819,28.467012],[-17.836817,28.467193],[-17.836724,28.467321],[-17.836659,28.467348],[-17.836527,28.467469],[-17.836507,28.467513],[-17.836426,28.467679],[-17.836287,28.467945],[-17.836143,28.468035],[-17.835972,28.468048],[-17.835822,28.467977],[-17.835638,28.467676],[-17.83562,28.467511],[-17.835678,28.467346],[-17.835781,28.467196],[-17.836092,28.466918],[-17.836265,28.466865],[-17.836718,28.466911]]]}},{"type":"Feature","properties":{"id":22,"tipo":"arqueologico","subtipo":"canalillos_cazoletas","nombre":"canalillos cazoletas #8","municipio":"","direccion":"","descripcion":"","url_imagen":"","area_m2":26795.96,"longitud":-17.993729811461716,"latitud":28.769557964655668},"geometry":{"type":"Polygon","coordinates":[[[-17.995299,28.770178],[-17.994409,28.769991],[-17.993824,28.769868],[-17.992993,28.769694],[-17.992104,28.769507],[-17.991908,28.769455],[-17.991233,28.769237],[-17.991096,28.769123],[-17.991005,28.768935],[-17.991061,28.768882],[-17.991524,28.769024],[-17.991723,28.769062],[-17.992729,28.769151],[-17.993735,28.76924],[-17.993938,28.769266],[-17.995068,28.769462],[-17.995257,28.769524],[-17.995665,28.769727],[-17.995853,28.769794],[-17.996098,28.76985],[-17.996175,28.769961],[-17.996163,28.770012],[-17.996039,28.770086],[-17.995847,28.77006],[-17.995646,28.770028],[-17.995602,28.77002],[-17.995459,28.770084],[-17.995441,28.770117],[-17.995299,28.770178]]]}},{"type":"Feature","properties":{"id":23,"tipo":"arqueologico","subtipo":"canalillos_cazoletas","nombre":"canalillos cazoletas #9","municipio":"","direccion":"","descripcion":"","url_imagen":"","area_m2":2535.75,"longitud":-17.991194805320085,"latitud":28.786567169442055},"geometry":{"type":"Polygon","coordinates":[[[-17.991032,28.7867],[-17.990966,28.786531],[-17.990904,28.786301],[-17.990981,28.786231],[-17.991122,28.786256],[-17.991273,28.786351],[-17.991355,28.786476],[-17.991476,28.786663],[-17.991481,28.786821],[-17.991447,28.786881],[-17.991371,28.786878],[-17.99118,28.786829],[-17.991071,28.786773],[-17.991032,28.7867]]]}},{"type":"Feature","properties":{"id":24,"tipo":"arqueologico","subtipo":"canalillos_cazoletas","nombre":"canalillos cazoletas #10","municipio":"","direccion":"","descripcion":"","url_imagen":"","area_m2":3653.3,"longitud":-17.99824310663189,"latitud":28.777538365215264},"geometry":{"type":"Polygon","coordinates":[[[-17.998054,28.777725],[-17.997905,28.777611],[-17.997748,28.777396],[-17.997832,28.777345],[-17.998018,28.777295],[-17.998176,28.777295],[-17.998377,28.777319],[-17.99846,28.777339],[-17.998602,28.777445],[-17.998654,28.777541],[-17.998641,28.777698],[-17.998601,28.777752],[-17.998443,28.777819],[-17.998341,28.77781],[-17.998147,28.777763],[-17.998054,28.777725]]]}},{"type":"Feature","properties":{"id":25,"tipo":"arqueologico","subtipo":"canalillos_cazoletas","nombre":"canalillos cazoletas #11","municipio":"","direccion":"","descripcion":"","url_imagen":"","area_m2":3072.01,"longitud":-17.993358410841964,"latitud":28.760205917975277},"geometry":{"type":"Polygon","coordinates":[[[-17.993183,28.760362],[-17.993083,28.760225],[-17.99303,28.75986],[-17.993106,28.759815],[-17.993318,28.759921],[-17.993468,28.760038],[-17.993631,28.760229],[-17.993715,28.760389],[-17.99374,28.760487],[-17.993664,28.760553],[-17.993548,28.760527],[-17.993362,28.760458],[-17.993183,28.760362]]]}},{"type":"Feature","properties":{"id":26,"tipo":"arqueologico","subtipo":"canalillos_cazoletas","nombre":"canalillos cazoletas #12","municipio":"","direccion":"","descripcion":"","url_imagen":"","area_m2":42954.8,"longitud":-17.93607333549859,"latitud":28.67493523816286},"geometry":{"type":"Polygon","coordinates":[[[-17.934733,28.677326],[-17.934549,28.677324],[-17.934527,28.677314],[-17.934464,28.677187],[-17.934767,28.676262],[-17.934859,28.676105],[-17.935292,28.675626],[-17.935376,28.675467],[-17.935664,28.674224],[-17.935774,28.674091],[-17.936303,28.673826],[-17.936462,28.673715],[-17.93703,28.673175],[-17.937181,28.673055],[-17.937794,28.672649],[-17.937869,28.672685],[-17.937856,28.672877],[-17.93781,28.67305],[-17.93746,28.673772],[-17.937356,28.673926],[-17.936932,28.674402],[-17.936802,28.67454],[-17.936277,28.675064],[-17.936167,28.675213],[-17.936021,28.675491],[-17.93566,28.676178],[-17.935586,28.676346],[-17.935486,28.67662],[-17.9354,28.676782],[-17.935179,28.677086],[-17.935032,28.677201],[-17.934733,28.677326]]]}},{"type":"Feature","properties":{"id":27,"tipo":"arqueologico","subtipo":"canalillos_cazoletas","nombre":"canalillos cazoletas #13","municipio":"","direccion":"","descripcion":"","url_imagen":"","area_m2":2611.57,"longitud":-18.000258911958873,"latitud":28.772850125226046},"geometry":{"type":"Polygon","coordinates":[[[-18.000356,28.773115],[-18.000292,28.773078],[-18.000128,28.772971],[-18.00009,28.772944],[-17.999938,28.772823],[-17.999873,28.772766],[-17.999892,28.772665],[-18.000011,28.772578],[-18.000194,28.772583],[-18.000241,28.77262],[-18.000256,28.772634],[-18.000414,28.772745],[-18.00052,28.772801],[-18.000548,28.772854],[-18.000618,28.773022],[-18.000627,28.77305],[-18.000548,28.773182],[-18.00047,28.773181],[-18.000427,28.773156],[-18.000482,28.773047],[-18.000319,28.77305],[-18.000356,28.773115]]]}},{"type":"Feature","properties":{"id":28,"tipo":"arqueologico","subtipo":"canalillos_cazoletas","nombre":"canalillos cazoletas #14","municipio":"","direccion":"","descripcion":"","url_imagen":"","area_m2":42314.72,"longitud":-17.879536351915434,"latitud":28.73324132113568},"geometry":{"type":"Polygon","coordinates":[[[-17.879177,28.734056],[-17.878956,28.733563],[-17.878257,28.733202],[-17.878252,28.733039],[-17.878585,28.731933],[-17.878755,28.731878],[-17.879639,28.732236],[-17.880072,28.732743],[-17.880393,28.733212],[-17.880981,28.733741],[-17.880785,28.734189],[-17.88067,28.734298],[-17.880088,28.734467],[-17.879733,28.734376],[-17.879177,28.734056]]]}},{"type":"Feature","properties":{"id":29,"tipo":"arqueologico","subtipo":"cueva_funeraria","nombre":"cueva funeraria #1","municipio":"","direccion":"","descripcion":"","url_imagen":"","area_m2":19004.05,"longitud":-17.83178804175464,"latitud":28.8347495881938},"geometry":{"type":"Polygon","coordinates":[[[-17.830991,28.834766],[-17.830993,28.834694],[-17.831004,28.834622],[-17.831023,28.834552],[-17.83105,28.834484],[-17.831085,28.834418],[-17.831127,28.834357],[-17.831177,28.834299],[-17.831233,28.834246],[-17.831294,28.834198],[-17.831361,28.834157],[-17.831433,28.834121],[-17.831508,28.834092],[-17.831586,28.83407],[-17.831667,28.834056],[-17.831749,28.834048],[-17.831831,28.834049],[-17.831912,28.834056],[-17.831993,28.834071],[-17.832071,28.834093],[-17.832146,28.834122],[-17.832217,28.834158],[-17.832284,28.8342],[-17.832346,28.834248],[-17.832401,28.834301],[-17.83245,28.834359],[-17.832492,28.834421],[-17.832527,28.834486],[-17.832554,28.834555],[-17.832573,28.834625],[-17.832583,28.834697],[-17.832585,28.834769],[-17.832578,28.834841],[-17.832564,28.834912],[-17.832541,28.834981],[-17.832509,28.835048],[-17.832471,28.835112],[-17.832425,28.835172],[-17.832372,28.835227],[-17.832313,28.835278],[-17.832249,28.835322],[-17.832179,28.835361],[-17.832106,28.835393],[-17.832029,28.835419],[-17.83195,28.835437],[-17.831869,28.835448],[-17.831787,28.835452],[-17.831705,28.835448],[-17.831623,28.835436],[-17.831544,28.835418],[-17.831467,28.835392],[-17.831394,28.83536],[-17.831325,28.835321],[-17.831261,28.835276],[-17.831202,28.835225],[-17.831149,28.83517],[-17.831104,28.83511],[-17.831065,28.835046],[-17.831035,28.834979],[-17.831012,28.83491],[-17.830997,28.834838],[-17.830991,28.834766]]]}},{"type":"Feature","properties":{"id":30,"tipo":"arqueologico","subtipo":"cueva_funeraria","nombre":"cueva funeraria #2","municipio":"","direccion":"","descripcion":"","url_imagen":"","area_m2":19004.05,"longitud":-17.825492424286246,"latitud":28.836131253493402},"geometry":{"type":"Polygon","coordinates":[[[-17.824695,28.836148],[-17.824698,28.836076],[-17.824708,28.836004],[-17.824727,28.835934],[-17.824755,28.835866],[-17.824789,28.8358],[-17.824832,28.835738],[-17.824881,28.835681],[-17.824937,28.835628],[-17.824999,28.83558],[-17.825066,28.835538],[-17.825137,28.835503],[-17.825213,28.835474],[-17.825291,28.835452],[-17.825371,28.835437],[-17.825453,28.83543],[-17.825535,28.83543],[-17.825617,28.835438],[-17.825697,28.835453],[-17.825775,28.835475],[-17.82585,28.835504],[-17.825922,28.83554],[-17.825988,28.835582],[-17.82605,28.835629],[-17.826106,28.835683],[-17.826155,28.835741],[-17.826197,28.835803],[-17.826232,28.835868],[-17.826258,28.835936],[-17.826277,28.836007],[-17.826287,28.836078],[-17.826289,28.836151],[-17.826283,28.836223],[-17.826268,28.836294],[-17.826245,28.836363],[-17.826214,28.83643],[-17.826175,28.836494],[-17.826129,28.836554],[-17.826076,28.836609],[-17.826018,28.836659],[-17.825953,28.836704],[-17.825884,28.836743],[-17.82581,28.836775],[-17.825733,28.8368],[-17.825654,28.836819],[-17.825573,28.83683],[-17.825491,28.836833],[-17.825409,28.836829],[-17.825328,28.836818],[-17.825248,28.8368],[-17.825172,28.836774],[-17.825098,28.836742],[-17.825029,28.836703],[-17.824965,28.836658],[-17.824906,28.836607],[-17.824854,28.836551],[-17.824808,28.836491],[-17.82477,28.836428],[-17.824739,28.836361],[-17.824716,28.836291],[-17.824702,28.83622],[-17.824695,28.836148]]]}},{"type":"Feature","properties":{"id":31,"tipo":"arqueologico","subtipo":"cueva_funeraria","nombre":"cueva funeraria #3","municipio":"","direccion":"","descripcion":"","url_imagen":"","area_m2":19004.04,"longitud":-17.80458708882255,"latitud":28.837352967254443},"geometry":{"type":"Polygon","coordinates":[[[-17.80379,28.83737],[-17.803792,28.837297],[-17.803803,28.837226],[-17.803822,28.837155],[-17.803849,28.837087],[-17.803884,28.837022],[-17.803927,28.83696],[-17.803976,28.836902],[-17.804032,28.836849],[-17.804094,28.836802],[-17.804161,28.83676],[-17.804232,28.836724],[-17.804307,28.836696],[-17.804386,28.836674],[-17.804466,28.836659],[-17.804548,28.836652],[-17.80463,28.836652],[-17.804711,28.83666],[-17.804792,28.836674],[-17.80487,28.836697],[-17.804945,28.836726],[-17.805016,28.836761],[-17.805083,28.836803],[-17.805145,28.836851],[-17.8052,28.836904],[-17.805249,28.836962],[-17.805292,28.837024],[-17.805326,28.83709],[-17.805353,28.837158],[-17.805372,28.837229],[-17.805382,28.8373],[-17.805384,28.837373],[-17.805378,28.837445],[-17.805363,28.837516],[-17.80534,28.837585],[-17.805308,28.837652],[-17.80527,28.837716],[-17.805224,28.837776],[-17.805171,28.837831],[-17.805112,28.837881],[-17.805048,28.837926],[-17.804978,28.837965],[-17.804905,28.837997],[-17.804828,28.838022],[-17.804749,28.83804],[-17.804667,28.838051],[-17.804585,28.838055],[-17.804503,28.838051],[-17.804422,28.83804],[-17.804343,28.838021],[-17.804266,28.837996],[-17.804193,28.837963],[-17.804124,28.837924],[-17.80406,28.837879],[-17.804001,28.837829],[-17.803948,28.837773],[-17.803903,28.837713],[-17.803864,28.837649],[-17.803834,28.837582],[-17.803811,28.837513],[-17.803796,28.837442],[-17.80379,28.83737]]]}},{"type":"Feature","properties":{"id":32,"tipo":"arqueologico","subtipo":"cueva_funeraria","nombre":"cueva funeraria #4","municipio":"","direccion":"","descripcion":"","url_imagen":"","area_m2":19004.05,"longitud":-17.796279187726828,"latitud":28.836479169426934},"geometry":{"type":"Polygon","coordinates":[[[-17.795482,28.836496],[-17.795484,28.836423],[-17.795495,28.836352],[-17.795514,28.836281],[-17.795541,28.836213],[-17.795576,28.836148],[-17.795619,28.836086],[-17.795668,28.836028],[-17.795724,28.835975],[-17.795786,28.835928],[-17.795853,28.835886],[-17.795924,28.835851],[-17.796,28.835822],[-17.796078,28.8358],[-17.796158,28.835785],[-17.79624,28.835778],[-17.796322,28.835778],[-17.796404,28.835786],[-17.796484,28.835801],[-17.796562,28.835823],[-17.796637,28.835852],[-17.796709,28.835888],[-17.796775,28.83593],[-17.796837,28.835978],[-17.796892,28.836031],[-17.796942,28.836089],[-17.796984,28.836151],[-17.797018,28.836216],[-17.797045,28.836284],[-17.797064,28.836355],[-17.797074,28.836427],[-17.797076,28.836499],[-17.79707,28.836571],[-17.797055,28.836642],[-17.797032,28.836711],[-17.797001,28.836778],[-17.796962,28.836842],[-17.796916,28.836902],[-17.796863,28.836957],[-17.796804,28.837007],[-17.79674,28.837052],[-17.79667,28.837091],[-17.796597,28.837123],[-17.79652,28.837148],[-17.796441,28.837167],[-17.796359,28.837178],[-17.796277,28.837181],[-17.796195,28.837177],[-17.796114,28.837166],[-17.796035,28.837147],[-17.795958,28.837122],[-17.795885,28.837089],[-17.795816,28.83705],[-17.795752,28.837005],[-17.795693,28.836955],[-17.79564,28.836899],[-17.795595,28.836839],[-17.795556,28.836775],[-17.795526,28.836708],[-17.795503,28.836639],[-17.795488,28.836568],[-17.795482,28.836496]]]}},{"type":"Feature","properties":{"id":33,"tipo":"arqueologico","subtipo":"cueva_funeraria","nombre":"cueva funeraria #5","municipio":"","direccion":"","descripcion":"","url_imagen":"","area_m2":19004.05,"longitud":-17.792280586780922,"latitud":28.839500946816777},"geometry":{"type":"Polygon","coordinates":[[[-17.791484,28.839517],[-17.791486,28.839445],[-17.791497,28.839374],[-17.791516,28.839303],[-17.791543,28.839235],[-17.791578,28.83917],[-17.79162,28.839108],[-17.79167,28.83905],[-17.791725,28.838997],[-17.791787,28.83895],[-17.791854,28.838908],[-17.791926,28.838872],[-17.792001,28.838844],[-17.792079,28.838822],[-17.79216,28.838807],[-17.792241,28.8388],[-17.792323,28.8388],[-17.792405,28.838808],[-17.792485,28.838822],[-17.792563,28.838845],[-17.792639,28.838874],[-17.79271,28.838909],[-17.792777,28.838951],[-17.792838,28.838999],[-17.792894,28.839052],[-17.792943,28.83911],[-17.792985,28.839172],[-17.79302,28.839238],[-17.793047,28.839306],[-17.793065,28.839377],[-17.793076,28.839448],[-17.793078,28.839521],[-17.793071,28.839593],[-17.793056,28.839664],[-17.793033,28.839733],[-17.793002,28.8398],[-17.792963,28.839864],[-17.792917,28.839924],[-17.792864,28.839979],[-17.792806,28.840029],[-17.792741,28.840074],[-17.792672,28.840113],[-17.792598,28.840145],[-17.792521,28.84017],[-17.792442,28.840188],[-17.792361,28.840199],[-17.792279,28.840203],[-17.792197,28.840199],[-17.792116,28.840188],[-17.792036,28.840169],[-17.79196,28.840144],[-17.791886,28.840111],[-17.791817,28.840072],[-17.791753,28.840027],[-17.791694,28.839977],[-17.791642,28.839921],[-17.791596,28.839861],[-17.791558,28.839797],[-17.791527,28.83973],[-17.791504,28.839661],[-17.79149,28.83959],[-17.791484,28.839517]]]}},{"type":"Feature","properties":{"id":34,"tipo":"arqueologico","subtipo":"cueva_funeraria","nombre":"cueva funeraria #6","municipio":"","direccion":"","descripcion":"","url_imagen":"","area_m2":19004.04,"longitud":-17.781310734426178,"latitud":28.825152429802},"geometry":{"type":"Polygon","coordinates":[[[-17.780514,28.825169],[-17.780516,28.825097],[-17.780527,28.825025],[-17.780546,28.824955],[-17.780573,28.824886],[-17.780608,28.824821],[-17.78065,28.824759],[-17.7807,28.824701],[-17.780756,28.824649],[-17.780817,28.824601],[-17.780884,28.824559],[-17.780956,28.824524],[-17.781031,28.824495],[-17.78111,28.824473],[-17.78119,28.824459],[-17.781272,28.824451],[-17.781354,28.824451],[-17.781435,28.824459],[-17.781516,28.824474],[-17.781594,28.824496],[-17.781669,28.824525],[-17.78174,28.824561],[-17.781807,28.824603],[-17.781868,28.824651],[-17.781924,28.824704],[-17.781973,28.824762],[-17.782015,28.824824],[-17.78205,28.824889],[-17.782077,28.824958],[-17.782095,28.825028],[-17.782106,28.8251],[-17.782108,28.825172],[-17.782101,28.825244],[-17.782086,28.825315],[-17.782063,28.825385],[-17.782032,28.825452],[-17.781993,28.825515],[-17.781947,28.825575],[-17.781895,28.82563],[-17.781836,28.825681],[-17.781771,28.825726],[-17.781702,28.825764],[-17.781628,28.825796],[-17.781551,28.825822],[-17.781472,28.82584],[-17.781391,28.825851],[-17.781309,28.825854],[-17.781227,28.825851],[-17.781146,28.825839],[-17.781067,28.825821],[-17.78099,28.825795],[-17.780916,28.825763],[-17.780847,28.825724],[-17.780783,28.825679],[-17.780724,28.825628],[-17.780672,28.825572],[-17.780626,28.825512],[-17.780588,28.825449],[-17.780557,28.825382],[-17.780534,28.825312],[-17.78052,28.825241],[-17.780514,28.825169]]]}},{"type":"Feature","properties":{"id":35,"tipo":"arqueologico","subtipo":"cueva_funeraria","nombre":"La Cuesta","municipio":"","direccion":"","descripcion":"","url_imagen":"","area_m2":19004.05,"longitud":-17.781207312173855,"latitud":28.821263725812724},"geometry":{"type":"Polygon","coordinates":[[[-17.78041,28.82128],[-17.780413,28.821208],[-17.780423,28.821136],[-17.780442,28.821066],[-17.78047,28.820998],[-17.780505,28.820932],[-17.780547,28.82087],[-17.780596,28.820813],[-17.780652,28.82076],[-17.780714,28.820712],[-17.780781,28.820671],[-17.780853,28.820635],[-17.780928,28.820606],[-17.781006,28.820584],[-17.781086,28.82057],[-17.781168,28.820563],[-17.78125,28.820563],[-17.781332,28.82057],[-17.781412,28.820585],[-17.78149,28.820607],[-17.781565,28.820637],[-17.781637,28.820672],[-17.781703,28.820714],[-17.781765,28.820762],[-17.781821,28.820815],[-17.78187,28.820873],[-17.781912,28.820935],[-17.781946,28.821001],[-17.781973,28.821069],[-17.781992,28.821139],[-17.782002,28.821211],[-17.782004,28.821283],[-17.781998,28.821355],[-17.781983,28.821427],[-17.78196,28.821496],[-17.781928,28.821563],[-17.78189,28.821627],[-17.781844,28.821686],[-17.781791,28.821742],[-17.781732,28.821792],[-17.781668,28.821837],[-17.781598,28.821875],[-17.781525,28.821908],[-17.781448,28.821933],[-17.781369,28.821951],[-17.781287,28.821962],[-17.781205,28.821966],[-17.781123,28.821962],[-17.781042,28.821951],[-17.780963,28.821932],[-17.780886,28.821906],[-17.780813,28.821874],[-17.780744,28.821835],[-17.78068,28.82179],[-17.780621,28.821739],[-17.780569,28.821684],[-17.780523,28.821624],[-17.780485,28.82156],[-17.780454,28.821493],[-17.780431,28.821423],[-17.780417,28.821352],[-17.78041,28.82128]]]}},{"type":"Feature","properties":{"id":36,"tipo":"arqueologico","subtipo":"cueva_funeraria","nombre":"cueva funeraria #8","municipio":"","direccion":"","descripcion":"","url_imagen":"","area_m2":19004.05,"longitud":-17.77733293146981,"latitud":28.814298335021956},"geometry":{"type":"Polygon","coordinates":[[[-17.776536,28.814315],[-17.776538,28.814242],[-17.776549,28.814171],[-17.776568,28.814101],[-17.776595,28.814032],[-17.77663,28.813967],[-17.776673,28.813905],[-17.776722,28.813847],[-17.776778,28.813794],[-17.77684,28.813747],[-17.776907,28.813705],[-17.776978,28.81367],[-17.777054,28.813641],[-17.777132,28.813619],[-17.777212,28.813604],[-17.777294,28.813597],[-17.777376,28.813597],[-17.777457,28.813605],[-17.777538,28.81362],[-17.777616,28.813642],[-17.777691,28.813671],[-17.777762,28.813707],[-17.777829,28.813749],[-17.777891,28.813797],[-17.777946,28.81385],[-17.777995,28.813908],[-17.778037,28.81397],[-17.778072,28.814035],[-17.778099,28.814104],[-17.778117,28.814174],[-17.778128,28.814246],[-17.77813,28.814318],[-17.778123,28.81439],[-17.778108,28.814461],[-17.778085,28.814531],[-17.778054,28.814597],[-17.778015,28.814661],[-17.777969,28.814721],[-17.777917,28.814776],[-17.777858,28.814827],[-17.777793,28.814871],[-17.777724,28.81491],[-17.77765,28.814942],[-17.777574,28.814968],[-17.777494,28.814986],[-17.777413,28.814997],[-17.777331,28.815],[-17.777249,28.814996],[-17.777168,28.814985],[-17.777089,28.814967],[-17.777012,28.814941],[-17.776939,28.814908],[-17.77687,28.81487],[-17.776805,28.814825],[-17.776747,28.814774],[-17.776694,28.814718],[-17.776649,28.814658],[-17.77661,28.814594],[-17.776579,28.814527],[-17.776557,28.814458],[-17.776542,28.814387],[-17.776536,28.814315]]]}},{"type":"Feature","properties":{"id":37,"tipo":"arqueologico","subtipo":"cueva_funeraria","nombre":"cueva funeraria #9","municipio":"","direccion":"","descripcion":"","url_imagen":"","area_m2":19004.05,"longitud":-17.77498352765053,"latitud":28.81658354162226},"geometry":{"type":"Polygon","coordinates":[[[-17.774187,28.8166],[-17.774189,28.816528],[-17.7742,28.816456],[-17.774219,28.816386],[-17.774246,28.816318],[-17.774281,28.816252],[-17.774323,28.81619],[-17.774373,28.816133],[-17.774429,28.81608],[-17.77449,28.816032],[-17.774557,28.81599],[-17.774629,28.815955],[-17.774704,28.815926],[-17.774782,28.815904],[-17.774863,28.81589],[-17.774944,28.815882],[-17.775026,28.815883],[-17.775108,28.81589],[-17.775188,28.815905],[-17.775266,28.815927],[-17.775342,28.815956],[-17.775413,28.815992],[-17.77548,28.816034],[-17.775541,28.816082],[-17.775597,28.816135],[-17.775646,28.816193],[-17.775688,28.816255],[-17.775723,28.816321],[-17.775749,28.816389],[-17.775768,28.816459],[-17.775778,28.816531],[-17.77578,28.816603],[-17.775774,28.816675],[-17.775759,28.816746],[-17.775736,28.816816],[-17.775705,28.816883],[-17.775666,28.816946],[-17.77562,28.817006],[-17.775567,28.817062],[-17.775508,28.817112],[-17.775444,28.817157],[-17.775374,28.817195],[-17.775301,28.817227],[-17.775224,28.817253],[-17.775145,28.817271],[-17.775064,28.817282],[-17.774982,28.817286],[-17.7749,28.817282],[-17.774819,28.81727],[-17.774739,28.817252],[-17.774663,28.817226],[-17.774589,28.817194],[-17.77452,28.817155],[-17.774456,28.81711],[-17.774397,28.817059],[-17.774345,28.817004],[-17.774299,28.816943],[-17.774261,28.81688],[-17.77423,28.816813],[-17.774207,28.816743],[-17.774193,28.816672],[-17.774187,28.8166]]]}},{"type":"Feature","properties":{"id":38,"tipo":"arqueologico","subtipo":"cueva_funeraria","nombre":"cueva funeraria #10","municipio":"","direccion":"","descripcion":"","url_imagen":"","area_m2":19004.05,"longitud":-17.766301676162406,"latitud":28.7872663813882},"geometry":{"type":"Polygon","coordinates":[[[-17.765505,28.787283],[-17.765507,28.78721],[-17.765518,28.787139],[-17.765537,28.787068],[-17.765564,28.787],[-17.765599,28.786935],[-17.765642,28.786873],[-17.765691,28.786815],[-17.765747,28.786762],[-17.765809,28.786715],[-17.765876,28.786673],[-17.765947,28.786638],[-17.766022,28.786609],[-17.766101,28.786587],[-17.766181,28.786572],[-17.766263,28.786565],[-17.766345,28.786565],[-17.766426,28.786573],[-17.766507,28.786588],[-17.766585,28.78661],[-17.76666,28.786639],[-17.766731,28.786675],[-17.766798,28.786717],[-17.766859,28.786765],[-17.766915,28.786818],[-17.766964,28.786876],[-17.767006,28.786938],[-17.767041,28.787004],[-17.767067,28.787072],[-17.767086,28.787142],[-17.767096,28.787214],[-17.767098,28.787286],[-17.767092,28.787358],[-17.767077,28.787429],[-17.767054,28.787499],[-17.767023,28.787566],[-17.766984,28.787629],[-17.766938,28.787689],[-17.766885,28.787745],[-17.766826,28.787795],[-17.766762,28.78784],[-17.766692,28.787878],[-17.766619,28.78791],[-17.766542,28.787936],[-17.766463,28.787954],[-17.766382,28.787965],[-17.7663,28.787968],[-17.766218,28.787964],[-17.766137,28.787953],[-17.766057,28.787935],[-17.765981,28.787909],[-17.765907,28.787876],[-17.765838,28.787838],[-17.765774,28.787793],[-17.765716,28.787742],[-17.765663,28.787686],[-17.765617,28.787626],[-17.765579,28.787562],[-17.765548,28.787495],[-17.765526,28.787426],[-17.765511,28.787355],[-17.765505,28.787283]]]}},{"type":"Feature","properties":{"id":39,"tipo":"arqueologico","subtipo":"cueva_funeraria","nombre":"cueva funeraria #11","municipio":"","direccion":"","descripcion":"","url_imagen":"","area_m2":19004.05,"longitud":-17.770274936149153,"latitud":28.6621158192758},"geometry":{"type":"Polygon","coordinates":[[[-17.769479,28.662132],[-17.769482,28.66206],[-17.769492,28.661988],[-17.769511,28.661918],[-17.769538,28.66185],[-17.769573,28.661784],[-17.769616,28.661722],[-17.769665,28.661665],[-17.769721,28.661612],[-17.769783,28.661564],[-17.769849,28.661523],[-17.769921,28.661487],[-17.769996,28.661458],[-17.770074,28.661436],[-17.770154,28.661422],[-17.770236,28.661415],[-17.770318,28.661415],[-17.770399,28.661422],[-17.77048,28.661437],[-17.770558,28.66146],[-17.770633,28.661489],[-17.770704,28.661524],[-17.77077,28.661566],[-17.770832,28.661614],[-17.770887,28.661667],[-17.770936,28.661725],[-17.770978,28.661787],[-17.771013,28.661853],[-17.77104,28.661921],[-17.771058,28.661992],[-17.771069,28.662063],[-17.771071,28.662136],[-17.771064,28.662208],[-17.771049,28.662279],[-17.771026,28.662348],[-17.770995,28.662415],[-17.770956,28.662479],[-17.77091,28.662539],[-17.770858,28.662594],[-17.770799,28.662644],[-17.770734,28.662689],[-17.770665,28.662728],[-17.770592,28.66276],[-17.770515,28.662785],[-17.770436,28.662803],[-17.770355,28.662814],[-17.770273,28.662818],[-17.770191,28.662814],[-17.77011,28.662803],[-17.770031,28.662784],[-17.769954,28.662758],[-17.769881,28.662726],[-17.769812,28.662687],[-17.769748,28.662642],[-17.769689,28.662591],[-17.769637,28.662536],[-17.769592,28.662476],[-17.769553,28.662412],[-17.769523,28.662345],[-17.7695,28.662275],[-17.769485,28.662204],[-17.769479,28.662132]]]}},{"type":"Feature","properties":{"id":40,"tipo":"arqueologico","subtipo":"cueva_funeraria","nombre":"cueva funeraria #12","municipio":"","direccion":"","descripcion":"","url_imagen":"","area_m2":19004.05,"longitud":-17.77299355873903,"latitud":28.629763991023424},"geometry":{"type":"Polygon","coordinates":[[[-17.772198,28.62978],[-17.7722,28.629708],[-17.772211,28.629636],[-17.77223,28.629566],[-17.772257,28.629498],[-17.772292,28.629432],[-17.772335,28.629371],[-17.772384,28.629313],[-17.77244,28.62926],[-17.772501,28.629212],[-17.772568,28.629171],[-17.77264,28.629135],[-17.772715,28.629106],[-17.772793,28.629085],[-17.772873,28.62907],[-17.772955,28.629063],[-17.773037,28.629063],[-17.773118,28.629071],[-17.773198,28.629086],[-17.773276,28.629108],[-17.773351,28.629137],[-17.773422,28.629173],[-17.773489,28.629215],[-17.77355,28.629262],[-17.773606,28.629316],[-17.773655,28.629374],[-17.773697,28.629436],[-17.773731,28.629501],[-17.773758,28.629569],[-17.773777,28.62964],[-17.773787,28.629712],[-17.773789,28.629784],[-17.773782,28.629856],[-17.773768,28.629927],[-17.773744,28.629996],[-17.773713,28.630063],[-17.773675,28.630127],[-17.773629,28.630187],[-17.773576,28.630242],[-17.773517,28.630292],[-17.773453,28.630337],[-17.773384,28.630376],[-17.77331,28.630408],[-17.773234,28.630433],[-17.773154,28.630452],[-17.773073,28.630462],[-17.772992,28.630466],[-17.77291,28.630462],[-17.772829,28.630451],[-17.77275,28.630432],[-17.772673,28.630407],[-17.7726,28.630374],[-17.772531,28.630335],[-17.772467,28.63029],[-17.772408,28.63024],[-17.772356,28.630184],[-17.77231,28.630124],[-17.772272,28.63006],[-17.772241,28.629993],[-17.772219,28.629923],[-17.772204,28.629852],[-17.772198,28.62978]]]}},{"type":"Feature","properties":{"id":41,"tipo":"arqueologico","subtipo":"cueva_funeraria","nombre":"cueva funeraria #13","municipio":"","direccion":"","descripcion":"","url_imagen":"","area_m2":19004.04,"longitud":-17.759423088916222,"latitud":28.593474978732598},"geometry":{"type":"Polygon","coordinates":[[[-17.758628,28.593491],[-17.75863,28.593419],[-17.758641,28.593347],[-17.75866,28.593277],[-17.758687,28.593209],[-17.758722,28.593143],[-17.758764,28.593082],[-17.758814,28.593024],[-17.758869,28.592971],[-17.758931,28.592923],[-17.758998,28.592882],[-17.759069,28.592846],[-17.759145,28.592817],[-17.759223,28.592796],[-17.759303,28.592781],[-17.759384,28.592774],[-17.759466,28.592774],[-17.759548,28.592782],[-17.759628,28.592797],[-17.759706,28.592819],[-17.759781,28.592848],[-17.759852,28.592884],[-17.759918,28.592926],[-17.75998,28.592974],[-17.760035,28.593027],[-17.760084,28.593085],[-17.760126,28.593147],[-17.760161,28.593212],[-17.760187,28.593281],[-17.760206,28.593351],[-17.760216,28.593423],[-17.760218,28.593495],[-17.760212,28.593567],[-17.760197,28.593638],[-17.760174,28.593707],[-17.760143,28.593774],[-17.760104,28.593838],[-17.760058,28.593898],[-17.760005,28.593953],[-17.759947,28.594004],[-17.759882,28.594048],[-17.759813,28.594087],[-17.75974,28.594119],[-17.759663,28.594144],[-17.759584,28.594163],[-17.759503,28.594173],[-17.759421,28.594177],[-17.759339,28.594173],[-17.759258,28.594162],[-17.759179,28.594143],[-17.759103,28.594118],[-17.759029,28.594085],[-17.75896,28.594046],[-17.758896,28.594001],[-17.758838,28.59395],[-17.758786,28.593895],[-17.75874,28.593835],[-17.758702,28.593771],[-17.758671,28.593704],[-17.758648,28.593634],[-17.758634,28.593563],[-17.758628,28.593491]]]}},{"type":"Feature","properties":{"id":42,"tipo":"arqueologico","subtipo":"cueva_funeraria","nombre":"cueva funeraria #14","municipio":"","direccion":"","descripcion":"","url_imagen":"","area_m2":19004.05,"longitud":-17.76158730177456,"latitud":28.58992857247374},"geometry":{"type":"Polygon","coordinates":[[[-17.760792,28.589945],[-17.760794,28.589873],[-17.760805,28.589801],[-17.760824,28.589731],[-17.760851,28.589662],[-17.760886,28.589597],[-17.760929,28.589535],[-17.760978,28.589477],[-17.761034,28.589424],[-17.761095,28.589377],[-17.761162,28.589335],[-17.761234,28.5893],[-17.761309,28.589271],[-17.761387,28.589249],[-17.761467,28.589235],[-17.761548,28.589227],[-17.76163,28.589228],[-17.761712,28.589235],[-17.761792,28.58925],[-17.76187,28.589272],[-17.761945,28.589301],[-17.762016,28.589337],[-17.762083,28.589379],[-17.762144,28.589427],[-17.762199,28.58948],[-17.762248,28.589538],[-17.76229,28.5896],[-17.762325,28.589666],[-17.762352,28.589734],[-17.76237,28.589805],[-17.76238,28.589876],[-17.762382,28.589949],[-17.762376,28.590021],[-17.762361,28.590092],[-17.762338,28.590161],[-17.762307,28.590228],[-17.762268,28.590292],[-17.762222,28.590351],[-17.76217,28.590407],[-17.762111,28.590457],[-17.762046,28.590502],[-17.761977,28.59054],[-17.761904,28.590573],[-17.761827,28.590598],[-17.761748,28.590616],[-17.761667,28.590627],[-17.761585,28.590631],[-17.761503,28.590627],[-17.761423,28.590615],[-17.761343,28.590597],[-17.761267,28.590571],[-17.761194,28.590539],[-17.761125,28.5905],[-17.761061,28.590455],[-17.761002,28.590404],[-17.76095,28.590348],[-17.760904,28.590288],[-17.760866,28.590224],[-17.760835,28.590157],[-17.760813,28.590088],[-17.760798,28.590017],[-17.760792,28.589945]]]}},{"type":"Feature","properties":{"id":43,"tipo":"arqueologico","subtipo":"cueva_funeraria","nombre":"cueva funeraria #15","municipio":"","direccion":"","descripcion":"","url_imagen":"","area_m2":19004.05,"longitud":-17.790607327856225,"latitud":28.553147990021603},"geometry":{"type":"Polygon","coordinates":[[[-17.789812,28.553164],[-17.789815,28.553092],[-17.789825,28.55302],[-17.789844,28.55295],[-17.789872,28.552882],[-17.789906,28.552817],[-17.789949,28.552755],[-17.789998,28.552697],[-17.790054,28.552644],[-17.790115,28.552596],[-17.790182,28.552555],[-17.790254,28.552519],[-17.790329,28.55249],[-17.790407,28.552469],[-17.790487,28.552454],[-17.790568,28.552447],[-17.79065,28.552447],[-17.790732,28.552455],[-17.790812,28.55247],[-17.79089,28.552492],[-17.790965,28.552521],[-17.791036,28.552557],[-17.791102,28.552599],[-17.791164,28.552646],[-17.791219,28.5527],[-17.791268,28.552758],[-17.79131,28.55282],[-17.791345,28.552885],[-17.791371,28.552953],[-17.79139,28.553024],[-17.7914,28.553096],[-17.791402,28.553168],[-17.791396,28.55324],[-17.791381,28.553311],[-17.791358,28.55338],[-17.791327,28.553447],[-17.791288,28.553511],[-17.791242,28.553571],[-17.79119,28.553626],[-17.791131,28.553676],[-17.791066,28.553721],[-17.790997,28.55376],[-17.790924,28.553792],[-17.790847,28.553817],[-17.790768,28.553836],[-17.790687,28.553846],[-17.790605,28.55385],[-17.790524,28.553846],[-17.790443,28.553835],[-17.790364,28.553816],[-17.790287,28.553791],[-17.790214,28.553758],[-17.790145,28.553719],[-17.790081,28.553674],[-17.790022,28.553624],[-17.78997,28.553568],[-17.789925,28.553508],[-17.789886,28.553444],[-17.789856,28.553377],[-17.789833,28.553308],[-17.789819,28.553236],[-17.789812,28.553164]]]}},{"type":"Feature","properties":{"id":44,"tipo":"arqueologico","subtipo":"cueva_funeraria","nombre":"cueva funeraria #16","municipio":"","direccion":"","descripcion":"","url_imagen":"","area_m2":19004.04,"longitud":-17.79554725577848,"latitud":28.53574708696976},"geometry":{"type":"Polygon","coordinates":[[[-17.794753,28.535763],[-17.794755,28.535691],[-17.794766,28.53562],[-17.794785,28.535549],[-17.794812,28.535481],[-17.794846,28.535416],[-17.794889,28.535354],[-17.794938,28.535296],[-17.794994,28.535243],[-17.795055,28.535196],[-17.795122,28.535154],[-17.795194,28.535118],[-17.795269,28.53509],[-17.795347,28.535068],[-17.795427,28.535053],[-17.795508,28.535046],[-17.79559,28.535046],[-17.795672,28.535054],[-17.795752,28.535069],[-17.795829,28.535091],[-17.795904,28.53512],[-17.795976,28.535156],[-17.796042,28.535198],[-17.796103,28.535246],[-17.796159,28.535299],[-17.796208,28.535357],[-17.79625,28.535419],[-17.796284,28.535484],[-17.796311,28.535553],[-17.79633,28.535623],[-17.79634,28.535695],[-17.796342,28.535767],[-17.796335,28.535839],[-17.796321,28.53591],[-17.796297,28.535979],[-17.796266,28.536046],[-17.796228,28.53611],[-17.796182,28.53617],[-17.796129,28.536225],[-17.796071,28.536276],[-17.796006,28.53632],[-17.795937,28.536359],[-17.795864,28.536391],[-17.795787,28.536416],[-17.795708,28.536435],[-17.795627,28.536446],[-17.795545,28.536449],[-17.795464,28.536445],[-17.795383,28.536434],[-17.795304,28.536415],[-17.795227,28.53639],[-17.795154,28.536357],[-17.795085,28.536318],[-17.795021,28.536273],[-17.794963,28.536223],[-17.79491,28.536167],[-17.794865,28.536107],[-17.794826,28.536043],[-17.794796,28.535976],[-17.794773,28.535907],[-17.794759,28.535836],[-17.794753,28.535763]]]}},{"type":"Feature","properties":{"id":45,"tipo":"arqueologico","subtipo":"cueva_funeraria","nombre":"cueva funeraria #17","municipio":"","direccion":"","descripcion":"","url_imagen":"","area_m2":19004.05,"longitud":-17.960238053304757,"latitud":28.683566644403417},"geometry":{"type":"Polygon","coordinates":[[[-17.959442,28.683584],[-17.959444,28.683512],[-17.959455,28.68344],[-17.959474,28.68337],[-17.959501,28.683302],[-17.959536,28.683236],[-17.959578,28.683174],[-17.959627,28.683116],[-17.959683,28.683063],[-17.959745,28.683016],[-17.959811,28.682974],[-17.959883,28.682938],[-17.959958,28.68291],[-17.960036,28.682888],[-17.960116,28.682873],[-17.960198,28.682866],[-17.96028,28.682866],[-17.960361,28.682873],[-17.960441,28.682888],[-17.96052,28.68291],[-17.960595,28.682939],[-17.960666,28.682975],[-17.960733,28.683017],[-17.960794,28.683064],[-17.96085,28.683117],[-17.960899,28.683175],[-17.960941,28.683237],[-17.960976,28.683303],[-17.961003,28.683371],[-17.961021,28.683441],[-17.961032,28.683513],[-17.961034,28.683585],[-17.961027,28.683657],[-17.961013,28.683729],[-17.96099,28.683798],[-17.960959,28.683865],[-17.96092,28.683929],[-17.960874,28.683988],[-17.960822,28.684044],[-17.960763,28.684094],[-17.960699,28.684139],[-17.960629,28.684178],[-17.960556,28.68421],[-17.960479,28.684236],[-17.9604,28.684254],[-17.960319,28.684265],[-17.960237,28.684269],[-17.960155,28.684265],[-17.960075,28.684254],[-17.959995,28.684235],[-17.959919,28.68421],[-17.959845,28.684177],[-17.959776,28.684138],[-17.959712,28.684093],[-17.959653,28.684043],[-17.959601,28.683987],[-17.959555,28.683927],[-17.959517,28.683864],[-17.959486,28.683797],[-17.959463,28.683727],[-17.959449,28.683656],[-17.959442,28.683584]]]}},{"type":"Feature","properties":{"id":46,"tipo":"arqueologico","subtipo":"cueva_funeraria","nombre":"cueva funeraria #18","municipio":"","direccion":"","descripcion":"","url_imagen":"","area_m2":19004.05,"longitud":-17.95602769851645,"latitud":28.689879010966614},"geometry":{"type":"Polygon","coordinates":[[[-17.955232,28.689896],[-17.955234,28.689824],[-17.955245,28.689752],[-17.955264,28.689682],[-17.955291,28.689614],[-17.955325,28.689549],[-17.955368,28.689487],[-17.955417,28.689429],[-17.955473,28.689376],[-17.955534,28.689328],[-17.955601,28.689286],[-17.955672,28.689251],[-17.955748,28.689222],[-17.955826,28.6892],[-17.955906,28.689185],[-17.955987,28.689178],[-17.956069,28.689178],[-17.956151,28.689186],[-17.956231,28.6892],[-17.956309,28.689222],[-17.956384,28.689251],[-17.956456,28.689287],[-17.956522,28.689329],[-17.956584,28.689377],[-17.956639,28.68943],[-17.956689,28.689488],[-17.956731,28.68955],[-17.956765,28.689615],[-17.956792,28.689683],[-17.956811,28.689754],[-17.956821,28.689826],[-17.956823,28.689898],[-17.956817,28.68997],[-17.956802,28.690041],[-17.956779,28.69011],[-17.956748,28.690177],[-17.95671,28.690241],[-17.956664,28.690301],[-17.956611,28.690356],[-17.956553,28.690407],[-17.956488,28.690452],[-17.956419,28.69049],[-17.956346,28.690522],[-17.956269,28.690548],[-17.95619,28.690566],[-17.956109,28.690577],[-17.956027,28.690581],[-17.955945,28.690577],[-17.955864,28.690566],[-17.955785,28.690547],[-17.955708,28.690522],[-17.955635,28.69049],[-17.955566,28.690451],[-17.955502,28.690406],[-17.955443,28.690355],[-17.955391,28.6903],[-17.955345,28.69024],[-17.955306,28.690176],[-17.955276,28.690109],[-17.955253,28.69004],[-17.955238,28.689968],[-17.955232,28.689896]]]}},{"type":"Feature","properties":{"id":47,"tipo":"arqueologico","subtipo":"cueva_funeraria","nombre":"cueva funeraria #19","municipio":"","direccion":"","descripcion":"","url_imagen":"","area_m2":19004.05,"longitud":-17.975540279150394,"latitud":28.718903173709855},"geometry":{"type":"Polygon","coordinates":[[[-17.974744,28.718921],[-17.974746,28.718848],[-17.974757,28.718777],[-17.974776,28.718706],[-17.974803,28.718638],[-17.974838,28.718573],[-17.97488,28.718511],[-17.974929,28.718453],[-17.974985,28.7184],[-17.975047,28.718352],[-17.975113,28.718311],[-17.975185,28.718275],[-17.97526,28.718246],[-17.975338,28.718224],[-17.975418,28.71821],[-17.9755,28.718202],[-17.975582,28.718202],[-17.975663,28.71821],[-17.975744,28.718225],[-17.975822,28.718247],[-17.975897,28.718276],[-17.975968,28.718311],[-17.976035,28.718353],[-17.976096,28.718401],[-17.976152,28.718454],[-17.976201,28.718512],[-17.976243,28.718574],[-17.976278,28.718639],[-17.976305,28.718708],[-17.976324,28.718778],[-17.976334,28.71885],[-17.976336,28.718922],[-17.97633,28.718994],[-17.976315,28.719065],[-17.976292,28.719134],[-17.976261,28.719201],[-17.976223,28.719265],[-17.976177,28.719325],[-17.976124,28.71938],[-17.976065,28.719431],[-17.976001,28.719476],[-17.975932,28.719514],[-17.975859,28.719547],[-17.975782,28.719572],[-17.975703,28.71959],[-17.975622,28.719601],[-17.97554,28.719605],[-17.975458,28.719601],[-17.975377,28.71959],[-17.975298,28.719572],[-17.975221,28.719546],[-17.975148,28.719514],[-17.975078,28.719475],[-17.975014,28.71943],[-17.974955,28.71938],[-17.974903,28.719324],[-17.974857,28.719264],[-17.974819,28.7192],[-17.974788,28.719133],[-17.974765,28.719064],[-17.974751,28.718993],[-17.974744,28.718921]]]}},{"type":"Feature","properties":{"id":48,"tipo":"arqueologico","subtipo":"cueva_funeraria","nombre":"cueva funeraria #20","municipio":"","direccion":"","descripcion":"","url_imagen":"","area_m2":19004.04,"longitud":-17.97542983910019,"latitud":28.722195288951838},"geometry":{"type":"Polygon","coordinates":[[[-17.974634,28.722213],[-17.974636,28.722141],[-17.974647,28.722069],[-17.974665,28.721999],[-17.974692,28.72193],[-17.974727,28.721865],[-17.97477,28.721803],[-17.974819,28.721745],[-17.974875,28.721692],[-17.974936,28.721645],[-17.975003,28.721603],[-17.975074,28.721567],[-17.97515,28.721538],[-17.975228,28.721516],[-17.975308,28.721502],[-17.975389,28.721494],[-17.975471,28.721494],[-17.975553,28.721502],[-17.975633,28.721517],[-17.975711,28.721539],[-17.975786,28.721568],[-17.975858,28.721603],[-17.975925,28.721645],[-17.975986,28.721693],[-17.976042,28.721746],[-17.976091,28.721804],[-17.976133,28.721866],[-17.976168,28.721931],[-17.976195,28.722],[-17.976213,28.72207],[-17.976224,28.722142],[-17.976226,28.722214],[-17.976219,28.722286],[-17.976205,28.722357],[-17.976182,28.722426],[-17.976151,28.722493],[-17.976112,28.722557],[-17.976066,28.722617],[-17.976014,28.722672],[-17.975955,28.722723],[-17.975891,28.722768],[-17.975822,28.722806],[-17.975748,28.722839],[-17.975671,28.722864],[-17.975592,28.722882],[-17.975511,28.722894],[-17.975429,28.722897],[-17.975347,28.722893],[-17.975266,28.722882],[-17.975187,28.722864],[-17.97511,28.722838],[-17.975037,28.722806],[-17.974968,28.722767],[-17.974904,28.722722],[-17.974845,28.722672],[-17.974793,28.722616],[-17.974747,28.722556],[-17.974708,28.722492],[-17.974678,28.722425],[-17.974655,28.722356],[-17.97464,28.722285],[-17.974634,28.722213]]]}},{"type":"Feature","properties":{"id":49,"tipo":"arqueologico","subtipo":"cueva_funeraria","nombre":"cueva funeraria #21","municipio":"","direccion":"","descripcion":"","url_imagen":"","area_m2":19004.05,"longitud":-17.9763518654861,"latitud":28.794042498076337},"geometry":{"type":"Polygon","coordinates":[[[-17.975555,28.79406],[-17.975557,28.793988],[-17.975568,28.793916],[-17.975587,28.793846],[-17.975614,28.793778],[-17.975649,28.793712],[-17.975691,28.79365],[-17.97574,28.793592],[-17.975796,28.793539],[-17.975858,28.793492],[-17.975925,28.79345],[-17.975996,28.793414],[-17.976071,28.793386],[-17.976149,28.793364],[-17.97623,28.793349],[-17.976311,28.793341],[-17.976393,28.793342],[-17.976475,28.793349],[-17.976555,28.793364],[-17.976633,28.793386],[-17.976709,28.793415],[-17.97678,28.793451],[-17.976847,28.793492],[-17.976908,28.79354],[-17.976964,28.793593],[-17.977013,28.793651],[-17.977055,28.793713],[-17.97709,28.793779],[-17.977117,28.793847],[-17.977136,28.793917],[-17.977146,28.793989],[-17.977148,28.794061],[-17.977142,28.794133],[-17.977127,28.794204],[-17.977104,28.794274],[-17.977073,28.794341],[-17.977035,28.794404],[-17.976989,28.794464],[-17.976936,28.79452],[-17.976877,28.79457],[-17.976813,28.794615],[-17.976744,28.794654],[-17.97667,28.794686],[-17.976594,28.794711],[-17.976514,28.79473],[-17.976433,28.794741],[-17.976351,28.794744],[-17.976269,28.794741],[-17.976188,28.794729],[-17.976109,28.794711],[-17.976032,28.794685],[-17.975959,28.794653],[-17.97589,28.794614],[-17.975825,28.794569],[-17.975767,28.794519],[-17.975714,28.794463],[-17.975668,28.794403],[-17.97563,28.79434],[-17.975599,28.794273],[-17.975576,28.794203],[-17.975562,28.794132],[-17.975555,28.79406]]]}},{"type":"Feature","properties":{"id":50,"tipo":"arqueologico","subtipo":"cueva_funeraria","nombre":"cueva funeraria #22","municipio":"","direccion":"","descripcion":"","url_imagen":"","area_m2":19004.04,"longitud":-17.979647032715857,"latitud":28.78980577585708},"geometry":{"type":"Polygon","coordinates":[[[-17.97885,28.789823],[-17.978853,28.789751],[-17.978863,28.789679],[-17.978882,28.789609],[-17.978909,28.789541],[-17.978944,28.789475],[-17.978986,28.789414],[-17.979036,28.789356],[-17.979091,28.789303],[-17.979153,28.789255],[-17.97922,28.789213],[-17.979291,28.789178],[-17.979366,28.789149],[-17.979445,28.789127],[-17.979525,28.789112],[-17.979607,28.789105],[-17.979689,28.789105],[-17.97977,28.789112],[-17.97985,28.789127],[-17.979929,28.789149],[-17.980004,28.789178],[-17.980075,28.789214],[-17.980142,28.789256],[-17.980204,28.789303],[-17.980259,28.789357],[-17.980308,28.789414],[-17.980351,28.789476],[-17.980385,28.789542],[-17.980412,28.78961],[-17.980431,28.78968],[-17.980441,28.789752],[-17.980444,28.789824],[-17.980437,28.789896],[-17.980422,28.789967],[-17.980399,28.790037],[-17.980368,28.790104],[-17.98033,28.790168],[-17.980284,28.790227],[-17.980231,28.790283],[-17.980173,28.790333],[-17.980108,28.790378],[-17.980039,28.790417],[-17.979966,28.790449],[-17.979889,28.790475],[-17.979809,28.790493],[-17.979728,28.790504],[-17.979646,28.790508],[-17.979565,28.790504],[-17.979484,28.790493],[-17.979404,28.790474],[-17.979327,28.790449],[-17.979254,28.790416],[-17.979185,28.790378],[-17.979121,28.790333],[-17.979062,28.790282],[-17.979009,28.790227],[-17.978964,28.790167],[-17.978925,28.790103],[-17.978894,28.790036],[-17.978871,28.789967],[-17.978857,28.789895],[-17.97885,28.789823]]]}},{"type":"Feature","properties":{"id":51,"tipo":"arqueologico","subtipo":"cueva_funeraria","nombre":"cueva funeraria #23","municipio":"","direccion":"","descripcion":"","url_imagen":"","area_m2":19004.04,"longitud":-17.972410505811066,"latitud":28.79602228562987},"geometry":{"type":"Polygon","coordinates":[[[-17.971614,28.79604],[-17.971616,28.795968],[-17.971627,28.795896],[-17.971646,28.795826],[-17.971673,28.795757],[-17.971707,28.795692],[-17.97175,28.79563],[-17.971799,28.795572],[-17.971855,28.795519],[-17.971916,28.795472],[-17.971983,28.79543],[-17.972055,28.795394],[-17.97213,28.795365],[-17.972208,28.795343],[-17.972288,28.795329],[-17.97237,28.795321],[-17.972452,28.795321],[-17.972534,28.795329],[-17.972614,28.795344],[-17.972692,28.795366],[-17.972767,28.795395],[-17.972839,28.79543],[-17.972905,28.795472],[-17.972967,28.79552],[-17.973023,28.795573],[-17.973072,28.795631],[-17.973114,28.795693],[-17.973149,28.795758],[-17.973176,28.795827],[-17.973195,28.795897],[-17.973205,28.795969],[-17.973207,28.796041],[-17.973201,28.796113],[-17.973186,28.796184],[-17.973163,28.796253],[-17.973132,28.79632],[-17.973093,28.796384],[-17.973048,28.796444],[-17.972995,28.796499],[-17.972936,28.79655],[-17.972872,28.796595],[-17.972802,28.796633],[-17.972729,28.796666],[-17.972652,28.796691],[-17.972573,28.796709],[-17.972492,28.796721],[-17.97241,28.796724],[-17.972328,28.79672],[-17.972247,28.796709],[-17.972168,28.796691],[-17.972091,28.796665],[-17.972018,28.796633],[-17.971948,28.796594],[-17.971884,28.796549],[-17.971825,28.796499],[-17.971773,28.796443],[-17.971727,28.796383],[-17.971689,28.796319],[-17.971658,28.796252],[-17.971635,28.796183],[-17.97162,28.796112],[-17.971614,28.79604]]]}},{"type":"Feature","properties":{"id":52,"tipo":"arqueologico","subtipo":"cueva_funeraria","nombre":"cueva funeraria #24","municipio":"","direccion":"","descripcion":"","url_imagen":"","area_m2":19004.05,"longitud":-17.963288924417068,"latitud":28.824711663847822},"geometry":{"type":"Polygon","coordinates":[[[-17.962492,28.824729],[-17.962494,28.824657],[-17.962505,28.824585],[-17.962524,28.824515],[-17.962551,28.824447],[-17.962586,28.824381],[-17.962628,28.824319],[-17.962677,28.824262],[-17.962733,28.824209],[-17.962795,28.824161],[-17.962862,28.824119],[-17.962933,28.824084],[-17.963008,28.824055],[-17.963087,28.824033],[-17.963167,28.824018],[-17.963249,28.824011],[-17.963331,28.824011],[-17.963412,28.824018],[-17.963493,28.824033],[-17.963571,28.824055],[-17.963646,28.824084],[-17.963717,28.82412],[-17.963784,28.824162],[-17.963846,28.824209],[-17.963901,28.824262],[-17.963951,28.82432],[-17.963993,28.824382],[-17.964028,28.824448],[-17.964054,28.824516],[-17.964073,28.824586],[-17.964084,28.824658],[-17.964086,28.82473],[-17.964079,28.824802],[-17.964065,28.824873],[-17.964042,28.824943],[-17.964011,28.82501],[-17.963972,28.825073],[-17.963926,28.825133],[-17.963873,28.825189],[-17.963815,28.825239],[-17.96375,28.825284],[-17.963681,28.825323],[-17.963608,28.825355],[-17.963531,28.825381],[-17.963451,28.825399],[-17.96337,28.82541],[-17.963288,28.825414],[-17.963206,28.82541],[-17.963125,28.825399],[-17.963046,28.82538],[-17.962969,28.825355],[-17.962896,28.825322],[-17.962827,28.825283],[-17.962762,28.825239],[-17.962704,28.825188],[-17.962651,28.825133],[-17.962605,28.825073],[-17.962567,28.825009],[-17.962536,28.824942],[-17.962513,28.824872],[-17.962498,28.824801],[-17.962492,28.824729]]]}},{"type":"Feature","properties":{"id":53,"tipo":"arqueologico","subtipo":"cueva_funeraria","nombre":"cueva funeraria #25","municipio":"","direccion":"","descripcion":"","url_imagen":"","area_m2":19004.05,"longitud":-17.95874460748961,"latitud":28.82004429527725},"geometry":{"type":"Polygon","coordinates":[[[-17.957948,28.820062],[-17.95795,28.81999],[-17.957961,28.819918],[-17.95798,28.819848],[-17.958007,28.819779],[-17.958041,28.819714],[-17.958084,28.819652],[-17.958133,28.819594],[-17.958189,28.819541],[-17.95825,28.819494],[-17.958317,28.819452],[-17.958389,28.819416],[-17.958464,28.819387],[-17.958542,28.819365],[-17.958623,28.819351],[-17.958704,28.819343],[-17.958786,28.819343],[-17.958868,28.819351],[-17.958948,28.819366],[-17.959026,28.819388],[-17.959102,28.819417],[-17.959173,28.819452],[-17.95924,28.819494],[-17.959301,28.819542],[-17.959357,28.819595],[-17.959406,28.819653],[-17.959448,28.819715],[-17.959483,28.81978],[-17.95951,28.819849],[-17.959529,28.819919],[-17.959539,28.819991],[-17.959541,28.820063],[-17.959535,28.820135],[-17.95952,28.820206],[-17.959497,28.820275],[-17.959466,28.820342],[-17.959428,28.820406],[-17.959382,28.820466],[-17.959329,28.820522],[-17.95927,28.820572],[-17.959206,28.820617],[-17.959137,28.820655],[-17.959063,28.820688],[-17.958986,28.820713],[-17.958907,28.820731],[-17.958826,28.820743],[-17.958744,28.820746],[-17.958662,28.820742],[-17.958581,28.820731],[-17.958502,28.820713],[-17.958425,28.820687],[-17.958351,28.820655],[-17.958282,28.820616],[-17.958218,28.820571],[-17.958159,28.820521],[-17.958107,28.820465],[-17.958061,28.820405],[-17.958022,28.820341],[-17.957992,28.820274],[-17.957969,28.820205],[-17.957954,28.820134],[-17.957948,28.820062]]]}},{"type":"Feature","properties":{"id":54,"tipo":"arqueologico","subtipo":"cueva_funeraria","nombre":"Portada Montana Cogote","municipio":"","direccion":"","descripcion":"","url_imagen":"","area_m2":9537.38,"longitud":-17.884422051223073,"latitud":28.610949671098805},"geometry":{"type":"Polygon","coordinates":[[[-17.883858,28.610962],[-17.883861,28.610902],[-17.883872,28.610842],[-17.88389,28.610785],[-17.883917,28.610729],[-17.883951,28.610677],[-17.883991,28.610629],[-17.884038,28.610585],[-17.884091,28.610547],[-17.884148,28.610515],[-17.884209,28.610489],[-17.884274,28.61047],[-17.884341,28.610457],[-17.884408,28.610452],[-17.884476,28.610455],[-17.884544,28.610464],[-17.884609,28.61048],[-17.884672,28.610504],[-17.884731,28.610534],[-17.884786,28.610569],[-17.884835,28.610611],[-17.884878,28.610657],[-17.884915,28.610708],[-17.884944,28.610762],[-17.884966,28.610819],[-17.88498,28.610878],[-17.884986,28.610938],[-17.884983,28.610998],[-17.884972,28.611057],[-17.884954,28.611115],[-17.884927,28.61117],[-17.884894,28.611222],[-17.884853,28.61127],[-17.884806,28.611314],[-17.884753,28.611352],[-17.884696,28.611384],[-17.884635,28.61141],[-17.88457,28.61143],[-17.884503,28.611442],[-17.884436,28.611447],[-17.884368,28.611445],[-17.8843,28.611435],[-17.884235,28.611419],[-17.884172,28.611396],[-17.884113,28.611366],[-17.884059,28.61133],[-17.884009,28.611288],[-17.883966,28.611242],[-17.883929,28.611191],[-17.8839,28.611137],[-17.883878,28.61108],[-17.883864,28.611022],[-17.883858,28.610962]]]}},{"type":"Feature","properties":{"id":55,"tipo":"arqueologico","subtipo":"grabado_rupestre","nombre":"Degollada de La Palmita","municipio":"","direccion":"","descripcion":"","url_imagen":"","area_m2":19004.05,"longitud":-17.832417013959965,"latitud":28.8320975796738},"geometry":{"type":"Polygon","coordinates":[[[-17.83162,28.832114],[-17.831622,28.832042],[-17.831633,28.83197],[-17.831652,28.8319],[-17.831679,28.831832],[-17.831714,28.831766],[-17.831756,28.831705],[-17.831806,28.831647],[-17.831862,28.831594],[-17.831923,28.831546],[-17.83199,28.831505],[-17.832062,28.831469],[-17.832137,28.83144],[-17.832215,28.831418],[-17.832296,28.831404],[-17.832377,28.831396],[-17.83246,28.831397],[-17.832541,28.831404],[-17.832621,28.831419],[-17.8327,28.831441],[-17.832775,28.83147],[-17.832846,28.831506],[-17.832913,28.831548],[-17.832974,28.831596],[-17.83303,28.831649],[-17.833079,28.831707],[-17.833121,28.831769],[-17.833156,28.831834],[-17.833183,28.831903],[-17.833202,28.831973],[-17.833212,28.832045],[-17.833214,28.832117],[-17.833207,28.832189],[-17.833193,28.83226],[-17.833169,28.832329],[-17.833138,28.832396],[-17.8331,28.83246],[-17.833054,28.83252],[-17.833001,28.832575],[-17.832942,28.832626],[-17.832878,28.83267],[-17.832808,28.832709],[-17.832735,28.832741],[-17.832658,28.832767],[-17.832579,28.832785],[-17.832497,28.832796],[-17.832416,28.8328],[-17.832334,28.832796],[-17.832252,28.832784],[-17.832173,28.832766],[-17.832096,28.83274],[-17.832023,28.832708],[-17.831954,28.832669],[-17.83189,28.832624],[-17.831831,28.832573],[-17.831778,28.832518],[-17.831733,28.832458],[-17.831694,28.832394],[-17.831664,28.832327],[-17.831641,28.832258],[-17.831626,28.832186],[-17.83162,28.832114]]]}},{"type":"Feature","properties":{"id":56,"tipo":"arqueologico","subtipo":"grabado_rupestre","nombre":"Bco del Humo","municipio":"","direccion":"","descripcion":"","url_imagen":"","area_m2":19004.05,"longitud":-17.770643529684996,"latitud":28.6638437247701},"geometry":{"type":"Polygon","coordinates":[[[-17.769848,28.66386],[-17.76985,28.663788],[-17.769861,28.663716],[-17.76988,28.663646],[-17.769907,28.663578],[-17.769942,28.663512],[-17.769984,28.66345],[-17.770034,28.663393],[-17.770089,28.66334],[-17.770151,28.663292],[-17.770218,28.66325],[-17.770289,28.663215],[-17.770365,28.663186],[-17.770443,28.663164],[-17.770523,28.66315],[-17.770605,28.663143],[-17.770687,28.663143],[-17.770768,28.66315],[-17.770848,28.663165],[-17.770926,28.663187],[-17.771001,28.663217],[-17.771072,28.663252],[-17.771139,28.663294],[-17.771201,28.663342],[-17.771256,28.663395],[-17.771305,28.663453],[-17.771347,28.663515],[-17.771382,28.663581],[-17.771408,28.663649],[-17.771427,28.66372],[-17.771437,28.663791],[-17.771439,28.663864],[-17.771433,28.663936],[-17.771418,28.664007],[-17.771395,28.664076],[-17.771364,28.664143],[-17.771325,28.664207],[-17.771279,28.664267],[-17.771226,28.664322],[-17.771167,28.664372],[-17.771103,28.664417],[-17.771034,28.664456],[-17.77096,28.664488],[-17.770884,28.664513],[-17.770804,28.664531],[-17.770723,28.664542],[-17.770642,28.664546],[-17.77056,28.664542],[-17.770479,28.664531],[-17.7704,28.664512],[-17.770323,28.664486],[-17.77025,28.664454],[-17.770181,28.664415],[-17.770117,28.66437],[-17.770058,28.664319],[-17.770006,28.664264],[-17.76996,28.664204],[-17.769922,28.66414],[-17.769891,28.664073],[-17.769868,28.664003],[-17.769854,28.663932],[-17.769848,28.66386]]]}},{"type":"Feature","properties":{"id":57,"tipo":"arqueologico","subtipo":"grabado_rupestre","nombre":"Cuesta de La Pata","municipio":"","direccion":"","descripcion":"","url_imagen":"","area_m2":19004.05,"longitud":-17.76863426082486,"latitud":28.66243052529757},"geometry":{"type":"Polygon","coordinates":[[[-17.767839,28.662447],[-17.767841,28.662375],[-17.767852,28.662303],[-17.767871,28.662233],[-17.767898,28.662164],[-17.767933,28.662099],[-17.767975,28.662037],[-17.768024,28.661979],[-17.76808,28.661927],[-17.768142,28.661879],[-17.768209,28.661837],[-17.76828,28.661802],[-17.768355,28.661773],[-17.768434,28.661751],[-17.768514,28.661737],[-17.768595,28.661729],[-17.768677,28.66173],[-17.768759,28.661737],[-17.768839,28.661752],[-17.768917,28.661774],[-17.768992,28.661803],[-17.769063,28.661839],[-17.76913,28.661881],[-17.769191,28.661929],[-17.769247,28.661982],[-17.769296,28.66204],[-17.769338,28.662102],[-17.769372,28.662168],[-17.769399,28.662236],[-17.769418,28.662306],[-17.769428,28.662378],[-17.76943,28.66245],[-17.769423,28.662522],[-17.769408,28.662594],[-17.769385,28.662663],[-17.769354,28.66273],[-17.769316,28.662793],[-17.76927,28.662853],[-17.769217,28.662909],[-17.769158,28.662959],[-17.769094,28.663004],[-17.769025,28.663042],[-17.768951,28.663075],[-17.768874,28.6631],[-17.768795,28.663118],[-17.768714,28.663129],[-17.768632,28.663133],[-17.76855,28.663129],[-17.768469,28.663117],[-17.76839,28.663099],[-17.768314,28.663073],[-17.76824,28.663041],[-17.768171,28.663002],[-17.768107,28.662957],[-17.768049,28.662906],[-17.767996,28.66285],[-17.767951,28.66279],[-17.767913,28.662726],[-17.767882,28.662659],[-17.767859,28.66259],[-17.767845,28.662519],[-17.767839,28.662447]]]}},{"type":"Feature","properties":{"id":58,"tipo":"arqueologico","subtipo":"grabado_rupestre","nombre":"Nambroque","municipio":"","direccion":"","descripcion":"","url_imagen":"","area_m2":19004.05,"longitud":-17.83303982560869,"latitud":28.58134240591557},"geometry":{"type":"Polygon","coordinates":[[[-17.832245,28.581359],[-17.832247,28.581287],[-17.832258,28.581215],[-17.832277,28.581145],[-17.832304,28.581077],[-17.832339,28.581011],[-17.832381,28.580949],[-17.83243,28.580892],[-17.832486,28.580839],[-17.832548,28.580791],[-17.832614,28.580749],[-17.832686,28.580714],[-17.832761,28.580685],[-17.832839,28.580663],[-17.832919,28.580649],[-17.833001,28.580641],[-17.833082,28.580641],[-17.833164,28.580649],[-17.833244,28.580664],[-17.833322,28.580686],[-17.833397,28.580715],[-17.833468,28.580751],[-17.833535,28.580793],[-17.833596,28.580841],[-17.833652,28.580894],[-17.833701,28.580952],[-17.833743,28.581014],[-17.833777,28.581079],[-17.833804,28.581148],[-17.833823,28.581218],[-17.833833,28.58129],[-17.833835,28.581362],[-17.833828,28.581434],[-17.833813,28.581505],[-17.83379,28.581574],[-17.833759,28.581641],[-17.833721,28.581705],[-17.833675,28.581765],[-17.833622,28.58182],[-17.833564,28.581871],[-17.833499,28.581915],[-17.83343,28.581954],[-17.833357,28.581986],[-17.83328,28.582012],[-17.833201,28.58203],[-17.83312,28.582041],[-17.833038,28.582044],[-17.832956,28.582041],[-17.832876,28.582029],[-17.832796,28.582011],[-17.83272,28.581985],[-17.832647,28.581953],[-17.832578,28.581914],[-17.832514,28.581869],[-17.832455,28.581818],[-17.832403,28.581763],[-17.832357,28.581703],[-17.832319,28.581639],[-17.832288,28.581572],[-17.832265,28.581502],[-17.832251,28.581431],[-17.832245,28.581359]]]}},{"type":"Feature","properties":{"id":59,"tipo":"arqueologico","subtipo":"grabado_rupestre","nombre":"Cueva de Santa Lucia","municipio":"","direccion":"","descripcion":"","url_imagen":"","area_m2":19004.04,"longitud":-17.80123330370801,"latitud":28.539921177786834},"geometry":{"type":"Polygon","coordinates":[[[-17.800439,28.539938],[-17.800441,28.539865],[-17.800452,28.539794],[-17.800471,28.539723],[-17.800498,28.539655],[-17.800532,28.53959],[-17.800575,28.539528],[-17.800624,28.53947],[-17.80068,28.539417],[-17.800741,28.53937],[-17.800808,28.539328],[-17.80088,28.539292],[-17.800955,28.539264],[-17.801033,28.539242],[-17.801113,28.539227],[-17.801194,28.53922],[-17.801276,28.53922],[-17.801358,28.539228],[-17.801438,28.539243],[-17.801516,28.539265],[-17.80159,28.539294],[-17.801662,28.53933],[-17.801728,28.539372],[-17.80179,28.53942],[-17.801845,28.539473],[-17.801894,28.539531],[-17.801936,28.539593],[-17.80197,28.539658],[-17.801997,28.539727],[-17.802016,28.539797],[-17.802026,28.539869],[-17.802028,28.539941],[-17.802021,28.540013],[-17.802007,28.540084],[-17.801984,28.540153],[-17.801953,28.54022],[-17.801914,28.540284],[-17.801868,28.540344],[-17.801815,28.540399],[-17.801757,28.54045],[-17.801692,28.540494],[-17.801623,28.540533],[-17.80155,28.540565],[-17.801473,28.54059],[-17.801394,28.540609],[-17.801313,28.54062],[-17.801231,28.540623],[-17.80115,28.540619],[-17.801069,28.540608],[-17.80099,28.540589],[-17.800913,28.540564],[-17.80084,28.540531],[-17.800771,28.540492],[-17.800707,28.540447],[-17.800649,28.540397],[-17.800596,28.540341],[-17.800551,28.540281],[-17.800512,28.540217],[-17.800482,28.54015],[-17.800459,28.540081],[-17.800445,28.54001],[-17.800439,28.539938]]]}},{"type":"Feature","properties":{"id":60,"tipo":"arqueologico","subtipo":"grabado_rupestre","nombre":"Los Pasitos","municipio":"","direccion":"","descripcion":"","url_imagen":"","area_m2":19004.05,"longitud":-17.762142444754616,"latitud":28.599055934131076},"geometry":{"type":"Polygon","coordinates":[[[-17.761347,28.599072],[-17.76135,28.599],[-17.76136,28.598928],[-17.761379,28.598858],[-17.761406,28.59879],[-17.761441,28.598724],[-17.761484,28.598662],[-17.761533,28.598605],[-17.761589,28.598552],[-17.76165,28.598504],[-17.761717,28.598463],[-17.761789,28.598427],[-17.761864,28.598398],[-17.761942,28.598377],[-17.762022,28.598362],[-17.762104,28.598355],[-17.762186,28.598355],[-17.762267,28.598363],[-17.762347,28.598378],[-17.762425,28.5984],[-17.7625,28.598429],[-17.762571,28.598465],[-17.762638,28.598507],[-17.762699,28.598554],[-17.762755,28.598608],[-17.762804,28.598666],[-17.762846,28.598728],[-17.76288,28.598793],[-17.762907,28.598862],[-17.762925,28.598932],[-17.762936,28.599004],[-17.762938,28.599076],[-17.762931,28.599148],[-17.762916,28.599219],[-17.762893,28.599288],[-17.762862,28.599355],[-17.762823,28.599419],[-17.762777,28.599479],[-17.762725,28.599534],[-17.762666,28.599584],[-17.762602,28.599629],[-17.762532,28.599668],[-17.762459,28.5997],[-17.762382,28.599725],[-17.762303,28.599744],[-17.762222,28.599754],[-17.76214,28.599758],[-17.762059,28.599754],[-17.761978,28.599743],[-17.761899,28.599724],[-17.761822,28.599698],[-17.761749,28.599666],[-17.76168,28.599627],[-17.761616,28.599582],[-17.761557,28.599531],[-17.761505,28.599476],[-17.761459,28.599416],[-17.761421,28.599352],[-17.76139,28.599285],[-17.761368,28.599215],[-17.761353,28.599144],[-17.761347,28.599072]]]}},{"type":"Feature","properties":{"id":61,"tipo":"arqueologico","subtipo":"grabado_rupestre","nombre":"Roque de Los Guerra","municipio":"","direccion":"","descripcion":"","url_imagen":"","area_m2":19004.05,"longitud":-17.759471779486713,"latitud":28.604418883411284},"geometry":{"type":"Polygon","coordinates":[[[-17.758676,28.604435],[-17.758679,28.604363],[-17.75869,28.604291],[-17.758709,28.604221],[-17.758736,28.604153],[-17.758771,28.604087],[-17.758813,28.604025],[-17.758862,28.603968],[-17.758918,28.603915],[-17.75898,28.603867],[-17.759047,28.603826],[-17.759118,28.60379],[-17.759193,28.603761],[-17.759271,28.60374],[-17.759351,28.603725],[-17.759433,28.603718],[-17.759515,28.603718],[-17.759596,28.603725],[-17.759676,28.60374],[-17.759754,28.603763],[-17.759829,28.603792],[-17.759901,28.603828],[-17.759967,28.60387],[-17.760029,28.603917],[-17.760084,28.603971],[-17.760133,28.604029],[-17.760175,28.604091],[-17.760209,28.604156],[-17.760236,28.604224],[-17.760255,28.604295],[-17.760265,28.604367],[-17.760267,28.604439],[-17.76026,28.604511],[-17.760246,28.604582],[-17.760222,28.604651],[-17.760191,28.604718],[-17.760153,28.604782],[-17.760107,28.604842],[-17.760054,28.604897],[-17.759995,28.604947],[-17.759931,28.604992],[-17.759862,28.605031],[-17.759788,28.605063],[-17.759712,28.605088],[-17.759632,28.605106],[-17.759551,28.605117],[-17.75947,28.605121],[-17.759388,28.605117],[-17.759307,28.605106],[-17.759228,28.605087],[-17.759151,28.605061],[-17.759078,28.605029],[-17.759009,28.60499],[-17.758945,28.604945],[-17.758887,28.604894],[-17.758834,28.604839],[-17.758789,28.604779],[-17.75875,28.604715],[-17.75872,28.604648],[-17.758697,28.604578],[-17.758683,28.604507],[-17.758676,28.604435]]]}},{"type":"Feature","properties":{"id":62,"tipo":"arqueologico","subtipo":"grabado_rupestre","nombre":"Buracas","municipio":"","direccion":"","descripcion":"","url_imagen":"","area_m2":19004.05,"longitud":-17.97568697214566,"latitud":28.79272273788244},"geometry":{"type":"Polygon","coordinates":[[[-17.97489,28.79274],[-17.974893,28.792668],[-17.974903,28.792596],[-17.974922,28.792526],[-17.974949,28.792458],[-17.974984,28.792392],[-17.975026,28.79233],[-17.975075,28.792273],[-17.975131,28.79222],[-17.975193,28.792172],[-17.97526,28.79213],[-17.975331,28.792095],[-17.975406,28.792066],[-17.975485,28.792044],[-17.975565,28.792029],[-17.975647,28.792022],[-17.975729,28.792022],[-17.97581,28.792029],[-17.97589,28.792044],[-17.975969,28.792066],[-17.976044,28.792095],[-17.976115,28.792131],[-17.976182,28.792173],[-17.976244,28.79222],[-17.976299,28.792273],[-17.976348,28.792331],[-17.976391,28.792393],[-17.976425,28.792459],[-17.976452,28.792527],[-17.976471,28.792597],[-17.976481,28.792669],[-17.976484,28.792741],[-17.976477,28.792813],[-17.976462,28.792884],[-17.976439,28.792954],[-17.976408,28.793021],[-17.97637,28.793085],[-17.976324,28.793144],[-17.976271,28.7932],[-17.976213,28.79325],[-17.976148,28.793295],[-17.976079,28.793334],[-17.976006,28.793366],[-17.975929,28.793392],[-17.975849,28.79341],[-17.975768,28.793421],[-17.975686,28.793425],[-17.975604,28.793421],[-17.975523,28.79341],[-17.975444,28.793391],[-17.975367,28.793366],[-17.975294,28.793333],[-17.975225,28.793295],[-17.975161,28.79325],[-17.975102,28.793199],[-17.975049,28.793144],[-17.975004,28.793084],[-17.974965,28.79302],[-17.974934,28.792953],[-17.974911,28.792883],[-17.974897,28.792812],[-17.97489,28.79274]]]}},{"type":"Feature","properties":{"id":63,"tipo":"arqueologico","subtipo":"grabado_rupestre","nombre":"Bco Corchete","municipio":"","direccion":"","descripcion":"","url_imagen":"","area_m2":19004.05,"longitud":-17.96866807891393,"latitud":28.78561799148513},"geometry":{"type":"Polygon","coordinates":[[[-17.967872,28.785636],[-17.967874,28.785563],[-17.967884,28.785492],[-17.967903,28.785421],[-17.96793,28.785353],[-17.967965,28.785288],[-17.968007,28.785226],[-17.968057,28.785168],[-17.968112,28.785115],[-17.968174,28.785067],[-17.968241,28.785025],[-17.968312,28.78499],[-17.968388,28.784961],[-17.968466,28.784939],[-17.968546,28.784924],[-17.968628,28.784917],[-17.96871,28.784917],[-17.968791,28.784925],[-17.968872,28.784939],[-17.96895,28.784961],[-17.969025,28.78499],[-17.969096,28.785026],[-17.969163,28.785068],[-17.969225,28.785116],[-17.96928,28.785169],[-17.969329,28.785227],[-17.969372,28.785289],[-17.969406,28.785354],[-17.969433,28.785422],[-17.969452,28.785493],[-17.969463,28.785564],[-17.969465,28.785637],[-17.969458,28.785709],[-17.969443,28.78578],[-17.96942,28.785849],[-17.969389,28.785916],[-17.969351,28.78598],[-17.969305,28.78604],[-17.969252,28.786095],[-17.969194,28.786146],[-17.969129,28.78619],[-17.96906,28.786229],[-17.968987,28.786261],[-17.96891,28.786287],[-17.96883,28.786305],[-17.968749,28.786316],[-17.968667,28.78632],[-17.968586,28.786316],[-17.968504,28.786305],[-17.968425,28.786287],[-17.968348,28.786261],[-17.968275,28.786229],[-17.968206,28.78619],[-17.968142,28.786145],[-17.968083,28.786094],[-17.96803,28.786039],[-17.967985,28.785979],[-17.967946,28.785915],[-17.967915,28.785848],[-17.967892,28.785779],[-17.967878,28.785708],[-17.967872,28.785636]]]}},{"type":"Feature","properties":{"id":64,"tipo":"arqueologico","subtipo":"grabado_rupestre","nombre":"Calafute","municipio":"","direccion":"","descripcion":"","url_imagen":"","area_m2":19004.04,"longitud":-17.957409435750954,"latitud":28.821662481417174},"geometry":{"type":"Polygon","coordinates":[[[-17.956613,28.82168],[-17.956615,28.821608],[-17.956625,28.821536],[-17.956644,28.821466],[-17.956671,28.821397],[-17.956706,28.821332],[-17.956749,28.82127],[-17.956798,28.821212],[-17.956854,28.821159],[-17.956915,28.821112],[-17.956982,28.82107],[-17.957054,28.821034],[-17.957129,28.821005],[-17.957207,28.820984],[-17.957287,28.820969],[-17.957369,28.820961],[-17.957451,28.820962],[-17.957533,28.820969],[-17.957613,28.820984],[-17.957691,28.821006],[-17.957766,28.821035],[-17.957838,28.821071],[-17.957905,28.821112],[-17.957966,28.82116],[-17.958022,28.821213],[-17.958071,28.821271],[-17.958113,28.821333],[-17.958148,28.821399],[-17.958175,28.821467],[-17.958194,28.821537],[-17.958204,28.821609],[-17.958206,28.821681],[-17.9582,28.821753],[-17.958185,28.821824],[-17.958162,28.821894],[-17.958131,28.821961],[-17.958092,28.822024],[-17.958047,28.822084],[-17.957994,28.82214],[-17.957935,28.82219],[-17.957871,28.822235],[-17.957801,28.822274],[-17.957728,28.822306],[-17.957651,28.822331],[-17.957572,28.82235],[-17.957491,28.822361],[-17.957409,28.822364],[-17.957327,28.822361],[-17.957246,28.822349],[-17.957166,28.822331],[-17.95709,28.822305],[-17.957016,28.822273],[-17.956947,28.822234],[-17.956883,28.822189],[-17.956824,28.822139],[-17.956772,28.822083],[-17.956726,28.822023],[-17.956687,28.821959],[-17.956656,28.821893],[-17.956634,28.821823],[-17.956619,28.821752],[-17.956613,28.82168]]]}},{"type":"Feature","properties":{"id":65,"tipo":"arqueologico","subtipo":"grabado_rupestre","nombre":"Salvatierra","municipio":"","direccion":"","descripcion":"","url_imagen":"","area_m2":19004.04,"longitud":-17.944722870057646,"latitud":28.833833337094195},"geometry":{"type":"Polygon","coordinates":[[[-17.943926,28.833851],[-17.943928,28.833778],[-17.943939,28.833707],[-17.943958,28.833637],[-17.943985,28.833568],[-17.94402,28.833503],[-17.944062,28.833441],[-17.944111,28.833383],[-17.944167,28.83333],[-17.944229,28.833283],[-17.944296,28.833241],[-17.944367,28.833205],[-17.944442,28.833176],[-17.944521,28.833154],[-17.944601,28.83314],[-17.944683,28.833132],[-17.944765,28.833132],[-17.944846,28.83314],[-17.944927,28.833155],[-17.945005,28.833177],[-17.94508,28.833206],[-17.945151,28.833241],[-17.945218,28.833283],[-17.94528,28.833331],[-17.945335,28.833384],[-17.945385,28.833442],[-17.945427,28.833504],[-17.945462,28.83357],[-17.945488,28.833638],[-17.945507,28.833708],[-17.945518,28.83378],[-17.94552,28.833852],[-17.945513,28.833924],[-17.945499,28.833995],[-17.945476,28.834065],[-17.945445,28.834131],[-17.945406,28.834195],[-17.94536,28.834255],[-17.945307,28.834311],[-17.945249,28.834361],[-17.945184,28.834406],[-17.945115,28.834445],[-17.945041,28.834477],[-17.944965,28.834502],[-17.944885,28.834521],[-17.944804,28.834532],[-17.944722,28.834535],[-17.94464,28.834531],[-17.944559,28.83452],[-17.94448,28.834502],[-17.944403,28.834476],[-17.94433,28.834444],[-17.94426,28.834405],[-17.944196,28.83436],[-17.944137,28.83431],[-17.944085,28.834254],[-17.944039,28.834194],[-17.944001,28.83413],[-17.94397,28.834063],[-17.943947,28.833994],[-17.943932,28.833923],[-17.943926,28.833851]]]}},{"type":"Feature","properties":{"id":66,"tipo":"arqueologico","subtipo":"grabado_rupestre","nombre":"Barranquera de Matos","municipio":"","direccion":"","descripcion":"","url_imagen":"","area_m2":19004.05,"longitud":-17.992146819601732,"latitud":28.790857988154883},"geometry":{"type":"Polygon","coordinates":[[[-17.99135,28.790876],[-17.991352,28.790803],[-17.991363,28.790732],[-17.991382,28.790661],[-17.991409,28.790593],[-17.991444,28.790528],[-17.991486,28.790466],[-17.991535,28.790408],[-17.991591,28.790355],[-17.991653,28.790307],[-17.99172,28.790266],[-17.991791,28.79023],[-17.991866,28.790201],[-17.991944,28.790179],[-17.992025,28.790164],[-17.992106,28.790157],[-17.992188,28.790157],[-17.99227,28.790165],[-17.99235,28.790179],[-17.992428,28.790201],[-17.992503,28.79023],[-17.992575,28.790266],[-17.992642,28.790308],[-17.992703,28.790356],[-17.992759,28.790409],[-17.992808,28.790466],[-17.99285,28.790528],[-17.992885,28.790594],[-17.992912,28.790662],[-17.992931,28.790733],[-17.992941,28.790804],[-17.992943,28.790876],[-17.992937,28.790949],[-17.992922,28.79102],[-17.992899,28.791089],[-17.992868,28.791156],[-17.99283,28.79122],[-17.992784,28.79128],[-17.992731,28.791335],[-17.992672,28.791385],[-17.992608,28.79143],[-17.992539,28.791469],[-17.992465,28.791501],[-17.992389,28.791527],[-17.992309,28.791545],[-17.992228,28.791556],[-17.992146,28.79156],[-17.992064,28.791556],[-17.991983,28.791545],[-17.991904,28.791527],[-17.991827,28.791501],[-17.991754,28.791469],[-17.991685,28.79143],[-17.99162,28.791385],[-17.991562,28.791334],[-17.991509,28.791279],[-17.991463,28.791219],[-17.991425,28.791155],[-17.991394,28.791088],[-17.991371,28.791019],[-17.991357,28.790948],[-17.99135,28.790876]]]}},{"type":"Feature","properties":{"id":67,"tipo":"arqueologico","subtipo":"grabado_rupestre","nombre":"Barranco de Agua Dulce","municipio":"","direccion":"","descripcion":"","url_imagen":"","area_m2":19004.05,"longitud":-17.99837637191181,"latitud":28.770964994344386},"geometry":{"type":"Polygon","coordinates":[[[-17.99758,28.770983],[-17.997582,28.77091],[-17.997593,28.770839],[-17.997612,28.770768],[-17.997639,28.7707],[-17.997673,28.770635],[-17.997716,28.770573],[-17.997765,28.770515],[-17.997821,28.770462],[-17.997882,28.770414],[-17.997949,28.770373],[-17.998021,28.770337],[-17.998096,28.770308],[-17.998174,28.770286],[-17.998254,28.770271],[-17.998336,28.770264],[-17.998418,28.770264],[-17.998499,28.770272],[-17.99858,28.770286],[-17.998658,28.770308],[-17.998733,28.770337],[-17.998804,28.770373],[-17.998871,28.770415],[-17.998933,28.770463],[-17.998988,28.770516],[-17.999038,28.770573],[-17.99908,28.770635],[-17.999114,28.770701],[-17.999141,28.770769],[-17.99916,28.77084],[-17.999171,28.770911],[-17.999173,28.770983],[-17.999166,28.771055],[-17.999152,28.771127],[-17.999129,28.771196],[-17.999098,28.771263],[-17.999059,28.771327],[-17.999013,28.771387],[-17.998961,28.771442],[-17.998902,28.771492],[-17.998838,28.771537],[-17.998768,28.771576],[-17.998695,28.771608],[-17.998618,28.771634],[-17.998539,28.771652],[-17.998458,28.771663],[-17.998376,28.771667],[-17.998294,28.771663],[-17.998213,28.771652],[-17.998134,28.771634],[-17.998057,28.771608],[-17.997984,28.771576],[-17.997914,28.771537],[-17.99785,28.771492],[-17.997791,28.771442],[-17.997739,28.771386],[-17.997693,28.771326],[-17.997655,28.771262],[-17.997624,28.771195],[-17.997601,28.771126],[-17.997586,28.771055],[-17.99758,28.770983]]]}},{"type":"Feature","properties":{"id":68,"tipo":"arqueologico","subtipo":"grabado_rupestre","nombre":"Montana de D Pancho","municipio":"","direccion":"","descripcion":"","url_imagen":"","area_m2":19004.05,"longitud":-17.993362792238326,"latitud":28.760543224596976},"geometry":{"type":"Polygon","coordinates":[[[-17.992566,28.760561],[-17.992569,28.760489],[-17.992579,28.760417],[-17.992598,28.760347],[-17.992625,28.760278],[-17.99266,28.760213],[-17.992702,28.760151],[-17.992751,28.760093],[-17.992807,28.76004],[-17.992869,28.759993],[-17.992936,28.759951],[-17.993007,28.759915],[-17.993082,28.759886],[-17.99316,28.759864],[-17.993241,28.75985],[-17.993322,28.759842],[-17.993404,28.759842],[-17.993486,28.75985],[-17.993566,28.759865],[-17.993644,28.759887],[-17.993719,28.759916],[-17.993791,28.759951],[-17.993858,28.759993],[-17.993919,28.760041],[-17.993975,28.760094],[-17.994024,28.760152],[-17.994066,28.760214],[-17.994101,28.760279],[-17.994128,28.760347],[-17.994147,28.760418],[-17.994157,28.760489],[-17.994159,28.760562],[-17.994153,28.760634],[-17.994138,28.760705],[-17.994115,28.760774],[-17.994084,28.760841],[-17.994045,28.760905],[-17.994,28.760965],[-17.993947,28.76102],[-17.993888,28.761071],[-17.993824,28.761116],[-17.993755,28.761154],[-17.993681,28.761187],[-17.993605,28.761212],[-17.993525,28.76123],[-17.993444,28.761241],[-17.993362,28.761245],[-17.99328,28.761241],[-17.993199,28.76123],[-17.99312,28.761212],[-17.993043,28.761186],[-17.99297,28.761154],[-17.992901,28.761115],[-17.992837,28.76107],[-17.992778,28.76102],[-17.992725,28.760964],[-17.99268,28.760904],[-17.992641,28.76084],[-17.99261,28.760773],[-17.992587,28.760704],[-17.992573,28.760633],[-17.992566,28.760561]]]}},{"type":"Feature","properties":{"id":69,"tipo":"arqueologico","subtipo":"grabado_rupestre","nombre":"Lomo de la Atalaya","municipio":"","direccion":"","descripcion":"","url_imagen":"","area_m2":19004.05,"longitud":-17.987375649768055,"latitud":28.7379632114685},"geometry":{"type":"Polygon","coordinates":[[[-17.98658,28.737981],[-17.986582,28.737909],[-17.986592,28.737837],[-17.986611,28.737767],[-17.986638,28.737698],[-17.986673,28.737633],[-17.986715,28.737571],[-17.986764,28.737513],[-17.98682,28.73746],[-17.986882,28.737413],[-17.986949,28.737371],[-17.98702,28.737335],[-17.987095,28.737306],[-17.987173,28.737284],[-17.987254,28.73727],[-17.987335,28.737262],[-17.987417,28.737262],[-17.987499,28.73727],[-17.987579,28.737285],[-17.987657,28.737307],[-17.987732,28.737336],[-17.987804,28.737371],[-17.98787,28.737413],[-17.987932,28.737461],[-17.987988,28.737514],[-17.988037,28.737572],[-17.988079,28.737634],[-17.988114,28.737699],[-17.98814,28.737767],[-17.988159,28.737838],[-17.98817,28.73791],[-17.988172,28.737982],[-17.988165,28.738054],[-17.988151,28.738125],[-17.988128,28.738194],[-17.988097,28.738261],[-17.988058,28.738325],[-17.988012,28.738385],[-17.98796,28.73844],[-17.987901,28.738491],[-17.987837,28.738536],[-17.987767,28.738574],[-17.987694,28.738607],[-17.987617,28.738632],[-17.987538,28.73865],[-17.987457,28.738661],[-17.987375,28.738665],[-17.987293,28.738661],[-17.987212,28.73865],[-17.987133,28.738632],[-17.987056,28.738606],[-17.986983,28.738574],[-17.986914,28.738535],[-17.98685,28.73849],[-17.986791,28.73844],[-17.986738,28.738384],[-17.986693,28.738324],[-17.986654,28.73826],[-17.986623,28.738193],[-17.9866,28.738124],[-17.986586,28.738053],[-17.98658,28.737981]]]}},{"type":"Feature","properties":{"id":70,"tipo":"arqueologico","subtipo":"grabado_rupestre","nombre":"Bco del Molcan","municipio":"","direccion":"","descripcion":"","url_imagen":"","area_m2":19004.05,"longitud":-17.972009389863544,"latitud":28.72849994195061},"geometry":{"type":"Polygon","coordinates":[[[-17.971213,28.728517],[-17.971215,28.728445],[-17.971226,28.728374],[-17.971245,28.728303],[-17.971272,28.728235],[-17.971307,28.72817],[-17.971349,28.728108],[-17.971398,28.72805],[-17.971454,28.727997],[-17.971516,28.727949],[-17.971583,28.727907],[-17.971654,28.727872],[-17.971729,28.727843],[-17.971807,28.727821],[-17.971887,28.727806],[-17.971969,28.727799],[-17.972051,28.727799],[-17.972133,28.727806],[-17.972213,28.727821],[-17.972291,28.727843],[-17.972366,28.727872],[-17.972437,28.727908],[-17.972504,28.72795],[-17.972566,28.727998],[-17.972621,28.728051],[-17.97267,28.728109],[-17.972713,28.728171],[-17.972747,28.728236],[-17.972774,28.728304],[-17.972793,28.728375],[-17.972803,28.728446],[-17.972805,28.728519],[-17.972799,28.728591],[-17.972784,28.728662],[-17.972761,28.728731],[-17.97273,28.728798],[-17.972692,28.728862],[-17.972646,28.728922],[-17.972593,28.728977],[-17.972535,28.729028],[-17.97247,28.729072],[-17.972401,28.729111],[-17.972328,28.729143],[-17.972251,28.729169],[-17.972172,28.729187],[-17.972091,28.729198],[-17.972009,28.729202],[-17.971927,28.729198],[-17.971846,28.729187],[-17.971767,28.729168],[-17.97169,28.729143],[-17.971617,28.729111],[-17.971547,28.729072],[-17.971483,28.729027],[-17.971425,28.728976],[-17.971372,28.728921],[-17.971326,28.728861],[-17.971288,28.728797],[-17.971257,28.72873],[-17.971234,28.728661],[-17.97122,28.72859],[-17.971213,28.728517]]]}},{"type":"Feature","properties":{"id":71,"tipo":"arqueologico","subtipo":"grabado_rupestre","nombre":"Cueva Grande Pedro Perez","municipio":"","direccion":"","descripcion":"","url_imagen":"","area_m2":19004.04,"longitud":-17.965905837417974,"latitud":28.71723914731863},"geometry":{"type":"Polygon","coordinates":[[[-17.96511,28.717257],[-17.965112,28.717184],[-17.965123,28.717113],[-17.965142,28.717042],[-17.965169,28.716974],[-17.965203,28.716909],[-17.965246,28.716847],[-17.965295,28.716789],[-17.965351,28.716736],[-17.965412,28.716688],[-17.965479,28.716647],[-17.96555,28.716611],[-17.965626,28.716582],[-17.965704,28.71656],[-17.965784,28.716545],[-17.965866,28.716538],[-17.965948,28.716538],[-17.966029,28.716546],[-17.966109,28.716561],[-17.966187,28.716583],[-17.966262,28.716612],[-17.966334,28.716647],[-17.966401,28.716689],[-17.966462,28.716737],[-17.966518,28.71679],[-17.966567,28.716848],[-17.966609,28.71691],[-17.966644,28.716975],[-17.966671,28.717044],[-17.966689,28.717114],[-17.9667,28.717186],[-17.966702,28.717258],[-17.966695,28.71733],[-17.966681,28.717401],[-17.966658,28.71747],[-17.966627,28.717537],[-17.966588,28.717601],[-17.966542,28.717661],[-17.96649,28.717716],[-17.966431,28.717767],[-17.966367,28.717812],[-17.966297,28.71785],[-17.966224,28.717883],[-17.966147,28.717908],[-17.966068,28.717926],[-17.965987,28.717937],[-17.965905,28.717941],[-17.965823,28.717937],[-17.965742,28.717926],[-17.965663,28.717908],[-17.965586,28.717882],[-17.965513,28.71785],[-17.965444,28.717811],[-17.96538,28.717766],[-17.965321,28.717716],[-17.965269,28.71766],[-17.965223,28.7176],[-17.965184,28.717536],[-17.965154,28.717469],[-17.965131,28.7174],[-17.965116,28.717329],[-17.96511,28.717257]]]}},{"type":"Feature","properties":{"id":72,"tipo":"arqueologico","subtipo":"grabado_rupestre","nombre":"La Castellana y El Cercado","municipio":"","direccion":"","descripcion":"","url_imagen":"","area_m2":19004.05,"longitud":-17.949979495291373,"latitud":28.827709576061192},"geometry":{"type":"Polygon","coordinates":[[[-17.949183,28.827727],[-17.949185,28.827655],[-17.949195,28.827583],[-17.949214,28.827513],[-17.949241,28.827445],[-17.949276,28.827379],[-17.949319,28.827317],[-17.949368,28.827259],[-17.949424,28.827206],[-17.949485,28.827159],[-17.949552,28.827117],[-17.949624,28.827081],[-17.949699,28.827053],[-17.949777,28.827031],[-17.949858,28.827016],[-17.949939,28.827009],[-17.950021,28.827009],[-17.950103,28.827016],[-17.950183,28.827031],[-17.950261,28.827053],[-17.950337,28.827082],[-17.950408,28.827118],[-17.950475,28.82716],[-17.950536,28.827207],[-17.950592,28.82726],[-17.950641,28.827318],[-17.950683,28.82738],[-17.950718,28.827446],[-17.950745,28.827514],[-17.950764,28.827584],[-17.950774,28.827656],[-17.950776,28.827728],[-17.95077,28.8278],[-17.950755,28.827871],[-17.950732,28.827941],[-17.950701,28.828008],[-17.950662,28.828071],[-17.950617,28.828131],[-17.950564,28.828187],[-17.950505,28.828237],[-17.950441,28.828282],[-17.950371,28.828321],[-17.950298,28.828353],[-17.950221,28.828378],[-17.950142,28.828397],[-17.950061,28.828408],[-17.949979,28.828412],[-17.949897,28.828408],[-17.949816,28.828397],[-17.949736,28.828378],[-17.94966,28.828353],[-17.949586,28.82832],[-17.949517,28.828281],[-17.949453,28.828236],[-17.949394,28.828186],[-17.949342,28.82813],[-17.949296,28.82807],[-17.949257,28.828007],[-17.949226,28.82794],[-17.949204,28.82787],[-17.949189,28.827799],[-17.949183,28.827727]]]}},{"type":"Feature","properties":{"id":73,"tipo":"arqueologico","subtipo":"grabado_rupestre","nombre":"Bco del Molcán","municipio":"","direccion":"","descripcion":"","url_imagen":"","area_m2":19004.05,"longitud":-17.974429117370736,"latitud":28.725896848011477},"geometry":{"type":"Polygon","coordinates":[[[-17.973633,28.725914],[-17.973635,28.725842],[-17.973646,28.72577],[-17.973665,28.7257],[-17.973692,28.725632],[-17.973727,28.725566],[-17.973769,28.725505],[-17.973818,28.725447],[-17.973874,28.725394],[-17.973935,28.725346],[-17.974002,28.725304],[-17.974074,28.725269],[-17.974149,28.72524],[-17.974227,28.725218],[-17.974307,28.725203],[-17.974389,28.725196],[-17.974471,28.725196],[-17.974552,28.725203],[-17.974633,28.725218],[-17.974711,28.72524],[-17.974786,28.725269],[-17.974857,28.725305],[-17.974924,28.725347],[-17.974985,28.725395],[-17.975041,28.725448],[-17.97509,28.725505],[-17.975132,28.725567],[-17.975167,28.725633],[-17.975194,28.725701],[-17.975213,28.725772],[-17.975223,28.725843],[-17.975225,28.725915],[-17.975219,28.725988],[-17.975204,28.726059],[-17.975181,28.726128],[-17.97515,28.726195],[-17.975111,28.726259],[-17.975066,28.726319],[-17.975013,28.726374],[-17.974954,28.726424],[-17.97489,28.726469],[-17.974821,28.726508],[-17.974747,28.72654],[-17.974671,28.726566],[-17.974591,28.726584],[-17.97451,28.726595],[-17.974428,28.726599],[-17.974347,28.726595],[-17.974266,28.726584],[-17.974186,28.726565],[-17.97411,28.72654],[-17.974036,28.726507],[-17.973967,28.726469],[-17.973903,28.726424],[-17.973844,28.726373],[-17.973792,28.726318],[-17.973746,28.726258],[-17.973708,28.726194],[-17.973677,28.726127],[-17.973654,28.726058],[-17.973639,28.725986],[-17.973633,28.725914]]]}},{"type":"Feature","properties":{"id":74,"tipo":"arqueologico","subtipo":"grabado_rupestre","nombre":"Petroglifos Lomo Estrecho","municipio":"","direccion":"","descripcion":"","url_imagen":"","area_m2":19004.05,"longitud":-17.856181511185564,"latitud":28.686840779426205},"geometry":{"type":"Polygon","coordinates":[[[-17.855386,28.686858],[-17.855388,28.686785],[-17.855399,28.686714],[-17.855418,28.686643],[-17.855445,28.686575],[-17.85548,28.68651],[-17.855522,28.686448],[-17.855571,28.68639],[-17.855627,28.686337],[-17.855689,28.68629],[-17.855755,28.686248],[-17.855827,28.686212],[-17.855902,28.686183],[-17.85598,28.686162],[-17.85606,28.686147],[-17.856142,28.68614],[-17.856224,28.68614],[-17.856305,28.686147],[-17.856386,28.686162],[-17.856464,28.686184],[-17.856539,28.686213],[-17.85661,28.686249],[-17.856677,28.686291],[-17.856738,28.686339],[-17.856794,28.686392],[-17.856843,28.68645],[-17.856885,28.686512],[-17.856919,28.686577],[-17.856946,28.686646],[-17.856965,28.686716],[-17.856975,28.686788],[-17.856977,28.68686],[-17.856971,28.686932],[-17.856956,28.687003],[-17.856933,28.687073],[-17.856902,28.68714],[-17.856863,28.687203],[-17.856817,28.687263],[-17.856765,28.687319],[-17.856706,28.687369],[-17.856642,28.687414],[-17.856572,28.687452],[-17.856499,28.687485],[-17.856422,28.68751],[-17.856343,28.687528],[-17.856262,28.687539],[-17.85618,28.687543],[-17.856098,28.687539],[-17.856017,28.687528],[-17.855938,28.687509],[-17.855861,28.687484],[-17.855788,28.687451],[-17.855719,28.687412],[-17.855655,28.687367],[-17.855596,28.687317],[-17.855544,28.687261],[-17.855498,28.687201],[-17.85546,28.687137],[-17.855429,28.68707],[-17.855406,28.687001],[-17.855392,28.68693],[-17.855386,28.686858]]]}},{"type":"Feature","properties":{"id":75,"tipo":"arqueologico","subtipo":"grabado_rupestre","nombre":"Petroglifos Lomo Gordo","municipio":"","direccion":"","descripcion":"","url_imagen":"","area_m2":19004.05,"longitud":-17.867467408352,"latitud":28.680946267271047},"geometry":{"type":"Polygon","coordinates":[[[-17.866672,28.680963],[-17.866674,28.680891],[-17.866685,28.680819],[-17.866703,28.680749],[-17.866731,28.680681],[-17.866765,28.680615],[-17.866808,28.680553],[-17.866857,28.680496],[-17.866913,28.680443],[-17.866974,28.680395],[-17.867041,28.680353],[-17.867113,28.680318],[-17.867188,28.680289],[-17.867266,28.680267],[-17.867346,28.680252],[-17.867428,28.680245],[-17.86751,28.680245],[-17.867591,28.680253],[-17.867671,28.680268],[-17.867749,28.68029],[-17.867825,28.680319],[-17.867896,28.680355],[-17.867962,28.680397],[-17.868024,28.680444],[-17.86808,28.680498],[-17.868129,28.680555],[-17.868171,28.680617],[-17.868205,28.680683],[-17.868232,28.680751],[-17.868251,28.680822],[-17.868261,28.680893],[-17.868263,28.680966],[-17.868257,28.681038],[-17.868242,28.681109],[-17.868219,28.681178],[-17.868188,28.681245],[-17.868149,28.681309],[-17.868103,28.681369],[-17.868051,28.681424],[-17.867992,28.681474],[-17.867928,28.681519],[-17.867858,28.681558],[-17.867785,28.68159],[-17.867708,28.681615],[-17.867629,28.681634],[-17.867548,28.681645],[-17.867466,28.681648],[-17.867384,28.681644],[-17.867303,28.681633],[-17.867224,28.681615],[-17.867147,28.681589],[-17.867074,28.681557],[-17.867005,28.681518],[-17.866941,28.681473],[-17.866882,28.681422],[-17.86683,28.681367],[-17.866784,28.681307],[-17.866746,28.681243],[-17.866715,28.681176],[-17.866692,28.681106],[-17.866678,28.681035],[-17.866672,28.680963]]]}},{"type":"Feature","properties":{"id":76,"tipo":"arqueologico","subtipo":"grabado_rupestre","nombre":"Petroglifos Tamarahoya","municipio":"","direccion":"","descripcion":"","url_imagen":"","area_m2":19004.04,"longitud":-17.87234947636498,"latitud":28.676537913840146},"geometry":{"type":"Polygon","coordinates":[[[-17.871554,28.676555],[-17.871556,28.676483],[-17.871567,28.676411],[-17.871586,28.676341],[-17.871613,28.676272],[-17.871648,28.676207],[-17.87169,28.676145],[-17.871739,28.676087],[-17.871795,28.676034],[-17.871857,28.675987],[-17.871923,28.675945],[-17.871995,28.675909],[-17.87207,28.675881],[-17.872148,28.675859],[-17.872228,28.675844],[-17.87231,28.675837],[-17.872392,28.675837],[-17.872473,28.675844],[-17.872553,28.675859],[-17.872632,28.675881],[-17.872707,28.675911],[-17.872778,28.675946],[-17.872845,28.675988],[-17.872906,28.676036],[-17.872962,28.676089],[-17.873011,28.676147],[-17.873053,28.676209],[-17.873087,28.676275],[-17.873114,28.676343],[-17.873133,28.676413],[-17.873143,28.676485],[-17.873145,28.676557],[-17.873139,28.676629],[-17.873124,28.6767],[-17.873101,28.67677],[-17.87307,28.676837],[-17.873031,28.6769],[-17.872985,28.67696],[-17.872933,28.677016],[-17.872874,28.677066],[-17.87281,28.677111],[-17.87274,28.677149],[-17.872667,28.677182],[-17.87259,28.677207],[-17.872511,28.677225],[-17.87243,28.677236],[-17.872348,28.67724],[-17.872266,28.677236],[-17.872185,28.677225],[-17.872106,28.677206],[-17.872029,28.677181],[-17.871956,28.677148],[-17.871887,28.677109],[-17.871823,28.677064],[-17.871764,28.677014],[-17.871712,28.676958],[-17.871666,28.676898],[-17.871628,28.676834],[-17.871597,28.676767],[-17.871574,28.676698],[-17.87156,28.676627],[-17.871554,28.676555]]]}},{"type":"Feature","properties":{"id":77,"tipo":"arqueologico","subtipo":"grabado_rupestre","nombre":"Petroglifos La Fajana","municipio":"","direccion":"","descripcion":"","url_imagen":"","area_m2":19004.05,"longitud":-17.883651348713006,"latitud":28.657510496040157},"geometry":{"type":"Polygon","coordinates":[[[-17.882856,28.657527],[-17.882858,28.657455],[-17.882869,28.657384],[-17.882888,28.657313],[-17.882915,28.657245],[-17.882949,28.65718],[-17.882992,28.657118],[-17.883041,28.65706],[-17.883097,28.657007],[-17.883158,28.656959],[-17.883225,28.656918],[-17.883297,28.656882],[-17.883372,28.656853],[-17.88345,28.656831],[-17.88353,28.656817],[-17.883612,28.656809],[-17.883694,28.65681],[-17.883775,28.656817],[-17.883855,28.656832],[-17.883933,28.656854],[-17.884008,28.656883],[-17.88408,28.656919],[-17.884146,28.656961],[-17.884208,28.657009],[-17.884263,28.657062],[-17.884312,28.65712],[-17.884354,28.657182],[-17.884389,28.657247],[-17.884416,28.657315],[-17.884435,28.657386],[-17.884445,28.657457],[-17.884447,28.65753],[-17.88444,28.657602],[-17.884426,28.657673],[-17.884403,28.657742],[-17.884372,28.657809],[-17.884333,28.657873],[-17.884287,28.657933],[-17.884235,28.657988],[-17.884176,28.658039],[-17.884111,28.658083],[-17.884042,28.658122],[-17.883969,28.658154],[-17.883892,28.65818],[-17.883813,28.658198],[-17.883732,28.658209],[-17.88365,28.658212],[-17.883568,28.658209],[-17.883487,28.658197],[-17.883408,28.658179],[-17.883331,28.658153],[-17.883258,28.658121],[-17.883189,28.658082],[-17.883125,28.658037],[-17.883066,28.657987],[-17.883014,28.657931],[-17.882968,28.657871],[-17.88293,28.657807],[-17.882899,28.65774],[-17.882876,28.657671],[-17.882862,28.6576],[-17.882856,28.657527]]]}},{"type":"Feature","properties":{"id":78,"tipo":"arqueologico","subtipo":"grabado_rupestre","nombre":"Petroglifos El Verde","municipio":"","direccion":"","descripcion":"","url_imagen":"","area_m2":19004.05,"longitud":-17.88224095527239,"latitud":28.65567335582274},"geometry":{"type":"Polygon","coordinates":[[[-17.881445,28.65569],[-17.881448,28.655618],[-17.881458,28.655546],[-17.881477,28.655476],[-17.881504,28.655408],[-17.881539,28.655342],[-17.881581,28.655281],[-17.881631,28.655223],[-17.881686,28.65517],[-17.881748,28.655122],[-17.881815,28.65508],[-17.881886,28.655045],[-17.881961,28.655016],[-17.88204,28.654994],[-17.88212,28.65498],[-17.882201,28.654972],[-17.882283,28.654972],[-17.882365,28.65498],[-17.882445,28.654995],[-17.882523,28.655017],[-17.882598,28.655046],[-17.882669,28.655082],[-17.882736,28.655124],[-17.882797,28.655171],[-17.882853,28.655225],[-17.882902,28.655282],[-17.882944,28.655344],[-17.882979,28.65541],[-17.883005,28.655478],[-17.883024,28.655549],[-17.883035,28.65562],[-17.883036,28.655693],[-17.88303,28.655765],[-17.883015,28.655836],[-17.882992,28.655905],[-17.882961,28.655972],[-17.882923,28.656036],[-17.882877,28.656096],[-17.882824,28.656151],[-17.882765,28.656201],[-17.882701,28.656246],[-17.882632,28.656285],[-17.882558,28.656317],[-17.882482,28.656342],[-17.882402,28.656361],[-17.882322,28.656372],[-17.88224,28.656375],[-17.882158,28.656371],[-17.882077,28.65636],[-17.881998,28.656342],[-17.881921,28.656316],[-17.881848,28.656284],[-17.881779,28.656245],[-17.881715,28.6562],[-17.881656,28.656149],[-17.881604,28.656094],[-17.881558,28.656034],[-17.88152,28.65597],[-17.881489,28.655903],[-17.881466,28.655833],[-17.881452,28.655762],[-17.881445,28.65569]]]}},{"type":"Feature","properties":{"id":79,"tipo":"arqueologico","subtipo":"grabado_rupestre","nombre":"La Erita","municipio":"","direccion":"","descripcion":"","url_imagen":"","area_m2":19004.05,"longitud":-17.83823753145416,"latitud":28.72276777267621},"geometry":{"type":"Polygon","coordinates":[[[-17.837441,28.722784],[-17.837444,28.722712],[-17.837454,28.722641],[-17.837473,28.72257],[-17.8375,28.722502],[-17.837535,28.722437],[-17.837578,28.722375],[-17.837627,28.722317],[-17.837683,28.722264],[-17.837745,28.722216],[-17.837811,28.722175],[-17.837883,28.722139],[-17.837958,28.72211],[-17.838036,28.722089],[-17.838116,28.722074],[-17.838198,28.722067],[-17.83828,28.722067],[-17.838362,28.722074],[-17.838442,28.722089],[-17.83852,28.722111],[-17.838595,28.72214],[-17.838666,28.722176],[-17.838733,28.722218],[-17.838794,28.722266],[-17.83885,28.722319],[-17.838899,28.722377],[-17.838941,28.722439],[-17.838976,28.722505],[-17.839003,28.722573],[-17.839021,28.722643],[-17.839032,28.722715],[-17.839034,28.722787],[-17.839027,28.722859],[-17.839012,28.72293],[-17.838989,28.723],[-17.838958,28.723067],[-17.838919,28.72313],[-17.838874,28.72319],[-17.838821,28.723246],[-17.838762,28.723296],[-17.838698,28.723341],[-17.838628,28.723379],[-17.838555,28.723412],[-17.838478,28.723437],[-17.838399,28.723455],[-17.838318,28.723466],[-17.838236,28.72347],[-17.838154,28.723466],[-17.838073,28.723455],[-17.837994,28.723436],[-17.837917,28.72341],[-17.837844,28.723378],[-17.837775,28.723339],[-17.837711,28.723294],[-17.837652,28.723244],[-17.8376,28.723188],[-17.837554,28.723128],[-17.837516,28.723064],[-17.837485,28.722997],[-17.837462,28.722928],[-17.837448,28.722857],[-17.837441,28.722784]]]}},{"type":"Feature","properties":{"id":80,"tipo":"arqueologico","subtipo":"habitat_pastoril","nombre":"Picos de La Veleta de La Arena","municipio":"","direccion":"","descripcion":"","url_imagen":"","area_m2":80327.5,"longitud":-17.837891122964884,"latitud":28.724845071232348},"geometry":{"type":"Polygon","coordinates":[[[-17.837769,28.72618],[-17.837592,28.726094],[-17.836821,28.725853],[-17.836623,28.725811],[-17.836232,28.725766],[-17.836147,28.725666],[-17.836233,28.725199],[-17.836256,28.72502],[-17.836309,28.724275],[-17.836397,28.724131],[-17.83686,28.723825],[-17.836956,28.723681],[-17.837059,28.723045],[-17.837141,28.723025],[-17.837314,28.723064],[-17.837679,28.72337],[-17.837773,28.723521],[-17.837835,28.723784],[-17.837955,28.723895],[-17.838398,28.723996],[-17.838597,28.723999],[-17.839303,28.723859],[-17.839451,28.723919],[-17.839689,28.724315],[-17.839811,28.724457],[-17.839989,28.724606],[-17.839984,28.724726],[-17.83974,28.724901],[-17.839581,28.725014],[-17.839384,28.725151],[-17.839263,28.725289],[-17.839128,28.72557],[-17.83909,28.725743],[-17.8391,28.726084],[-17.839,28.726176],[-17.838647,28.726184],[-17.8378,28.726202],[-17.837769,28.72618]]]}},{"type":"Feature","properties":{"id":81,"tipo":"arqueologico","subtipo":"habitat_pastoril","nombre":"Roque de La Fondada","municipio":"","direccion":"","descripcion":"","url_imagen":"","area_m2":44961.9,"longitud":-17.880639741234184,"latitud":28.73895905070637},"geometry":{"type":"Polygon","coordinates":[[[-17.880003,28.740233],[-17.879805,28.740273],[-17.879724,28.740297],[-17.879548,28.740383],[-17.879379,28.740503],[-17.879232,28.740492],[-17.879131,28.740389],[-17.879108,28.74024],[-17.879157,28.740148],[-17.879214,28.739977],[-17.879308,28.739354],[-17.879394,28.739201],[-17.879659,28.738967],[-17.879811,28.738846],[-17.880157,28.738603],[-17.880283,28.738467],[-17.880409,28.738245],[-17.880532,28.738105],[-17.88078,28.737912],[-17.880945,28.737806],[-17.881202,28.737671],[-17.881384,28.737591],[-17.881469,28.737561],[-17.881613,28.737605],[-17.881634,28.737638],[-17.881764,28.737773],[-17.881982,28.737923],[-17.882148,28.738028],[-17.882336,28.738139],[-17.882393,28.738276],[-17.882327,28.738475],[-17.882205,28.738599],[-17.882099,28.738641],[-17.881913,28.738716],[-17.881664,28.738817],[-17.881493,28.738913],[-17.881332,28.739031],[-17.88118,28.739152],[-17.880982,28.73932],[-17.880857,28.73946],[-17.880804,28.739543],[-17.880692,28.739694],[-17.880592,28.739814],[-17.880462,28.739953],[-17.880386,28.740026],[-17.880232,28.740142],[-17.880096,28.740221],[-17.880003,28.740233]]]}},{"type":"Feature","properties":{"id":82,"tipo":"arqueologico","subtipo":"habitat_pastoril","nombre":"Las Mosqueras","municipio":"","direccion":"","descripcion":"","url_imagen":"","area_m2":30064.35,"longitud":-17.908899156401375,"latitud":28.714512200599405},"geometry":{"type":"Polygon","coordinates":[[[-17.908215,28.714532],[-17.908249,28.714365],[-17.908421,28.714108],[-17.908539,28.713962],[-17.909051,28.713426],[-17.909198,28.713302],[-17.909347,28.713202],[-17.909525,28.713175],[-17.909824,28.713261],[-17.909907,28.713378],[-17.909838,28.713811],[-17.909776,28.71398],[-17.909596,28.714283],[-17.909508,28.714446],[-17.909425,28.714614],[-17.909348,28.714781],[-17.909232,28.715048],[-17.909133,28.715204],[-17.908922,28.715449],[-17.908788,28.715584],[-17.908427,28.7159],[-17.908252,28.715965],[-17.908152,28.715967],[-17.908012,28.715698],[-17.907986,28.715527],[-17.908054,28.715144],[-17.908111,28.714972],[-17.908248,28.714694],[-17.908215,28.714532]]]}},{"type":"Feature","properties":{"id":83,"tipo":"arqueologico","subtipo":"habitat_pastoril","nombre":"Morro de La Cebolla","municipio":"","direccion":"","descripcion":"","url_imagen":"","area_m2":552061.74,"longitud":-17.855700629262238,"latitud":28.765362486919532},"geometry":{"type":"Polygon","coordinates":[[[-17.855624,28.762987],[-17.854745,28.763532],[-17.854563,28.763609],[-17.853689,28.763825],[-17.853494,28.76388],[-17.853303,28.763942],[-17.853123,28.764024],[-17.852615,28.764324],[-17.852428,28.764381],[-17.852148,28.7644],[-17.851944,28.764415],[-17.851345,28.764467],[-17.851146,28.764449],[-17.850308,28.764213],[-17.850291,28.764164],[-17.850301,28.763994],[-17.850393,28.763796],[-17.850442,28.763623],[-17.850454,28.763517],[-17.850545,28.763372],[-17.850664,28.763288],[-17.850846,28.763225],[-17.851133,28.763206],[-17.851337,28.763192],[-17.852672,28.763095],[-17.852876,28.763079],[-17.853184,28.763054],[-17.853378,28.763007],[-17.853684,28.762878],[-17.853859,28.762785],[-17.854088,28.762634],[-17.854261,28.762539],[-17.854626,28.762253],[-17.854849,28.762085],[-17.855017,28.762024],[-17.855244,28.761875],[-17.855423,28.761767],[-17.855672,28.761636],[-17.855882,28.761579],[-17.85618,28.761466],[-17.856607,28.761262],[-17.857052,28.761076],[-17.857511,28.7606],[-17.858782,28.75982],[-17.858954,28.759814],[-17.859935,28.760324],[-17.860123,28.760388],[-17.86189,28.760708],[-17.862084,28.760763],[-17.862665,28.760996],[-17.863246,28.761229],[-17.863372,28.761352],[-17.863538,28.761783],[-17.863499,28.761932],[-17.862542,28.762781],[-17.861584,28.76363],[-17.861421,28.763735],[-17.8602,28.764289],[-17.860028,28.764385],[-17.859007,28.765078],[-17.858871,28.765209],[-17.858027,28.766385],[-17.857886,28.76651],[-17.856724,28.767162],[-17.856058,28.767411],[-17.855867,28.767476],[-17.855457,28.767597],[-17.855272,28.767671],[-17.85433,28.768154],[-17.854171,28.768264],[-17.853387,28.768983],[-17.853241,28.769109],[-17.852686,28.769566],[-17.852547,28.769697],[-17.852156,28.770121],[-17.85204,28.770268],[-17.851435,28.771181],[-17.851384,28.771349],[-17.851386,28.771624],[-17.851349,28.771798],[-17.851034,28.772504],[-17.850895,28.772603],[-17.850302,28.772691],[-17.8501,28.772692],[-17.849689,28.772634],[-17.849503,28.772669],[-17.849232,28.772826],[-17.849154,28.772786],[-17.849228,28.771917],[-17.849224,28.771738],[-17.849088,28.770718],[-17.849077,28.770538],[-17.849082,28.76997],[-17.849166,28.769827],[-17.84939,28.769684],[-17.849541,28.769564],[-17.850025,28.769085],[-17.85015,28.768943],[-17.850825,28.76806],[-17.850965,28.767933],[-17.85105,28.767878],[-17.851218,28.767775],[-17.852396,28.767076],[-17.852571,28.766983],[-17.853303,28.766637],[-17.853487,28.76656],[-17.854645,28.766135],[-17.856934,28.764509],[-17.857099,28.764402],[-17.858666,28.763462],[-17.858817,28.763343],[-17.859975,28.76216],[-17.860024,28.762003],[-17.859944,28.761617],[-17.859825,28.761544],[-17.858805,28.761708],[-17.858236,28.761946],[-17.858055,28.762029],[-17.856889,28.762601],[-17.856702,28.762671],[-17.85622,28.762799],[-17.855805,28.762909],[-17.855624,28.762987]]]}},{"type":"Feature","properties":{"id":84,"tipo":"arqueologico","subtipo":"habitat_pastoril","nombre":"Pico de la Cruz y Lomo Morisco","municipio":"","direccion":"","descripcion":"","url_imagen":"","area_m2":1233756.5,"longitud":-17.842644757112605,"latitud":28.751618103823656},"geometry":{"type":"Polygon","coordinates":[[[-17.853075,28.755112],[-17.853524,28.755596],[-17.85401,28.756278],[-17.854149,28.756405],[-17.854627,28.756692],[-17.854807,28.756775],[-17.855119,28.756883],[-17.855116,28.756942],[-17.85499,28.756975],[-17.854808,28.757052],[-17.854716,28.757106],[-17.854535,28.757189],[-17.854063,28.757346],[-17.85389,28.757437],[-17.85339,28.75782],[-17.853189,28.757974],[-17.853012,28.758049],[-17.852826,28.758079],[-17.852641,28.758108],[-17.852487,28.758047],[-17.852286,28.757754],[-17.852233,28.757587],[-17.852238,28.75704],[-17.852207,28.756864],[-17.852062,28.756459],[-17.852094,28.756301],[-17.851763,28.756138],[-17.851577,28.756123],[-17.85095,28.75631],[-17.850762,28.756381],[-17.849714,28.756862],[-17.849521,28.756903],[-17.848834,28.756897],[-17.848629,28.756896],[-17.84836,28.756898],[-17.848158,28.756915],[-17.847202,28.757077],[-17.846999,28.757104],[-17.846264,28.757175],[-17.846143,28.757096],[-17.846114,28.756966],[-17.846083,28.756788],[-17.84607,28.756693],[-17.846102,28.756522],[-17.846161,28.756413],[-17.846226,28.756243],[-17.846246,28.756157],[-17.846191,28.756007],[-17.84602,28.75587],[-17.845842,28.755803],[-17.845653,28.755791],[-17.845457,28.75582],[-17.844932,28.756018],[-17.844754,28.756105],[-17.84463,28.756181],[-17.844445,28.756219],[-17.84429,28.7562],[-17.844094,28.756223],[-17.844038,28.756244],[-17.843845,28.7563],[-17.843478,28.756378],[-17.843315,28.756328],[-17.843259,28.756266],[-17.843294,28.756094],[-17.843347,28.755921],[-17.84341,28.755772],[-17.843386,28.755615],[-17.843314,28.755525],[-17.843162,28.755492],[-17.843005,28.75556],[-17.84282,28.755637],[-17.842777,28.755654],[-17.84268,28.755602],[-17.842676,28.755513],[-17.842513,28.755442],[-17.842328,28.755364],[-17.842281,28.755344],[-17.842126,28.755234],[-17.842073,28.755175],[-17.841907,28.755101],[-17.841588,28.755092],[-17.841418,28.755021],[-17.841363,28.754966],[-17.841222,28.754836],[-17.841076,28.754713],[-17.841057,28.754575],[-17.841346,28.754174],[-17.84142,28.754009],[-17.841458,28.75384],[-17.841501,28.753663],[-17.841612,28.753255],[-17.841627,28.753077],[-17.841604,28.752823],[-17.841494,28.752735],[-17.840813,28.75275],[-17.840609,28.752756],[-17.840406,28.752763],[-17.840204,28.752746],[-17.839909,28.752687],[-17.83977,28.752583],[-17.839749,28.75254],[-17.839516,28.752577],[-17.839325,28.752551],[-17.839292,28.752536],[-17.8391,28.752504],[-17.838912,28.752523],[-17.838709,28.752523],[-17.838598,28.752511],[-17.838454,28.752418],[-17.838326,28.752172],[-17.83826,28.752002],[-17.838228,28.751889],[-17.838206,28.751711],[-17.838211,28.751443],[-17.838114,28.751331],[-17.837921,28.751289],[-17.837721,28.751252],[-17.837453,28.75121],[-17.837264,28.75115],[-17.837065,28.751051],[-17.836904,28.751072],[-17.836788,28.751176],[-17.836617,28.75126],[-17.836554,28.751271],[-17.836351,28.751291],[-17.836134,28.751292],[-17.835933,28.751316],[-17.83569,28.751374],[-17.835502,28.751442],[-17.835154,28.751613],[-17.834965,28.751676],[-17.834844,28.751699],[-17.834643,28.751728],[-17.834084,28.751783],[-17.833887,28.751828],[-17.833384,28.752012],[-17.833196,28.752084],[-17.83308,28.75213],[-17.832894,28.752206],[-17.832321,28.752441],[-17.832126,28.752483],[-17.831353,28.752504],[-17.831248,28.752417],[-17.831238,28.752152],[-17.831261,28.751975],[-17.8314,28.751525],[-17.831481,28.751361],[-17.831892,28.750792],[-17.831975,28.750629],[-17.832012,28.750519],[-17.832105,28.750362],[-17.832243,28.750211],[-17.832396,28.750096],[-17.832599,28.749994],[-17.83277,28.749895],[-17.833339,28.749512],[-17.8335,28.749401],[-17.833829,28.749166],[-17.833977,28.749042],[-17.834695,28.748344],[-17.834829,28.748207],[-17.83516,28.74785],[-17.835288,28.747709],[-17.8356,28.747353],[-17.835707,28.747201],[-17.835947,28.746766],[-17.836033,28.746602],[-17.836175,28.746309],[-17.836232,28.746138],[-17.836313,28.745706],[-17.836366,28.745533],[-17.836595,28.74501],[-17.836634,28.744835],[-17.836648,28.744393],[-17.836683,28.744217],[-17.836762,28.744005],[-17.836768,28.743832],[-17.836672,28.743501],[-17.836664,28.743325],[-17.836672,28.743282],[-17.836791,28.7432],[-17.836885,28.743206],[-17.837068,28.743157],[-17.837315,28.742985],[-17.837483,28.742884],[-17.837498,28.742876],[-17.837686,28.742811],[-17.837876,28.742776],[-17.838012,28.742842],[-17.838232,28.743361],[-17.838254,28.743535],[-17.838224,28.743722],[-17.838281,28.743876],[-17.83836,28.743947],[-17.83851,28.744069],[-17.838626,28.744154],[-17.838689,28.7443],[-17.838635,28.744602],[-17.838593,28.744778],[-17.838569,28.744862],[-17.838542,28.745039],[-17.838541,28.745174],[-17.838544,28.745354],[-17.838554,28.745602],[-17.838585,28.745779],[-17.838605,28.745844],[-17.83867,28.746015],[-17.838695,28.746072],[-17.838803,28.74622],[-17.838951,28.746354],[-17.83907,28.746498],[-17.839135,28.746605],[-17.839269,28.746734],[-17.839322,28.746764],[-17.83951,28.746817],[-17.839688,28.746824],[-17.839892,28.746837],[-17.840058,28.746852],[-17.840194,28.746947],[-17.84023,28.747037],[-17.840317,28.747199],[-17.840395,28.747315],[-17.840545,28.747419],[-17.840577,28.747428],[-17.840765,28.747496],[-17.8412,28.747691],[-17.841367,28.747793],[-17.841446,28.747856],[-17.841584,28.747988],[-17.8419,28.748351],[-17.842051,28.748467],[-17.842584,28.74873],[-17.842776,28.74878],[-17.843183,28.748804],[-17.843354,28.748876],[-17.843679,28.749184],[-17.843825,28.749311],[-17.844035,28.749479],[-17.844205,28.749575],[-17.844606,28.749725],[-17.844803,28.749756],[-17.845036,28.749747],[-17.845203,28.749673],[-17.845223,28.74965],[-17.845382,28.749546],[-17.845549,28.749487],[-17.845715,28.749388],[-17.845737,28.749368],[-17.845875,28.749371],[-17.845992,28.749489],[-17.846123,28.749627],[-17.846257,28.749775],[-17.846417,28.749876],[-17.846763,28.749984],[-17.846961,28.750003],[-17.847068,28.749992],[-17.847261,28.74994],[-17.847407,28.749873],[-17.847592,28.749797],[-17.847637,28.74978],[-17.847709,28.749832],[-17.847535,28.750526],[-17.847474,28.750697],[-17.847391,28.750876],[-17.847452,28.750982],[-17.847851,28.75107],[-17.848041,28.751134],[-17.848274,28.751241],[-17.848401,28.751367],[-17.848467,28.751522],[-17.848495,28.751697],[-17.848457,28.752174],[-17.848523,28.752327],[-17.84887,28.75262],[-17.849046,28.752685],[-17.84975,28.752701],[-17.849939,28.752751],[-17.851319,28.753512],[-17.851474,28.753627],[-17.852174,28.75431],[-17.852317,28.754439],[-17.852819,28.754873],[-17.85294,28.754977],[-17.853075,28.755112]]]}},{"type":"Feature","properties":{"id":85,"tipo":"arqueologico","subtipo":"habitat_pastoril","nombre":"Roque de Los Muchachos","municipio":"","direccion":"","descripcion":"","url_imagen":"","area_m2":1878684.59,"longitud":-17.88629798095868,"latitud":28.759708029826072},"geometry":{"type":"Polygon","coordinates":[[[-17.870739,28.7618],[-17.870585,28.761696],[-17.870497,28.761669],[-17.870309,28.761599],[-17.870073,28.761498],[-17.869983,28.761509],[-17.869825,28.76151],[-17.869631,28.76155],[-17.869467,28.761621],[-17.869289,28.76171],[-17.869017,28.761869],[-17.868838,28.761956],[-17.868663,28.762028],[-17.868468,28.762077],[-17.86824,28.762103],[-17.868058,28.76205],[-17.867881,28.761992],[-17.867606,28.761999],[-17.867406,28.761975],[-17.867009,28.761864],[-17.866889,28.761749],[-17.866803,28.76141],[-17.866872,28.761281],[-17.867081,28.761185],[-17.867242,28.761078],[-17.867346,28.760981],[-17.867511,28.76088],[-17.867728,28.7608],[-17.868215,28.760567],[-17.868396,28.760482],[-17.868504,28.760433],[-17.86869,28.760358],[-17.868847,28.760303],[-17.869043,28.760253],[-17.869224,28.760223],[-17.869422,28.76018],[-17.869483,28.760164],[-17.869684,28.76014],[-17.869769,28.760142],[-17.869968,28.760176],[-17.870169,28.76024],[-17.870358,28.760307],[-17.870387,28.760318],[-17.870446,28.76034],[-17.870641,28.760391],[-17.870682,28.760399],[-17.870874,28.760456],[-17.871156,28.760579],[-17.87133,28.760673],[-17.871727,28.760935],[-17.872002,28.761116],[-17.872171,28.761218],[-17.872557,28.761429],[-17.872779,28.76155],[-17.872962,28.761629],[-17.873472,28.761794],[-17.873626,28.761891],[-17.873811,28.761951],[-17.874105,28.761973],[-17.874284,28.762039],[-17.874504,28.762207],[-17.874681,28.762287],[-17.875056,28.76237],[-17.875256,28.762376],[-17.875769,28.762293],[-17.875867,28.762367],[-17.875866,28.762411],[-17.875939,28.762193],[-17.875959,28.762135],[-17.876151,28.761967],[-17.876305,28.761849],[-17.876482,28.761727],[-17.876662,28.761652],[-17.876964,28.761595],[-17.877151,28.761191],[-17.877232,28.761026],[-17.877404,28.760701],[-17.877503,28.760543],[-17.877636,28.76036],[-17.877772,28.760229],[-17.877878,28.760156],[-17.87806,28.760087],[-17.878223,28.760066],[-17.878418,28.760017],[-17.879142,28.759743],[-17.8793,28.759637],[-17.879811,28.759064],[-17.879968,28.758957],[-17.880387,28.758794],[-17.880577,28.758789],[-17.880894,28.758893],[-17.880927,28.75891],[-17.88111,28.758919],[-17.881295,28.75885],[-17.881477,28.758768],[-17.881585,28.758711],[-17.881609,28.758678],[-17.881709,28.758522],[-17.881844,28.758274],[-17.88194,28.758115],[-17.882244,28.757668],[-17.882341,28.75751],[-17.882611,28.757011],[-17.882682,28.756843],[-17.882798,28.756478],[-17.882834,28.756301],[-17.882848,28.756154],[-17.882896,28.755981],[-17.883017,28.755726],[-17.883027,28.755556],[-17.882992,28.755456],[-17.882905,28.755202],[-17.882903,28.75503],[-17.882973,28.754814],[-17.882966,28.754643],[-17.88289,28.754461],[-17.882808,28.754296],[-17.882729,28.754161],[-17.882669,28.753991],[-17.882646,28.753844],[-17.882646,28.753665],[-17.88266,28.753567],[-17.88274,28.75341],[-17.882863,28.753289],[-17.882953,28.7532],[-17.88307,28.753084],[-17.883234,28.752987],[-17.883254,28.752981],[-17.883453,28.752951],[-17.883768,28.752952],[-17.883968,28.752982],[-17.884288,28.753077],[-17.884473,28.753152],[-17.88463,28.753235],[-17.884816,28.753331],[-17.885008,28.753378],[-17.885184,28.753381],[-17.885238,28.753346],[-17.885325,28.753298],[-17.885512,28.753266],[-17.885544,28.753271],[-17.885576,28.753291],[-17.885745,28.753392],[-17.885757,28.753399],[-17.885938,28.753482],[-17.885949,28.753486],[-17.886121,28.75346],[-17.886171,28.753422],[-17.886212,28.753402],[-17.886373,28.753294],[-17.886456,28.753222],[-17.886505,28.753199],[-17.886608,28.753158],[-17.886768,28.753053],[-17.886826,28.752993],[-17.886805,28.752906],[-17.88678,28.752763],[-17.886818,28.752717],[-17.886914,28.75256],[-17.886984,28.752395],[-17.887027,28.752368],[-17.887156,28.752236],[-17.887191,28.752173],[-17.887283,28.752011],[-17.887383,28.751842],[-17.887405,28.751829],[-17.887581,28.751738],[-17.887663,28.751699],[-17.887677,28.751662],[-17.88771,28.751307],[-17.887708,28.751273],[-17.887782,28.751126],[-17.887793,28.751118],[-17.887873,28.750972],[-17.887878,28.750577],[-17.887902,28.750399],[-17.887912,28.750361],[-17.887994,28.750328],[-17.888245,28.750291],[-17.888288,28.750259],[-17.888468,28.750185],[-17.888667,28.750151],[-17.888946,28.750206],[-17.889148,28.750219],[-17.889199,28.750216],[-17.889401,28.750187],[-17.890124,28.750027],[-17.890318,28.750039],[-17.890706,28.750176],[-17.890895,28.750245],[-17.891075,28.750313],[-17.891251,28.750402],[-17.891652,28.750665],[-17.891814,28.750776],[-17.892254,28.751091],[-17.892405,28.751212],[-17.89279,28.75155],[-17.892954,28.751654],[-17.893698,28.751982],[-17.893884,28.752058],[-17.89408,28.752135],[-17.894257,28.752223],[-17.894448,28.752342],[-17.894522,28.752484],[-17.894461,28.753085],[-17.894377,28.753237],[-17.894152,28.753428],[-17.893976,28.753489],[-17.893698,28.753485],[-17.893494,28.753473],[-17.893068,28.753432],[-17.892865,28.753435],[-17.892328,28.753504],[-17.892135,28.753559],[-17.891491,28.753852],[-17.891351,28.753973],[-17.891312,28.754036],[-17.891239,28.754106],[-17.891193,28.754261],[-17.891199,28.754283],[-17.891261,28.754455],[-17.891288,28.754512],[-17.891309,28.754595],[-17.891259,28.754747],[-17.891194,28.754805],[-17.891034,28.754915],[-17.890775,28.755046],[-17.8907,28.75518],[-17.890753,28.755542],[-17.890762,28.755722],[-17.890749,28.755985],[-17.890753,28.756165],[-17.89079,28.75652],[-17.890864,28.757182],[-17.890835,28.757355],[-17.890678,28.757692],[-17.890703,28.757846],[-17.891501,28.758732],[-17.891637,28.758866],[-17.892201,28.759368],[-17.892372,28.759454],[-17.893355,28.759676],[-17.893539,28.759749],[-17.894632,28.760387],[-17.894729,28.760527],[-17.894752,28.760696],[-17.894801,28.760869],[-17.894852,28.760982],[-17.89481,28.761123],[-17.8946,28.761274],[-17.894439,28.761385],[-17.893954,28.761711],[-17.893829,28.761848],[-17.89369,28.762107],[-17.893674,28.762276],[-17.893806,28.762704],[-17.893922,28.762835],[-17.894314,28.763029],[-17.894496,28.763111],[-17.895169,28.763387],[-17.895343,28.76348],[-17.895803,28.763791],[-17.895985,28.763863],[-17.896564,28.76396],[-17.896976,28.764028],[-17.897172,28.764077],[-17.897762,28.764273],[-17.897938,28.764361],[-17.898228,28.764569],[-17.898318,28.764716],[-17.898376,28.76521],[-17.898365,28.765388],[-17.898283,28.765737],[-17.898182,28.765881],[-17.897788,28.766152],[-17.897232,28.766536],[-17.897057,28.766627],[-17.896752,28.76674],[-17.896717,28.766792],[-17.896573,28.76691],[-17.896387,28.766993],[-17.896198,28.767061],[-17.895949,28.76713],[-17.895703,28.767209],[-17.895523,28.767292],[-17.895423,28.767354],[-17.895237,28.767406],[-17.894729,28.767407],[-17.894535,28.767367],[-17.894011,28.767137],[-17.89384,28.76704],[-17.893553,28.766834],[-17.893395,28.766719],[-17.892706,28.766213],[-17.892574,28.766078],[-17.892066,28.765348],[-17.891969,28.765189],[-17.891442,28.764176],[-17.891337,28.764023],[-17.890131,28.762646],[-17.889983,28.762526],[-17.888703,28.761795],[-17.888539,28.761688],[-17.887426,28.760854],[-17.887262,28.760747],[-17.886257,28.760181],[-17.886074,28.760103],[-17.885036,28.75978],[-17.884846,28.759713],[-17.884403,28.759538],[-17.884249,28.759428],[-17.883856,28.758947],[-17.883704,28.758835],[-17.883215,28.75863],[-17.883085,28.758675],[-17.882951,28.758972],[-17.882951,28.75914],[-17.883326,28.759994],[-17.883422,28.760152],[-17.883858,28.760704],[-17.883993,28.760837],[-17.884611,28.761311],[-17.884738,28.761449],[-17.88523,28.762217],[-17.885369,28.76234],[-17.88571,28.762507],[-17.885887,28.762597],[-17.886534,28.762939],[-17.886722,28.762968],[-17.887095,28.762906],[-17.887286,28.76293],[-17.88807,28.763284],[-17.888229,28.763393],[-17.888872,28.764029],[-17.889033,28.764135],[-17.889378,28.764274],[-17.889497,28.764399],[-17.889693,28.765073],[-17.889705,28.76525],[-17.889631,28.76573],[-17.889516,28.765833],[-17.888778,28.765934],[-17.888585,28.765909],[-17.887731,28.765543],[-17.887538,28.765491],[-17.887249,28.765455],[-17.887068,28.765499],[-17.886622,28.765816],[-17.886384,28.765985],[-17.886228,28.7661],[-17.886127,28.766178],[-17.885969,28.766293],[-17.885545,28.766588],[-17.885364,28.766663],[-17.885008,28.766731],[-17.884831,28.76669],[-17.88449,28.766424],[-17.884399,28.766275],[-17.884345,28.765922],[-17.884281,28.765754],[-17.884171,28.765582],[-17.884086,28.765419],[-17.883893,28.764939],[-17.883805,28.764777],[-17.883195,28.76389],[-17.883092,28.763734],[-17.882779,28.763243],[-17.882691,28.763081],[-17.882482,28.762622],[-17.88239,28.762462],[-17.882048,28.761984],[-17.881937,28.761832],[-17.881601,28.761371],[-17.881483,28.761224],[-17.880986,28.760645],[-17.88084,28.760625],[-17.880581,28.760785],[-17.8804,28.760866],[-17.880186,28.760934],[-17.880016,28.761028],[-17.879362,28.761593],[-17.879205,28.761708],[-17.879137,28.76175],[-17.879021,28.761888],[-17.878872,28.762274],[-17.878836,28.762449],[-17.878827,28.762707],[-17.878751,28.762861],[-17.878706,28.762901],[-17.87862,28.762939],[-17.878205,28.763332],[-17.87806,28.763458],[-17.87791,28.763576],[-17.87785,28.763726],[-17.877878,28.763879],[-17.877839,28.764044],[-17.877546,28.76444],[-17.877421,28.764582],[-17.877183,28.764811],[-17.877085,28.764964],[-17.877024,28.76515],[-17.876894,28.765221],[-17.876781,28.765203],[-17.876584,28.765157],[-17.876243,28.765051],[-17.876081,28.764952],[-17.875937,28.764799],[-17.875878,28.764768],[-17.875689,28.764732],[-17.875655,28.764735],[-17.875551,28.76463],[-17.875381,28.764561],[-17.875346,28.76456],[-17.8753,28.764552],[-17.875128,28.764598],[-17.875115,28.764608],[-17.874943,28.764556],[-17.874746,28.76451],[-17.874486,28.764471],[-17.874295,28.764498],[-17.87396,28.764657],[-17.873725,28.764788],[-17.873579,28.76491],[-17.873525,28.764976],[-17.873393,28.765114],[-17.873152,28.765327],[-17.873072,28.765302],[-17.872998,28.764538],[-17.872944,28.764367],[-17.872913,28.76431],[-17.872855,28.76414],[-17.872851,28.764106],[-17.87288,28.763956],[-17.872833,28.763797],[-17.872782,28.763742],[-17.872718,28.763582],[-17.872721,28.763341],[-17.872706,28.763162],[-17.872682,28.763029],[-17.872623,28.76298],[-17.872454,28.762882],[-17.872433,28.762873],[-17.872322,28.762746],[-17.872303,28.762652],[-17.872196,28.76252],[-17.872051,28.76245],[-17.871867,28.762372],[-17.871793,28.762345],[-17.8716,28.762286],[-17.871354,28.762226],[-17.871162,28.762164],[-17.871048,28.762117],[-17.870897,28.762004],[-17.870739,28.7618]]]}},{"type":"Feature","properties":{"id":86,"tipo":"arqueologico","subtipo":"habitat_pastoril","nombre":"Roque de Los Muchachos","municipio":"","direccion":"","descripcion":"","url_imagen":"","area_m2":112640.27,"longitud":-17.894727973831188,"latitud":28.747811339425784},"geometry":{"type":"Polygon","coordinates":[[[-17.896989,28.745571],[-17.897032,28.745746],[-17.897054,28.745929],[-17.896982,28.746072],[-17.896779,28.746203],[-17.896669,28.746344],[-17.89661,28.746536],[-17.896556,28.74671],[-17.896303,28.747538],[-17.896286,28.747715],[-17.896328,28.748145],[-17.896375,28.748318],[-17.896499,28.748591],[-17.896544,28.748765],[-17.896554,28.748887],[-17.896461,28.748992],[-17.896214,28.749031],[-17.896012,28.749041],[-17.895283,28.748995],[-17.895082,28.748966],[-17.894841,28.748914],[-17.894641,28.748908],[-17.894147,28.748986],[-17.893984,28.749074],[-17.893683,28.749417],[-17.893563,28.749563],[-17.893298,28.749903],[-17.893189,28.750055],[-17.893076,28.750227],[-17.892925,28.750285],[-17.892741,28.750247],[-17.892543,28.750202],[-17.892177,28.75011],[-17.892023,28.75001],[-17.891782,28.749679],[-17.891726,28.749513],[-17.891725,28.749217],[-17.89174,28.749038],[-17.891788,28.748754],[-17.891848,28.748584],[-17.891868,28.748548],[-17.892829,28.748399],[-17.893029,28.748359],[-17.894021,28.748113],[-17.894183,28.748018],[-17.894354,28.74783],[-17.894515,28.747733],[-17.894969,28.747611],[-17.895151,28.747534],[-17.895297,28.747445],[-17.895416,28.747309],[-17.895443,28.747246],[-17.895522,28.74708],[-17.895536,28.747054],[-17.895517,28.746903],[-17.895361,28.746732],[-17.895284,28.746572],[-17.895275,28.746513],[-17.89522,28.746342],[-17.894997,28.745893],[-17.89494,28.745722],[-17.894909,28.745549],[-17.894983,28.745418],[-17.895578,28.745145],[-17.89576,28.745062],[-17.89608,28.744919],[-17.896271,28.744856],[-17.896312,28.744847],[-17.896489,28.744885],[-17.896664,28.745019],[-17.896799,28.745153],[-17.896895,28.74532],[-17.896989,28.745571]]]}},{"type":"Feature","properties":{"id":87,"tipo":"arqueologico","subtipo":"habitat_pastoril","nombre":"Roque de Los Muchachos","municipio":"","direccion":"","descripcion":"","url_imagen":"","area_m2":970686.54,"longitud":-17.901065217270332,"latitud":28.740299848043264},"geometry":{"type":"Polygon","coordinates":[[[-17.898183,28.743206],[-17.898218,28.74313],[-17.898339,28.742994],[-17.898435,28.742933],[-17.898508,28.74279],[-17.898501,28.742723],[-17.898506,28.742544],[-17.898516,28.74249],[-17.898613,28.742333],[-17.898753,28.742167],[-17.898865,28.742017],[-17.898918,28.741936],[-17.899045,28.741797],[-17.899091,28.74176],[-17.899198,28.741614],[-17.899244,28.741487],[-17.899254,28.741313],[-17.899241,28.74126],[-17.899141,28.741115],[-17.899103,28.741087],[-17.898948,28.740389],[-17.898876,28.740222],[-17.89867,28.739911],[-17.898544,28.739771],[-17.898252,28.739525],[-17.898113,28.739393],[-17.898059,28.739335],[-17.897898,28.739234],[-17.897875,28.739226],[-17.897679,28.739175],[-17.89748,28.739135],[-17.897279,28.739104],[-17.89714,28.739089],[-17.896939,28.739058],[-17.896738,28.739017],[-17.896552,28.738948],[-17.896042,28.738669],[-17.89586,28.738588],[-17.8955,28.738462],[-17.895317,28.738384],[-17.894873,28.738155],[-17.894709,28.738049],[-17.893912,28.737416],[-17.893791,28.737275],[-17.8936,28.736938],[-17.893482,28.736794],[-17.893299,28.736632],[-17.893146,28.736513],[-17.892758,28.736256],[-17.892629,28.736121],[-17.892575,28.736031],[-17.89254,28.735861],[-17.892594,28.735469],[-17.89263,28.735399],[-17.892774,28.735306],[-17.892928,28.735288],[-17.893095,28.735346],[-17.893232,28.735487],[-17.893378,28.735613],[-17.893643,28.735802],[-17.893816,28.735896],[-17.894341,28.736101],[-17.894521,28.736185],[-17.895143,28.73653],[-17.895328,28.736604],[-17.895647,28.736689],[-17.895846,28.736706],[-17.896096,28.736684],[-17.8963,28.736679],[-17.8968,28.736698],[-17.896998,28.736733],[-17.897069,28.736755],[-17.897239,28.736724],[-17.897738,28.7363],[-17.897912,28.736254],[-17.898091,28.736284],[-17.898291,28.736325],[-17.898749,28.736435],[-17.898948,28.736446],[-17.899267,28.736406],[-17.899438,28.736327],[-17.899771,28.73601],[-17.899938,28.735914],[-17.900243,28.73582],[-17.900435,28.735757],[-17.900566,28.735711],[-17.900698,28.735593],[-17.900965,28.734995],[-17.901037,28.734826],[-17.901183,28.734462],[-17.90121,28.734287],[-17.901153,28.733504],[-17.901146,28.733324],[-17.901146,28.732941],[-17.901103,28.73277],[-17.900866,28.732328],[-17.900792,28.73216],[-17.900582,28.731576],[-17.900633,28.731435],[-17.900781,28.731337],[-17.900901,28.731199],[-17.901218,28.730485],[-17.901273,28.730312],[-17.901411,28.729611],[-17.901497,28.729455],[-17.901952,28.729012],[-17.902049,28.729038],[-17.902247,28.729081],[-17.902463,28.729116],[-17.902573,28.729222],[-17.90258,28.729286],[-17.902648,28.72945],[-17.902903,28.729781],[-17.902976,28.729945],[-17.903023,28.730215],[-17.903053,28.730393],[-17.903065,28.730465],[-17.90318,28.73057],[-17.903302,28.73059],[-17.90341,28.730696],[-17.903441,28.73104],[-17.903403,28.731211],[-17.903378,28.731256],[-17.903306,28.731424],[-17.903201,28.73175],[-17.903145,28.731923],[-17.903014,28.732318],[-17.90301,28.732492],[-17.903037,28.732587],[-17.903142,28.73273],[-17.903396,28.732902],[-17.903537,28.733031],[-17.903642,28.733161],[-17.90373,28.733321],[-17.90382,28.733598],[-17.903883,28.733769],[-17.903956,28.733947],[-17.904007,28.734121],[-17.904055,28.734378],[-17.904125,28.734543],[-17.904227,28.73469],[-17.904307,28.734854],[-17.904396,28.73514],[-17.904479,28.735302],[-17.904707,28.735603],[-17.904812,28.735758],[-17.904988,28.736042],[-17.905095,28.736195],[-17.905157,28.736275],[-17.905278,28.736421],[-17.90554,28.73672],[-17.905674,28.736856],[-17.905812,28.736979],[-17.905829,28.73712],[-17.905743,28.73724],[-17.905617,28.73738],[-17.905231,28.737726],[-17.90507,28.737834],[-17.904817,28.737959],[-17.90463,28.73803],[-17.903838,28.738248],[-17.903638,28.73828],[-17.902695,28.738331],[-17.90259,28.738427],[-17.902584,28.738626],[-17.902618,28.738801],[-17.90283,28.73929],[-17.902946,28.739431],[-17.903181,28.739597],[-17.903287,28.739741],[-17.90332,28.739846],[-17.903269,28.739993],[-17.903146,28.740088],[-17.902988,28.74021],[-17.902882,28.740357],[-17.902821,28.740536],[-17.902775,28.740611],[-17.902678,28.74077],[-17.902387,28.74125],[-17.902251,28.741376],[-17.901331,28.741862],[-17.901157,28.741957],[-17.901036,28.742026],[-17.900917,28.74216],[-17.900668,28.742794],[-17.900694,28.742953],[-17.901266,28.743666],[-17.901407,28.743793],[-17.901883,28.744105],[-17.902034,28.744227],[-17.902337,28.744527],[-17.902477,28.744659],[-17.902785,28.744934],[-17.902933,28.745059],[-17.903095,28.745188],[-17.903195,28.745336],[-17.903277,28.745637],[-17.903356,28.745801],[-17.903808,28.746432],[-17.903804,28.746583],[-17.903556,28.746897],[-17.903465,28.747057],[-17.903226,28.747694],[-17.903256,28.747852],[-17.903575,28.748229],[-17.903721,28.748352],[-17.904158,28.748614],[-17.904342,28.748687],[-17.904606,28.748747],[-17.904771,28.748839],[-17.905503,28.749606],[-17.905583,28.749764],[-17.905678,28.750368],[-17.905678,28.750546],[-17.905634,28.750812],[-17.905479,28.751084],[-17.905359,28.751227],[-17.905053,28.751483],[-17.90488,28.75157],[-17.904655,28.751625],[-17.904454,28.75165],[-17.903771,28.751659],[-17.90357,28.751685],[-17.903145,28.751788],[-17.902948,28.751789],[-17.902775,28.751748],[-17.902608,28.751657],[-17.902598,28.751647],[-17.902298,28.751625],[-17.902169,28.75153],[-17.902086,28.751259],[-17.902158,28.751148],[-17.902283,28.751118],[-17.902374,28.751005],[-17.902324,28.750486],[-17.902283,28.750311],[-17.902156,28.749975],[-17.902074,28.749811],[-17.901964,28.749638],[-17.901868,28.749479],[-17.9018,28.74936],[-17.901671,28.749227],[-17.901413,28.74906],[-17.901239,28.748966],[-17.900702,28.748729],[-17.900537,28.748626],[-17.900159,28.748306],[-17.900079,28.748153],[-17.90006,28.747882],[-17.900055,28.747702],[-17.900056,28.747648],[-17.900079,28.747469],[-17.900148,28.747191],[-17.900187,28.747014],[-17.900218,28.746848],[-17.90024,28.746669],[-17.900259,28.746338],[-17.900239,28.746161],[-17.900211,28.746059],[-17.900138,28.745892],[-17.899987,28.745643],[-17.899885,28.745487],[-17.899863,28.745456],[-17.89977,28.745296],[-17.899731,28.745215],[-17.899631,28.745148],[-17.899477,28.74503],[-17.899371,28.744935],[-17.899216,28.744818],[-17.899156,28.74478],[-17.898985,28.744682],[-17.898968,28.744673],[-17.898569,28.744473],[-17.898434,28.744348],[-17.898267,28.74406],[-17.8981,28.743772],[-17.898059,28.743602],[-17.898067,28.743481],[-17.89811,28.743375],[-17.898183,28.743206]]]}},{"type":"Feature","properties":{"id":88,"tipo":"arqueologico","subtipo":"habitat_pastoril","nombre":"Roque Salvaje","municipio":"","direccion":"","descripcion":"","url_imagen":"","area_m2":197471.79,"longitud":-17.880322368376106,"latitud":28.72292778124672},"geometry":{"type":"Polygon","coordinates":[[[-17.877069,28.724358],[-17.876921,28.724235],[-17.876745,28.724049],[-17.876664,28.72389],[-17.876618,28.723633],[-17.876627,28.723456],[-17.876696,28.723206],[-17.876748,28.723032],[-17.876833,28.722761],[-17.876926,28.722605],[-17.877164,28.722353],[-17.877321,28.722243],[-17.877569,28.722133],[-17.877635,28.722132],[-17.877895,28.722189],[-17.878094,28.722231],[-17.878178,28.722249],[-17.878379,28.722265],[-17.878869,28.722247],[-17.878884,28.722183],[-17.87897,28.722026],[-17.879156,28.721831],[-17.879276,28.721686],[-17.879457,28.721434],[-17.8795,28.721503],[-17.880139,28.720981],[-17.880243,28.720831],[-17.880373,28.720744],[-17.881186,28.720736],[-17.881227,28.720779],[-17.881394,28.720855],[-17.881792,28.720879],[-17.881979,28.720935],[-17.88206,28.720982],[-17.882189,28.721114],[-17.882337,28.72139],[-17.882395,28.721561],[-17.88247,28.722047],[-17.882559,28.722197],[-17.882964,28.722521],[-17.883141,28.722566],[-17.883681,28.722481],[-17.883883,28.722479],[-17.88411,28.72251],[-17.88427,28.722598],[-17.884342,28.72269],[-17.884341,28.722837],[-17.884257,28.722943],[-17.884129,28.723083],[-17.883863,28.723334],[-17.883856,28.723376],[-17.883821,28.723554],[-17.883758,28.723858],[-17.883734,28.724037],[-17.883731,28.724084],[-17.883634,28.724217],[-17.883408,28.724322],[-17.883223,28.724398],[-17.882988,28.72448],[-17.882826,28.724581],[-17.882627,28.724782],[-17.882494,28.724646],[-17.882384,28.724547],[-17.882268,28.724402],[-17.882019,28.723947],[-17.881907,28.723798],[-17.881686,28.723577],[-17.881519,28.723487],[-17.881222,28.723419],[-17.88104,28.72345],[-17.880778,28.723615],[-17.880641,28.723744],[-17.880407,28.724077],[-17.880253,28.724168],[-17.878398,28.724447],[-17.8782,28.724498],[-17.878129,28.72462],[-17.878211,28.724921],[-17.878148,28.725055],[-17.877928,28.725172],[-17.877903,28.725186],[-17.87757,28.724722],[-17.877433,28.724592],[-17.877069,28.724358]]]}},{"type":"Feature","properties":{"id":89,"tipo":"arqueologico","subtipo":"habitat_pastoril","nombre":"Picos de La Veleta de La Arena","municipio":"","direccion":"","descripcion":"","url_imagen":"","area_m2":228730.5,"longitud":-17.833547754298642,"latitud":28.729937384186474},"geometry":{"type":"Polygon","coordinates":[[[-17.834254,28.728125],[-17.834145,28.727976],[-17.83395,28.727791],[-17.8338,28.727669],[-17.833528,28.727479],[-17.833365,28.727371],[-17.833049,28.72717],[-17.833042,28.727057],[-17.833156,28.726968],[-17.83329,28.726834],[-17.833423,28.72666],[-17.833558,28.726527],[-17.833591,28.726502],[-17.833678,28.726296],[-17.833691,28.726123],[-17.833656,28.725994],[-17.833725,28.725945],[-17.834028,28.726073],[-17.83422,28.726093],[-17.834693,28.726003],[-17.834889,28.726015],[-17.835278,28.726142],[-17.835452,28.726232],[-17.835616,28.726359],[-17.83567,28.726506],[-17.835589,28.726805],[-17.835522,28.726974],[-17.835461,28.727088],[-17.835397,28.727258],[-17.835325,28.727573],[-17.835324,28.72775],[-17.835333,28.72779],[-17.835359,28.727969],[-17.835399,28.728567],[-17.835434,28.728766],[-17.835467,28.728944],[-17.835489,28.72906],[-17.835542,28.729234],[-17.835624,28.729434],[-17.835817,28.729562],[-17.835996,28.729644],[-17.836076,28.729667],[-17.836198,28.729783],[-17.836203,28.7298],[-17.836267,28.72997],[-17.836346,28.730137],[-17.83645,28.730291],[-17.836677,28.730541],[-17.836758,28.7307],[-17.836795,28.73089],[-17.83676,28.731056],[-17.836589,28.731311],[-17.836477,28.731461],[-17.836337,28.731634],[-17.83621,28.731775],[-17.836125,28.731862],[-17.836006,28.732008],[-17.835889,28.732181],[-17.835796,28.73222],[-17.835497,28.732363],[-17.835322,28.732357],[-17.834456,28.731864],[-17.834274,28.731784],[-17.834098,28.731727],[-17.8339,28.731696],[-17.833259,28.731698],[-17.833054,28.731695],[-17.832343,28.731674],[-17.83214,28.731686],[-17.831313,28.73181],[-17.83111,28.731819],[-17.830717,28.731793],[-17.830513,28.731785],[-17.83001,28.73178],[-17.829805,28.731771],[-17.82944,28.731743],[-17.829247,28.731694],[-17.8289,28.731536],[-17.828794,28.731406],[-17.828741,28.731113],[-17.828809,28.730972],[-17.829573,28.730496],[-17.829739,28.730391],[-17.830174,28.730112],[-17.830358,28.730049],[-17.830832,28.730001],[-17.83103,28.72996],[-17.831485,28.729809],[-17.831683,28.729787],[-17.832631,28.729878],[-17.832814,28.729834],[-17.833192,28.729585],[-17.833349,28.729469],[-17.833564,28.72929],[-17.833733,28.729193],[-17.833934,28.729116],[-17.834073,28.728999],[-17.834393,28.728416],[-17.834254,28.728125]]]}},{"type":"Feature","properties":{"id":90,"tipo":"arqueologico","subtipo":"habitat_pastoril","nombre":"Lomo de Pablo","municipio":"","direccion":"","descripcion":"","url_imagen":"","area_m2":145852.67,"longitud":-17.83257947018404,"latitud":28.73853078478727},"geometry":{"type":"Polygon","coordinates":[[[-17.828722,28.738451],[-17.828881,28.738343],[-17.82898,28.738246],[-17.829021,28.738216],[-17.829186,28.73811],[-17.829292,28.738049],[-17.829462,28.737949],[-17.829601,28.737865],[-17.829786,28.737795],[-17.83007,28.737743],[-17.830263,28.737763],[-17.830561,28.737885],[-17.830755,28.737931],[-17.831069,28.737956],[-17.831273,28.737969],[-17.831625,28.737988],[-17.831829,28.737985],[-17.831883,28.737981],[-17.832086,28.737961],[-17.832591,28.7379],[-17.832795,28.737888],[-17.833265,28.737892],[-17.833432,28.737823],[-17.83347,28.737781],[-17.833584,28.737624],[-17.833666,28.737459],[-17.833767,28.737225],[-17.833867,28.737071],[-17.834238,28.736665],[-17.834308,28.736645],[-17.834504,28.736595],[-17.834664,28.736557],[-17.834837,28.736596],[-17.834946,28.736686],[-17.835081,28.736821],[-17.835283,28.737067],[-17.835422,28.737198],[-17.835541,28.737286],[-17.835687,28.737411],[-17.835838,28.737559],[-17.835867,28.737709],[-17.835617,28.73824],[-17.835629,28.738267],[-17.835637,28.738437],[-17.835585,28.738585],[-17.835477,28.738729],[-17.835285,28.738872],[-17.835286,28.738836],[-17.835148,28.739082],[-17.835162,28.739167],[-17.835192,28.739345],[-17.835218,28.739493],[-17.8352,28.739544],[-17.835167,28.73972],[-17.835166,28.739861],[-17.83516,28.739889],[-17.835043,28.739947],[-17.834423,28.739747],[-17.834255,28.739651],[-17.834164,28.73957],[-17.83399,28.739515],[-17.833466,28.739558],[-17.833262,28.739572],[-17.832882,28.739593],[-17.832678,28.739613],[-17.832323,28.739662],[-17.832121,28.739661],[-17.831789,28.73961],[-17.831587,28.739608],[-17.831213,28.739656],[-17.831014,28.739642],[-17.83064,28.739539],[-17.830441,28.739524],[-17.829993,28.739575],[-17.829794,28.739558],[-17.829613,28.739504],[-17.829416,28.739459],[-17.829067,28.739401],[-17.828862,28.739402],[-17.82881,28.7394],[-17.828653,28.739321],[-17.828601,28.73925],[-17.828604,28.73917],[-17.828597,28.739113],[-17.828597,28.738934],[-17.828604,28.738879],[-17.82857,28.738628],[-17.828588,28.738582],[-17.828722,28.738451]]]}},{"type":"Feature","properties":{"id":91,"tipo":"arqueologico","subtipo":"habitat_pastoril","nombre":"Roque de Los Muchachos","municipio":"","direccion":"","descripcion":"","url_imagen":"","area_m2":58112.65,"longitud":-17.897983720442447,"latitud":28.733875075303967},"geometry":{"type":"Polygon","coordinates":[[[-17.896373,28.734011],[-17.896308,28.73378],[-17.896317,28.7337],[-17.896295,28.733524],[-17.896226,28.733339],[-17.896074,28.732933],[-17.896082,28.732896],[-17.896163,28.732728],[-17.896322,28.732637],[-17.896514,28.732668],[-17.896669,28.732704],[-17.896821,28.732705],[-17.897,28.732717],[-17.897094,28.732761],[-17.897203,28.732887],[-17.897311,28.733092],[-17.897455,28.733246],[-17.897672,28.733333],[-17.897932,28.733642],[-17.898393,28.733811],[-17.898561,28.733703],[-17.898645,28.733684],[-17.898725,28.733605],[-17.898882,28.733436],[-17.89898,28.733281],[-17.899133,28.732877],[-17.899165,28.732702],[-17.899163,28.732568],[-17.899264,28.732469],[-17.89942,28.732456],[-17.899532,28.732537],[-17.899579,28.732948],[-17.899638,28.733117],[-17.899709,28.73323],[-17.899733,28.733397],[-17.899685,28.733566],[-17.89967,28.733743],[-17.899698,28.733991],[-17.899624,28.734132],[-17.899466,28.734227],[-17.89931,28.734343],[-17.899175,28.734464],[-17.899105,28.734619],[-17.899109,28.734745],[-17.89908,28.734922],[-17.898988,28.735177],[-17.898857,28.735241],[-17.898547,28.735173],[-17.898348,28.735132],[-17.898204,28.735105],[-17.898011,28.735048],[-17.897894,28.735001],[-17.897731,28.734897],[-17.897521,28.734701],[-17.897361,28.734593],[-17.897166,28.7345],[-17.896978,28.734432],[-17.896898,28.734412],[-17.89648,28.73415],[-17.896373,28.734011]]]}},{"type":"Feature","properties":{"id":92,"tipo":"arqueologico","subtipo":"habitat_pastoril","nombre":"Corralejo","municipio":"","direccion":"","descripcion":"","url_imagen":"","area_m2":53472.12,"longitud":-17.839588195979502,"latitud":28.698959506060447},"geometry":{"type":"Polygon","coordinates":[[[-17.841268,28.701125],[-17.841132,28.701052],[-17.840752,28.700809],[-17.840577,28.700717],[-17.839857,28.700409],[-17.839723,28.700288],[-17.839242,28.699361],[-17.839132,28.699211],[-17.838192,28.698267],[-17.838145,28.698111],[-17.838241,28.697699],[-17.838224,28.697527],[-17.837946,28.696914],[-17.838003,28.696865],[-17.838819,28.697158],[-17.838979,28.697262],[-17.83969,28.698027],[-17.8398,28.698178],[-17.840032,28.698595],[-17.840142,28.698745],[-17.840644,28.69929],[-17.840716,28.69945],[-17.840777,28.700191],[-17.840874,28.700325],[-17.84138,28.700606],[-17.841442,28.70101],[-17.841268,28.701125]]]}},{"type":"Feature","properties":{"id":93,"tipo":"arqueologico","subtipo":"habitat_pastoril","nombre":"Corralejo","municipio":"","direccion":"","descripcion":"","url_imagen":"","area_m2":33002.86,"longitud":-17.843475493135077,"latitud":28.70400109848614},"geometry":{"type":"Polygon","coordinates":[[[-17.844136,28.705455],[-17.843714,28.70526],[-17.843596,28.705131],[-17.843427,28.704589],[-17.843336,28.704432],[-17.842648,28.703667],[-17.842516,28.703529],[-17.842101,28.703113],[-17.84211,28.702986],[-17.842581,28.702619],[-17.842751,28.702598],[-17.843185,28.702778],[-17.843328,28.702895],[-17.843894,28.703782],[-17.844006,28.703933],[-17.844489,28.704496],[-17.844567,28.704657],[-17.844682,28.705264],[-17.844599,28.705371],[-17.844136,28.705455]]]}},{"type":"Feature","properties":{"id":94,"tipo":"arqueologico","subtipo":"habitat_pastoril","nombre":"Picos del Risco de Los Cuervos","municipio":"","direccion":"","descripcion":"","url_imagen":"","area_m2":9857.08,"longitud":-17.874619460126315,"latitud":28.69211867144872},"geometry":{"type":"Polygon","coordinates":[[[-17.874535,28.69264],[-17.874074,28.69203],[-17.874047,28.691869],[-17.874201,28.691427],[-17.874305,28.691403],[-17.874724,28.691754],[-17.874869,28.691881],[-17.875294,28.692268],[-17.875291,28.692395],[-17.874989,28.692647],[-17.874812,28.692711],[-17.874694,28.692713],[-17.874535,28.69264]]]}},{"type":"Feature","properties":{"id":95,"tipo":"arqueologico","subtipo":"habitat_pastoril","nombre":"Picos del Risco de Los Cuervos","municipio":"","direccion":"","descripcion":"","url_imagen":"","area_m2":472528.19,"longitud":-17.873065459622826,"latitud":28.68208407878439},"geometry":{"type":"Polygon","coordinates":[[[-17.872366,28.689648],[-17.871558,28.68896],[-17.871437,28.688818],[-17.871261,28.688521],[-17.871215,28.688351],[-17.871227,28.687745],[-17.871269,28.687572],[-17.871585,28.686939],[-17.871618,28.686766],[-17.871512,28.685643],[-17.8715,28.685463],[-17.871438,28.684162],[-17.871213,28.6838],[-17.871162,28.683631],[-17.871132,28.682551],[-17.871199,28.682395],[-17.872049,28.681572],[-17.872113,28.681415],[-17.8721,28.681218],[-17.871952,28.680875],[-17.871898,28.680702],[-17.871844,28.680417],[-17.871827,28.680238],[-17.871826,28.680175],[-17.871835,28.679995],[-17.871843,28.679916],[-17.871836,28.679737],[-17.871718,28.679058],[-17.87169,28.67888],[-17.871667,28.678695],[-17.871661,28.678515],[-17.871687,28.678111],[-17.871723,28.677935],[-17.871943,28.677309],[-17.87209,28.676892],[-17.872125,28.676716],[-17.872146,28.67625],[-17.872175,28.676073],[-17.872334,28.675521],[-17.872389,28.675347],[-17.872572,28.674802],[-17.872635,28.67463],[-17.872912,28.673922],[-17.872943,28.673747],[-17.872932,28.673416],[-17.872934,28.673235],[-17.872945,28.673058],[-17.873026,28.672907],[-17.873143,28.672812],[-17.873313,28.672717],[-17.873614,28.672606],[-17.873801,28.672609],[-17.873993,28.672688],[-17.87415,28.672796],[-17.874474,28.673151],[-17.874563,28.673308],[-17.874603,28.673449],[-17.874614,28.673626],[-17.874547,28.67404],[-17.874534,28.674219],[-17.874541,28.674783],[-17.874542,28.674963],[-17.874542,28.675259],[-17.874532,28.675439],[-17.874473,28.676018],[-17.874431,28.676193],[-17.874248,28.67668],[-17.874175,28.676849],[-17.874117,28.676966],[-17.874057,28.677137],[-17.873953,28.677623],[-17.87393,28.677802],[-17.873919,28.678067],[-17.873944,28.678244],[-17.87408,28.678659],[-17.874139,28.678832],[-17.874243,28.679128],[-17.874297,28.679302],[-17.874478,28.679999],[-17.874489,28.680027],[-17.874508,28.680115],[-17.874526,28.680202],[-17.87456,28.681444],[-17.874556,28.681624],[-17.874468,28.682788],[-17.874429,28.682964],[-17.874046,28.683994],[-17.874095,28.68432],[-17.874114,28.684499],[-17.874118,28.684568],[-17.87417,28.684737],[-17.874221,28.684821],[-17.874247,28.684989],[-17.874233,28.685049],[-17.874214,28.685227],[-17.874216,28.685314],[-17.874238,28.685493],[-17.874263,28.685607],[-17.874278,28.685786],[-17.874272,28.685884],[-17.874264,28.686065],[-17.874263,28.686126],[-17.874265,28.686306],[-17.874273,28.68647],[-17.874322,28.686641],[-17.874341,28.686676],[-17.874389,28.686847],[-17.874402,28.687284],[-17.874439,28.687459],[-17.874449,28.687484],[-17.87455,28.687637],[-17.874589,28.687677],[-17.874719,28.687816],[-17.874798,28.687905],[-17.874864,28.688067],[-17.874874,28.688369],[-17.874834,28.688541],[-17.874653,28.688876],[-17.874641,28.688945],[-17.874624,28.688986],[-17.874516,28.689133],[-17.874376,28.689249],[-17.874237,28.689381],[-17.873938,28.689702],[-17.873814,28.690044],[-17.873681,28.690124],[-17.873455,28.690108],[-17.873423,28.690106],[-17.873418,28.690103],[-17.873133,28.690065],[-17.872945,28.690004],[-17.872749,28.689895],[-17.872487,28.689752],[-17.872455,28.689734],[-17.872366,28.689648]]]}},{"type":"Feature","properties":{"id":96,"tipo":"arqueologico","subtipo":"habitat_pastoril","nombre":"Picos del Risco de Los Cuervos","municipio":"","direccion":"","descripcion":"","url_imagen":"","area_m2":126504.31,"longitud":-17.880030891344628,"latitud":28.66861306481439},"geometry":{"type":"Polygon","coordinates":[[[-17.879169,28.671442],[-17.879001,28.671446],[-17.878798,28.671429],[-17.878618,28.671396],[-17.87843,28.671332],[-17.878341,28.671286],[-17.878205,28.67116],[-17.878166,28.671095],[-17.878074,28.670934],[-17.878002,28.670803],[-17.87799,28.670636],[-17.87806,28.670453],[-17.878045,28.670288],[-17.877966,28.670156],[-17.877934,28.669987],[-17.877964,28.669823],[-17.877973,28.669644],[-17.877961,28.669485],[-17.878018,28.669324],[-17.878103,28.669229],[-17.878252,28.669109],[-17.8787,28.668853],[-17.87887,28.668761],[-17.879031,28.668652],[-17.879238,28.668476],[-17.879415,28.66801],[-17.879461,28.667835],[-17.879579,28.667056],[-17.879646,28.66689],[-17.879892,28.666542],[-17.880023,28.666406],[-17.880237,28.666238],[-17.88037,28.666103],[-17.88055,28.665864],[-17.880704,28.665762],[-17.880904,28.665707],[-17.881098,28.665711],[-17.881218,28.665748],[-17.881323,28.665868],[-17.881351,28.666199],[-17.881355,28.666379],[-17.881336,28.666788],[-17.881382,28.666957],[-17.881476,28.667103],[-17.881619,28.667145],[-17.882087,28.66696],[-17.882237,28.666999],[-17.882387,28.667196],[-17.882434,28.66736],[-17.882399,28.667668],[-17.88235,28.667842],[-17.88223,28.668103],[-17.882102,28.66823],[-17.881698,28.668424],[-17.881544,28.668537],[-17.881326,28.66878],[-17.880812,28.669044],[-17.880653,28.669154],[-17.880293,28.669486],[-17.880204,28.66964],[-17.880139,28.66994],[-17.880095,28.670116],[-17.880016,28.670397],[-17.879939,28.670562],[-17.879777,28.670805],[-17.879658,28.67095],[-17.879169,28.671442]]]}},{"type":"Feature","properties":{"id":97,"tipo":"arqueologico","subtipo":"habitat_pastoril","nombre":"Picos del Risco de Los Cuervos","municipio":"","direccion":"","descripcion":"","url_imagen":"","area_m2":48606.27,"longitud":-17.883987103443268,"latitud":28.663462948667775},"geometry":{"type":"Polygon","coordinates":[[[-17.883776,28.662559],[-17.883962,28.662552],[-17.884713,28.662818],[-17.884908,28.662873],[-17.885623,28.663029],[-17.885765,28.663132],[-17.885991,28.663563],[-17.885942,28.663683],[-17.885073,28.664038],[-17.884878,28.664085],[-17.883743,28.664191],[-17.883539,28.664196],[-17.882503,28.664144],[-17.882301,28.664117],[-17.882299,28.664117],[-17.882215,28.664007],[-17.882361,28.663131],[-17.882476,28.663024],[-17.88278,28.662969],[-17.882972,28.662911],[-17.883776,28.662559]]]}},{"type":"Feature","properties":{"id":98,"tipo":"arqueologico","subtipo":"habitat_pastoril","nombre":"Picos del Risco de Los Cuervos","municipio":"","direccion":"","descripcion":"","url_imagen":"","area_m2":70246.53,"longitud":-17.86593976161443,"latitud":28.671253546763555},"geometry":{"type":"Polygon","coordinates":[[[-17.86498,28.670915],[-17.865005,28.670862],[-17.865045,28.670779],[-17.865137,28.670631],[-17.865197,28.670462],[-17.865205,28.670401],[-17.865232,28.670222],[-17.865334,28.669661],[-17.865346,28.669482],[-17.86534,28.669329],[-17.865438,28.669254],[-17.865533,28.669268],[-17.86572,28.669331],[-17.865908,28.669439],[-17.866054,28.669415],[-17.866175,28.669269],[-17.866327,28.669152],[-17.866403,28.669204],[-17.866552,28.669421],[-17.866695,28.669541],[-17.866743,28.669564],[-17.866792,28.670775],[-17.86683,28.67095],[-17.866856,28.671014],[-17.866903,28.671188],[-17.867011,28.672005],[-17.866988,28.672179],[-17.866724,28.672834],[-17.866589,28.672932],[-17.866102,28.672992],[-17.865899,28.673015],[-17.865606,28.673045],[-17.865436,28.672988],[-17.864894,28.672456],[-17.864828,28.672299],[-17.864848,28.671449],[-17.864875,28.671271],[-17.864971,28.670946],[-17.86498,28.670915]]]}},{"type":"Feature","properties":{"id":99,"tipo":"arqueologico","subtipo":"habitat_pastoril","nombre":"Picos del Risco de Los Cuervos","municipio":"","direccion":"","descripcion":"","url_imagen":"","area_m2":93073.93,"longitud":-17.867267699698985,"latitud":28.666289065334762},"geometry":{"type":"Polygon","coordinates":[[[-17.86711,28.668658],[-17.867102,28.66857],[-17.86709,28.668531],[-17.866985,28.668387],[-17.866629,28.668132],[-17.866519,28.66799],[-17.86639,28.667631],[-17.866352,28.667455],[-17.866332,28.667172],[-17.866284,28.666999],[-17.866138,28.666709],[-17.866098,28.666537],[-17.866114,28.665889],[-17.866114,28.665709],[-17.866097,28.665057],[-17.866062,28.664882],[-17.866097,28.664386],[-17.866086,28.664206],[-17.866053,28.663932],[-17.866117,28.663781],[-17.866185,28.663726],[-17.866337,28.663724],[-17.866788,28.664071],[-17.866934,28.664197],[-17.867733,28.664983],[-17.867876,28.665111],[-17.868235,28.665405],[-17.868351,28.665549],[-17.868705,28.666285],[-17.868744,28.666458],[-17.86874,28.666881],[-17.868715,28.667059],[-17.868671,28.667216],[-17.86863,28.667392],[-17.868525,28.667982],[-17.868408,28.668087],[-17.867838,28.668172],[-17.867647,28.668144],[-17.867422,28.668034],[-17.867306,28.668078],[-17.86711,28.668658]]]}},{"type":"Feature","properties":{"id":100,"tipo":"arqueologico","subtipo":"habitat_pastoril","nombre":"Picos del Risco de Los Cuervos","municipio":"","direccion":"","descripcion":"","url_imagen":"","area_m2":432420.35,"longitud":-17.860781285602613,"latitud":28.690153709658922},"geometry":{"type":"Polygon","coordinates":[[[-17.857056,28.686803],[-17.857048,28.686527],[-17.85702,28.686406],[-17.857185,28.686272],[-17.857361,28.686194],[-17.857436,28.686182],[-17.857608,28.686229],[-17.858126,28.686696],[-17.858277,28.686818],[-17.858825,28.687217],[-17.85919,28.687737],[-17.859313,28.68788],[-17.85964,28.688195],[-17.85973,28.68835],[-17.859837,28.688806],[-17.859896,28.688978],[-17.860031,28.689274],[-17.860164,28.689392],[-17.860368,28.689468],[-17.860495,28.689588],[-17.860554,28.689743],[-17.860681,28.689862],[-17.861024,28.689978],[-17.861165,28.68993],[-17.861283,28.689727],[-17.861308,28.689559],[-17.861217,28.689178],[-17.861232,28.689005],[-17.861366,28.688687],[-17.861415,28.688513],[-17.861485,28.688021],[-17.861526,28.687845],[-17.861581,28.687676],[-17.86167,28.687517],[-17.861766,28.687407],[-17.861909,28.68739],[-17.862033,28.687474],[-17.862178,28.6876],[-17.862274,28.687706],[-17.862363,28.68769],[-17.86241,28.687529],[-17.862474,28.687358],[-17.86265,28.686977],[-17.86279,28.686885],[-17.862998,28.686866],[-17.863198,28.686833],[-17.863438,28.686776],[-17.863604,28.686821],[-17.864028,28.687252],[-17.864162,28.687389],[-17.864503,28.68774],[-17.86461,28.687891],[-17.864868,28.68841],[-17.864961,28.68857],[-17.865175,28.688893],[-17.865258,28.689057],[-17.865431,28.689529],[-17.865536,28.689815],[-17.865621,28.689978],[-17.865793,28.690225],[-17.865906,28.690375],[-17.866095,28.690608],[-17.866152,28.690772],[-17.866146,28.690998],[-17.86605,28.691052],[-17.8659,28.690995],[-17.86572,28.691008],[-17.865536,28.691111],[-17.865376,28.691221],[-17.865067,28.691478],[-17.864896,28.691509],[-17.864701,28.691448],[-17.864516,28.691373],[-17.864077,28.691157],[-17.863886,28.691122],[-17.863564,28.69115],[-17.863362,28.691177],[-17.863096,28.691225],[-17.862936,28.691317],[-17.862887,28.691377],[-17.862727,28.691468],[-17.861966,28.691598],[-17.861803,28.691686],[-17.861705,28.691797],[-17.861629,28.691958],[-17.861608,28.692112],[-17.8616,28.692292],[-17.861627,28.692741],[-17.86156,28.692894],[-17.861139,28.693258],[-17.861002,28.69325],[-17.860759,28.692977],[-17.860644,28.692984],[-17.860626,28.693012],[-17.860517,28.693164],[-17.860192,28.693587],[-17.86005,28.693712],[-17.85978,28.693873],[-17.859603,28.693963],[-17.858836,28.69429],[-17.858822,28.694332],[-17.858758,28.694503],[-17.858736,28.694557],[-17.858653,28.694721],[-17.858598,28.694811],[-17.858557,28.694849],[-17.858437,28.694922],[-17.858368,28.6949],[-17.858357,28.69488],[-17.858304,28.694709],[-17.858299,28.694656],[-17.858304,28.694477],[-17.858324,28.694352],[-17.85833,28.69403],[-17.858273,28.693866],[-17.858155,28.693717],[-17.858058,28.69356],[-17.858044,28.693529],[-17.857861,28.693387],[-17.857812,28.693324],[-17.857807,28.693109],[-17.857796,28.692672],[-17.857778,28.692492],[-17.857705,28.692065],[-17.857687,28.691885],[-17.857683,28.691742],[-17.857618,28.691581],[-17.857452,28.69139],[-17.857295,28.691285],[-17.857222,28.691259],[-17.857103,28.691138],[-17.857068,28.691016],[-17.857029,28.690839],[-17.856995,28.690642],[-17.856981,28.690463],[-17.856991,28.68961],[-17.857021,28.689434],[-17.857073,28.689273],[-17.857123,28.689098],[-17.857256,28.688534],[-17.857245,28.68836],[-17.857095,28.687957],[-17.857051,28.687782],[-17.856978,28.68726],[-17.856999,28.687085],[-17.857075,28.68689],[-17.857056,28.686803]]]}},{"type":"Feature","properties":{"id":101,"tipo":"arqueologico","subtipo":"habitat_pastoril","nombre":"Picos del Risco de Los Cuervos","municipio":"","direccion":"","descripcion":"","url_imagen":"","area_m2":281827.79,"longitud":-17.85372703367839,"latitud":28.684032524362106},"geometry":{"type":"Polygon","coordinates":[[[-17.857595,28.683307],[-17.85759,28.683947],[-17.857554,28.684122],[-17.85732,28.684671],[-17.857289,28.684846],[-17.857311,28.685245],[-17.857221,28.685303],[-17.856627,28.685104],[-17.85644,28.685033],[-17.855984,28.68484],[-17.855806,28.684849],[-17.855183,28.6852],[-17.855032,28.685318],[-17.854691,28.68569],[-17.854557,28.685826],[-17.853973,28.686389],[-17.853818,28.686505],[-17.852994,28.686974],[-17.85281,28.687048],[-17.852087,28.687237],[-17.851929,28.687189],[-17.8518,28.687031],[-17.851692,28.686878],[-17.851047,28.685823],[-17.850956,28.685661],[-17.850503,28.684785],[-17.850422,28.68462],[-17.850049,28.683809],[-17.850044,28.683641],[-17.850224,28.683185],[-17.85036,28.683106],[-17.851032,28.683149],[-17.85123,28.683123],[-17.851469,28.683043],[-17.851666,28.683022],[-17.852398,28.683107],[-17.852602,28.683117],[-17.852753,28.683113],[-17.852847,28.683021],[-17.85282,28.682714],[-17.852866,28.682548],[-17.853086,28.682243],[-17.853243,28.682158],[-17.853322,28.682152],[-17.85364,28.681763],[-17.853686,28.6816],[-17.853601,28.681013],[-17.8536,28.680834],[-17.853651,28.68045],[-17.853745,28.680307],[-17.853869,28.680225],[-17.854048,28.6802],[-17.854305,28.680278],[-17.854477,28.680369],[-17.854824,28.680653],[-17.854979,28.68077],[-17.855021,28.6808],[-17.85515,28.680935],[-17.855293,28.681163],[-17.855369,28.681329],[-17.855498,28.68175],[-17.855545,28.681925],[-17.85563,28.682282],[-17.855676,28.682458],[-17.855771,28.682804],[-17.855855,28.682965],[-17.855938,28.683067],[-17.856094,28.683111],[-17.856499,28.682993],[-17.856695,28.682986],[-17.856887,28.683026],[-17.857079,28.683085],[-17.857595,28.683307]]]}},{"type":"Feature","properties":{"id":102,"tipo":"arqueologico","subtipo":"habitat_pastoril","nombre":"Picos del Risco de Los Cuervos","municipio":"","direccion":"","descripcion":"","url_imagen":"","area_m2":77419.12,"longitud":-17.86859765082702,"latitud":28.685233889676198},"geometry":{"type":"Polygon","coordinates":[[[-17.868226,28.683655],[-17.868403,28.683737],[-17.868653,28.683923],[-17.869242,28.684362],[-17.869501,28.684128],[-17.869602,28.683977],[-17.869636,28.683877],[-17.869716,28.683927],[-17.869999,28.684223],[-17.870056,28.684268],[-17.870131,28.684418],[-17.870127,28.684929],[-17.870105,28.685107],[-17.870021,28.685451],[-17.869826,28.685692],[-17.86967,28.685797],[-17.869614,28.685815],[-17.869485,28.685933],[-17.869453,28.686016],[-17.869404,28.68619],[-17.86931,28.686708],[-17.869237,28.68691],[-17.869237,28.687242],[-17.869121,28.687326],[-17.868978,28.687269],[-17.868831,28.687123],[-17.86868,28.687003],[-17.868371,28.686807],[-17.868194,28.68672],[-17.868012,28.686654],[-17.867822,28.686651],[-17.867661,28.686532],[-17.867552,28.686313],[-17.867558,28.686144],[-17.867517,28.685973],[-17.867469,28.685791],[-17.867452,28.68547],[-17.867373,28.685203],[-17.86739,28.684945],[-17.867346,28.684697],[-17.867202,28.684383],[-17.867278,28.684086],[-17.867293,28.683908],[-17.867274,28.683675],[-17.867731,28.683551],[-17.867764,28.683545],[-17.868226,28.683655]]]}},{"type":"Feature","properties":{"id":103,"tipo":"arqueologico","subtipo":"habitat_pastoril","nombre":"Picos del Risco de Los Cuervos","municipio":"","direccion":"","descripcion":"","url_imagen":"","area_m2":109821.75,"longitud":-17.88661138747644,"latitud":28.687004433360208},"geometry":{"type":"Polygon","coordinates":[[[-17.887405,28.688528],[-17.887332,28.688362],[-17.887236,28.68821],[-17.887218,28.688145],[-17.887173,28.68797],[-17.887164,28.687933],[-17.887042,28.687849],[-17.886993,28.687852],[-17.886788,28.687861],[-17.886683,28.687866],[-17.88649,28.687829],[-17.886451,28.687812],[-17.886263,28.68774],[-17.885925,28.68763],[-17.885728,28.687584],[-17.885327,28.687526],[-17.885159,28.68758],[-17.88496,28.687781],[-17.884841,28.687926],[-17.884772,28.688028],[-17.884724,28.688056],[-17.884538,28.688117],[-17.88445,28.688126],[-17.884251,28.688163],[-17.884002,28.688231],[-17.88381,28.688223],[-17.883729,28.688192],[-17.883641,28.688067],[-17.883656,28.687844],[-17.883711,28.687675],[-17.883805,28.687523],[-17.883914,28.687371],[-17.883928,28.687353],[-17.883995,28.68719],[-17.884007,28.687027],[-17.884051,28.686853],[-17.884154,28.68662],[-17.884255,28.686465],[-17.884363,28.686346],[-17.884455,28.686189],[-17.884488,28.686089],[-17.884584,28.685935],[-17.88484,28.685681],[-17.88501,28.685605],[-17.885228,28.685587],[-17.885413,28.68563],[-17.885594,28.685742],[-17.885705,28.685881],[-17.885716,28.685913],[-17.88579,28.68608],[-17.885829,28.686147],[-17.885956,28.686284],[-17.886107,28.686392],[-17.886285,28.686423],[-17.886744,28.686307],[-17.886936,28.686247],[-17.887294,28.686111],[-17.887482,28.68604],[-17.887719,28.685952],[-17.887912,28.685895],[-17.888006,28.685873],[-17.888207,28.685851],[-17.888318,28.685852],[-17.888519,28.685876],[-17.888614,28.685899],[-17.888811,28.685947],[-17.888897,28.685969],[-17.889093,28.686019],[-17.889216,28.68605],[-17.889253,28.686109],[-17.889325,28.686276],[-17.889356,28.686388],[-17.889382,28.686565],[-17.889385,28.686709],[-17.889333,28.686876],[-17.88924,28.687008],[-17.889139,28.687165],[-17.888984,28.68743],[-17.888897,28.687593],[-17.888815,28.687768],[-17.888681,28.687885],[-17.888488,28.687954],[-17.888315,28.688046],[-17.888054,28.688242],[-17.888042,28.688246],[-17.887856,28.688443],[-17.887696,28.688548],[-17.887668,28.688559],[-17.887474,28.688579],[-17.887405,28.688528]]]}},{"type":"Feature","properties":{"id":104,"tipo":"arqueologico","subtipo":"poblado_cabanas","nombre":"poblado cabanas #1","municipio":"","direccion":"","descripcion":"","url_imagen":"","area_m2":62995.56,"longitud":-17.78874889028028,"latitud":28.84091699840449},"geometry":{"type":"Polygon","coordinates":[[[-17.788341,28.842904],[-17.787903,28.842658],[-17.787754,28.842538],[-17.787686,28.842461],[-17.787641,28.842301],[-17.787758,28.841728],[-17.787803,28.841552],[-17.787848,28.841407],[-17.787877,28.84123],[-17.787888,28.840711],[-17.787924,28.840536],[-17.788097,28.840096],[-17.788154,28.839923],[-17.788283,28.839446],[-17.788391,28.839307],[-17.788526,28.839224],[-17.788713,28.839169],[-17.788947,28.83916],[-17.789143,28.839119],[-17.78961,28.838937],[-17.789803,28.838922],[-17.790019,28.838969],[-17.790062,28.839066],[-17.789889,28.839299],[-17.789816,28.839463],[-17.789738,28.839883],[-17.789625,28.840493],[-17.789569,28.840665],[-17.789365,28.841088],[-17.789329,28.841261],[-17.78937,28.842245],[-17.789301,28.842398],[-17.789088,28.842583],[-17.788876,28.842768],[-17.788707,28.842862],[-17.788524,28.842921],[-17.788341,28.842904]]]}},{"type":"Feature","properties":{"id":105,"tipo":"arqueologico","subtipo":"poblado_cabanas","nombre":"poblado cabanas #2","municipio":"","direccion":"","descripcion":"","url_imagen":"","area_m2":35952.58,"longitud":-17.89271702594173,"latitud":28.684324926079967},"geometry":{"type":"Polygon","coordinates":[[[-17.890797,28.684967],[-17.891013,28.684857],[-17.891188,28.684763],[-17.891267,28.684719],[-17.89148,28.684493],[-17.891638,28.684384],[-17.891961,28.684245],[-17.892138,28.684155],[-17.892369,28.684018],[-17.892514,28.683895],[-17.892859,28.683485],[-17.892989,28.683346],[-17.893112,28.683227],[-17.893278,28.683134],[-17.893441,28.68309],[-17.893637,28.683089],[-17.89384,28.683144],[-17.893977,28.683254],[-17.89399,28.683282],[-17.893995,28.68345],[-17.893939,28.68359],[-17.893879,28.683762],[-17.893869,28.683795],[-17.893785,28.683956],[-17.893722,28.684036],[-17.89367,28.684199],[-17.893674,28.684248],[-17.893723,28.68442],[-17.893826,28.684575],[-17.893845,28.684599],[-17.893996,28.684714],[-17.894034,28.684732],[-17.894204,28.68483],[-17.894278,28.684882],[-17.894279,28.684997],[-17.894181,28.685064],[-17.894043,28.68503],[-17.893844,28.684987],[-17.893749,28.684968],[-17.893558,28.684907],[-17.893445,28.684855],[-17.893254,28.684794],[-17.893074,28.684758],[-17.892872,28.684731],[-17.892704,28.684719],[-17.892504,28.684737],[-17.892302,28.684789],[-17.892118,28.684862],[-17.891942,28.684962],[-17.891775,28.685066],[-17.891524,28.685238],[-17.891435,28.685383],[-17.891328,28.685505],[-17.891211,28.685536],[-17.891046,28.685494],[-17.890931,28.685337],[-17.890925,28.685324],[-17.890827,28.685167],[-17.890766,28.685087],[-17.890797,28.684967]]]}},{"type":"Feature","properties":{"id":106,"tipo":"arqueologico","subtipo":"poblado_cabanas","nombre":"poblado cabanas #3","municipio":"","direccion":"","descripcion":"","url_imagen":"","area_m2":22936.29,"longitud":-17.88756201967966,"latitud":28.689097839697894},"geometry":{"type":"Polygon","coordinates":[[[-17.888054,28.688242],[-17.888204,28.688205],[-17.888241,28.688216],[-17.888417,28.688302],[-17.888556,28.688404],[-17.888568,28.688429],[-17.888583,28.688597],[-17.888561,28.688669],[-17.888516,28.688726],[-17.88846,28.688891],[-17.888462,28.688978],[-17.888429,28.689153],[-17.888389,28.689247],[-17.888274,28.689389],[-17.888257,28.689402],[-17.888101,28.689533],[-17.887956,28.689661],[-17.887927,28.689685],[-17.887758,28.689783],[-17.887739,28.689791],[-17.887709,28.689789],[-17.887512,28.689749],[-17.887448,28.689727],[-17.887268,28.689645],[-17.887215,28.689614],[-17.887204,28.689617],[-17.887005,28.689656],[-17.886928,28.689665],[-17.88673,28.689704],[-17.886593,28.689742],[-17.886389,28.689761],[-17.886312,28.689706],[-17.886288,28.689578],[-17.88632,28.68941],[-17.886422,28.689243],[-17.886572,28.689154],[-17.886634,28.689149],[-17.886809,28.689078],[-17.886866,28.68903],[-17.886985,28.688886],[-17.887067,28.688737],[-17.887207,28.688623],[-17.88738,28.688564],[-17.887474,28.688579],[-17.887668,28.688559],[-17.887696,28.688548],[-17.887856,28.688443],[-17.888042,28.688246],[-17.888054,28.688242]]]}},{"type":"Feature","properties":{"id":107,"tipo":"arqueologico","subtipo":"poblado_cabanas","nombre":"poblado cabanas #4","municipio":"","direccion":"","descripcion":"","url_imagen":"","area_m2":92732.79,"longitud":-17.862465743354548,"latitud":28.683545421233845},"geometry":{"type":"Polygon","coordinates":[[[-17.861533,28.681934],[-17.861704,28.681881],[-17.862068,28.681541],[-17.86218,28.681393],[-17.862269,28.681219],[-17.862377,28.681068],[-17.862526,28.680913],[-17.862694,28.680836],[-17.862712,28.680834],[-17.862872,28.6809],[-17.86299,28.681047],[-17.863053,28.681211],[-17.863055,28.681241],[-17.863052,28.681421],[-17.863032,28.681673],[-17.863063,28.681846],[-17.863135,28.682006],[-17.863184,28.68218],[-17.86323,28.682555],[-17.863254,28.682734],[-17.863308,28.683111],[-17.863347,28.683288],[-17.86353,28.683916],[-17.863579,28.684091],[-17.86368,28.684479],[-17.863688,28.684656],[-17.863618,28.685065],[-17.863635,28.68524],[-17.863759,28.685581],[-17.86369,28.685683],[-17.863279,28.685749],[-17.863076,28.685765],[-17.862718,28.685768],[-17.862519,28.68574],[-17.862329,28.685685],[-17.862148,28.685604],[-17.861973,28.685496],[-17.861904,28.685355],[-17.861952,28.685047],[-17.861888,28.684899],[-17.861632,28.684705],[-17.861452,28.684656],[-17.861271,28.684347],[-17.861247,28.684178],[-17.861322,28.683879],[-17.861337,28.683701],[-17.861282,28.683076],[-17.861264,28.682897],[-17.861207,28.682394],[-17.861212,28.682215],[-17.861219,28.682175],[-17.861317,28.682034],[-17.861488,28.681929],[-17.861533,28.681934]]]}},{"type":"Feature","properties":{"id":108,"tipo":"arqueologico","subtipo":"poblado_cabanas","nombre":"Punta de Los Roques","municipio":"","direccion":"","descripcion":"","url_imagen":"","area_m2":72980.61,"longitud":-17.851674874731447,"latitud":28.698550218197184},"geometry":{"type":"Polygon","coordinates":[[[-17.852588,28.699413],[-17.85259,28.699489],[-17.852617,28.699576],[-17.852642,28.699659],[-17.852691,28.699738],[-17.852787,28.699897],[-17.852795,28.69991],[-17.852854,28.70008],[-17.852857,28.700108],[-17.852821,28.700208],[-17.852797,28.700384],[-17.852808,28.70052],[-17.852814,28.7007],[-17.852811,28.700841],[-17.85283,28.701019],[-17.852891,28.701275],[-17.852879,28.701337],[-17.852842,28.701405],[-17.852724,28.701476],[-17.852639,28.701523],[-17.852558,28.701534],[-17.852355,28.701541],[-17.852253,28.701536],[-17.852196,28.701529],[-17.85214,28.7015],[-17.852197,28.701186],[-17.852196,28.701008],[-17.852174,28.700897],[-17.852094,28.700736],[-17.851948,28.700567],[-17.85185,28.700411],[-17.851758,28.700202],[-17.851659,28.700047],[-17.851333,28.699682],[-17.851221,28.699532],[-17.851004,28.699185],[-17.850929,28.699018],[-17.850827,28.698661],[-17.85076,28.698492],[-17.850728,28.698431],[-17.850422,28.69827],[-17.850417,28.697762],[-17.850574,28.697543],[-17.850622,28.697183],[-17.850644,28.69699],[-17.850706,28.69687],[-17.850818,28.696663],[-17.850916,28.696501],[-17.851103,28.69624],[-17.851271,28.695837],[-17.851388,28.695806],[-17.851793,28.696066],[-17.851924,28.696198],[-17.852066,28.696429],[-17.852127,28.696598],[-17.852009,28.697322],[-17.851989,28.697626],[-17.851992,28.697832],[-17.852055,28.69824],[-17.852159,28.698508],[-17.852217,28.698684],[-17.852269,28.698854],[-17.852376,28.699014],[-17.852491,28.699062],[-17.852514,28.699151],[-17.85255,28.699239],[-17.852588,28.699413]]]}},{"type":"Feature","properties":{"id":109,"tipo":"arqueologico","subtipo":"poblado_cabanas","nombre":"poblado cabanas #6","municipio":"","direccion":"","descripcion":"","url_imagen":"","area_m2":200429.44,"longitud":-17.845272436669553,"latitud":28.68472838061371},"geometry":{"type":"Polygon","coordinates":[[[-17.844061,28.678792],[-17.844449,28.679899],[-17.844507,28.680071],[-17.844879,28.681189],[-17.844926,28.681364],[-17.845223,28.682862],[-17.845271,28.683037],[-17.845519,28.68375],[-17.845597,28.683916],[-17.845953,28.684505],[-17.846039,28.684668],[-17.846487,28.685665],[-17.846935,28.686661],[-17.847016,28.686826],[-17.847398,28.687544],[-17.84745,28.687716],[-17.847545,28.688741],[-17.847551,28.688921],[-17.847516,28.690098],[-17.84746,28.690264],[-17.847269,28.690535],[-17.84712,28.690578],[-17.8464,28.690318],[-17.846264,28.690201],[-17.846022,28.68971],[-17.845946,28.689543],[-17.845748,28.68906],[-17.845711,28.688885],[-17.845691,28.687949],[-17.84566,28.687773],[-17.845379,28.686905],[-17.845307,28.686737],[-17.844999,28.686156],[-17.844942,28.685985],[-17.844832,28.685279],[-17.844789,28.685103],[-17.844754,28.684999],[-17.844655,28.684847],[-17.84435,28.684563],[-17.84426,28.684409],[-17.844133,28.683844],[-17.843924,28.682908],[-17.843851,28.682742],[-17.843639,28.682437],[-17.843526,28.682287],[-17.842998,28.681648],[-17.842942,28.681485],[-17.842967,28.680973],[-17.842964,28.680793],[-17.842889,28.679921],[-17.842905,28.679743],[-17.843061,28.679166],[-17.843168,28.679026],[-17.843399,28.67888],[-17.843583,28.678815],[-17.844061,28.678792]]]}},{"type":"Feature","properties":{"id":110,"tipo":"arqueologico","subtipo":"poblado_cabanas","nombre":"poblado cabanas #7","municipio":"","direccion":"","descripcion":"","url_imagen":"","area_m2":60745.62,"longitud":-17.86294238143311,"latitud":28.66118247747099},"geometry":{"type":"Polygon","coordinates":[[[-17.861853,28.662341],[-17.86178,28.662378],[-17.861772,28.662086],[-17.861788,28.661908],[-17.861845,28.661639],[-17.862009,28.660857],[-17.862186,28.660011],[-17.862293,28.659877],[-17.86265,28.659692],[-17.862756,28.659558],[-17.862788,28.659403],[-17.862907,28.659331],[-17.863082,28.659358],[-17.863285,28.659374],[-17.863536,28.659372],[-17.863865,28.661168],[-17.863896,28.661346],[-17.864091,28.662561],[-17.864003,28.662642],[-17.86313,28.662571],[-17.862926,28.662569],[-17.862632,28.662587],[-17.862436,28.662558],[-17.861853,28.662341]]]}},{"type":"Feature","properties":{"id":111,"tipo":"arqueologico","subtipo":"poblado_cabanas","nombre":"poblado cabanas #8","municipio":"","direccion":"","descripcion":"","url_imagen":"","area_m2":158546.14,"longitud":-17.880743351586247,"latitud":28.725681465608112},"geometry":{"type":"Polygon","coordinates":[[[-17.882384,28.724547],[-17.882494,28.724646],[-17.882627,28.724782],[-17.883276,28.725538],[-17.883424,28.725657],[-17.884005,28.725973],[-17.884156,28.726091],[-17.884421,28.726377],[-17.884518,28.726533],[-17.88473,28.72709],[-17.884834,28.72724],[-17.885122,28.7275],[-17.88519,28.727654],[-17.885167,28.728251],[-17.885083,28.728286],[-17.884521,28.727898],[-17.884363,28.727784],[-17.883875,28.727408],[-17.883733,28.727279],[-17.883207,28.726713],[-17.88304,28.726642],[-17.882118,28.72607],[-17.881379,28.725948],[-17.880666,28.726066],[-17.880203,28.726117],[-17.879844,28.725815],[-17.87939,28.725585],[-17.878722,28.725878],[-17.878444,28.726131],[-17.87833,28.726521],[-17.878238,28.727578],[-17.8779,28.727801],[-17.877586,28.727806],[-17.877238,28.727701],[-17.877188,28.727639],[-17.877099,28.727595],[-17.876982,28.727538],[-17.876912,28.727353],[-17.876971,28.727119],[-17.876959,28.726939],[-17.87695,28.726855],[-17.876899,28.726386],[-17.87698,28.726246],[-17.877133,28.726158],[-17.877254,28.726024],[-17.877474,28.72551],[-17.877593,28.725373],[-17.877757,28.72527],[-17.877903,28.725186],[-17.877928,28.725172],[-17.878148,28.725055],[-17.878211,28.724921],[-17.878129,28.72462],[-17.8782,28.724498],[-17.878398,28.724447],[-17.880253,28.724168],[-17.880407,28.724077],[-17.880641,28.723744],[-17.880778,28.723615],[-17.88104,28.72345],[-17.881222,28.723419],[-17.881519,28.723487],[-17.881686,28.723577],[-17.881907,28.723798],[-17.882019,28.723947],[-17.882268,28.724402],[-17.882384,28.724547]]]}},{"type":"Feature","properties":{"id":112,"tipo":"arqueologico","subtipo":"poblado_cabanas","nombre":"poblado cabanas #9","municipio":"","direccion":"","descripcion":"","url_imagen":"","area_m2":58714.67,"longitud":-17.850881190979738,"latitud":28.75832753461105},"geometry":{"type":"Polygon","coordinates":[[[-17.852826,28.758079],[-17.852345,28.75843],[-17.852172,28.758525],[-17.851961,28.758608],[-17.851785,28.758699],[-17.851229,28.759065],[-17.851054,28.759157],[-17.850535,28.75937],[-17.850349,28.759443],[-17.849746,28.759672],[-17.849551,28.759725],[-17.849125,28.759798],[-17.84893,28.759782],[-17.848761,28.759723],[-17.84873,28.75962],[-17.848769,28.759576],[-17.849078,28.759062],[-17.849198,28.758918],[-17.849907,28.758292],[-17.850056,28.758169],[-17.850743,28.757646],[-17.850878,28.757512],[-17.851288,28.756987],[-17.851421,28.75685],[-17.851668,28.756645],[-17.851818,28.756522],[-17.852094,28.756301],[-17.852062,28.756459],[-17.852207,28.756864],[-17.852238,28.75704],[-17.852233,28.757587],[-17.852286,28.757754],[-17.852487,28.758047],[-17.852641,28.758108],[-17.852826,28.758079]]]}},{"type":"Feature","properties":{"id":113,"tipo":"arqueologico","subtipo":"poblado_cabanas","nombre":"poblado cabanas #10","municipio":"","direccion":"","descripcion":"","url_imagen":"","area_m2":9683.33,"longitud":-17.76409367321806,"latitud":28.788298632300727},"geometry":{"type":"Polygon","coordinates":[[[-17.764994,28.788105],[-17.765034,28.788114],[-17.765177,28.788223],[-17.765147,28.788368],[-17.764997,28.788496],[-17.764821,28.78856],[-17.764633,28.788561],[-17.764431,28.788538],[-17.764065,28.78845],[-17.763883,28.788479],[-17.763838,28.788508],[-17.763653,28.788557],[-17.763399,28.788547],[-17.763199,28.788517],[-17.763051,28.788478],[-17.76302,28.788384],[-17.763112,28.788289],[-17.763259,28.788165],[-17.763375,28.788084],[-17.763557,28.788018],[-17.763726,28.788],[-17.763926,28.788012],[-17.763988,28.788026],[-17.76419,28.788044],[-17.764339,28.788037],[-17.76438,28.788063],[-17.764562,28.788139],[-17.764606,28.78815],[-17.764674,28.78815],[-17.764876,28.788107],[-17.764994,28.788105]]]}},{"type":"Feature","properties":{"id":114,"tipo":"arqueologico","subtipo":"poblado_cabanas","nombre":"Bcos de Allen y San Juan","municipio":"","direccion":"","descripcion":"","url_imagen":"","area_m2":6092.74,"longitud":-17.76700059004145,"latitud":28.787103475758123},"geometry":{"type":"Polygon","coordinates":[[[-17.767302,28.786568],[-17.767356,28.786523],[-17.767436,28.786512],[-17.767609,28.786562],[-17.767624,28.786574],[-17.767638,28.786712],[-17.7676,28.78676],[-17.767466,28.786895],[-17.767398,28.78695],[-17.767283,28.787094],[-17.767232,28.787198],[-17.767117,28.787342],[-17.767069,28.787381],[-17.766917,28.787501],[-17.766898,28.787516],[-17.766721,28.787595],[-17.766685,28.787603],[-17.766492,28.787585],[-17.766416,28.787554],[-17.766387,28.787511],[-17.76637,28.78735],[-17.766385,28.787316],[-17.766523,28.787217],[-17.766685,28.787122],[-17.766843,28.787008],[-17.766959,28.786907],[-17.767076,28.786806],[-17.767149,28.786743],[-17.767277,28.786603],[-17.767302,28.786568]]]}},{"type":"Feature","properties":{"id":115,"tipo":"arqueologico","subtipo":"poblado_cabanas","nombre":"Bco del Humo","municipio":"","direccion":"","descripcion":"","url_imagen":"","area_m2":8701.57,"longitud":-17.770475299038427,"latitud":28.665807643285866},"geometry":{"type":"Polygon","coordinates":[[[-17.770695,28.666138],[-17.770656,28.666185],[-17.770516,28.666314],[-17.770481,28.666339],[-17.770299,28.666395],[-17.770222,28.666395],[-17.770093,28.666308],[-17.770026,28.666098],[-17.770005,28.665921],[-17.770019,28.665735],[-17.770077,28.665566],[-17.770153,28.665448],[-17.770306,28.66536],[-17.770561,28.665336],[-17.770816,28.665313],[-17.770967,28.665382],[-17.770991,28.665421],[-17.771022,28.665589],[-17.771,28.6657],[-17.770922,28.665862],[-17.770815,28.665992],[-17.770695,28.666138]]]}},{"type":"Feature","properties":{"id":116,"tipo":"arqueologico","subtipo":"poblado_cabanas","nombre":"poblado cabanas #13","municipio":"","direccion":"","descripcion":"","url_imagen":"","area_m2":62995.56,"longitud":-17.788748890280285,"latitud":28.840916998404523},"geometry":{"type":"Polygon","coordinates":[[[-17.788524,28.842921],[-17.788341,28.842904],[-17.787903,28.842658],[-17.787754,28.842538],[-17.787686,28.842461],[-17.787641,28.842301],[-17.787758,28.841728],[-17.787803,28.841552],[-17.787848,28.841407],[-17.787877,28.84123],[-17.787888,28.840711],[-17.787924,28.840536],[-17.788097,28.840096],[-17.788154,28.839923],[-17.788283,28.839446],[-17.788391,28.839307],[-17.788526,28.839224],[-17.788713,28.839169],[-17.788947,28.83916],[-17.789143,28.839119],[-17.78961,28.838937],[-17.789803,28.838922],[-17.790019,28.838969],[-17.790062,28.839066],[-17.789889,28.839299],[-17.789816,28.839463],[-17.789738,28.839883],[-17.789625,28.840493],[-17.789569,28.840665],[-17.789365,28.841088],[-17.789329,28.841261],[-17.78937,28.842245],[-17.789301,28.842398],[-17.789088,28.842583],[-17.788876,28.842768],[-17.788707,28.842862],[-17.788524,28.842921]]]}},{"type":"Feature","properties":{"id":117,"tipo":"arqueologico","subtipo":"poblado_cabanas","nombre":"poblado cabanas #14","municipio":"","direccion":"","descripcion":"","url_imagen":"","area_m2":158566.54,"longitud":-17.88074286386621,"latitud":28.72568159183452},"geometry":{"type":"Polygon","coordinates":[[[-17.885083,28.728286],[-17.884521,28.727898],[-17.884363,28.727784],[-17.883875,28.727408],[-17.883733,28.727279],[-17.883207,28.726713],[-17.88304,28.726642],[-17.882118,28.72607],[-17.881379,28.725948],[-17.880666,28.726066],[-17.880203,28.726117],[-17.879844,28.725815],[-17.87939,28.725585],[-17.878722,28.725878],[-17.878444,28.726131],[-17.87833,28.726521],[-17.878238,28.727578],[-17.8779,28.727801],[-17.877586,28.727806],[-17.877238,28.727701],[-17.877188,28.727639],[-17.877099,28.727595],[-17.876982,28.727538],[-17.876912,28.727353],[-17.876971,28.727119],[-17.876959,28.726939],[-17.87695,28.726855],[-17.876942,28.726856],[-17.876899,28.726386],[-17.87698,28.726246],[-17.877133,28.726158],[-17.877254,28.726024],[-17.877474,28.72551],[-17.877593,28.725373],[-17.877757,28.72527],[-17.877928,28.725172],[-17.878148,28.725055],[-17.878211,28.724921],[-17.878129,28.72462],[-17.8782,28.724498],[-17.878202,28.724497],[-17.878398,28.724447],[-17.880253,28.724168],[-17.880407,28.724077],[-17.880641,28.723744],[-17.880778,28.723615],[-17.88104,28.72345],[-17.881222,28.723419],[-17.881519,28.723487],[-17.881686,28.723577],[-17.881907,28.723798],[-17.882019,28.723947],[-17.882268,28.724402],[-17.882384,28.724547],[-17.882494,28.724646],[-17.882627,28.724782],[-17.883276,28.725538],[-17.883424,28.725657],[-17.884005,28.725973],[-17.884156,28.726091],[-17.884421,28.726377],[-17.884518,28.726533],[-17.88473,28.72709],[-17.884834,28.72724],[-17.885122,28.7275],[-17.88519,28.727654],[-17.885167,28.728251],[-17.885083,28.728286]]]}},{"type":"Feature","properties":{"id":118,"tipo":"arqueologico","subtipo":"poblado_cabanas","nombre":"poblado cabanas #15","municipio":"","direccion":"","descripcion":"","url_imagen":"","area_m2":60745.62,"longitud":-17.862942381433108,"latitud":28.66118247747098},"geometry":{"type":"Polygon","coordinates":[[[-17.86178,28.662378],[-17.861772,28.662086],[-17.861788,28.661908],[-17.861845,28.661639],[-17.862009,28.660857],[-17.862186,28.660011],[-17.862293,28.659877],[-17.86265,28.659692],[-17.862756,28.659558],[-17.862788,28.659403],[-17.862907,28.659331],[-17.863082,28.659358],[-17.863285,28.659374],[-17.863536,28.659372],[-17.863865,28.661168],[-17.863896,28.661346],[-17.864091,28.662561],[-17.864003,28.662642],[-17.86313,28.662571],[-17.862926,28.662569],[-17.862632,28.662587],[-17.862436,28.662558],[-17.861853,28.662341],[-17.86178,28.662378]]]}},{"type":"Feature","properties":{"id":119,"tipo":"arqueologico","subtipo":"poblado_cabanas","nombre":"poblado cabanas #16","municipio":"","direccion":"","descripcion":"","url_imagen":"","area_m2":35957.39,"longitud":-17.892716828374574,"latitud":28.684325075500176},"geometry":{"type":"Polygon","coordinates":[[[-17.890797,28.684967],[-17.891013,28.684857],[-17.891188,28.684763],[-17.891267,28.684719],[-17.89148,28.684493],[-17.891638,28.684384],[-17.891961,28.684245],[-17.892138,28.684155],[-17.892369,28.684018],[-17.892514,28.683895],[-17.892859,28.683485],[-17.892989,28.683346],[-17.893112,28.683227],[-17.893278,28.683134],[-17.893441,28.68309],[-17.893637,28.683089],[-17.89384,28.683144],[-17.893977,28.683254],[-17.89399,28.683282],[-17.893995,28.68345],[-17.893939,28.68359],[-17.893879,28.683762],[-17.893869,28.683795],[-17.893785,28.683956],[-17.893722,28.684036],[-17.89367,28.684199],[-17.893674,28.684248],[-17.893723,28.68442],[-17.893723,28.68442],[-17.893826,28.684575],[-17.893845,28.684599],[-17.893996,28.684714],[-17.894034,28.684732],[-17.894204,28.68483],[-17.894278,28.684882],[-17.894279,28.684997],[-17.894181,28.685064],[-17.894043,28.68503],[-17.893844,28.684987],[-17.893749,28.684968],[-17.893558,28.684907],[-17.893445,28.684855],[-17.893254,28.684794],[-17.893074,28.684758],[-17.892872,28.684731],[-17.892704,28.684719],[-17.892504,28.684737],[-17.892302,28.684789],[-17.892118,28.684862],[-17.891942,28.684962],[-17.891775,28.685066],[-17.891524,28.685238],[-17.891435,28.685383],[-17.891434,28.685389],[-17.891328,28.685505],[-17.891211,28.685536],[-17.891046,28.685494],[-17.891039,28.685487],[-17.890931,28.685337],[-17.890925,28.685324],[-17.890827,28.685167],[-17.890766,28.685087],[-17.890797,28.684967]]]}},{"type":"Feature","properties":{"id":120,"tipo":"arqueologico","subtipo":"poblado_cabanas","nombre":"poblado cabanas #17","municipio":"","direccion":"","descripcion":"","url_imagen":"","area_m2":22936.39,"longitud":-17.88756195095847,"latitud":28.689097852791235},"geometry":{"type":"Polygon","coordinates":[[[-17.887927,28.689685],[-17.887758,28.689783],[-17.887739,28.689791],[-17.887709,28.689789],[-17.887512,28.689749],[-17.887448,28.689727],[-17.887268,28.689645],[-17.887215,28.689614],[-17.887204,28.689617],[-17.887005,28.689656],[-17.886928,28.689665],[-17.88673,28.689704],[-17.886593,28.689742],[-17.886394,28.689761],[-17.886389,28.689761],[-17.886312,28.689706],[-17.886288,28.689578],[-17.88632,28.68941],[-17.886422,28.689243],[-17.886572,28.689154],[-17.886634,28.689149],[-17.886809,28.689078],[-17.886866,28.68903],[-17.886985,28.688886],[-17.887067,28.688737],[-17.887207,28.688623],[-17.88738,28.688564],[-17.887474,28.688579],[-17.887668,28.688559],[-17.887696,28.688548],[-17.887856,28.688443],[-17.888042,28.688246],[-17.888204,28.688205],[-17.888241,28.688216],[-17.888417,28.688302],[-17.888556,28.688404],[-17.888568,28.688429],[-17.888583,28.688597],[-17.888561,28.688669],[-17.888516,28.688726],[-17.88846,28.688891],[-17.888462,28.688978],[-17.888429,28.689153],[-17.888389,28.689247],[-17.888274,28.689389],[-17.888257,28.689402],[-17.888109,28.689525],[-17.888101,28.689533],[-17.887956,28.689661],[-17.887927,28.689685]]]}},{"type":"Feature","properties":{"id":121,"tipo":"arqueologico","subtipo":"poblado_cabanas","nombre":"El Castillo","municipio":"","direccion":"","descripcion":"","url_imagen":"","area_m2":70218.17,"longitud":-17.87477946208382,"latitud":28.550666829620024},"geometry":{"type":"Polygon","coordinates":[[[-17.872463,28.551141],[-17.872567,28.550995],[-17.873009,28.550665],[-17.873178,28.550565],[-17.87373,28.550316],[-17.873907,28.550226],[-17.874461,28.549906],[-17.874861,28.549676],[-17.875044,28.549597],[-17.875325,28.549511],[-17.875512,28.549441],[-17.87581,28.549309],[-17.876003,28.549267],[-17.876401,28.549262],[-17.87638,28.549339],[-17.876367,28.549516],[-17.876378,28.549602],[-17.87647,28.549748],[-17.876521,28.549784],[-17.876646,28.549921],[-17.876795,28.550186],[-17.876784,28.550342],[-17.876479,28.550745],[-17.87635,28.550884],[-17.876001,28.551193],[-17.875841,28.551303],[-17.875417,28.551524],[-17.875228,28.551586],[-17.874608,28.551686],[-17.874405,28.551699],[-17.873722,28.551675],[-17.872419,28.551629],[-17.872343,28.551539],[-17.872463,28.551141]]]}},{"type":"Feature","properties":{"id":122,"tipo":"arqueologico","subtipo":"poblado_cabanas","nombre":"Hoya Grande El Limonero Los Retamales y Las Indias","municipio":"","direccion":"","descripcion":"","url_imagen":"","area_m2":2451895,"longitud":-17.860607873894093,"latitud":28.519820814798265},"geometry":{"type":"Polygon","coordinates":[[[-17.86633,28.53823],[-17.86609,28.537031],[-17.866033,28.536859],[-17.865557,28.53585],[-17.865459,28.535693],[-17.864878,28.534957],[-17.864757,28.534811],[-17.864121,28.534088],[-17.863989,28.533951],[-17.863053,28.533071],[-17.862939,28.532924],[-17.862505,28.532138],[-17.862471,28.531967],[-17.862707,28.529984],[-17.862698,28.529806],[-17.861679,28.525046],[-17.861586,28.524894],[-17.860667,28.524103],[-17.860564,28.523954],[-17.86009,28.522605],[-17.860028,28.522433],[-17.859664,28.521462],[-17.859554,28.521318],[-17.858763,28.520719],[-17.858595,28.520619],[-17.857593,28.520158],[-17.857416,28.520068],[-17.856111,28.519337],[-17.85597,28.519213],[-17.854199,28.516728],[-17.85408,28.516582],[-17.852802,28.515222],[-17.852747,28.515063],[-17.852891,28.513743],[-17.852928,28.513566],[-17.853204,28.5127],[-17.853274,28.512531],[-17.854405,28.510318],[-17.854399,28.510156],[-17.853651,28.508908],[-17.853561,28.508747],[-17.852664,28.507033],[-17.852567,28.506875],[-17.851535,28.50544],[-17.851424,28.505288],[-17.850398,28.503911],[-17.850354,28.503746],[-17.850672,28.501271],[-17.850764,28.501126],[-17.851093,28.500899],[-17.851271,28.500817],[-17.852311,28.500525],[-17.852508,28.500519],[-17.853536,28.500733],[-17.853675,28.500837],[-17.854528,28.502637],[-17.854589,28.502808],[-17.854903,28.504081],[-17.855009,28.50422],[-17.855652,28.504601],[-17.855839,28.504648],[-17.857247,28.504603],[-17.857415,28.504669],[-17.85814,28.505421],[-17.858256,28.505569],[-17.859163,28.507028],[-17.859278,28.507176],[-17.860067,28.508009],[-17.860138,28.508168],[-17.860221,28.509432],[-17.860192,28.509607],[-17.859751,28.510697],[-17.859707,28.510872],[-17.859629,28.51163],[-17.859636,28.511809],[-17.859773,28.512562],[-17.859864,28.512713],[-17.860683,28.513391],[-17.860829,28.513518],[-17.861496,28.514124],[-17.861657,28.514231],[-17.862123,28.514448],[-17.862269,28.514566],[-17.862862,28.515372],[-17.862925,28.515538],[-17.863061,28.517154],[-17.863075,28.517334],[-17.863207,28.519258],[-17.86325,28.519432],[-17.864066,28.521314],[-17.864059,28.52148],[-17.863482,28.522575],[-17.863486,28.522736],[-17.863828,28.523308],[-17.863917,28.52347],[-17.864179,28.523983],[-17.864313,28.524105],[-17.865532,28.524644],[-17.865699,28.524745],[-17.866828,28.525637],[-17.866943,28.525781],[-17.867278,28.526487],[-17.867255,28.526641],[-17.866371,28.527646],[-17.866265,28.527799],[-17.865652,28.528968],[-17.865682,28.529113],[-17.866306,28.529653],[-17.866464,28.529767],[-17.868408,28.530936],[-17.868538,28.531068],[-17.869489,28.532745],[-17.869601,28.532895],[-17.870669,28.534024],[-17.870761,28.53418],[-17.871406,28.536329],[-17.871453,28.536505],[-17.87172,28.53766],[-17.871685,28.537825],[-17.870709,28.539176],[-17.870565,28.539296],[-17.869236,28.539958],[-17.869045,28.540004],[-17.867682,28.54003],[-17.867484,28.540063],[-17.866839,28.54027],[-17.866725,28.540212],[-17.86633,28.53823]]]}},{"type":"Feature","properties":{"id":123,"tipo":"arqueologico","subtipo":"poblado_cabanas","nombre":"Llano Centeno y Faro de Fuencaliente","municipio":"","direccion":"","descripcion":"","url_imagen":"","area_m2":87600.58,"longitud":-17.845182223826928,"latitud":28.459027446737178},"geometry":{"type":"Polygon","coordinates":[[[-17.84702,28.462027],[-17.846825,28.461979],[-17.846405,28.461921],[-17.846267,28.461824],[-17.84608,28.461408],[-17.845985,28.46125],[-17.845601,28.460747],[-17.84554,28.460583],[-17.845507,28.459721],[-17.845464,28.459548],[-17.84521,28.459014],[-17.845082,28.458886],[-17.844362,28.458519],[-17.844177,28.458502],[-17.843417,28.458721],[-17.843223,28.458722],[-17.842286,28.45847],[-17.842291,28.458463],[-17.842395,28.458309],[-17.842854,28.45753],[-17.843,28.457473],[-17.843391,28.457564],[-17.843584,28.457554],[-17.844634,28.457192],[-17.84483,28.457151],[-17.845362,28.457106],[-17.845529,28.457167],[-17.84586,28.457516],[-17.84594,28.457675],[-17.846074,28.4585],[-17.846149,28.458662],[-17.846411,28.458976],[-17.846482,28.459138],[-17.846534,28.459599],[-17.846624,28.460404],[-17.846696,28.460566],[-17.846905,28.460805],[-17.846984,28.460965],[-17.847071,28.46142],[-17.84711,28.461597],[-17.847212,28.462016],[-17.847139,28.46207],[-17.84702,28.462027]]]}},{"type":"Feature","properties":{"id":124,"tipo":"arqueologico","subtipo":"poblado_cabanas","nombre":"Los Tablados","municipio":"","direccion":"","descripcion":"","url_imagen":"","area_m2":127588.47,"longitud":-17.81920437816843,"latitud":28.50549268630298},"geometry":{"type":"Polygon","coordinates":[[[-17.822246,28.506518],[-17.821573,28.506558],[-17.821378,28.506602],[-17.820859,28.506814],[-17.820665,28.506856],[-17.819681,28.50689],[-17.81948,28.506872],[-17.819239,28.506819],[-17.819038,28.506797],[-17.818506,28.506795],[-17.818308,28.506763],[-17.817699,28.506564],[-17.81753,28.50647],[-17.817108,28.506112],[-17.816687,28.505755],[-17.816609,28.505602],[-17.816602,28.505446],[-17.816659,28.505283],[-17.816853,28.505054],[-17.816977,28.50491],[-17.817068,28.504806],[-17.817178,28.504655],[-17.817228,28.50457],[-17.817322,28.504409],[-17.817409,28.504256],[-17.817507,28.504099],[-17.817637,28.503909],[-17.817733,28.50375],[-17.817775,28.50367],[-17.817904,28.503539],[-17.817958,28.503509],[-17.818141,28.503487],[-17.81872,28.503649],[-17.818899,28.503729],[-17.819125,28.503875],[-17.819282,28.503991],[-17.819901,28.504513],[-17.820047,28.504639],[-17.820561,28.505093],[-17.820734,28.505172],[-17.821434,28.505275],[-17.821611,28.50535],[-17.822266,28.505871],[-17.822343,28.506021],[-17.822347,28.506422],[-17.822246,28.506518]]]}},{"type":"Feature","properties":{"id":125,"tipo":"arqueologico","subtipo":"poblado_cabanas","nombre":"Bco de La Reja","municipio":"","direccion":"","descripcion":"","url_imagen":"","area_m2":393046.97,"longitud":-17.781121483511605,"latitud":28.559216131341174},"geometry":{"type":"Polygon","coordinates":[[[-17.778573,28.555656],[-17.778869,28.555841],[-17.77904,28.55594],[-17.779239,28.556046],[-17.779416,28.556135],[-17.779565,28.556203],[-17.779755,28.556265],[-17.780568,28.556431],[-17.780761,28.556486],[-17.781218,28.556659],[-17.781376,28.556765],[-17.781699,28.557116],[-17.782447,28.557933],[-17.78246,28.558021],[-17.782411,28.558662],[-17.782498,28.558788],[-17.782989,28.558973],[-17.784209,28.559434],[-17.784404,28.559483],[-17.785687,28.559666],[-17.785878,28.559723],[-17.787453,28.560469],[-17.787595,28.560589],[-17.787967,28.561155],[-17.788157,28.561442],[-17.78812,28.561567],[-17.787466,28.561913],[-17.787276,28.561951],[-17.785463,28.561813],[-17.785259,28.561805],[-17.784106,28.561804],[-17.783907,28.561775],[-17.782027,28.561218],[-17.781841,28.561146],[-17.78088,28.560672],[-17.780692,28.560606],[-17.77924,28.560274],[-17.779039,28.560245],[-17.777905,28.56017],[-17.777703,28.560146],[-17.776528,28.559955],[-17.77633,28.559912],[-17.775404,28.55966],[-17.775325,28.559545],[-17.775447,28.558976],[-17.775475,28.558797],[-17.775491,28.558657],[-17.775589,28.558521],[-17.775662,28.558483],[-17.775843,28.558399],[-17.775935,28.55836],[-17.776096,28.558255],[-17.776425,28.557943],[-17.776549,28.5578],[-17.776745,28.557524],[-17.776864,28.557377],[-17.778485,28.555601],[-17.778573,28.555656]]]}},{"type":"Feature","properties":{"id":126,"tipo":"arqueologico","subtipo":"poblado_cabanas","nombre":"Las Laderas de Herrera","municipio":"","direccion":"","descripcion":"","url_imagen":"","area_m2":5235.25,"longitud":-17.826919968506505,"latitud":28.472694600831726},"geometry":{"type":"Polygon","coordinates":[[[-17.827263,28.47257],[-17.82726,28.472582],[-17.827184,28.472746],[-17.827088,28.472872],[-17.827079,28.472946],[-17.827011,28.473111],[-17.826972,28.473162],[-17.826817,28.473266],[-17.826653,28.473226],[-17.826604,28.473176],[-17.826596,28.473034],[-17.826677,28.472931],[-17.826692,28.472884],[-17.826691,28.472711],[-17.826652,28.472599],[-17.826673,28.472434],[-17.826724,28.472356],[-17.826863,28.472232],[-17.826939,28.472193],[-17.827115,28.472194],[-17.827128,28.472201],[-17.82724,28.472335],[-17.827257,28.472394],[-17.827263,28.47257]]]}},{"type":"Feature","properties":{"id":127,"tipo":"arqueologico","subtipo":"poblado_cabanas","nombre":"Llano Centeno y Faro de Fuencaliente","municipio":"","direccion":"","descripcion":"","url_imagen":"","area_m2":6268.36,"longitud":-17.84217404289116,"latitud":28.455688206353923},"geometry":{"type":"Polygon","coordinates":[[[-17.842645,28.455645],[-17.842664,28.455667],[-17.842769,28.45583],[-17.84273,28.455973],[-17.842715,28.455984],[-17.842544,28.456078],[-17.842421,28.456123],[-17.842274,28.45608],[-17.842253,28.456051],[-17.842113,28.455926],[-17.841811,28.455762],[-17.841651,28.455652],[-17.841501,28.455522],[-17.841511,28.455406],[-17.841552,28.45538],[-17.841737,28.455334],[-17.841996,28.45535],[-17.842192,28.45539],[-17.842278,28.455421],[-17.842458,28.455503],[-17.842497,28.455525],[-17.842645,28.455645]]]}},{"type":"Feature","properties":{"id":128,"tipo":"arqueologico","subtipo":"poblado_cabanas","nombre":"poblado cabanas #25","municipio":"","direccion":"","descripcion":"","url_imagen":"","area_m2":20429.08,"longitud":-17.766006194448618,"latitud":28.615524905250766},"geometry":{"type":"Polygon","coordinates":[[[-17.764843,28.615653],[-17.764952,28.615511],[-17.765345,28.615242],[-17.765377,28.615228],[-17.76574,28.614944],[-17.765919,28.614886],[-17.766484,28.614894],[-17.766654,28.614962],[-17.766889,28.615191],[-17.76694,28.615347],[-17.766862,28.615738],[-17.766822,28.615937],[-17.766807,28.61595],[-17.766632,28.616027],[-17.7665,28.616046],[-17.766297,28.616069],[-17.766104,28.616086],[-17.765907,28.616129],[-17.765895,28.616133],[-17.765709,28.616126],[-17.765569,28.616064],[-17.765386,28.615985],[-17.764905,28.615785],[-17.764843,28.615653]]]}},{"type":"Feature","properties":{"id":129,"tipo":"arqueologico","subtipo":"poblado_cabanas","nombre":"Montana del Centinela","municipio":"","direccion":"","descripcion":"","url_imagen":"","area_m2":214559.26,"longitud":-17.76632385882843,"latitud":28.610677297333407},"geometry":{"type":"Polygon","coordinates":[[[-17.768169,28.612214],[-17.767572,28.612175],[-17.767368,28.612173],[-17.766784,28.612201],[-17.76658,28.612212],[-17.766246,28.612235],[-17.766043,28.612257],[-17.765465,28.612344],[-17.765265,28.612338],[-17.765126,28.612308],[-17.764954,28.612223],[-17.764769,28.612061],[-17.764595,28.612007],[-17.764165,28.612045],[-17.763961,28.612058],[-17.763664,28.61207],[-17.763138,28.612089],[-17.762972,28.612023],[-17.762603,28.611614],[-17.762573,28.61143],[-17.762581,28.611253],[-17.762725,28.610694],[-17.762801,28.610529],[-17.763126,28.610056],[-17.763275,28.60995],[-17.763851,28.609776],[-17.764427,28.609602],[-17.764612,28.609529],[-17.765508,28.609083],[-17.766404,28.608638],[-17.766595,28.608602],[-17.767725,28.608692],[-17.76792,28.608737],[-17.768578,28.608995],[-17.768714,28.609113],[-17.769243,28.610153],[-17.769773,28.611193],[-17.769768,28.611355],[-17.769455,28.611881],[-17.769353,28.612037],[-17.768978,28.612244],[-17.76879,28.612281],[-17.768169,28.612214]]]}},{"type":"Feature","properties":{"id":130,"tipo":"arqueologico","subtipo":"poblado_cabanas","nombre":"poblado cabanas #27","municipio":"","direccion":"","descripcion":"","url_imagen":"","area_m2":10726.58,"longitud":-17.764114806923622,"latitud":28.604211956192906},"geometry":{"type":"Polygon","coordinates":[[[-17.764178,28.604644],[-17.763959,28.604816],[-17.76378,28.604879],[-17.763603,28.604886],[-17.763446,28.604814],[-17.763419,28.604776],[-17.763427,28.60463],[-17.763646,28.604386],[-17.763749,28.604232],[-17.76387,28.603976],[-17.763897,28.603803],[-17.763888,28.603733],[-17.763978,28.603633],[-17.764272,28.603603],[-17.764475,28.603606],[-17.764704,28.603635],[-17.764774,28.603734],[-17.764658,28.604054],[-17.764614,28.604229],[-17.764605,28.604289],[-17.764328,28.604522],[-17.764178,28.604644]]]}},{"type":"Feature","properties":{"id":131,"tipo":"arqueologico","subtipo":"poblado_cabanas","nombre":"poblado cabanas #28","municipio":"","direccion":"","descripcion":"","url_imagen":"","area_m2":6901.82,"longitud":-17.762756035947486,"latitud":28.603775713160488},"geometry":{"type":"Polygon","coordinates":[[[-17.762838,28.604265],[-17.762723,28.604392],[-17.762564,28.604313],[-17.762418,28.604194],[-17.762268,28.603997],[-17.762272,28.60385],[-17.762353,28.603754],[-17.762496,28.603628],[-17.762555,28.603589],[-17.762678,28.603453],[-17.76276,28.603284],[-17.762903,28.60319],[-17.762979,28.603182],[-17.763119,28.603254],[-17.763215,28.603458],[-17.763201,28.603618],[-17.76294,28.603992],[-17.762931,28.604007],[-17.762862,28.604175],[-17.762838,28.604265]]]}},{"type":"Feature","properties":{"id":132,"tipo":"arqueologico","subtipo":"poblado_cabanas","nombre":"poblado cabanas #29","municipio":"","direccion":"","descripcion":"","url_imagen":"","area_m2":149581.75,"longitud":-17.763179715588574,"latitud":28.600077485550653},"geometry":{"type":"Polygon","coordinates":[[[-17.761748,28.599342],[-17.761851,28.599265],[-17.761937,28.599117],[-17.761972,28.598771],[-17.761915,28.598612],[-17.761705,28.598393],[-17.761732,28.598331],[-17.761857,28.598203],[-17.76195,28.598159],[-17.76214,28.598098],[-17.762503,28.598034],[-17.762704,28.598033],[-17.762938,28.598072],[-17.763126,28.598135],[-17.76355,28.59836],[-17.763716,28.598464],[-17.764348,28.598927],[-17.764527,28.598999],[-17.764935,28.599054],[-17.7651,28.599139],[-17.765654,28.599748],[-17.765695,28.599827],[-17.765778,28.599992],[-17.765813,28.600065],[-17.7659,28.600228],[-17.766076,28.60053],[-17.766171,28.600689],[-17.766257,28.60083],[-17.766266,28.600884],[-17.766259,28.600963],[-17.766239,28.601108],[-17.766169,28.601272],[-17.76611,28.601348],[-17.765951,28.601414],[-17.765373,28.601366],[-17.765169,28.601356],[-17.764436,28.601352],[-17.764233,28.601368],[-17.763714,28.601453],[-17.763512,28.601457],[-17.762946,28.601388],[-17.762764,28.601321],[-17.762618,28.601221],[-17.762436,28.601177],[-17.761979,28.601227],[-17.761776,28.601247],[-17.761331,28.601283],[-17.761127,28.601287],[-17.760646,28.601267],[-17.760442,28.601254],[-17.760169,28.601229],[-17.760068,28.601129],[-17.76007,28.600941],[-17.760076,28.600761],[-17.760099,28.600329],[-17.760155,28.600161],[-17.760252,28.600012],[-17.760395,28.599894],[-17.760833,28.599705],[-17.761027,28.599658],[-17.761271,28.599643],[-17.761449,28.599576],[-17.761594,28.599461],[-17.761748,28.599342]]]}},{"type":"Feature","properties":{"id":133,"tipo":"arqueologico","subtipo":"poblado_cabanas","nombre":"poblado cabanas #30","municipio":"","direccion":"","descripcion":"","url_imagen":"","area_m2":9331.39,"longitud":-17.76902288172669,"latitud":28.587092403545924},"geometry":{"type":"Polygon","coordinates":[[[-17.768759,28.58776],[-17.768701,28.587667],[-17.768575,28.587467],[-17.768534,28.587299],[-17.768546,28.587185],[-17.768608,28.587018],[-17.768702,28.586883],[-17.768824,28.586739],[-17.768958,28.586605],[-17.769205,28.586359],[-17.769321,28.586371],[-17.769348,28.586417],[-17.769493,28.586655],[-17.769512,28.586821],[-17.769452,28.587001],[-17.769373,28.587166],[-17.769269,28.587325],[-17.769188,28.58749],[-17.76913,28.587656],[-17.769008,28.587781],[-17.768909,28.58782],[-17.768759,28.58776]]]}},{"type":"Feature","properties":{"id":134,"tipo":"arqueologico","subtipo":"poblado_cabanas","nombre":"poblado cabanas #31","municipio":"","direccion":"","descripcion":"","url_imagen":"","area_m2":4599.73,"longitud":-17.763156311677903,"latitud":28.58564975805204},"geometry":{"type":"Polygon","coordinates":[[[-17.76361,28.585922],[-17.763569,28.58596],[-17.763427,28.585962],[-17.763369,28.585912],[-17.763197,28.585872],[-17.76307,28.585901],[-17.7629,28.585859],[-17.762683,28.585667],[-17.762652,28.58552],[-17.762716,28.58539],[-17.762803,28.585384],[-17.763007,28.585384],[-17.763098,28.58539],[-17.763301,28.585408],[-17.763459,28.585425],[-17.763495,28.585483],[-17.763579,28.585647],[-17.763636,28.585782],[-17.76361,28.585922]]]}},{"type":"Feature","properties":{"id":135,"tipo":"arqueologico","subtipo":"poblado_cabanas","nombre":"poblado cabanas #32","municipio":"","direccion":"","descripcion":"","url_imagen":"","area_m2":81123.22,"longitud":-17.764433730544177,"latitud":28.58987435687791},"geometry":{"type":"Polygon","coordinates":[[[-17.762509,28.589947],[-17.762701,28.58989],[-17.762845,28.589827],[-17.762937,28.589807],[-17.76311,28.589723],[-17.763135,28.589702],[-17.763143,28.589636],[-17.763115,28.589463],[-17.763094,28.589414],[-17.763083,28.589243],[-17.76314,28.589065],[-17.763207,28.589061],[-17.763407,28.589082],[-17.763594,28.589131],[-17.763605,28.589128],[-17.763773,28.589034],[-17.763984,28.588842],[-17.764126,28.588711],[-17.76427,28.588577],[-17.764313,28.588575],[-17.764501,28.588522],[-17.765034,28.588221],[-17.765397,28.588164],[-17.765593,28.588181],[-17.765798,28.588253],[-17.765945,28.588364],[-17.766076,28.588561],[-17.76608,28.588719],[-17.765859,28.589093],[-17.765806,28.589263],[-17.76578,28.589656],[-17.765699,28.589807],[-17.765456,28.590006],[-17.765469,28.590094],[-17.765511,28.59027],[-17.765546,28.590375],[-17.765577,28.590552],[-17.765582,28.590835],[-17.765511,28.591097],[-17.765434,28.591126],[-17.765253,28.59121],[-17.765217,28.59123],[-17.765144,28.591367],[-17.765153,28.591428],[-17.765073,28.591458],[-17.765028,28.591572],[-17.765056,28.591618],[-17.765004,28.591683],[-17.764872,28.591666],[-17.764693,28.591593],[-17.764347,28.591332],[-17.764173,28.591243],[-17.763573,28.591058],[-17.7634,28.590968],[-17.762996,28.590646],[-17.762818,28.590581],[-17.76249,28.590563],[-17.762368,28.59047],[-17.762298,28.590143],[-17.762451,28.589957],[-17.762509,28.589947]]]}},{"type":"Feature","properties":{"id":136,"tipo":"arqueologico","subtipo":"poblado_cabanas","nombre":"poblado cabanas #33","municipio":"","direccion":"","descripcion":"","url_imagen":"","area_m2":5305.06,"longitud":-17.76879761196247,"latitud":28.573740962382036},"geometry":{"type":"Polygon","coordinates":[[[-17.768603,28.573734],[-17.76863,28.573687],[-17.768675,28.57361],[-17.768698,28.573441],[-17.768683,28.573386],[-17.76865,28.573306],[-17.768655,28.573139],[-17.76869,28.573067],[-17.768827,28.573014],[-17.768869,28.573027],[-17.768878,28.573062],[-17.76894,28.573233],[-17.768944,28.573242],[-17.768999,28.573414],[-17.769,28.573426],[-17.769039,28.573603],[-17.769074,28.573729],[-17.769062,28.573901],[-17.76901,28.57402],[-17.768888,28.574303],[-17.76883,28.574342],[-17.768687,28.574326],[-17.768611,28.574239],[-17.768494,28.574106],[-17.768477,28.573954],[-17.76851,28.573894],[-17.768603,28.573734]]]}},{"type":"Feature","properties":{"id":137,"tipo":"arqueologico","subtipo":"poblado_cabanas","nombre":"poblado cabanas #34","municipio":"","direccion":"","descripcion":"","url_imagen":"","area_m2":9443.11,"longitud":-17.761457769701334,"latitud":28.573479149898976},"geometry":{"type":"Polygon","coordinates":[[[-17.760992,28.573748],[-17.761012,28.573717],[-17.761103,28.573555],[-17.761266,28.573227],[-17.7613,28.573161],[-17.761393,28.573001],[-17.761468,28.572886],[-17.761595,28.572747],[-17.761705,28.572659],[-17.761819,28.572682],[-17.761945,28.57296],[-17.761976,28.573133],[-17.76197,28.573209],[-17.761902,28.573371],[-17.761765,28.573532],[-17.761659,28.573685],[-17.761494,28.573986],[-17.761379,28.574133],[-17.761277,28.574229],[-17.761113,28.574259],[-17.761,28.574215],[-17.760915,28.57409],[-17.760933,28.573917],[-17.760992,28.573748]]]}},{"type":"Feature","properties":{"id":138,"tipo":"arqueologico","subtipo":"poblado_cabanas","nombre":"poblado cabanas #35","municipio":"","direccion":"","descripcion":"","url_imagen":"","area_m2":7033.54,"longitud":-17.79537673574481,"latitud":28.52976362003505},"geometry":{"type":"Polygon","coordinates":[[[-17.795791,28.529264],[-17.795925,28.529312],[-17.795933,28.529329],[-17.795936,28.529394],[-17.795914,28.529571],[-17.795885,28.529673],[-17.795864,28.529715],[-17.795744,28.529854],[-17.795679,28.529903],[-17.795525,28.530018],[-17.795504,28.53003],[-17.795451,28.530083],[-17.795437,28.530087],[-17.795263,28.530175],[-17.795158,28.530259],[-17.795105,28.530261],[-17.79492,28.530211],[-17.794889,28.530191],[-17.794807,28.530047],[-17.794806,28.529993],[-17.794845,28.52982],[-17.794877,28.529752],[-17.794897,28.529729],[-17.795056,28.529634],[-17.795208,28.529602],[-17.795344,28.529481],[-17.795373,28.529427],[-17.795509,28.529306],[-17.795544,28.52929],[-17.79573,28.529287],[-17.795791,28.529264]]]}},{"type":"Feature","properties":{"id":139,"tipo":"arqueologico","subtipo":"poblado_cabanas","nombre":"Los Tablados","municipio":"","direccion":"","descripcion":"","url_imagen":"","area_m2":5857.23,"longitud":-17.811014632120706,"latitud":28.505458662760947},"geometry":{"type":"Polygon","coordinates":[[[-17.810621,28.505689],[-17.810582,28.505617],[-17.810715,28.5054],[-17.810813,28.505243],[-17.810873,28.505149],[-17.810983,28.504976],[-17.811043,28.504882],[-17.811142,28.504882],[-17.811227,28.505018],[-17.811343,28.505204],[-17.81141,28.50531],[-17.811416,28.505471],[-17.811335,28.505624],[-17.811201,28.505746],[-17.811162,28.505763],[-17.811018,28.505878],[-17.810848,28.505974],[-17.810832,28.50598],[-17.810713,28.505928],[-17.810692,28.505857],[-17.810621,28.505689]]]}},{"type":"Feature","properties":{"id":140,"tipo":"arqueologico","subtipo":"poblado_cabanas","nombre":"Los Tablados","municipio":"","direccion":"","descripcion":"","url_imagen":"","area_m2":127588.47,"longitud":-17.81920437816843,"latitud":28.50549268630298},"geometry":{"type":"Polygon","coordinates":[[[-17.822246,28.506518],[-17.821573,28.506558],[-17.821378,28.506602],[-17.820859,28.506814],[-17.820665,28.506856],[-17.819681,28.50689],[-17.81948,28.506872],[-17.819239,28.506819],[-17.819038,28.506797],[-17.818506,28.506795],[-17.818308,28.506763],[-17.817699,28.506564],[-17.81753,28.50647],[-17.817108,28.506112],[-17.816687,28.505755],[-17.816609,28.505602],[-17.816602,28.505446],[-17.816659,28.505283],[-17.816853,28.505054],[-17.816977,28.50491],[-17.817068,28.504806],[-17.817178,28.504655],[-17.817228,28.50457],[-17.817322,28.504409],[-17.817409,28.504256],[-17.817507,28.504099],[-17.817637,28.503909],[-17.817733,28.50375],[-17.817775,28.50367],[-17.817904,28.503539],[-17.817958,28.503509],[-17.818141,28.503487],[-17.81872,28.503649],[-17.818899,28.503729],[-17.819125,28.503875],[-17.819282,28.503991],[-17.819901,28.504513],[-17.820047,28.504639],[-17.820561,28.505093],[-17.820734,28.505172],[-17.821434,28.505275],[-17.821611,28.50535],[-17.822266,28.505871],[-17.822343,28.506021],[-17.822347,28.506422],[-17.822246,28.506518]]]}},{"type":"Feature","properties":{"id":141,"tipo":"arqueologico","subtipo":"poblado_cabanas","nombre":"Las Laderas de Herrera","municipio":"","direccion":"","descripcion":"","url_imagen":"","area_m2":3519650.38,"longitud":-17.833031827416924,"latitud":28.48422694546877},"geometry":{"type":"Polygon","coordinates":[[[-17.82249,28.499948],[-17.821897,28.49923],[-17.821822,28.499068],[-17.821627,28.497852],[-17.821652,28.497679],[-17.821784,28.497404],[-17.821764,28.497247],[-17.821361,28.496751],[-17.821283,28.496589],[-17.821011,28.495334],[-17.82097,28.495158],[-17.820868,28.494757],[-17.820901,28.494593],[-17.821241,28.494129],[-17.8213,28.493963],[-17.821328,28.493201],[-17.821391,28.493038],[-17.821599,28.492786],[-17.821679,28.492625],[-17.821798,28.492096],[-17.821892,28.491946],[-17.822388,28.491539],[-17.822466,28.491387],[-17.822476,28.491097],[-17.82254,28.490935],[-17.823233,28.490114],[-17.823372,28.489984],[-17.823943,28.489564],[-17.824029,28.489416],[-17.824077,28.488807],[-17.824169,28.488667],[-17.82576,28.487712],[-17.8259,28.487586],[-17.826732,28.486469],[-17.826841,28.486317],[-17.827494,28.485376],[-17.827571,28.485211],[-17.827718,28.484656],[-17.827812,28.484503],[-17.828031,28.484299],[-17.828148,28.484154],[-17.828284,28.483921],[-17.828372,28.483758],[-17.828743,28.483012],[-17.828836,28.482852],[-17.828954,28.482673],[-17.829074,28.482529],[-17.829419,28.4822],[-17.829491,28.482044],[-17.829504,28.481514],[-17.829555,28.481345],[-17.82987,28.480826],[-17.829974,28.480671],[-17.830179,28.480392],[-17.83033,28.480285],[-17.830499,28.480228],[-17.830607,28.480107],[-17.83069,28.479526],[-17.830706,28.479346],[-17.830722,28.478891],[-17.830703,28.478713],[-17.830583,28.478243],[-17.830579,28.478066],[-17.830726,28.477345],[-17.830759,28.477167],[-17.830824,28.476794],[-17.830941,28.476708],[-17.83184,28.476735],[-17.832447,28.476754],[-17.832635,28.476708],[-17.832963,28.476521],[-17.834502,28.475642],[-17.834627,28.47551],[-17.834966,28.474799],[-17.835305,28.474089],[-17.83539,28.473925],[-17.836062,28.472736],[-17.836084,28.472568],[-17.83575,28.471339],[-17.835738,28.471161],[-17.835886,28.470024],[-17.835946,28.469855],[-17.83633,28.469225],[-17.836445,28.469077],[-17.837334,28.468163],[-17.838223,28.467249],[-17.838332,28.467099],[-17.838536,28.466705],[-17.838678,28.466601],[-17.839282,28.466468],[-17.839483,28.466446],[-17.839574,28.466445],[-17.83979,28.466127],[-17.839912,28.465983],[-17.840239,28.465671],[-17.840409,28.465593],[-17.840895,28.465536],[-17.841067,28.46546],[-17.841461,28.465098],[-17.841856,28.464736],[-17.842023,28.464644],[-17.842712,28.464447],[-17.8434,28.46425],[-17.843504,28.464312],[-17.843597,28.465575],[-17.84367,28.466569],[-17.843659,28.466748],[-17.843385,28.468133],[-17.84334,28.468309],[-17.842959,28.469504],[-17.842879,28.469668],[-17.842284,28.470538],[-17.842211,28.470704],[-17.841991,28.471669],[-17.841914,28.471832],[-17.841366,28.472556],[-17.84126,28.47271],[-17.841017,28.473104],[-17.840967,28.473274],[-17.840964,28.47439],[-17.841013,28.47456],[-17.841707,28.475676],[-17.841756,28.475846],[-17.841752,28.477484],[-17.841749,28.478335],[-17.841669,28.478482],[-17.839697,28.479879],[-17.839615,28.480025],[-17.839553,28.482122],[-17.839574,28.4823],[-17.840078,28.484154],[-17.840131,28.484328],[-17.840432,28.485229],[-17.840511,28.485395],[-17.840857,28.485946],[-17.84086,28.486105],[-17.839564,28.488297],[-17.839428,28.488422],[-17.836435,28.48994],[-17.836273,28.490048],[-17.834227,28.491824],[-17.834105,28.491966],[-17.833549,28.492849],[-17.832664,28.494263],[-17.832563,28.49442],[-17.831062,28.496699],[-17.830917,28.496814],[-17.828259,28.497871],[-17.828085,28.497963],[-17.826727,28.498885],[-17.826551,28.498974],[-17.825147,28.499487],[-17.824953,28.499541],[-17.822649,28.500001],[-17.82249,28.499948]]]}},{"type":"Feature","properties":{"id":142,"tipo":"arqueologico","subtipo":"poblado_cabanas","nombre":"Llano Centeno y Faro de Fuencaliente","municipio":"","direccion":"","descripcion":"","url_imagen":"","area_m2":87600.58,"longitud":-17.84518222382693,"latitud":28.459027446737178},"geometry":{"type":"Polygon","coordinates":[[[-17.847139,28.46207],[-17.84702,28.462027],[-17.846825,28.461979],[-17.846405,28.461921],[-17.846267,28.461824],[-17.84608,28.461408],[-17.845985,28.46125],[-17.845601,28.460747],[-17.84554,28.460583],[-17.845507,28.459721],[-17.845464,28.459548],[-17.84521,28.459014],[-17.845082,28.458886],[-17.844362,28.458519],[-17.844177,28.458502],[-17.843417,28.458721],[-17.843223,28.458722],[-17.842286,28.45847],[-17.842291,28.458463],[-17.842395,28.458309],[-17.842854,28.45753],[-17.843,28.457473],[-17.843391,28.457564],[-17.843584,28.457554],[-17.844634,28.457192],[-17.84483,28.457151],[-17.845362,28.457106],[-17.845529,28.457167],[-17.84586,28.457516],[-17.84594,28.457675],[-17.846074,28.4585],[-17.846149,28.458662],[-17.846411,28.458976],[-17.846482,28.459138],[-17.846534,28.459599],[-17.846624,28.460404],[-17.846696,28.460566],[-17.846905,28.460805],[-17.846984,28.460965],[-17.847071,28.46142],[-17.84711,28.461597],[-17.847212,28.462016],[-17.847139,28.46207]]]}},{"type":"Feature","properties":{"id":143,"tipo":"arqueologico","subtipo":"poblado_cabanas","nombre":"Los Polveros, Los Quemados, Las Tabaqueras y Los Times","municipio":"","direccion":"","descripcion":"","url_imagen":"","area_m2":1262356.48,"longitud":-17.860219324756635,"latitud":28.49193093450465},"geometry":{"type":"Polygon","coordinates":[[[-17.86632,28.509949],[-17.86545,28.5091],[-17.865356,28.508945],[-17.865157,28.508251],[-17.865122,28.508074],[-17.864714,28.50458],[-17.864702,28.5044],[-17.864644,28.501888],[-17.864587,28.501722],[-17.863232,28.499835],[-17.863093,28.499709],[-17.862124,28.499136],[-17.861957,28.499032],[-17.860137,28.49782],[-17.860013,28.497684],[-17.859394,28.496503],[-17.859326,28.496334],[-17.858886,28.49482],[-17.858811,28.494654],[-17.857943,28.493272],[-17.857836,28.493119],[-17.857015,28.492074],[-17.856901,28.491924],[-17.856163,28.49092],[-17.856011,28.490813],[-17.854606,28.490346],[-17.854462,28.490235],[-17.853953,28.489398],[-17.85388,28.489231],[-17.853654,28.488436],[-17.853677,28.488269],[-17.854442,28.487002],[-17.854526,28.486838],[-17.854906,28.485943],[-17.854986,28.485778],[-17.855724,28.484443],[-17.855748,28.484274],[-17.855279,28.48226],[-17.85528,28.482084],[-17.85559,28.480845],[-17.855693,28.480811],[-17.856637,28.481435],[-17.85677,28.481567],[-17.85819,28.48372],[-17.858342,28.483815],[-17.860128,28.484114],[-17.860327,28.484155],[-17.862234,28.484637],[-17.862372,28.484744],[-17.862872,28.485764],[-17.862939,28.485933],[-17.863251,28.48697],[-17.863252,28.487145],[-17.862836,28.488597],[-17.862805,28.488775],[-17.862728,28.490048],[-17.862731,28.490228],[-17.862907,28.492086],[-17.862944,28.492262],[-17.86326,28.493208],[-17.863298,28.493384],[-17.863487,28.495135],[-17.863517,28.495313],[-17.86413,28.497982],[-17.864192,28.498153],[-17.864961,28.499665],[-17.865044,28.49983],[-17.865412,28.500568],[-17.865469,28.500739],[-17.865801,28.502534],[-17.865835,28.502712],[-17.866151,28.504363],[-17.866203,28.504537],[-17.866563,28.505434],[-17.866589,28.505609],[-17.866439,28.507425],[-17.866458,28.507602],[-17.866875,28.508946],[-17.866859,28.509115],[-17.866431,28.509934],[-17.86632,28.509949]]]}},{"type":"Feature","properties":{"id":144,"tipo":"arqueologico","subtipo":"poblado_cabanas","nombre":"Hoya Grande El Limonero Los Retamales y Las Indias","municipio":"","direccion":"","descripcion":"","url_imagen":"","area_m2":2451895,"longitud":-17.86060787389409,"latitud":28.51982081479827},"geometry":{"type":"Polygon","coordinates":[[[-17.866725,28.540212],[-17.86633,28.53823],[-17.86609,28.537031],[-17.866033,28.536859],[-17.865557,28.53585],[-17.865459,28.535693],[-17.864878,28.534957],[-17.864757,28.534811],[-17.864121,28.534088],[-17.863989,28.533951],[-17.863053,28.533071],[-17.862939,28.532924],[-17.862505,28.532138],[-17.862471,28.531967],[-17.862707,28.529984],[-17.862698,28.529806],[-17.861679,28.525046],[-17.861586,28.524894],[-17.860667,28.524103],[-17.860564,28.523954],[-17.86009,28.522605],[-17.860028,28.522433],[-17.859664,28.521462],[-17.859554,28.521318],[-17.858763,28.520719],[-17.858595,28.520619],[-17.857593,28.520158],[-17.857416,28.520068],[-17.856111,28.519337],[-17.85597,28.519213],[-17.854199,28.516728],[-17.85408,28.516582],[-17.852802,28.515222],[-17.852747,28.515063],[-17.852891,28.513743],[-17.852928,28.513566],[-17.853204,28.5127],[-17.853274,28.512531],[-17.854405,28.510318],[-17.854399,28.510156],[-17.853651,28.508908],[-17.853561,28.508747],[-17.852664,28.507033],[-17.852567,28.506875],[-17.851535,28.50544],[-17.851424,28.505288],[-17.850398,28.503911],[-17.850354,28.503746],[-17.850672,28.501271],[-17.850764,28.501126],[-17.851093,28.500899],[-17.851271,28.500817],[-17.852311,28.500525],[-17.852508,28.500519],[-17.853536,28.500733],[-17.853675,28.500837],[-17.854528,28.502637],[-17.854589,28.502808],[-17.854903,28.504081],[-17.855009,28.50422],[-17.855652,28.504601],[-17.855839,28.504648],[-17.857247,28.504603],[-17.857415,28.504669],[-17.85814,28.505421],[-17.858256,28.505569],[-17.859163,28.507028],[-17.859278,28.507176],[-17.860067,28.508009],[-17.860138,28.508168],[-17.860221,28.509432],[-17.860192,28.509607],[-17.859751,28.510697],[-17.859707,28.510872],[-17.859629,28.51163],[-17.859636,28.511809],[-17.859773,28.512562],[-17.859864,28.512713],[-17.860683,28.513391],[-17.860829,28.513518],[-17.861496,28.514124],[-17.861657,28.514231],[-17.862123,28.514448],[-17.862269,28.514566],[-17.862862,28.515372],[-17.862925,28.515538],[-17.863061,28.517154],[-17.863075,28.517334],[-17.863207,28.519258],[-17.86325,28.519432],[-17.864066,28.521314],[-17.864059,28.52148],[-17.863482,28.522575],[-17.863486,28.522736],[-17.863828,28.523308],[-17.863917,28.52347],[-17.864179,28.523983],[-17.864313,28.524105],[-17.865532,28.524644],[-17.865699,28.524745],[-17.866828,28.525637],[-17.866943,28.525781],[-17.867278,28.526487],[-17.867255,28.526641],[-17.866371,28.527646],[-17.866265,28.527799],[-17.865652,28.528968],[-17.865682,28.529113],[-17.866306,28.529653],[-17.866464,28.529767],[-17.868408,28.530936],[-17.868538,28.531068],[-17.869489,28.532745],[-17.869601,28.532895],[-17.870669,28.534024],[-17.870761,28.53418],[-17.871406,28.536329],[-17.871453,28.536505],[-17.87172,28.53766],[-17.871685,28.537825],[-17.870709,28.539176],[-17.870565,28.539296],[-17.869236,28.539958],[-17.869045,28.540004],[-17.867682,28.54003],[-17.867484,28.540063],[-17.866839,28.54027],[-17.866725,28.540212]]]}},{"type":"Feature","properties":{"id":145,"tipo":"arqueologico","subtipo":"poblado_cabanas","nombre":"El Castillo","municipio":"","direccion":"","descripcion":"","url_imagen":"","area_m2":70218.17,"longitud":-17.87477946208382,"latitud":28.550666829620013},"geometry":{"type":"Polygon","coordinates":[[[-17.872343,28.551539],[-17.872463,28.551141],[-17.872567,28.550995],[-17.873009,28.550665],[-17.873178,28.550565],[-17.87373,28.550316],[-17.873907,28.550226],[-17.874461,28.549906],[-17.874861,28.549676],[-17.875044,28.549597],[-17.875325,28.549511],[-17.875512,28.549441],[-17.87581,28.549309],[-17.876003,28.549267],[-17.876401,28.549262],[-17.87638,28.549339],[-17.876367,28.549516],[-17.876378,28.549602],[-17.87647,28.549748],[-17.876521,28.549784],[-17.876646,28.549921],[-17.876795,28.550186],[-17.876784,28.550342],[-17.876479,28.550745],[-17.87635,28.550884],[-17.876001,28.551193],[-17.875841,28.551303],[-17.875417,28.551524],[-17.875228,28.551586],[-17.874608,28.551686],[-17.874405,28.551699],[-17.873722,28.551675],[-17.872419,28.551629],[-17.872343,28.551539]]]}},{"type":"Feature","properties":{"id":146,"tipo":"arqueologico","subtipo":"poblado_cabanas","nombre":"Las Laderas de Herrera","municipio":"","direccion":"","descripcion":"","url_imagen":"","area_m2":5796.72,"longitud":-17.826001598786824,"latitud":28.47552832442184},"geometry":{"type":"Polygon","coordinates":[[[-17.826039,28.475961],[-17.825844,28.475926],[-17.82574,28.475884],[-17.825739,28.475883],[-17.825686,28.475709],[-17.825683,28.475699],[-17.825681,28.475521],[-17.825684,28.475506],[-17.825673,28.475331],[-17.825628,28.4752],[-17.825696,28.475086],[-17.825753,28.475069],[-17.82595,28.475056],[-17.82596,28.475058],[-17.826121,28.475145],[-17.826257,28.475308],[-17.826349,28.475466],[-17.826417,28.475644],[-17.826388,28.475802],[-17.826319,28.475884],[-17.826156,28.475959],[-17.826039,28.475961]]]}},{"type":"Feature","properties":{"id":147,"tipo":"arqueologico","subtipo":"poblado_cabanas","nombre":"Playa de La Salamera y Montana del Azufre","municipio":"","direccion":"","descripcion":"","url_imagen":"","area_m2":692961.87,"longitud":-17.769683305321358,"latitud":28.565679119580675},"geometry":{"type":"Polygon","coordinates":[[[-17.76624,28.570388],[-17.766036,28.570383],[-17.765472,28.570413],[-17.76527,28.570396],[-17.764617,28.570255],[-17.764431,28.570187],[-17.764288,28.57011],[-17.764105,28.570093],[-17.763826,28.570181],[-17.763785,28.570077],[-17.763498,28.56965],[-17.763466,28.569484],[-17.763574,28.569013],[-17.763585,28.568835],[-17.763513,28.568125],[-17.763519,28.567946],[-17.763565,28.567668],[-17.763601,28.567615],[-17.763615,28.567572],[-17.763784,28.56741],[-17.764294,28.566922],[-17.764447,28.566804],[-17.764818,28.56657],[-17.765273,28.566284],[-17.765419,28.566192],[-17.765757,28.566084],[-17.766091,28.565987],[-17.76626,28.565894],[-17.766546,28.565637],[-17.766647,28.565486],[-17.766793,28.565065],[-17.766895,28.564914],[-17.767249,28.564598],[-17.76738,28.56446],[-17.767616,28.564169],[-17.767678,28.564006],[-17.767678,28.563984],[-17.767733,28.563817],[-17.767835,28.563671],[-17.767976,28.563548],[-17.769648,28.562671],[-17.769817,28.56257],[-17.770416,28.562173],[-17.77057,28.562055],[-17.771168,28.561519],[-17.771332,28.561416],[-17.771762,28.561235],[-17.771947,28.561235],[-17.772394,28.56142],[-17.772563,28.561399],[-17.772577,28.561388],[-17.772517,28.561152],[-17.772468,28.560977],[-17.772395,28.560732],[-17.772333,28.56056],[-17.772208,28.560267],[-17.772231,28.560109],[-17.772732,28.559496],[-17.772887,28.559391],[-17.773413,28.559221],[-17.773602,28.559227],[-17.773683,28.55926],[-17.773833,28.559373],[-17.774167,28.559802],[-17.774265,28.559959],[-17.774576,28.560595],[-17.774675,28.560752],[-17.775182,28.561385],[-17.775342,28.561474],[-17.775707,28.561533],[-17.775736,28.561573],[-17.775771,28.561737],[-17.77576,28.561785],[-17.775604,28.561916],[-17.775465,28.562047],[-17.775427,28.562088],[-17.775403,28.56224],[-17.775443,28.562322],[-17.775272,28.562456],[-17.775159,28.5626],[-17.775023,28.562915],[-17.774974,28.563088],[-17.774933,28.563379],[-17.77496,28.563552],[-17.774967,28.563568],[-17.775012,28.563741],[-17.775018,28.563823],[-17.774996,28.564],[-17.774983,28.56404],[-17.774902,28.564203],[-17.77471,28.564482],[-17.774533,28.564629],[-17.774414,28.564772],[-17.774316,28.564952],[-17.774198,28.565095],[-17.774164,28.565123],[-17.774028,28.565257],[-17.773981,28.565312],[-17.773837,28.565438],[-17.773652,28.565561],[-17.773567,28.565666],[-17.773539,28.565701],[-17.773516,28.565766],[-17.77333,28.566126],[-17.773069,28.566402],[-17.772937,28.566608],[-17.772842,28.566713],[-17.772812,28.566706],[-17.772613,28.566666],[-17.771554,28.566495],[-17.771352,28.566469],[-17.770463,28.566382],[-17.770266,28.566403],[-17.769932,28.566512],[-17.769767,28.566606],[-17.769771,28.566753],[-17.769863,28.5669],[-17.769994,28.567033],[-17.770218,28.56718],[-17.770441,28.567328],[-17.770588,28.567452],[-17.770871,28.567756],[-17.771025,28.567869],[-17.771321,28.568013],[-17.771177,28.568112],[-17.771124,28.568184],[-17.771105,28.568291],[-17.771041,28.56846],[-17.771,28.568528],[-17.770969,28.568752],[-17.770809,28.568924],[-17.770436,28.569133],[-17.770336,28.56926],[-17.770351,28.569382],[-17.770321,28.569514],[-17.770149,28.569685],[-17.769698,28.570054],[-17.768579,28.570582],[-17.768132,28.570707],[-17.767936,28.570709],[-17.767092,28.570491],[-17.766893,28.570455],[-17.76624,28.570388]]]}},{"type":"Feature","properties":{"id":148,"tipo":"arqueologico","subtipo":"poblado_cabanas","nombre":"Montana Cucaracha Los Roques","municipio":"","direccion":"","descripcion":"","url_imagen":"","area_m2":981661.86,"longitud":-17.76319629546551,"latitud":28.583306152887634},"geometry":{"type":"Polygon","coordinates":[[[-17.760153,28.595097],[-17.759955,28.595073],[-17.759632,28.595094],[-17.759428,28.595108],[-17.758851,28.595154],[-17.758648,28.595152],[-17.757506,28.595036],[-17.757303,28.595014],[-17.75688,28.594963],[-17.756788,28.59486],[-17.756821,28.594524],[-17.756799,28.594348],[-17.756507,28.593545],[-17.756422,28.593382],[-17.756074,28.592885],[-17.756017,28.592718],[-17.756004,28.592179],[-17.756032,28.592003],[-17.756387,28.591012],[-17.756467,28.590848],[-17.756925,28.590125],[-17.757022,28.589966],[-17.757486,28.589176],[-17.757614,28.589041],[-17.757894,28.588851],[-17.757989,28.588707],[-17.758037,28.588402],[-17.758016,28.588227],[-17.757884,28.587904],[-17.757833,28.58773],[-17.757727,28.587143],[-17.757753,28.586971],[-17.758029,28.586419],[-17.758231,28.586015],[-17.75836,28.585886],[-17.759056,28.585513],[-17.759202,28.585392],[-17.75983,28.584606],[-17.759904,28.584443],[-17.75995,28.584164],[-17.759975,28.583985],[-17.760032,28.583485],[-17.760088,28.583315],[-17.760368,28.582825],[-17.760406,28.582655],[-17.760372,28.582306],[-17.760393,28.582129],[-17.760731,28.581134],[-17.760782,28.58096],[-17.760931,28.58035],[-17.761041,28.580217],[-17.762023,28.579717],[-17.762147,28.579588],[-17.762219,28.579418],[-17.762516,28.578713],[-17.762573,28.578541],[-17.762914,28.577134],[-17.762966,28.57696],[-17.76319,28.576346],[-17.76324,28.576171],[-17.763265,28.576054],[-17.763425,28.575304],[-17.763466,28.575127],[-17.763655,28.574399],[-17.764209,28.574546],[-17.76465,28.574686],[-17.765301,28.574834],[-17.76591,28.574952],[-17.766468,28.57508],[-17.767022,28.575261],[-17.767225,28.57525],[-17.768139,28.575181],[-17.768342,28.575171],[-17.769156,28.57516],[-17.76936,28.575164],[-17.769859,28.575189],[-17.769949,28.575197],[-17.770062,28.575208],[-17.770184,28.575225],[-17.770384,28.575216],[-17.771254,28.575188],[-17.771462,28.575292],[-17.771643,28.575375],[-17.772008,28.575524],[-17.772177,28.575622],[-17.772426,28.575818],[-17.772507,28.575968],[-17.772525,28.576292],[-17.772534,28.576463],[-17.772604,28.576623],[-17.772686,28.576887],[-17.772689,28.577061],[-17.77266,28.577163],[-17.772607,28.577337],[-17.772586,28.577403],[-17.772581,28.577525],[-17.772543,28.577701],[-17.772507,28.577792],[-17.772536,28.577949],[-17.772615,28.57804],[-17.772778,28.578129],[-17.772993,28.578167],[-17.773151,28.578258],[-17.773176,28.578291],[-17.773295,28.578437],[-17.773309,28.578453],[-17.772891,28.578723],[-17.772863,28.57874],[-17.772736,28.578766],[-17.772345,28.578829],[-17.772142,28.578842],[-17.771478,28.578821],[-17.771274,28.578825],[-17.769608,28.578933],[-17.769412,28.578975],[-17.768707,28.579241],[-17.768524,28.579232],[-17.768374,28.579157],[-17.768183,28.579106],[-17.767364,28.579055],[-17.767161,28.579062],[-17.766547,28.579145],[-17.766351,28.579191],[-17.765866,28.579357],[-17.765749,28.579478],[-17.765712,28.579628],[-17.765662,28.579803],[-17.76564,28.579872],[-17.765531,28.580014],[-17.765431,28.580081],[-17.765284,28.580205],[-17.765248,28.580245],[-17.765092,28.580356],[-17.764944,28.580423],[-17.764761,28.580502],[-17.764742,28.58051],[-17.764237,28.580712],[-17.763286,28.581092],[-17.763174,28.581217],[-17.763028,28.58189],[-17.762914,28.582417],[-17.762846,28.582585],[-17.762549,28.583068],[-17.762405,28.583181],[-17.761719,28.58343],[-17.761617,28.583555],[-17.76158,28.584036],[-17.761602,28.584213],[-17.76184,28.584934],[-17.761873,28.58511],[-17.761907,28.585905],[-17.761871,28.586078],[-17.761196,28.587483],[-17.760924,28.58805],[-17.760608,28.588707],[-17.760469,28.588811],[-17.760235,28.588861],[-17.760051,28.588932],[-17.759882,28.589035],[-17.759815,28.589175],[-17.759874,28.589476],[-17.759901,28.58962],[-17.759891,28.589796],[-17.759877,28.589843],[-17.759754,28.58996],[-17.759737,28.589965],[-17.759576,28.590065],[-17.759564,28.590079],[-17.759503,28.590239],[-17.759505,28.590299],[-17.759507,28.590479],[-17.759507,28.590507],[-17.759491,28.590687],[-17.75946,28.590875],[-17.759489,28.591045],[-17.759581,28.591214],[-17.759635,28.591385],[-17.75964,28.591431],[-17.759724,28.591582],[-17.760284,28.592045],[-17.760845,28.592508],[-17.760974,28.592646],[-17.761314,28.593118],[-17.761376,28.593284],[-17.761442,28.594047],[-17.761507,28.594811],[-17.761439,28.594962],[-17.761241,28.595118],[-17.761072,28.595214],[-17.76091,28.595276],[-17.76072,28.595281],[-17.760153,28.595097]]]}},{"type":"Feature","properties":{"id":149,"tipo":"arqueologico","subtipo":"poblado_cabanas","nombre":"Las Laderas de Herrera","municipio":"","direccion":"","descripcion":"","url_imagen":"","area_m2":19010.38,"longitud":-17.843022628272088,"latitud":28.48823799182135},"geometry":{"type":"Polygon","coordinates":[[[-17.843888,28.487768],[-17.843915,28.487791],[-17.844004,28.487944],[-17.844034,28.488101],[-17.843999,28.488268],[-17.843864,28.48847],[-17.84364,28.488622],[-17.843458,28.488689],[-17.843085,28.488731],[-17.842455,28.488802],[-17.842262,28.488755],[-17.842224,28.488737],[-17.842085,28.488617],[-17.842034,28.488534],[-17.842016,28.488504],[-17.842,28.488339],[-17.842055,28.48819],[-17.842171,28.488053],[-17.842382,28.487921],[-17.842536,28.487824],[-17.842718,28.487749],[-17.843006,28.487683],[-17.843205,28.487674],[-17.84354,28.48772],[-17.843888,28.487768]]]}},{"type":"Feature","properties":{"id":150,"tipo":"arqueologico","subtipo":"poblado_cabanas","nombre":"Bco de La Caldereta Roto Hondo y Los Palitos Blancos","municipio":"","direccion":"","descripcion":"","url_imagen":"","area_m2":1762406.07,"longitud":-17.795139414606883,"latitud":28.54163074971147},"geometry":{"type":"Polygon","coordinates":[[[-17.785161,28.550747],[-17.785443,28.550299],[-17.785515,28.550132],[-17.785673,28.549515],[-17.785717,28.549437],[-17.785984,28.548877],[-17.786089,28.548724],[-17.786454,28.548334],[-17.786606,28.548218],[-17.786714,28.548159],[-17.786861,28.548039],[-17.787415,28.547356],[-17.787512,28.547199],[-17.787544,28.547129],[-17.78757,28.546973],[-17.787609,28.546796],[-17.787632,28.54671],[-17.787661,28.546451],[-17.787707,28.546277],[-17.787884,28.545864],[-17.787993,28.545716],[-17.788058,28.54566],[-17.788118,28.545509],[-17.788201,28.545298],[-17.788274,28.545129],[-17.788321,28.545031],[-17.788393,28.544879],[-17.788444,28.544707],[-17.788451,28.544654],[-17.788546,28.544298],[-17.788701,28.543712],[-17.78874,28.543535],[-17.788766,28.543384],[-17.788799,28.543197],[-17.788819,28.543085],[-17.788822,28.542906],[-17.788818,28.542876],[-17.788808,28.542697],[-17.788812,28.542565],[-17.788879,28.542405],[-17.789165,28.542094],[-17.789269,28.541942],[-17.789279,28.541923],[-17.789309,28.541785],[-17.789317,28.54175],[-17.789315,28.541657],[-17.789363,28.541489],[-17.789412,28.541414],[-17.78955,28.541235],[-17.789675,28.541093],[-17.789729,28.541039],[-17.789872,28.540455],[-17.789968,28.540305],[-17.789976,28.540299],[-17.790024,28.540149],[-17.790014,28.540117],[-17.789994,28.539939],[-17.789997,28.539892],[-17.790072,28.539735],[-17.790083,28.539724],[-17.79023,28.5396],[-17.790616,28.539309],[-17.790738,28.53917],[-17.790861,28.538943],[-17.790937,28.538776],[-17.791205,28.53804],[-17.791231,28.537864],[-17.791211,28.537576],[-17.79122,28.537397],[-17.791332,28.536762],[-17.791381,28.536587],[-17.791504,28.536273],[-17.791528,28.536098],[-17.791486,28.5357],[-17.791471,28.53552],[-17.791428,28.534797],[-17.791367,28.534631],[-17.790805,28.53387],[-17.790721,28.533707],[-17.790536,28.533152],[-17.790498,28.532976],[-17.790443,28.53237],[-17.790412,28.532193],[-17.790285,28.531701],[-17.79035,28.531567],[-17.790779,28.53134],[-17.790969,28.531286],[-17.791692,28.531228],[-17.791896,28.53122],[-17.792457,28.531221],[-17.792618,28.531295],[-17.792986,28.531757],[-17.793461,28.532353],[-17.793611,28.532468],[-17.795602,28.533376],[-17.795773,28.533473],[-17.796208,28.53377],[-17.796364,28.533886],[-17.797187,28.534553],[-17.797298,28.534698],[-17.797615,28.535427],[-17.797682,28.535597],[-17.79804,28.5366],[-17.798123,28.536763],[-17.798738,28.537666],[-17.798882,28.537783],[-17.79988,28.538223],[-17.800072,28.538251],[-17.800668,28.538178],[-17.800865,28.538197],[-17.801991,28.538563],[-17.802188,28.538606],[-17.802748,28.538669],[-17.802952,28.538685],[-17.803818,28.538716],[-17.80401,28.538761],[-17.804886,28.539161],[-17.805041,28.539273],[-17.80538,28.539645],[-17.805534,28.539757],[-17.806308,28.54011],[-17.806445,28.540232],[-17.806674,28.540627],[-17.806723,28.540797],[-17.806739,28.541675],[-17.80677,28.543301],[-17.806702,28.543458],[-17.806176,28.543968],[-17.806069,28.544118],[-17.80581,28.544675],[-17.805702,28.544825],[-17.805351,28.545169],[-17.805187,28.545268],[-17.804032,28.545665],[-17.803644,28.545567],[-17.803452,28.545506],[-17.801962,28.544943],[-17.80177,28.544881],[-17.800422,28.544511],[-17.800259,28.544415],[-17.799518,28.543633],[-17.798417,28.54247],[-17.798277,28.54234],[-17.796196,28.540636],[-17.796019,28.540572],[-17.795087,28.540546],[-17.794897,28.540588],[-17.79413,28.540976],[-17.794001,28.541104],[-17.793415,28.542285],[-17.79333,28.542449],[-17.79306,28.542953],[-17.792984,28.54312],[-17.792653,28.543999],[-17.792609,28.544174],[-17.79238,28.545856],[-17.792398,28.546031],[-17.792796,28.547145],[-17.79275,28.54729],[-17.792411,28.547555],[-17.792324,28.547704],[-17.792203,28.548844],[-17.79219,28.548887],[-17.792099,28.549044],[-17.792067,28.549079],[-17.792023,28.549082],[-17.791821,28.549073],[-17.791716,28.549056],[-17.791631,28.549091],[-17.791485,28.549206],[-17.791464,28.549234],[-17.791427,28.54932],[-17.791308,28.549457],[-17.791297,28.549463],[-17.791132,28.549569],[-17.791085,28.5496],[-17.790794,28.549833],[-17.790628,28.549936],[-17.790391,28.550046],[-17.790203,28.550115],[-17.790045,28.550159],[-17.789851,28.550214],[-17.789658,28.550271],[-17.789459,28.550301],[-17.789201,28.550302],[-17.788999,28.550323],[-17.788519,28.550421],[-17.788324,28.550475],[-17.787805,28.550658],[-17.787636,28.550754],[-17.787411,28.550943],[-17.787267,28.551071],[-17.787129,28.551201],[-17.787045,28.551356],[-17.787008,28.551605],[-17.786975,28.551783],[-17.786904,28.552121],[-17.786855,28.552296],[-17.78679,28.552476],[-17.786683,28.552622],[-17.786478,28.552779],[-17.786299,28.55284],[-17.78627,28.55284],[-17.78622,28.552882],[-17.786158,28.553033],[-17.786168,28.553102],[-17.786209,28.553278],[-17.786236,28.553358],[-17.78629,28.553723],[-17.786331,28.553998],[-17.786298,28.554168],[-17.786285,28.554189],[-17.78619,28.554353],[-17.785484,28.554221],[-17.785352,28.55409],[-17.785165,28.55378],[-17.784927,28.553382],[-17.784795,28.553251],[-17.784527,28.553087],[-17.784341,28.553029],[-17.784138,28.553015],[-17.784011,28.55292],[-17.783994,28.552857],[-17.784005,28.552843],[-17.784057,28.55268],[-17.78403,28.552414],[-17.784074,28.552248],[-17.784103,28.552206],[-17.784165,28.55204],[-17.784187,28.551806],[-17.784261,28.551648],[-17.784299,28.551608],[-17.784452,28.551493],[-17.78469,28.551367],[-17.78483,28.551243],[-17.785059,28.550904],[-17.785161,28.550747]]]}},{"type":"Feature","properties":{"id":151,"tipo":"arqueologico","subtipo":"poblado_cabanas","nombre":"poblado cabanas #48","municipio":"","direccion":"","descripcion":"","url_imagen":"","area_m2":393046.97,"longitud":-17.781121483511594,"latitud":28.55921613134117},"geometry":{"type":"Polygon","coordinates":[[[-17.778485,28.555601],[-17.778573,28.555656],[-17.778869,28.555841],[-17.77904,28.55594],[-17.779239,28.556046],[-17.779416,28.556135],[-17.779565,28.556203],[-17.779755,28.556265],[-17.780568,28.556431],[-17.780761,28.556486],[-17.781218,28.556659],[-17.781376,28.556765],[-17.781699,28.557116],[-17.782447,28.557933],[-17.78246,28.558021],[-17.782411,28.558662],[-17.782498,28.558788],[-17.782989,28.558973],[-17.784209,28.559434],[-17.784404,28.559483],[-17.785687,28.559666],[-17.785878,28.559723],[-17.787453,28.560469],[-17.787595,28.560589],[-17.787967,28.561155],[-17.788157,28.561442],[-17.78812,28.561567],[-17.787466,28.561913],[-17.787276,28.561951],[-17.785463,28.561813],[-17.785259,28.561805],[-17.784106,28.561804],[-17.783907,28.561775],[-17.782027,28.561218],[-17.781841,28.561146],[-17.78088,28.560672],[-17.780692,28.560606],[-17.77924,28.560274],[-17.779039,28.560245],[-17.777905,28.56017],[-17.777703,28.560146],[-17.776528,28.559955],[-17.77633,28.559912],[-17.775404,28.55966],[-17.775325,28.559545],[-17.775447,28.558976],[-17.775475,28.558797],[-17.775491,28.558657],[-17.775589,28.558521],[-17.775662,28.558483],[-17.775843,28.558399],[-17.775935,28.55836],[-17.776096,28.558255],[-17.776425,28.557943],[-17.776549,28.5578],[-17.776745,28.557524],[-17.776864,28.557377],[-17.778485,28.555601]]]}},{"type":"Feature","properties":{"id":152,"tipo":"arqueologico","subtipo":"poblado_cabanas","nombre":"poblado cabanas #49","municipio":"","direccion":"","descripcion":"","url_imagen":"","area_m2":20433.12,"longitud":-17.76600596797314,"latitud":28.615524939865725},"geometry":{"type":"Polygon","coordinates":[[[-17.764905,28.615785],[-17.76484,28.61566],[-17.764843,28.615653],[-17.764952,28.615511],[-17.765345,28.615242],[-17.765377,28.615228],[-17.76574,28.614944],[-17.765919,28.614886],[-17.766484,28.614894],[-17.766654,28.614962],[-17.766889,28.615191],[-17.76694,28.615347],[-17.766862,28.615738],[-17.766822,28.615937],[-17.766807,28.61595],[-17.766632,28.616027],[-17.7665,28.616046],[-17.766297,28.616069],[-17.766104,28.616086],[-17.765907,28.616129],[-17.765895,28.616133],[-17.765709,28.616126],[-17.765569,28.616064],[-17.765386,28.615985],[-17.764905,28.615785]]]}},{"type":"Feature","properties":{"id":153,"tipo":"arqueologico","subtipo":"poblado_cabanas","nombre":"poblado cabanas #50","municipio":"","direccion":"","descripcion":"","url_imagen":"","area_m2":10726.58,"longitud":-17.764114806923622,"latitud":28.604211956192906},"geometry":{"type":"Polygon","coordinates":[[[-17.764178,28.604644],[-17.763959,28.604816],[-17.76378,28.604879],[-17.763603,28.604886],[-17.763446,28.604814],[-17.763419,28.604776],[-17.763427,28.60463],[-17.763646,28.604386],[-17.763749,28.604232],[-17.76387,28.603976],[-17.763897,28.603803],[-17.763888,28.603733],[-17.763978,28.603633],[-17.764272,28.603603],[-17.764475,28.603606],[-17.764704,28.603635],[-17.764774,28.603734],[-17.764658,28.604054],[-17.764614,28.604229],[-17.764605,28.604289],[-17.764328,28.604522],[-17.764178,28.604644]]]}},{"type":"Feature","properties":{"id":154,"tipo":"arqueologico","subtipo":"poblado_cabanas","nombre":"poblado cabanas #51","municipio":"","direccion":"","descripcion":"","url_imagen":"","area_m2":9332.42,"longitud":-17.769022873109833,"latitud":28.587092482391135},"geometry":{"type":"Polygon","coordinates":[[[-17.768909,28.58782],[-17.768759,28.58776],[-17.768701,28.587667],[-17.768575,28.587467],[-17.768534,28.587299],[-17.768546,28.587185],[-17.768608,28.587018],[-17.768702,28.586883],[-17.768824,28.586739],[-17.768958,28.586605],[-17.769205,28.586359],[-17.769321,28.586371],[-17.769348,28.586417],[-17.769493,28.586655],[-17.769512,28.586821],[-17.769452,28.587001],[-17.769373,28.587166],[-17.769269,28.587325],[-17.769188,28.58749],[-17.76913,28.587656],[-17.769008,28.587781],[-17.768918,28.587818],[-17.768909,28.58782]]]}},{"type":"Feature","properties":{"id":155,"tipo":"arqueologico","subtipo":"poblado_cabanas","nombre":"poblado cabanas #52","municipio":"","direccion":"","descripcion":"","url_imagen":"","area_m2":9443.11,"longitud":-17.761457769701334,"latitud":28.573479149898976},"geometry":{"type":"Polygon","coordinates":[[[-17.760933,28.573917],[-17.760992,28.573748],[-17.761012,28.573717],[-17.761103,28.573555],[-17.761266,28.573227],[-17.7613,28.573161],[-17.761393,28.573001],[-17.761468,28.572886],[-17.761595,28.572747],[-17.761705,28.572659],[-17.761819,28.572682],[-17.761945,28.57296],[-17.761976,28.573133],[-17.76197,28.573209],[-17.761902,28.573371],[-17.761765,28.573532],[-17.761659,28.573685],[-17.761494,28.573986],[-17.761379,28.574133],[-17.761277,28.574229],[-17.761113,28.574259],[-17.761,28.574215],[-17.760915,28.57409],[-17.760933,28.573917]]]}},{"type":"Feature","properties":{"id":156,"tipo":"arqueologico","subtipo":"poblado_cabanas","nombre":"poblado cabanas #53","municipio":"","direccion":"","descripcion":"","url_imagen":"","area_m2":5305.06,"longitud":-17.768797611962462,"latitud":28.573740962382033},"geometry":{"type":"Polygon","coordinates":[[[-17.76851,28.573894],[-17.768603,28.573734],[-17.76863,28.573687],[-17.768675,28.57361],[-17.768698,28.573441],[-17.768683,28.573386],[-17.76865,28.573306],[-17.768655,28.573139],[-17.76869,28.573067],[-17.768827,28.573014],[-17.768869,28.573027],[-17.768878,28.573062],[-17.76894,28.573233],[-17.768944,28.573242],[-17.768999,28.573414],[-17.769,28.573426],[-17.769039,28.573603],[-17.769074,28.573729],[-17.769062,28.573901],[-17.76901,28.57402],[-17.768888,28.574303],[-17.76883,28.574342],[-17.768687,28.574326],[-17.768611,28.574239],[-17.768494,28.574106],[-17.768477,28.573954],[-17.76851,28.573894]]]}},{"type":"Feature","properties":{"id":157,"tipo":"arqueologico","subtipo":"poblado_cabanas","nombre":"poblado cabanas #54","municipio":"","direccion":"","descripcion":"","url_imagen":"","area_m2":7032.65,"longitud":-17.79537670905551,"latitud":28.529763612053635},"geometry":{"type":"Polygon","coordinates":[[[-17.79573,28.529287],[-17.795791,28.529264],[-17.795925,28.529312],[-17.795933,28.529329],[-17.795936,28.529394],[-17.795914,28.529571],[-17.795885,28.529673],[-17.795864,28.529715],[-17.795744,28.529854],[-17.795687,28.529895],[-17.795679,28.529903],[-17.795525,28.530018],[-17.795504,28.53003],[-17.795451,28.530083],[-17.795437,28.530087],[-17.795263,28.530175],[-17.795158,28.530259],[-17.795105,28.530261],[-17.79492,28.530211],[-17.794889,28.530191],[-17.794807,28.530047],[-17.794806,28.529993],[-17.794845,28.52982],[-17.794877,28.529752],[-17.794897,28.529729],[-17.795056,28.529634],[-17.795207,28.529602],[-17.795208,28.529602],[-17.795344,28.529481],[-17.795373,28.529427],[-17.795509,28.529306],[-17.795544,28.52929],[-17.79573,28.529287]]]}},{"type":"Feature","properties":{"id":158,"tipo":"arqueologico","subtipo":"poblado_cabanas","nombre":"Los Tablados","municipio":"","direccion":"","descripcion":"","url_imagen":"","area_m2":5857.23,"longitud":-17.811014632120706,"latitud":28.505458662760947},"geometry":{"type":"Polygon","coordinates":[[[-17.810621,28.505689],[-17.810582,28.505617],[-17.810715,28.5054],[-17.810813,28.505243],[-17.810873,28.505149],[-17.810983,28.504976],[-17.811043,28.504882],[-17.811142,28.504882],[-17.811227,28.505018],[-17.811343,28.505204],[-17.81141,28.50531],[-17.811416,28.505471],[-17.811335,28.505624],[-17.811201,28.505746],[-17.811162,28.505763],[-17.811018,28.505878],[-17.810848,28.505974],[-17.810832,28.50598],[-17.810713,28.505928],[-17.810692,28.505857],[-17.810621,28.505689]]]}},{"type":"Feature","properties":{"id":159,"tipo":"arqueologico","subtipo":"poblado_cabanas","nombre":"Llano Centeno y Faro de Fuencaliente","municipio":"","direccion":"","descripcion":"","url_imagen":"","area_m2":6269.68,"longitud":-17.842174160036883,"latitud":28.45568822408469},"geometry":{"type":"Polygon","coordinates":[[[-17.842497,28.455525],[-17.842645,28.455645],[-17.842664,28.455667],[-17.842765,28.455822],[-17.842769,28.45583],[-17.84273,28.455973],[-17.842715,28.455984],[-17.842544,28.456078],[-17.842421,28.456123],[-17.842274,28.45608],[-17.842253,28.456051],[-17.842113,28.455926],[-17.841811,28.455762],[-17.841651,28.455652],[-17.841501,28.455522],[-17.841511,28.455406],[-17.841552,28.45538],[-17.841737,28.455334],[-17.841996,28.45535],[-17.842192,28.45539],[-17.842278,28.455421],[-17.842458,28.455503],[-17.842497,28.455525]]]}},{"type":"Feature","properties":{"id":160,"tipo":"arqueologico","subtipo":"poblado_cabanas","nombre":"Los Pasitos","municipio":"","direccion":"","descripcion":"","url_imagen":"","area_m2":149581.75,"longitud":-17.763179715588585,"latitud":28.600077485550663},"geometry":{"type":"Polygon","coordinates":[[[-17.761732,28.598331],[-17.761857,28.598203],[-17.76195,28.598159],[-17.76214,28.598098],[-17.762503,28.598034],[-17.762704,28.598033],[-17.762938,28.598072],[-17.763126,28.598135],[-17.76355,28.59836],[-17.763716,28.598464],[-17.764348,28.598927],[-17.764527,28.598999],[-17.764935,28.599054],[-17.7651,28.599139],[-17.765654,28.599748],[-17.765695,28.599827],[-17.765778,28.599992],[-17.765813,28.600065],[-17.7659,28.600228],[-17.766076,28.60053],[-17.766171,28.600689],[-17.766257,28.60083],[-17.766266,28.600884],[-17.766259,28.600963],[-17.766239,28.601108],[-17.766169,28.601272],[-17.76611,28.601348],[-17.765951,28.601414],[-17.765373,28.601366],[-17.765169,28.601356],[-17.764436,28.601352],[-17.764233,28.601368],[-17.763714,28.601453],[-17.763512,28.601457],[-17.762946,28.601388],[-17.762764,28.601321],[-17.762618,28.601221],[-17.762436,28.601177],[-17.761979,28.601227],[-17.761776,28.601247],[-17.761331,28.601283],[-17.761127,28.601287],[-17.760646,28.601267],[-17.760442,28.601254],[-17.760169,28.601229],[-17.760068,28.601129],[-17.76007,28.600941],[-17.760076,28.600761],[-17.760099,28.600329],[-17.760155,28.600161],[-17.760252,28.600012],[-17.760395,28.599894],[-17.760833,28.599705],[-17.761027,28.599658],[-17.761271,28.599643],[-17.761449,28.599576],[-17.761594,28.599461],[-17.761748,28.599342],[-17.761851,28.599265],[-17.761937,28.599117],[-17.761972,28.598771],[-17.761915,28.598612],[-17.761705,28.598393],[-17.761732,28.598331]]]}},{"type":"Feature","properties":{"id":161,"tipo":"arqueologico","subtipo":"poblado_cabanas","nombre":"poblado cabanas #58","municipio":"","direccion":"","descripcion":"","url_imagen":"","area_m2":81123.22,"longitud":-17.76443373054417,"latitud":28.589874356877903},"geometry":{"type":"Polygon","coordinates":[[[-17.762451,28.589957],[-17.762509,28.589947],[-17.762701,28.58989],[-17.762845,28.589827],[-17.762937,28.589807],[-17.76311,28.589723],[-17.763135,28.589702],[-17.763143,28.589636],[-17.763115,28.589463],[-17.763094,28.589414],[-17.763083,28.589243],[-17.76314,28.589065],[-17.763207,28.589061],[-17.763407,28.589082],[-17.763594,28.589131],[-17.763605,28.589128],[-17.763773,28.589034],[-17.763984,28.588842],[-17.764126,28.588711],[-17.76427,28.588577],[-17.764313,28.588575],[-17.764501,28.588522],[-17.765034,28.588221],[-17.765397,28.588164],[-17.765593,28.588181],[-17.765798,28.588253],[-17.765945,28.588364],[-17.766076,28.588561],[-17.76608,28.588719],[-17.765859,28.589093],[-17.765806,28.589263],[-17.76578,28.589656],[-17.765699,28.589807],[-17.765456,28.590006],[-17.765469,28.590094],[-17.765511,28.59027],[-17.765546,28.590375],[-17.765577,28.590552],[-17.765582,28.590835],[-17.765511,28.591097],[-17.765434,28.591126],[-17.765253,28.59121],[-17.765217,28.59123],[-17.765144,28.591367],[-17.765153,28.591428],[-17.765073,28.591458],[-17.765028,28.591572],[-17.765056,28.591618],[-17.765004,28.591683],[-17.764872,28.591666],[-17.764693,28.591593],[-17.764347,28.591332],[-17.764173,28.591243],[-17.763573,28.591058],[-17.7634,28.590968],[-17.762996,28.590646],[-17.762818,28.590581],[-17.76249,28.590563],[-17.762368,28.59047],[-17.762298,28.590143],[-17.762451,28.589957]]]}},{"type":"Feature","properties":{"id":162,"tipo":"arqueologico","subtipo":"poblado_cabanas","nombre":"poblado cabanas #59","municipio":"","direccion":"","descripcion":"","url_imagen":"","area_m2":29273.64,"longitud":-17.999338649717036,"latitud":28.772647063977754},"geometry":{"type":"Polygon","coordinates":[[[-17.999409,28.772257],[-17.999603,28.772308],[-17.999638,28.772313],[-17.999832,28.772367],[-17.999882,28.772387],[-18.000056,28.772479],[-18.000089,28.7725],[-18.000241,28.77262],[-18.000256,28.772634],[-18.000414,28.772745],[-18.00052,28.772801],[-18.000548,28.772854],[-18.000618,28.773022],[-18.000627,28.77305],[-18.000627,28.773224],[-18.000621,28.773299],[-18.000473,28.773393],[-18.000092,28.773506],[-17.999893,28.773545],[-17.999184,28.773617],[-17.999053,28.773541],[-17.998827,28.772877],[-17.998742,28.772715],[-17.998215,28.771993],[-17.998142,28.771828],[-17.998083,28.77153],[-17.998209,28.771509],[-17.998409,28.77147],[-17.998518,28.771444],[-17.998614,28.771457],[-17.998812,28.771498],[-17.998899,28.771523],[-17.99904,28.771632],[-17.999126,28.771789],[-17.999102,28.771836],[-17.999073,28.772008],[-17.99909,28.772134],[-17.999183,28.77217],[-17.999371,28.772243],[-17.999409,28.772257]]]}},{"type":"Feature","properties":{"id":163,"tipo":"arqueologico","subtipo":"poblado_cabanas","nombre":"poblado cabanas #60","municipio":"","direccion":"","descripcion":"","url_imagen":"","area_m2":11584.34,"longitud":-17.99748701222926,"latitud":28.77486195189262},"geometry":{"type":"Polygon","coordinates":[[[-17.997241,28.775457],[-17.996937,28.775389],[-17.996888,28.775289],[-17.997117,28.774931],[-17.997185,28.774764],[-17.997258,28.774413],[-17.997311,28.77424],[-17.997409,28.774],[-17.997547,28.773917],[-17.997594,28.773918],[-17.997733,28.774004],[-17.997865,28.774304],[-17.997886,28.774477],[-17.997815,28.774866],[-17.997804,28.775045],[-17.997822,28.775326],[-17.997792,28.7755],[-17.997736,28.775634],[-17.997598,28.775711],[-17.997569,28.775709],[-17.997422,28.775622],[-17.997386,28.775559],[-17.997241,28.775457]]]}},{"type":"Feature","properties":{"id":164,"tipo":"arqueologico","subtipo":"poblado_cabanas","nombre":"poblado cabanas #61","municipio":"","direccion":"","descripcion":"","url_imagen":"","area_m2":3533.75,"longitud":-17.994448072109336,"latitud":28.77562863843303},"geometry":{"type":"Polygon","coordinates":[[[-17.994317,28.77578],[-17.994248,28.775727],[-17.994106,28.775598],[-17.993945,28.775422],[-17.993974,28.775364],[-17.994117,28.775296],[-17.994187,28.775306],[-17.994377,28.775365],[-17.994408,28.77538],[-17.994582,28.775476],[-17.994599,28.775486],[-17.99474,28.775612],[-17.994826,28.775727],[-17.994934,28.775881],[-17.994964,28.775928],[-17.994925,28.775973],[-17.994839,28.775966],[-17.994644,28.77592],[-17.994581,28.775895],[-17.994491,28.775868],[-17.994317,28.77578]]]}},{"type":"Feature","properties":{"id":165,"tipo":"arqueologico","subtipo":"poblado_cabanas","nombre":"poblado cabanas #62","municipio":"","direccion":"","descripcion":"","url_imagen":"","area_m2":3517.29,"longitud":-17.996027623281655,"latitud":28.778444603070184},"geometry":{"type":"Polygon","coordinates":[[[-17.995934,28.778724],[-17.995858,28.778585],[-17.995784,28.778417],[-17.99575,28.77832],[-17.995765,28.778152],[-17.995894,28.777918],[-17.995978,28.777967],[-17.996085,28.778105],[-17.996124,28.778259],[-17.99613,28.778282],[-17.996218,28.77844],[-17.996253,28.778477],[-17.996324,28.778637],[-17.996331,28.778736],[-17.996268,28.778893],[-17.996239,28.77892],[-17.99607,28.778845],[-17.995934,28.778724]]]}},{"type":"Feature","properties":{"id":166,"tipo":"arqueologico","subtipo":"poblado_cabanas","nombre":"poblado cabanas #63","municipio":"","direccion":"","descripcion":"","url_imagen":"","area_m2":16572.97,"longitud":-17.99101727477756,"latitud":28.786352165316124},"geometry":{"type":"Polygon","coordinates":[[[-17.9904,28.786138],[-17.990395,28.786109],[-17.990343,28.785936],[-17.990259,28.785752],[-17.990245,28.78558],[-17.990263,28.785515],[-17.990388,28.785417],[-17.990429,28.785413],[-17.990628,28.785433],[-17.990826,28.785493],[-17.99097,28.785602],[-17.991269,28.786108],[-17.991316,28.78618],[-17.991433,28.786327],[-17.991546,28.786443],[-17.991791,28.786698],[-17.991868,28.786856],[-17.991892,28.78705],[-17.991809,28.787174],[-17.991677,28.787221],[-17.991492,28.787212],[-17.991155,28.787052],[-17.990862,28.786912],[-17.990727,28.786789],[-17.990593,28.786549],[-17.99046,28.786309],[-17.9904,28.786138]]]}},{"type":"Feature","properties":{"id":167,"tipo":"arqueologico","subtipo":"poblado_cabanas","nombre":"poblado cabanas #64","municipio":"","direccion":"","descripcion":"","url_imagen":"","area_m2":9291.06,"longitud":-17.987557942389504,"latitud":28.790625890859474},"geometry":{"type":"Polygon","coordinates":[[[-17.988242,28.7904],[-17.988282,28.790413],[-17.988393,28.790533],[-17.988401,28.790578],[-17.988324,28.790705],[-17.988094,28.790799],[-17.987973,28.790848],[-17.987812,28.790953],[-17.987753,28.791012],[-17.987406,28.791023],[-17.987217,28.790979],[-17.987072,28.790899],[-17.986929,28.790776],[-17.986843,28.790662],[-17.986783,28.790581],[-17.986812,28.790456],[-17.986887,28.790413],[-17.987069,28.790336],[-17.98723,28.79029],[-17.987429,28.790276],[-17.988044,28.790356],[-17.988242,28.7904]]]}},{"type":"Feature","properties":{"id":168,"tipo":"arqueologico","subtipo":"poblado_cabanas","nombre":"poblado cabanas #65","municipio":"","direccion":"","descripcion":"","url_imagen":"","area_m2":18017.21,"longitud":-17.982758761424737,"latitud":28.79668081254092},"geometry":{"type":"Polygon","coordinates":[[[-17.982633,28.797199],[-17.982482,28.797178],[-17.982288,28.797127],[-17.981987,28.797007],[-17.981826,28.796902],[-17.981757,28.796832],[-17.981724,28.796679],[-17.981756,28.796598],[-17.98188,28.796471],[-17.982012,28.796409],[-17.982174,28.796303],[-17.982255,28.796231],[-17.982421,28.79613],[-17.982521,28.796092],[-17.982714,28.796075],[-17.982803,28.796093],[-17.983001,28.796138],[-17.983273,28.796208],[-17.983298,28.796243],[-17.983423,28.796385],[-17.983493,28.796449],[-17.983581,28.796482],[-17.983708,28.796603],[-17.98376,28.796739],[-17.983732,28.796898],[-17.983674,28.79697],[-17.983518,28.797075],[-17.983232,28.797172],[-17.983034,28.797207],[-17.982837,28.797211],[-17.982633,28.797199]]]}},{"type":"Feature","properties":{"id":169,"tipo":"arqueologico","subtipo":"poblado_cabanas","nombre":"poblado cabanas #66","municipio":"","direccion":"","descripcion":"","url_imagen":"","area_m2":9055.56,"longitud":-17.975125100100158,"latitud":28.80038971438833},"geometry":{"type":"Polygon","coordinates":[[[-17.975891,28.800599],[-17.97588,28.800634],[-17.975769,28.800773],[-17.975752,28.800784],[-17.975669,28.800805],[-17.975469,28.800826],[-17.975206,28.800813],[-17.975027,28.800749],[-17.974807,28.80058],[-17.974453,28.800308],[-17.974374,28.800159],[-17.974371,28.800064],[-17.97447,28.79996],[-17.974569,28.799946],[-17.974772,28.799941],[-17.974836,28.799946],[-17.975028,28.799996],[-17.975283,28.800113],[-17.975458,28.800206],[-17.975612,28.800298],[-17.975775,28.800407],[-17.975839,28.800454],[-17.975891,28.800599]]]}},{"type":"Feature","properties":{"id":170,"tipo":"arqueologico","subtipo":"poblado_cabanas","nombre":"poblado cabanas #67","municipio":"","direccion":"","descripcion":"","url_imagen":"","area_m2":18017.21,"longitud":-17.982758761424737,"latitud":28.796680812540917},"geometry":{"type":"Polygon","coordinates":[[[-17.982837,28.797211],[-17.982633,28.797199],[-17.982482,28.797178],[-17.982288,28.797127],[-17.981987,28.797007],[-17.981826,28.796902],[-17.981757,28.796832],[-17.981724,28.796679],[-17.981756,28.796598],[-17.98188,28.796471],[-17.982012,28.796409],[-17.982174,28.796303],[-17.982255,28.796231],[-17.982421,28.79613],[-17.982521,28.796092],[-17.982714,28.796075],[-17.982803,28.796093],[-17.983001,28.796138],[-17.983273,28.796208],[-17.983298,28.796243],[-17.983423,28.796385],[-17.983493,28.796449],[-17.983581,28.796482],[-17.983708,28.796603],[-17.98376,28.796739],[-17.983732,28.796898],[-17.983674,28.79697],[-17.983518,28.797075],[-17.983232,28.797172],[-17.983034,28.797207],[-17.982837,28.797211]]]}},{"type":"Feature","properties":{"id":171,"tipo":"arqueologico","subtipo":"poblado_cabanas","nombre":"poblado cabanas #68","municipio":"","direccion":"","descripcion":"","url_imagen":"","area_m2":16572.97,"longitud":-17.991017274777562,"latitud":28.786352165316128},"geometry":{"type":"Polygon","coordinates":[[[-17.99046,28.786309],[-17.9904,28.786138],[-17.990395,28.786109],[-17.990343,28.785936],[-17.990259,28.785752],[-17.990245,28.78558],[-17.990263,28.785515],[-17.990388,28.785417],[-17.990429,28.785413],[-17.990628,28.785433],[-17.990826,28.785493],[-17.99097,28.785602],[-17.991269,28.786108],[-17.991316,28.78618],[-17.991433,28.786327],[-17.991546,28.786443],[-17.991791,28.786698],[-17.991868,28.786856],[-17.991892,28.78705],[-17.991809,28.787174],[-17.991677,28.787221],[-17.991492,28.787212],[-17.991155,28.787052],[-17.990862,28.786912],[-17.990727,28.786789],[-17.990593,28.786549],[-17.99046,28.786309]]]}},{"type":"Feature","properties":{"id":172,"tipo":"arqueologico","subtipo":"poblado_cabanas","nombre":"poblado cabanas #69","municipio":"","direccion":"","descripcion":"","url_imagen":"","area_m2":9291.06,"longitud":-17.987557942389504,"latitud":28.790625890859474},"geometry":{"type":"Polygon","coordinates":[[[-17.988242,28.7904],[-17.988282,28.790413],[-17.988393,28.790533],[-17.988401,28.790578],[-17.988324,28.790705],[-17.988094,28.790799],[-17.987973,28.790848],[-17.987812,28.790953],[-17.987753,28.791012],[-17.987406,28.791023],[-17.987217,28.790979],[-17.987072,28.790899],[-17.986929,28.790776],[-17.986843,28.790662],[-17.986783,28.790581],[-17.986812,28.790456],[-17.986887,28.790413],[-17.987069,28.790336],[-17.98723,28.79029],[-17.987429,28.790276],[-17.988044,28.790356],[-17.988242,28.7904]]]}},{"type":"Feature","properties":{"id":173,"tipo":"arqueologico","subtipo":"poblado_cabanas","nombre":"poblado cabanas #70","municipio":"","direccion":"","descripcion":"","url_imagen":"","area_m2":9055.56,"longitud":-17.975125100100154,"latitud":28.800389714388334},"geometry":{"type":"Polygon","coordinates":[[[-17.975839,28.800454],[-17.975891,28.800599],[-17.97588,28.800634],[-17.975769,28.800773],[-17.975752,28.800784],[-17.975669,28.800805],[-17.975469,28.800826],[-17.975206,28.800813],[-17.975027,28.800749],[-17.974807,28.80058],[-17.974453,28.800308],[-17.974374,28.800159],[-17.974371,28.800064],[-17.97447,28.79996],[-17.974569,28.799946],[-17.974772,28.799941],[-17.974836,28.799946],[-17.975028,28.799996],[-17.975283,28.800113],[-17.975458,28.800206],[-17.975612,28.800298],[-17.975775,28.800407],[-17.975839,28.800454]]]}},{"type":"Feature","properties":{"id":174,"tipo":"arqueologico","subtipo":"poblado_cabanas","nombre":"poblado cabanas #71","municipio":"","direccion":"","descripcion":"","url_imagen":"","area_m2":11584.34,"longitud":-17.99748701222926,"latitud":28.77486195189262},"geometry":{"type":"Polygon","coordinates":[[[-17.997241,28.775457],[-17.996937,28.775389],[-17.996888,28.775289],[-17.997117,28.774931],[-17.997185,28.774764],[-17.997258,28.774413],[-17.997311,28.77424],[-17.997409,28.774],[-17.997547,28.773917],[-17.997594,28.773918],[-17.997733,28.774004],[-17.997865,28.774304],[-17.997886,28.774477],[-17.997815,28.774866],[-17.997804,28.775045],[-17.997822,28.775326],[-17.997792,28.7755],[-17.997736,28.775634],[-17.997598,28.775711],[-17.997569,28.775709],[-17.997422,28.775622],[-17.997386,28.775559],[-17.997241,28.775457]]]}},{"type":"Feature","properties":{"id":175,"tipo":"arqueologico","subtipo":"poblado_cabanas","nombre":"poblado cabanas #72","municipio":"","direccion":"","descripcion":"","url_imagen":"","area_m2":3533.75,"longitud":-17.99444807210933,"latitud":28.77562863843303},"geometry":{"type":"Polygon","coordinates":[[[-17.994491,28.775868],[-17.994317,28.77578],[-17.994248,28.775727],[-17.994106,28.775598],[-17.993945,28.775422],[-17.993974,28.775364],[-17.994117,28.775296],[-17.994187,28.775306],[-17.994377,28.775365],[-17.994408,28.77538],[-17.994582,28.775476],[-17.994599,28.775486],[-17.99474,28.775612],[-17.994826,28.775727],[-17.994934,28.775881],[-17.994964,28.775928],[-17.994925,28.775973],[-17.994839,28.775966],[-17.994644,28.77592],[-17.994581,28.775895],[-17.994491,28.775868]]]}},{"type":"Feature","properties":{"id":176,"tipo":"arqueologico","subtipo":"poblado_cabanas","nombre":"poblado cabanas #73","municipio":"","direccion":"","descripcion":"","url_imagen":"","area_m2":3517.29,"longitud":-17.996027623281655,"latitud":28.77844460307018},"geometry":{"type":"Polygon","coordinates":[[[-17.99607,28.778845],[-17.995934,28.778724],[-17.995858,28.778585],[-17.995784,28.778417],[-17.99575,28.77832],[-17.995765,28.778152],[-17.995894,28.777918],[-17.995978,28.777967],[-17.996085,28.778105],[-17.996124,28.778259],[-17.99613,28.778282],[-17.996218,28.77844],[-17.996253,28.778477],[-17.996324,28.778637],[-17.996331,28.778736],[-17.996268,28.778893],[-17.996239,28.77892],[-17.99607,28.778845]]]}},{"type":"Feature","properties":{"id":177,"tipo":"arqueologico","subtipo":"poblado_cabanas","nombre":"poblado cabanas #74","municipio":"","direccion":"","descripcion":"","url_imagen":"","area_m2":56563.92,"longitud":-17.842686854309953,"latitud":28.61433155310954},"geometry":{"type":"Polygon","coordinates":[[[-17.841806,28.615537],[-17.841623,28.615408],[-17.841535,28.615243],[-17.841551,28.615065],[-17.841597,28.614402],[-17.841772,28.614014],[-17.841714,28.613629],[-17.841929,28.613256],[-17.842418,28.613031],[-17.842641,28.612806],[-17.842832,28.61276],[-17.843071,28.612768],[-17.843283,28.613004],[-17.843513,28.613261],[-17.843647,28.61347],[-17.843786,28.614026],[-17.843809,28.6145],[-17.84381,28.614732],[-17.843675,28.615044],[-17.84351,28.615322],[-17.843257,28.615539],[-17.842753,28.615719],[-17.842418,28.615717],[-17.841806,28.615537]]]}},{"type":"Feature","properties":{"id":178,"tipo":"arqueologico","subtipo":"poblado_cabanas","nombre":"poblado cabanas #75","municipio":"","direccion":"","descripcion":"","url_imagen":"","area_m2":56563.92,"longitud":-17.842686854309953,"latitud":28.61433155310954},"geometry":{"type":"Polygon","coordinates":[[[-17.841806,28.615537],[-17.841623,28.615408],[-17.841535,28.615243],[-17.841551,28.615065],[-17.841597,28.614402],[-17.841772,28.614014],[-17.841714,28.613629],[-17.841929,28.613256],[-17.842418,28.613031],[-17.842641,28.612806],[-17.842832,28.61276],[-17.843071,28.612768],[-17.843283,28.613004],[-17.843513,28.613261],[-17.843647,28.61347],[-17.843786,28.614026],[-17.843809,28.6145],[-17.84381,28.614732],[-17.843675,28.615044],[-17.84351,28.615322],[-17.843257,28.615539],[-17.842753,28.615719],[-17.842418,28.615717],[-17.841806,28.615537]]]}},{"type":"Feature","properties":{"id":179,"tipo":"arqueologico","subtipo":"poblado_cuevas","nombre":"poblado cuevas #1","municipio":"","direccion":"","descripcion":"","url_imagen":"","area_m2":100490.69,"longitud":-17.777021196372257,"latitud":28.814293901338942},"geometry":{"type":"Polygon","coordinates":[[[-17.78041,28.812926],[-17.780396,28.812945],[-17.780293,28.813101],[-17.780206,28.813235],[-17.780053,28.813316],[-17.779692,28.81333],[-17.779496,28.813369],[-17.77948,28.813375],[-17.779371,28.813499],[-17.779345,28.813658],[-17.779255,28.813809],[-17.779051,28.813975],[-17.778925,28.814115],[-17.778863,28.814213],[-17.778715,28.814319],[-17.778504,28.814381],[-17.778311,28.814441],[-17.777985,28.814549],[-17.777791,28.814605],[-17.777368,28.814709],[-17.777182,28.814781],[-17.776943,28.814912],[-17.776797,28.815033],[-17.776686,28.815172],[-17.776546,28.815302],[-17.776037,28.815659],[-17.775914,28.815797],[-17.775735,28.816143],[-17.775651,28.816307],[-17.775569,28.816472],[-17.775455,28.816618],[-17.775206,28.816835],[-17.775032,28.816916],[-17.774884,28.81694],[-17.774716,28.816889],[-17.774523,28.816696],[-17.77436,28.816594],[-17.774342,28.816588],[-17.77429,28.816473],[-17.7744,28.816269],[-17.774536,28.81615],[-17.77494,28.815987],[-17.77504,28.81586],[-17.775061,28.815568],[-17.775044,28.81539],[-17.774949,28.815033],[-17.774977,28.814867],[-17.775175,28.814567],[-17.775261,28.814404],[-17.775439,28.813967],[-17.775501,28.813795],[-17.775619,28.81342],[-17.775749,28.813324],[-17.776166,28.813287],[-17.776367,28.8133],[-17.776787,28.813392],[-17.776989,28.813417],[-17.777216,28.813425],[-17.777385,28.813359],[-17.777463,28.81328],[-17.777591,28.81314],[-17.777738,28.812969],[-17.777893,28.81286],[-17.778383,28.812661],[-17.778779,28.8125],[-17.77897,28.812489],[-17.779276,28.812572],[-17.779473,28.812622],[-17.779704,28.812679],[-17.779902,28.812725],[-17.780363,28.812826],[-17.78041,28.812926]]]}},{"type":"Feature","properties":{"id":180,"tipo":"arqueologico","subtipo":"poblado_cuevas","nombre":"poblado cuevas #2","municipio":"","direccion":"","descripcion":"","url_imagen":"","area_m2":6894.96,"longitud":-17.793523033896818,"latitud":28.831657783510586},"geometry":{"type":"Polygon","coordinates":[[[-17.794165,28.83118],[-17.794155,28.831356],[-17.79417,28.831439],[-17.794112,28.831591],[-17.793976,28.831706],[-17.793824,28.831826],[-17.793783,28.831856],[-17.793603,28.831925],[-17.793414,28.831948],[-17.79323,28.832014],[-17.793164,28.832058],[-17.792984,28.832084],[-17.792905,28.832062],[-17.792809,28.831944],[-17.79281,28.831902],[-17.792879,28.831744],[-17.792981,28.83164],[-17.793147,28.831548],[-17.793294,28.831514],[-17.793484,28.83145],[-17.793736,28.831335],[-17.793913,28.831245],[-17.7942,28.831082],[-17.794165,28.83118]]]}},{"type":"Feature","properties":{"id":181,"tipo":"arqueologico","subtipo":"poblado_cuevas","nombre":"poblado cuevas #3","municipio":"","direccion":"","descripcion":"","url_imagen":"","area_m2":14958.28,"longitud":-17.82371524960624,"latitud":28.82817301030975},"geometry":{"type":"Polygon","coordinates":[[[-17.823669,28.828849],[-17.823502,28.828746],[-17.823344,28.828632],[-17.823274,28.828573],[-17.823211,28.828421],[-17.823212,28.828413],[-17.823152,28.82826],[-17.823113,28.828226],[-17.823026,28.828073],[-17.823004,28.827941],[-17.822997,28.827762],[-17.823005,28.827675],[-17.823115,28.827592],[-17.823214,28.827598],[-17.823417,28.827589],[-17.82358,28.827563],[-17.823776,28.82758],[-17.823967,28.827645],[-17.824131,28.827745],[-17.824202,28.827814],[-17.824313,28.827963],[-17.824365,28.828063],[-17.824446,28.828229],[-17.824454,28.828244],[-17.824451,28.828409],[-17.82442,28.828471],[-17.824292,28.828601],[-17.824246,28.828627],[-17.824086,28.828738],[-17.824049,28.828771],[-17.823879,28.828863],[-17.823849,28.828872],[-17.823669,28.828849]]]}},{"type":"Feature","properties":{"id":182,"tipo":"arqueologico","subtipo":"poblado_cuevas","nombre":"Los Gallegos","municipio":"","direccion":"","descripcion":"","url_imagen":"","area_m2":21492.54,"longitud":-17.835233910328554,"latitud":28.826825190710345},"geometry":{"type":"Polygon","coordinates":[[[-17.834708,28.828081],[-17.834599,28.828056],[-17.834537,28.827949],[-17.834603,28.827797],[-17.834658,28.827624],[-17.834737,28.82723],[-17.834785,28.827056],[-17.834875,28.826802],[-17.834909,28.826626],[-17.83492,28.826328],[-17.834936,28.825903],[-17.834986,28.825733],[-17.835085,28.825567],[-17.835232,28.825511],[-17.835358,28.825541],[-17.835495,28.825648],[-17.835637,28.82596],[-17.835819,28.826359],[-17.835848,28.826533],[-17.835813,28.82689],[-17.835763,28.827062],[-17.835613,28.827366],[-17.835525,28.827529],[-17.835422,28.827704],[-17.83528,28.82782],[-17.835189,28.827854],[-17.835017,28.827948],[-17.834886,28.828045],[-17.834708,28.828081]]]}},{"type":"Feature","properties":{"id":183,"tipo":"arqueologico","subtipo":"poblado_cuevas","nombre":"poblado cuevas #5","municipio":"","direccion":"","descripcion":"","url_imagen":"","area_m2":22991.25,"longitud":-17.831922017173266,"latitud":28.743387711018197},"geometry":{"type":"Polygon","coordinates":[[[-17.830365,28.74381],[-17.830474,28.743679],[-17.830704,28.743572],[-17.830876,28.743476],[-17.831392,28.743142],[-17.83157,28.743056],[-17.832443,28.742762],[-17.832641,28.742728],[-17.833095,28.742718],[-17.833299,28.742706],[-17.833475,28.742688],[-17.833547,28.742764],[-17.833543,28.742776],[-17.833432,28.742918],[-17.833049,28.743184],[-17.832898,28.743305],[-17.8326,28.743581],[-17.832439,28.743688],[-17.832277,28.743764],[-17.83209,28.743834],[-17.831597,28.743975],[-17.831397,28.744006],[-17.831186,28.74401],[-17.830982,28.74401],[-17.830325,28.743999],[-17.830365,28.74381]]]}},{"type":"Feature","properties":{"id":184,"tipo":"arqueologico","subtipo":"poblado_cuevas","nombre":"poblado cuevas #6","municipio":"","direccion":"","descripcion":"","url_imagen":"","area_m2":17548.44,"longitud":-17.89664256579067,"latitud":28.75165668738573},"geometry":{"type":"Polygon","coordinates":[[[-17.897692,28.751218],[-17.897886,28.751266],[-17.897949,28.751292],[-17.898001,28.751413],[-17.897947,28.751521],[-17.897842,28.751674],[-17.897733,28.751791],[-17.897566,28.75187],[-17.897485,28.751877],[-17.897281,28.751892],[-17.897056,28.751906],[-17.896852,28.751915],[-17.896566,28.751921],[-17.896365,28.751947],[-17.896139,28.752002],[-17.89608,28.752075],[-17.895918,28.752155],[-17.895653,28.752171],[-17.895455,28.752145],[-17.895192,28.752057],[-17.895056,28.751942],[-17.895007,28.75184],[-17.895069,28.751755],[-17.895171,28.751753],[-17.895375,28.751742],[-17.895763,28.75171],[-17.895938,28.751639],[-17.896071,28.751524],[-17.896224,28.751404],[-17.896246,28.751389],[-17.896427,28.751323],[-17.896529,28.751315],[-17.896723,28.751268],[-17.896902,28.751194],[-17.897096,28.751141],[-17.897199,28.751127],[-17.897393,28.751151],[-17.897514,28.751201],[-17.897692,28.751218]]]}},{"type":"Feature","properties":{"id":185,"tipo":"arqueologico","subtipo":"poblado_cuevas","nombre":"poblado cuevas #7","municipio":"","direccion":"","descripcion":"","url_imagen":"","area_m2":18090.49,"longitud":-17.85765886080572,"latitud":28.75979839934345},"geometry":{"type":"Polygon","coordinates":[[[-17.857223,28.760726],[-17.856992,28.761067],[-17.856905,28.761053],[-17.856861,28.761022],[-17.85682,28.760881],[-17.856858,28.760801],[-17.856902,28.760628],[-17.856927,28.760242],[-17.856992,28.760078],[-17.857159,28.759869],[-17.857268,28.759717],[-17.857483,28.759379],[-17.857577,28.759218],[-17.857687,28.759011],[-17.857815,28.758878],[-17.858039,28.758743],[-17.858221,28.758717],[-17.858251,28.758724],[-17.858352,28.758839],[-17.858359,28.759101],[-17.858369,28.759281],[-17.85838,28.759421],[-17.858358,28.759597],[-17.858289,28.759794],[-17.858181,28.759938],[-17.857845,28.760184],[-17.857702,28.760312],[-17.857545,28.760483],[-17.857395,28.760602],[-17.857264,28.760677],[-17.857223,28.760726]]]}},{"type":"Feature","properties":{"id":186,"tipo":"arqueologico","subtipo":"poblado_cuevas","nombre":"poblado cuevas #8","municipio":"","direccion":"","descripcion":"","url_imagen":"","area_m2":48442.82,"longitud":-17.87666764124596,"latitud":28.673050105480126},"geometry":{"type":"Polygon","coordinates":[[[-17.874534,28.674219],[-17.874547,28.67404],[-17.874614,28.673626],[-17.874956,28.67323],[-17.87512,28.673156],[-17.875461,28.673151],[-17.875664,28.673165],[-17.875938,28.67321],[-17.876113,28.673164],[-17.876317,28.672993],[-17.876412,28.672843],[-17.876438,28.672727],[-17.876514,28.672564],[-17.876844,28.672127],[-17.87696,28.671978],[-17.87707,28.67184],[-17.877227,28.671789],[-17.877588,28.671871],[-17.877789,28.671903],[-17.878298,28.671951],[-17.878494,28.671925],[-17.878728,28.671839],[-17.878924,28.671799],[-17.879029,28.671793],[-17.879165,28.671873],[-17.87917,28.671884],[-17.879118,28.672018],[-17.879023,28.672071],[-17.878944,28.672209],[-17.878948,28.672257],[-17.879048,28.672385],[-17.879103,28.672407],[-17.879114,28.67245],[-17.879036,28.672557],[-17.878926,28.672579],[-17.878266,28.672587],[-17.878063,28.672606],[-17.877796,28.672652],[-17.877606,28.672712],[-17.877283,28.672869],[-17.877155,28.672996],[-17.876826,28.673709],[-17.876718,28.673858],[-17.876585,28.673983],[-17.876427,28.674094],[-17.876291,28.674162],[-17.876101,28.674216],[-17.875686,28.674251],[-17.875485,28.674238],[-17.875287,28.674193],[-17.875092,28.674202],[-17.874828,28.674289],[-17.874639,28.674356],[-17.874536,28.674395],[-17.874534,28.674219]]]}},{"type":"Feature","properties":{"id":187,"tipo":"arqueologico","subtipo":"poblado_cuevas","nombre":"poblado cuevas #9","municipio":"","direccion":"","descripcion":"","url_imagen":"","area_m2":406764.94,"longitud":-17.883777577903967,"latitud":28.665196355613745},"geometry":{"type":"Polygon","coordinates":[[[-17.885942,28.663683],[-17.885991,28.663563],[-17.885939,28.663463],[-17.886448,28.663365],[-17.886617,28.663279],[-17.886909,28.662991],[-17.887038,28.662851],[-17.887154,28.66271],[-17.887288,28.662575],[-17.8877,28.66223],[-17.887722,28.662236],[-17.88791,28.662219],[-17.888686,28.661843],[-17.888811,28.661715],[-17.889079,28.661067],[-17.889214,28.660962],[-17.889814,28.660842],[-17.889938,28.66091],[-17.89015,28.661649],[-17.890223,28.661816],[-17.890746,28.662669],[-17.890785,28.662838],[-17.890715,28.663499],[-17.890672,28.663674],[-17.890541,28.664007],[-17.890405,28.664098],[-17.890136,28.664113],[-17.889933,28.664131],[-17.889241,28.664215],[-17.889049,28.66427],[-17.888553,28.664503],[-17.888377,28.664594],[-17.88777,28.664945],[-17.887611,28.665056],[-17.887319,28.665301],[-17.88717,28.665425],[-17.886616,28.665874],[-17.886492,28.666015],[-17.886301,28.666332],[-17.886163,28.666454],[-17.885262,28.666883],[-17.885074,28.6669],[-17.884681,28.666798],[-17.884497,28.666821],[-17.883875,28.667173],[-17.883698,28.667263],[-17.883219,28.667483],[-17.883049,28.667582],[-17.882102,28.66823],[-17.88223,28.668103],[-17.88235,28.667842],[-17.882399,28.667668],[-17.882434,28.66736],[-17.882387,28.667196],[-17.882237,28.666999],[-17.882087,28.66696],[-17.881619,28.667145],[-17.881476,28.667103],[-17.881382,28.666957],[-17.881336,28.666788],[-17.881355,28.666379],[-17.881351,28.666199],[-17.881323,28.665868],[-17.881218,28.665748],[-17.881098,28.665711],[-17.880904,28.665707],[-17.880704,28.665762],[-17.88055,28.665864],[-17.88037,28.666103],[-17.880237,28.666238],[-17.880023,28.666406],[-17.879892,28.666542],[-17.879646,28.66689],[-17.879579,28.667056],[-17.879541,28.667306],[-17.879403,28.667416],[-17.879237,28.66752],[-17.87916,28.667556],[-17.878979,28.66764],[-17.878782,28.66773],[-17.878599,28.667809],[-17.878228,28.667962],[-17.878038,28.668028],[-17.877889,28.668071],[-17.877694,28.668127],[-17.877622,28.668147],[-17.877454,28.668241],[-17.87744,28.668254],[-17.877296,28.668382],[-17.877142,28.668514],[-17.876998,28.668642],[-17.876856,28.668773],[-17.876692,28.668876],[-17.876282,28.669046],[-17.876088,28.669073],[-17.876005,28.669064],[-17.875812,28.669013],[-17.875617,28.668926],[-17.875514,28.668796],[-17.875511,28.668773],[-17.875529,28.668597],[-17.875593,28.668415],[-17.87565,28.668242],[-17.875732,28.667982],[-17.875824,28.667826],[-17.876252,28.667366],[-17.8768,28.666777],[-17.876945,28.666651],[-17.877718,28.666109],[-17.877838,28.665969],[-17.877894,28.665849],[-17.87802,28.665717],[-17.878706,28.665338],[-17.878889,28.665262],[-17.879357,28.665129],[-17.879554,28.66508],[-17.880183,28.664943],[-17.880373,28.66488],[-17.880838,28.664664],[-17.881011,28.664569],[-17.881501,28.664251],[-17.881662,28.664139],[-17.882269,28.663683],[-17.882215,28.664007],[-17.882299,28.664117],[-17.882503,28.664144],[-17.883539,28.664196],[-17.883743,28.664191],[-17.884878,28.664085],[-17.885073,28.664038],[-17.885942,28.663683]]]}},{"type":"Feature","properties":{"id":188,"tipo":"arqueologico","subtipo":"poblado_cuevas","nombre":"poblado cuevas #10","municipio":"","direccion":"","descripcion":"","url_imagen":"","area_m2":88445.57,"longitud":-17.88807574418754,"latitud":28.658724349026183},"geometry":{"type":"Polygon","coordinates":[[[-17.889615,28.659438],[-17.889469,28.659318],[-17.8893,28.659233],[-17.889109,28.659189],[-17.888578,28.659195],[-17.888379,28.659168],[-17.887896,28.659026],[-17.887705,28.659031],[-17.886799,28.659351],[-17.886621,28.659333],[-17.886408,28.659201],[-17.886251,28.659086],[-17.886018,28.658886],[-17.885848,28.658796],[-17.885143,28.658595],[-17.885006,28.658484],[-17.884885,28.658235],[-17.884547,28.657538],[-17.884559,28.657378],[-17.884608,28.657306],[-17.884756,28.657261],[-17.885788,28.65762],[-17.886624,28.657912],[-17.886822,28.657945],[-17.887455,28.657944],[-17.887658,28.657955],[-17.888348,28.658035],[-17.888549,28.658068],[-17.889495,28.65827],[-17.88968,28.65834],[-17.889819,28.658419],[-17.890007,28.658477],[-17.89063,28.658538],[-17.890777,28.658628],[-17.891031,28.659073],[-17.891114,28.659237],[-17.891197,28.659419],[-17.891212,28.65959],[-17.891068,28.66014],[-17.890964,28.660282],[-17.890701,28.660457],[-17.890524,28.660479],[-17.890415,28.660443],[-17.89026,28.660338],[-17.890062,28.660096],[-17.889948,28.659947],[-17.889734,28.659649],[-17.889715,28.659568],[-17.889615,28.659438]]]}},{"type":"Feature","properties":{"id":189,"tipo":"arqueologico","subtipo":"poblado_cuevas","nombre":"poblado cuevas #11","municipio":"","direccion":"","descripcion":"","url_imagen":"","area_m2":32189.95,"longitud":-17.877355564317014,"latitud":28.656538719891746},"geometry":{"type":"Polygon","coordinates":[[[-17.878513,28.65596],[-17.878701,28.65601],[-17.878904,28.656125],[-17.878962,28.65626],[-17.878821,28.656683],[-17.878726,28.656838],[-17.878449,28.657126],[-17.878292,28.657152],[-17.878262,28.657139],[-17.878074,28.65707],[-17.877749,28.656981],[-17.877284,28.656853],[-17.877093,28.656862],[-17.876379,28.657142],[-17.876187,28.657155],[-17.875775,28.657057],[-17.875677,28.656944],[-17.87568,28.656539],[-17.875768,28.656402],[-17.876008,28.656272],[-17.876196,28.656211],[-17.876671,28.656144],[-17.876866,28.656093],[-17.877174,28.655971],[-17.877368,28.655952],[-17.87766,28.656006],[-17.87786,28.656007],[-17.878183,28.655954],[-17.878513,28.65596]]]}},{"type":"Feature","properties":{"id":190,"tipo":"arqueologico","subtipo":"poblado_cuevas","nombre":"poblado cuevas #12","municipio":"","direccion":"","descripcion":"","url_imagen":"","area_m2":343157.91,"longitud":-17.86483009811352,"latitud":28.664708497365652},"geometry":{"type":"Polygon","coordinates":[[[-17.866097,28.665057],[-17.866114,28.665709],[-17.866114,28.665889],[-17.866098,28.666537],[-17.866138,28.666709],[-17.866284,28.666999],[-17.866332,28.667172],[-17.866352,28.667455],[-17.86639,28.667631],[-17.866519,28.66799],[-17.866629,28.668132],[-17.866985,28.668387],[-17.86709,28.668531],[-17.867102,28.66857],[-17.86711,28.668658],[-17.867118,28.668747],[-17.86711,28.668821],[-17.867088,28.669],[-17.867067,28.669147],[-17.867052,28.669327],[-17.867048,28.669461],[-17.866948,28.669577],[-17.866931,28.669581],[-17.866743,28.669564],[-17.866695,28.669541],[-17.866552,28.669421],[-17.866403,28.669204],[-17.866327,28.669152],[-17.866175,28.669269],[-17.866054,28.669415],[-17.865908,28.669439],[-17.86572,28.669331],[-17.865533,28.669268],[-17.865438,28.669254],[-17.86534,28.669329],[-17.865346,28.669482],[-17.865334,28.669661],[-17.865232,28.670222],[-17.865205,28.670401],[-17.865197,28.670462],[-17.865137,28.670631],[-17.865045,28.670779],[-17.865005,28.670862],[-17.86498,28.670915],[-17.864971,28.670946],[-17.864896,28.671139],[-17.864803,28.671297],[-17.864655,28.67147],[-17.864494,28.671563],[-17.864267,28.671609],[-17.864106,28.671557],[-17.864017,28.671451],[-17.863959,28.671289],[-17.863979,28.670756],[-17.863966,28.670577],[-17.863907,28.670272],[-17.863892,28.670093],[-17.863898,28.669686],[-17.863914,28.669507],[-17.864012,28.668905],[-17.86402,28.668726],[-17.863979,28.668083],[-17.863958,28.667904],[-17.863913,28.667637],[-17.863861,28.667464],[-17.863802,28.667331],[-17.863769,28.667157],[-17.863814,28.666314],[-17.863802,28.666135],[-17.863724,28.665719],[-17.863689,28.665542],[-17.863483,28.664571],[-17.863377,28.664436],[-17.862447,28.663955],[-17.862283,28.663848],[-17.861697,28.663369],[-17.861634,28.663219],[-17.861746,28.662396],[-17.86178,28.662378],[-17.861853,28.662341],[-17.862436,28.662558],[-17.862632,28.662587],[-17.862926,28.662569],[-17.86313,28.662571],[-17.864003,28.662642],[-17.864091,28.662561],[-17.863896,28.661346],[-17.863865,28.661168],[-17.863536,28.659372],[-17.863586,28.659215],[-17.863806,28.65899],[-17.863963,28.658879],[-17.86419,28.658772],[-17.864371,28.65877],[-17.865088,28.659093],[-17.865233,28.659211],[-17.865475,28.659551],[-17.865532,28.659718],[-17.865564,28.660529],[-17.865669,28.660612],[-17.866103,28.660584],[-17.866269,28.660507],[-17.866419,28.660339],[-17.866585,28.660258],[-17.866923,28.660224],[-17.867057,28.660299],[-17.867287,28.660907],[-17.867252,28.66106],[-17.866773,28.661535],[-17.86671,28.661692],[-17.866736,28.662187],[-17.866669,28.662342],[-17.86598,28.662973],[-17.865894,28.663127],[-17.865797,28.663683],[-17.865788,28.663862],[-17.865811,28.664148],[-17.865851,28.664324],[-17.866062,28.664882],[-17.866097,28.665057]]]}},{"type":"Feature","properties":{"id":191,"tipo":"arqueologico","subtipo":"poblado_cuevas","nombre":"poblado cuevas #13","municipio":"","direccion":"","descripcion":"","url_imagen":"","area_m2":168417.45,"longitud":-17.84869698431867,"latitud":28.671471971107586},"geometry":{"type":"Polygon","coordinates":[[[-17.848362,28.676405],[-17.848252,28.676316],[-17.848232,28.675595],[-17.848223,28.675415],[-17.848136,28.674197],[-17.848085,28.674026],[-17.847652,28.673226],[-17.847551,28.67307],[-17.847115,28.672491],[-17.846977,28.672361],[-17.845688,28.671506],[-17.845566,28.671368],[-17.84507,28.67035],[-17.845122,28.670305],[-17.846602,28.67091],[-17.846795,28.67093],[-17.847755,28.670761],[-17.84793,28.670682],[-17.848174,28.67048],[-17.848557,28.670072],[-17.849208,28.669375],[-17.84933,28.66923],[-17.849617,28.668844],[-17.84975,28.668709],[-17.850296,28.668286],[-17.850444,28.668161],[-17.850797,28.667834],[-17.850951,28.667717],[-17.851545,28.667349],[-17.851733,28.667112],[-17.851878,28.667087],[-17.852081,28.667204],[-17.852113,28.667331],[-17.85202,28.667465],[-17.851952,28.667631],[-17.851883,28.668044],[-17.851793,28.668195],[-17.851357,28.668552],[-17.851218,28.668684],[-17.850898,28.66904],[-17.850498,28.669881],[-17.850398,28.670037],[-17.850174,28.670308],[-17.850072,28.670463],[-17.849873,28.670855],[-17.849751,28.670994],[-17.849488,28.671181],[-17.849378,28.671324],[-17.849256,28.671679],[-17.849227,28.671856],[-17.849232,28.6723],[-17.849221,28.67248],[-17.849128,28.673138],[-17.849147,28.673314],[-17.849258,28.673618],[-17.849281,28.673794],[-17.849227,28.674352],[-17.849258,28.674691],[-17.849238,28.674868],[-17.849034,28.675497],[-17.848876,28.675981],[-17.848779,28.676135],[-17.848506,28.676399],[-17.848362,28.676405]]]}},{"type":"Feature","properties":{"id":192,"tipo":"arqueologico","subtipo":"poblado_cuevas","nombre":"poblado cuevas #14","municipio":"","direccion":"","descripcion":"","url_imagen":"","area_m2":9742.03,"longitud":-17.853472728670262,"latitud":28.70115484129507},"geometry":{"type":"Polygon","coordinates":[[[-17.852879,28.701337],[-17.852891,28.701275],[-17.85283,28.701019],[-17.852853,28.700991],[-17.853008,28.700887],[-17.85302,28.700884],[-17.853215,28.700879],[-17.853291,28.700898],[-17.85347,28.700867],[-17.853514,28.700838],[-17.853688,28.700746],[-17.853735,28.700727],[-17.853929,28.700707],[-17.854274,28.700761],[-17.854418,28.700859],[-17.85445,28.700918],[-17.854395,28.701022],[-17.854321,28.701038],[-17.854142,28.701118],[-17.853918,28.701149],[-17.853708,28.701246],[-17.853672,28.70135],[-17.853559,28.701407],[-17.853468,28.70147],[-17.853385,28.701591],[-17.853332,28.701633],[-17.85327,28.701665],[-17.853156,28.701673],[-17.85308,28.701661],[-17.852901,28.701702],[-17.852838,28.701749],[-17.852787,28.701745],[-17.852719,28.701651],[-17.852731,28.701623],[-17.852743,28.701603],[-17.852828,28.70144],[-17.852842,28.701405],[-17.852879,28.701337]]]}},{"type":"Feature","properties":{"id":193,"tipo":"arqueologico","subtipo":"poblado_cuevas","nombre":"poblado cuevas #15","municipio":"","direccion":"","descripcion":"","url_imagen":"","area_m2":6350.81,"longitud":-17.85309718692164,"latitud":28.699364739934268},"geometry":{"type":"Polygon","coordinates":[[[-17.852514,28.699151],[-17.852491,28.699062],[-17.852596,28.69905],[-17.852798,28.699055],[-17.853048,28.699093],[-17.85325,28.699123],[-17.853532,28.699165],[-17.853684,28.699258],[-17.853733,28.699332],[-17.853705,28.699467],[-17.853614,28.699532],[-17.853402,28.699683],[-17.853225,28.69971],[-17.853002,28.699643],[-17.852804,28.699601],[-17.852617,28.699576],[-17.85259,28.699489],[-17.852588,28.699413],[-17.85255,28.699239],[-17.852514,28.699151]]]}},{"type":"Feature","properties":{"id":194,"tipo":"arqueologico","subtipo":"poblado_cuevas","nombre":"poblado cuevas #16","municipio":"","direccion":"","descripcion":"","url_imagen":"","area_m2":12729.35,"longitud":-17.770345818096978,"latitud":28.67731424925545},"geometry":{"type":"Polygon","coordinates":[[[-17.771358,28.677537],[-17.771183,28.677528],[-17.771125,28.677503],[-17.770942,28.677461],[-17.770809,28.677451],[-17.770618,28.677472],[-17.770407,28.677539],[-17.770234,28.677604],[-17.770025,28.677697],[-17.76985,28.67771],[-17.769615,28.677652],[-17.769445,28.677591],[-17.769289,28.677513],[-17.769208,28.677416],[-17.769192,28.677226],[-17.769279,28.677141],[-17.769501,28.677078],[-17.769696,28.677054],[-17.770108,28.67706],[-17.770634,28.677069],[-17.770835,28.677055],[-17.771162,28.677003],[-17.771334,28.676976],[-17.771459,28.677017],[-17.771502,28.677116],[-17.771568,28.677264],[-17.771562,28.677377],[-17.771525,28.677445],[-17.7714,28.677526],[-17.771358,28.677537]]]}},{"type":"Feature","properties":{"id":195,"tipo":"arqueologico","subtipo":"poblado_cuevas","nombre":"Bco del Humo","municipio":"","direccion":"","descripcion":"","url_imagen":"","area_m2":10183.44,"longitud":-17.770050674456357,"latitud":28.664125210654316},"geometry":{"type":"Polygon","coordinates":[[[-17.771193,28.664634],[-17.77105,28.664721],[-17.77098,28.664723],[-17.770797,28.664671],[-17.770569,28.664513],[-17.770388,28.664443],[-17.770213,28.664418],[-17.770018,28.664368],[-17.769711,28.664256],[-17.769543,28.664159],[-17.769432,28.664065],[-17.769265,28.663966],[-17.768994,28.663858],[-17.768903,28.663794],[-17.768875,28.66366],[-17.768932,28.663575],[-17.769231,28.663532],[-17.769418,28.663566],[-17.769611,28.663676],[-17.769769,28.663789],[-17.769947,28.663948],[-17.769976,28.663963],[-17.770117,28.664038],[-17.770376,28.664107],[-17.770574,28.664151],[-17.770838,28.664201],[-17.771029,28.66428],[-17.771176,28.664404],[-17.771243,28.664476],[-17.771242,28.664536],[-17.771193,28.664634]]]}},{"type":"Feature","properties":{"id":196,"tipo":"arqueologico","subtipo":"poblado_cuevas","nombre":"poblado cuevas #18","municipio":"","direccion":"","descripcion":"","url_imagen":"","area_m2":8682.95,"longitud":-17.734839817943474,"latitud":28.739678096378046},"geometry":{"type":"Polygon","coordinates":[[[-17.735784,28.739891],[-17.735816,28.739926],[-17.735804,28.740057],[-17.735751,28.740099],[-17.735576,28.740137],[-17.735407,28.740098],[-17.735215,28.740038],[-17.734945,28.739928],[-17.734752,28.739872],[-17.734385,28.739806],[-17.734219,28.739719],[-17.734042,28.739532],[-17.733921,28.739388],[-17.73387,28.739318],[-17.733915,28.73923],[-17.733957,28.739225],[-17.734157,28.739237],[-17.734446,28.739307],[-17.734641,28.73936],[-17.734827,28.739416],[-17.735014,28.739487],[-17.735322,28.739633],[-17.73563,28.739778],[-17.735784,28.739891]]]}},{"type":"Feature","properties":{"id":197,"tipo":"arqueologico","subtipo":"poblado_cuevas","nombre":"poblado cuevas #19","municipio":"","direccion":"","descripcion":"","url_imagen":"","area_m2":9516.63,"longitud":-17.778461929999636,"latitud":28.81616041378679},"geometry":{"type":"Polygon","coordinates":[[[-17.779143,28.815635],[-17.779152,28.81571],[-17.779093,28.815866],[-17.778819,28.816128],[-17.778694,28.81627],[-17.778472,28.816572],[-17.778348,28.816715],[-17.778263,28.816799],[-17.778094,28.816884],[-17.777936,28.816912],[-17.77783,28.81684],[-17.777824,28.81674],[-17.777854,28.816565],[-17.777958,28.816324],[-17.778059,28.81617],[-17.778322,28.815883],[-17.778456,28.815747],[-17.778767,28.815455],[-17.778924,28.815436],[-17.779045,28.815499],[-17.779143,28.815635]]]}},{"type":"Feature","properties":{"id":198,"tipo":"arqueologico","subtipo":"poblado_cuevas","nombre":"poblado cuevas #20","municipio":"","direccion":"","descripcion":"","url_imagen":"","area_m2":6848.59,"longitud":-17.78137508494013,"latitud":28.82133628273483},"geometry":{"type":"Polygon","coordinates":[[[-17.782089,28.821516],[-17.782091,28.821552],[-17.782047,28.821721],[-17.782037,28.821736],[-17.781952,28.821727],[-17.781756,28.82168],[-17.781653,28.821642],[-17.781351,28.821529],[-17.781199,28.821472],[-17.781004,28.821424],[-17.780734,28.82139],[-17.780683,28.821391],[-17.780511,28.821325],[-17.780481,28.821296],[-17.780506,28.821195],[-17.780555,28.821178],[-17.780739,28.821099],[-17.780827,28.821056],[-17.780929,28.821054],[-17.781133,28.821063],[-17.781167,28.821067],[-17.781371,28.821067],[-17.78145,28.821059],[-17.781641,28.821094],[-17.781695,28.821121],[-17.781863,28.821223],[-17.781937,28.821278],[-17.782016,28.821357],[-17.782089,28.821516]]]}},{"type":"Feature","properties":{"id":199,"tipo":"arqueologico","subtipo":"poblado_cuevas","nombre":"poblado cuevas #21","municipio":"","direccion":"","descripcion":"","url_imagen":"","area_m2":39955.94,"longitud":-17.783658511847953,"latitud":28.824873083769738},"geometry":{"type":"Polygon","coordinates":[[[-17.786449,28.8246],[-17.786622,28.824694],[-17.786661,28.824719],[-17.786752,28.824741],[-17.78677,28.824789],[-17.786704,28.824902],[-17.786665,28.824913],[-17.786478,28.824984],[-17.786304,28.825067],[-17.786183,28.825124],[-17.785998,28.825201],[-17.785916,28.825231],[-17.785719,28.825263],[-17.785491,28.825258],[-17.785289,28.825277],[-17.785107,28.825315],[-17.784912,28.825367],[-17.784476,28.825509],[-17.784298,28.825487],[-17.784065,28.825333],[-17.783891,28.825239],[-17.783294,28.824972],[-17.783102,28.824912],[-17.782891,28.824872],[-17.782706,28.824903],[-17.782439,28.825058],[-17.782257,28.825139],[-17.781947,28.825238],[-17.781748,28.825275],[-17.781441,28.825293],[-17.781254,28.825248],[-17.781087,28.825146],[-17.780939,28.825025],[-17.780827,28.824903],[-17.780827,28.824762],[-17.780849,28.824739],[-17.781008,28.824634],[-17.781358,28.824507],[-17.781554,28.824476],[-17.782003,28.82449],[-17.782198,28.824455],[-17.782458,28.824345],[-17.782653,28.824311],[-17.783016,28.824327],[-17.783217,28.824357],[-17.783505,28.824431],[-17.783702,28.82448],[-17.783952,28.82454],[-17.784139,28.82461],[-17.784394,28.824741],[-17.784581,28.82481],[-17.784811,28.824863],[-17.784999,28.824843],[-17.785296,28.824697],[-17.785483,28.824625],[-17.785808,28.82453],[-17.785898,28.824544],[-17.786101,28.824563],[-17.786386,28.824573],[-17.786449,28.8246]]]}},{"type":"Feature","properties":{"id":200,"tipo":"arqueologico","subtipo":"poblado_cuevas","nombre":"poblado cuevas #22","municipio":"","direccion":"","descripcion":"","url_imagen":"","area_m2":3931.61,"longitud":-17.77643481286412,"latitud":28.8271180546759},"geometry":{"type":"Polygon","coordinates":[[[-17.777044,28.827081],[-17.776971,28.827155],[-17.776922,28.827169],[-17.776728,28.827226],[-17.776564,28.827276],[-17.776366,28.82732],[-17.776342,28.827324],[-17.776139,28.827342],[-17.775943,28.827348],[-17.775923,28.827338],[-17.775852,28.827202],[-17.77586,28.827159],[-17.775976,28.82705],[-17.776098,28.827025],[-17.776294,28.826974],[-17.776455,28.826924],[-17.776721,28.826848],[-17.776896,28.82694],[-17.776936,28.826967],[-17.776986,28.827009],[-17.777044,28.827081]]]}},{"type":"Feature","properties":{"id":201,"tipo":"arqueologico","subtipo":"poblado_cuevas","nombre":"poblado cuevas #23","municipio":"","direccion":"","descripcion":"","url_imagen":"","area_m2":3089.73,"longitud":-17.77595773759821,"latitud":28.82820647408979},"geometry":{"type":"Polygon","coordinates":[[[-17.775739,28.828179],[-17.77586,28.828046],[-17.775912,28.828016],[-17.775935,28.827924],[-17.776038,28.827787],[-17.776042,28.827775],[-17.776121,28.827769],[-17.776164,28.827839],[-17.77622,28.827931],[-17.77625,28.8281],[-17.776234,28.828176],[-17.776158,28.828339],[-17.776091,28.828427],[-17.775931,28.828495],[-17.775897,28.828492],[-17.775712,28.828538],[-17.775525,28.828658],[-17.775575,28.828581],[-17.775627,28.828454],[-17.775739,28.828179]]]}},{"type":"Feature","properties":{"id":202,"tipo":"arqueologico","subtipo":"poblado_cuevas","nombre":"poblado cuevas #24","municipio":"","direccion":"","descripcion":"","url_imagen":"","area_m2":11479.82,"longitud":-17.796257568062437,"latitud":28.83644735436022},"geometry":{"type":"Polygon","coordinates":[[[-17.795454,28.837363],[-17.795449,28.837316],[-17.795426,28.837286],[-17.795427,28.837135],[-17.795443,28.837114],[-17.795526,28.836863],[-17.795621,28.836707],[-17.795786,28.836531],[-17.795858,28.836372],[-17.795861,28.836334],[-17.795957,28.8362],[-17.796084,28.836138],[-17.796261,28.836048],[-17.796375,28.83599],[-17.796523,28.835871],[-17.796657,28.835709],[-17.796808,28.835678],[-17.796947,28.835744],[-17.797099,28.835858],[-17.797136,28.835901],[-17.79718,28.836061],[-17.797147,28.836217],[-17.797027,28.836303],[-17.796943,28.8363],[-17.796743,28.836324],[-17.796603,28.836363],[-17.796439,28.83646],[-17.796147,28.836763],[-17.796044,28.836916],[-17.796001,28.837014],[-17.795896,28.837166],[-17.795834,28.837228],[-17.795795,28.83727],[-17.795632,28.837362],[-17.795608,28.837367],[-17.795454,28.837363]]]}},{"type":"Feature","properties":{"id":203,"tipo":"arqueologico","subtipo":"poblado_cuevas","nombre":"poblado cuevas #25","municipio":"","direccion":"","descripcion":"","url_imagen":"","area_m2":4627.51,"longitud":-17.79864372612873,"latitud":28.838768219596318},"geometry":{"type":"Polygon","coordinates":[[[-17.798948,28.839035],[-17.798998,28.839113],[-17.798999,28.8392],[-17.79891,28.839332],[-17.798887,28.839342],[-17.798821,28.839314],[-17.798649,28.839219],[-17.798597,28.839182],[-17.7985,28.839036],[-17.798483,28.83895],[-17.798427,28.838778],[-17.798415,28.838752],[-17.798362,28.838579],[-17.798335,28.838418],[-17.79835,28.838242],[-17.798367,28.838194],[-17.798484,28.838156],[-17.798535,28.838185],[-17.798645,28.838321],[-17.798668,28.838402],[-17.798759,28.838557],[-17.798858,28.838656],[-17.798861,28.83876],[-17.798901,28.838933],[-17.798948,28.839035]]]}},{"type":"Feature","properties":{"id":204,"tipo":"arqueologico","subtipo":"poblado_cuevas","nombre":"poblado cuevas #26","municipio":"","direccion":"","descripcion":"","url_imagen":"","area_m2":5012.97,"longitud":-17.800160662848494,"latitud":28.840620467017622},"geometry":{"type":"Polygon","coordinates":[[[-17.800704,28.840828],[-17.800573,28.840926],[-17.800446,28.84094],[-17.800244,28.840933],[-17.800172,28.84092],[-17.799988,28.84085],[-17.799951,28.840827],[-17.799781,28.840718],[-17.799609,28.840621],[-17.799588,28.840611],[-17.799634,28.840553],[-17.799769,28.840418],[-17.799828,28.840372],[-17.799999,28.840277],[-17.800063,28.840253],[-17.800233,28.84028],[-17.800273,28.840313],[-17.80042,28.840439],[-17.800502,28.840514],[-17.800515,28.840581],[-17.800614,28.840723],[-17.800636,28.840738],[-17.80071,28.840811],[-17.800704,28.840828]]]}},{"type":"Feature","properties":{"id":205,"tipo":"arqueologico","subtipo":"poblado_cuevas","nombre":"poblado cuevas #27","municipio":"","direccion":"","descripcion":"","url_imagen":"","area_m2":18221.56,"longitud":-17.804481670885618,"latitud":28.838038188824147},"geometry":{"type":"Polygon","coordinates":[[[-17.80466,28.837788],[-17.804615,28.837904],[-17.804514,28.83837],[-17.804468,28.838546],[-17.80441,28.838732],[-17.804374,28.838909],[-17.804349,28.839166],[-17.804345,28.839346],[-17.804351,28.83945],[-17.804344,28.839629],[-17.80434,28.839653],[-17.804238,28.839699],[-17.804073,28.839618],[-17.803926,28.839499],[-17.803841,28.839388],[-17.803785,28.839223],[-17.803785,28.839102],[-17.803806,28.838923],[-17.803809,28.838908],[-17.803868,28.838736],[-17.803918,28.838629],[-17.803973,28.838456],[-17.80403,28.838138],[-17.80404,28.838071],[-17.8041,28.837901],[-17.804135,28.837841],[-17.804195,28.837671],[-17.804235,28.837411],[-17.804343,28.837286],[-17.804426,28.837255],[-17.804549,28.837133],[-17.804601,28.836981],[-17.804713,28.836842],[-17.804772,28.836804],[-17.804962,28.836755],[-17.805156,28.836718],[-17.805364,28.836626],[-17.805432,28.836622],[-17.805634,28.836634],[-17.805757,28.836656],[-17.805699,28.836779],[-17.805656,28.836851],[-17.805536,28.836995],[-17.805496,28.83703],[-17.805397,28.837053],[-17.805198,28.837094],[-17.805115,28.83711],[-17.80495,28.837199],[-17.804864,28.837294],[-17.804754,28.837445],[-17.804676,28.837584],[-17.804652,28.837754],[-17.80466,28.837788]]]}},{"type":"Feature","properties":{"id":206,"tipo":"arqueologico","subtipo":"poblado_cuevas","nombre":"poblado cuevas #28","municipio":"","direccion":"","descripcion":"","url_imagen":"","area_m2":8791.82,"longitud":-17.807531372738186,"latitud":28.837682567133687},"geometry":{"type":"Polygon","coordinates":[[[-17.807106,28.837701],[-17.80691,28.837658],[-17.806779,28.837651],[-17.806591,28.837596],[-17.80653,28.83756],[-17.806484,28.837482],[-17.806527,28.837425],[-17.806708,28.837333],[-17.806746,28.837324],[-17.80695,28.83731],[-17.807154,28.837299],[-17.807215,28.837296],[-17.807337,28.837359],[-17.807526,28.837422],[-17.807591,28.837433],[-17.807793,28.837445],[-17.807861,28.837441],[-17.808005,28.837515],[-17.808136,28.837643],[-17.808192,28.837749],[-17.80828,28.837915],[-17.808409,28.838046],[-17.808468,28.838079],[-17.808471,28.838089],[-17.808482,28.838266],[-17.80848,28.838282],[-17.808364,28.838205],[-17.808275,28.838164],[-17.807888,28.83803],[-17.807717,28.837971],[-17.807519,28.837935],[-17.807444,28.837932],[-17.807292,28.83785],[-17.807278,28.837829],[-17.807135,28.837713],[-17.807106,28.837701]]]}},{"type":"Feature","properties":{"id":207,"tipo":"arqueologico","subtipo":"poblado_cuevas","nombre":"poblado cuevas #29","municipio":"","direccion":"","descripcion":"","url_imagen":"","area_m2":11202.42,"longitud":-17.809337343126572,"latitud":28.838183030873672},"geometry":{"type":"Polygon","coordinates":[[[-17.809216,28.838766],[-17.809088,28.838746],[-17.808998,28.838814],[-17.808832,28.838826],[-17.808796,28.838807],[-17.808791,28.838604],[-17.808756,28.838529],[-17.808798,28.838459],[-17.80885,28.838337],[-17.80892,28.838168],[-17.80898,28.838022],[-17.809056,28.837855],[-17.809112,28.837744],[-17.809227,28.837599],[-17.809359,28.837487],[-17.809532,28.837446],[-17.809732,28.837489],[-17.809866,28.837577],[-17.809826,28.837741],[-17.809791,28.837919],[-17.80976,28.838118],[-17.80972,28.838295],[-17.809691,28.838395],[-17.80965,28.838571],[-17.809641,28.838626],[-17.809554,28.83878],[-17.809492,28.838835],[-17.809327,28.838863],[-17.809261,28.838838],[-17.809216,28.838766]]]}},{"type":"Feature","properties":{"id":208,"tipo":"arqueologico","subtipo":"poblado_cuevas","nombre":"poblado cuevas #30","municipio":"","direccion":"","descripcion":"","url_imagen":"","area_m2":6784.3,"longitud":-17.808423197224734,"latitud":28.840864896728085},"geometry":{"type":"Polygon","coordinates":[[[-17.80865,28.840233],[-17.808699,28.840217],[-17.808762,28.840193],[-17.808802,28.840261],[-17.808825,28.840428],[-17.808813,28.840471],[-17.808792,28.840649],[-17.808793,28.840671],[-17.808761,28.840846],[-17.808691,28.841012],[-17.808592,28.841167],[-17.80844,28.841334],[-17.808281,28.841437],[-17.808094,28.841499],[-17.807995,28.841441],[-17.807993,28.841409],[-17.808005,28.841373],[-17.808037,28.841196],[-17.808047,28.841042],[-17.808067,28.840973],[-17.808121,28.840799],[-17.808143,28.840732],[-17.808309,28.840523],[-17.808436,28.840381],[-17.808486,28.840332],[-17.80865,28.840233]]]}},{"type":"Feature","properties":{"id":209,"tipo":"arqueologico","subtipo":"poblado_cuevas","nombre":"poblado cuevas #31","municipio":"","direccion":"","descripcion":"","url_imagen":"","area_m2":13402.68,"longitud":-17.793809646271242,"latitud":28.83964794807686},"geometry":{"type":"Polygon","coordinates":[[[-17.792283,28.839253],[-17.792458,28.839336],[-17.79265,28.839386],[-17.792963,28.839408],[-17.793295,28.839433],[-17.793471,28.839503],[-17.793517,28.839542],[-17.793685,28.839641],[-17.793834,28.839699],[-17.794025,28.839706],[-17.794096,28.839685],[-17.794316,28.8395],[-17.794461,28.839377],[-17.794619,28.839262],[-17.794887,28.839248],[-17.795075,28.839295],[-17.795097,28.839308],[-17.795146,28.839443],[-17.795085,28.839586],[-17.794975,28.839732],[-17.794857,28.839831],[-17.794687,28.839926],[-17.794564,28.839968],[-17.794377,28.840042],[-17.794211,28.840116],[-17.794028,28.840116],[-17.793906,28.840061],[-17.793732,28.839967],[-17.793592,28.839878],[-17.793407,28.839826],[-17.793278,28.839826],[-17.793075,28.839807],[-17.792936,28.83978],[-17.792739,28.839733],[-17.792396,28.839636],[-17.792229,28.839543],[-17.792164,28.839482],[-17.792121,28.839328],[-17.792132,28.839289],[-17.792283,28.839253]]]}},{"type":"Feature","properties":{"id":210,"tipo":"arqueologico","subtipo":"poblado_cuevas","nombre":"Los Gallegos","municipio":"","direccion":"","descripcion":"","url_imagen":"","area_m2":213236.02,"longitud":-17.83561427022849,"latitud":28.832702281056044},"geometry":{"type":"Polygon","coordinates":[[[-17.830249,28.834371],[-17.830373,28.833894],[-17.830447,28.833606],[-17.830536,28.833449],[-17.830585,28.833397],[-17.830658,28.833417],[-17.830665,28.833502],[-17.830711,28.833675],[-17.830767,28.833794],[-17.830843,28.833961],[-17.830947,28.834195],[-17.831013,28.834366],[-17.831108,28.834651],[-17.831183,28.834819],[-17.831192,28.834835],[-17.831332,28.834951],[-17.831486,28.835008],[-17.831671,28.835086],[-17.831791,28.835142],[-17.831969,28.835138],[-17.83199,28.835128],[-17.831999,28.835113],[-17.832099,28.83465],[-17.832168,28.834482],[-17.83226,28.834337],[-17.832407,28.83423],[-17.832571,28.834181],[-17.83277,28.83414],[-17.833176,28.834088],[-17.833375,28.834103],[-17.833502,28.834138],[-17.833666,28.834234],[-17.833774,28.834342],[-17.833892,28.834488],[-17.834021,28.834687],[-17.834088,28.834676],[-17.8341,28.834611],[-17.834168,28.834445],[-17.834212,28.834378],[-17.834231,28.834215],[-17.834176,28.834068],[-17.834103,28.8339],[-17.833997,28.833681],[-17.833914,28.833516],[-17.833845,28.83338],[-17.833833,28.833212],[-17.833925,28.832951],[-17.833988,28.832779],[-17.834126,28.832413],[-17.834215,28.832252],[-17.834379,28.832032],[-17.834437,28.832148],[-17.834507,28.832317],[-17.834617,28.832656],[-17.834719,28.832806],[-17.835176,28.833197],[-17.835326,28.83332],[-17.835733,28.833638],[-17.835884,28.83376],[-17.836025,28.833878],[-17.8362,28.833959],[-17.836346,28.833987],[-17.836533,28.833958],[-17.836586,28.83393],[-17.836775,28.833881],[-17.836911,28.833878],[-17.837047,28.83379],[-17.837163,28.833495],[-17.837165,28.833324],[-17.837039,28.832977],[-17.836961,28.832811],[-17.83671,28.832376],[-17.836669,28.832205],[-17.836712,28.831551],[-17.836745,28.831374],[-17.836845,28.831059],[-17.836874,28.830882],[-17.836877,28.830541],[-17.83685,28.830364],[-17.836484,28.82921],[-17.836471,28.829034],[-17.836497,28.828878],[-17.836494,28.8287],[-17.836474,28.828608],[-17.836435,28.828431],[-17.836331,28.827994],[-17.836328,28.827817],[-17.836431,28.827325],[-17.836474,28.827148],[-17.836586,28.826742],[-17.836679,28.82672],[-17.837473,28.827485],[-17.837568,28.827639],[-17.837807,28.828455],[-17.837974,28.829022],[-17.837985,28.829199],[-17.837852,28.830039],[-17.837851,28.830218],[-17.83795,28.830874],[-17.837969,28.831053],[-17.838042,28.832103],[-17.838071,28.832281],[-17.83823,28.832917],[-17.838285,28.83309],[-17.838465,28.83357],[-17.838526,28.833742],[-17.838788,28.834529],[-17.838714,28.834619],[-17.837889,28.834647],[-17.837686,28.834669],[-17.836673,28.834857],[-17.836476,28.834904],[-17.836214,28.834981],[-17.836043,28.835073],[-17.835825,28.835262],[-17.83565,28.835325],[-17.835033,28.835323],[-17.834828,28.835315],[-17.833883,28.835247],[-17.833679,28.835228],[-17.833272,28.835181],[-17.833086,28.835219],[-17.832762,28.835409],[-17.832589,28.835506],[-17.832384,28.835614],[-17.832206,28.835704],[-17.832012,28.835799],[-17.831824,28.835817],[-17.831437,28.835714],[-17.831244,28.835654],[-17.83064,28.835439],[-17.830478,28.835337],[-17.830223,28.83508],[-17.830226,28.834549],[-17.830249,28.834371]]]}},{"type":"Feature","properties":{"id":211,"tipo":"arqueologico","subtipo":"poblado_cuevas","nombre":"El Pedregal","municipio":"","direccion":"","descripcion":"","url_imagen":"","area_m2":6628.59,"longitud":-17.846460276940057,"latitud":28.830000843196363},"geometry":{"type":"Polygon","coordinates":[[[-17.846659,28.830647],[-17.846641,28.830629],[-17.846489,28.83051],[-17.846439,28.83048],[-17.846323,28.830343],[-17.846235,28.830106],[-17.84616,28.829938],[-17.846085,28.829771],[-17.846081,28.829759],[-17.846013,28.829589],[-17.845962,28.829474],[-17.845993,28.829454],[-17.846176,28.829416],[-17.846406,28.829454],[-17.846556,28.82955],[-17.846599,28.829619],[-17.846671,28.829786],[-17.846703,28.829907],[-17.846755,28.830081],[-17.846774,28.830136],[-17.846836,28.830308],[-17.846855,28.830359],[-17.846909,28.830424],[-17.846911,28.830458],[-17.846843,28.830613],[-17.846832,28.830623],[-17.846659,28.830647]]]}},{"type":"Feature","properties":{"id":212,"tipo":"arqueologico","subtipo":"poblado_cuevas","nombre":"Los Gallegos","municipio":"","direccion":"","descripcion":"","url_imagen":"","area_m2":15894.91,"longitud":-17.832279977269753,"latitud":28.831228830947065},"geometry":{"type":"Polygon","coordinates":[[[-17.832759,28.830362],[-17.832798,28.830428],[-17.832878,28.830593],[-17.832968,28.830829],[-17.833009,28.831005],[-17.83303,28.831211],[-17.833055,28.831444],[-17.833092,28.831621],[-17.8331,28.831644],[-17.833025,28.831726],[-17.832728,28.831713],[-17.832528,28.831734],[-17.832406,28.831767],[-17.832206,28.831798],[-17.832166,28.831799],[-17.831971,28.831842],[-17.831899,28.831871],[-17.831662,28.831656],[-17.831544,28.831511],[-17.831427,28.831313],[-17.831396,28.831144],[-17.831431,28.830953],[-17.831434,28.830774],[-17.831399,28.830549],[-17.831456,28.830525],[-17.831551,28.830613],[-17.831706,28.83073],[-17.83181,28.830792],[-17.831908,28.830932],[-17.831955,28.831231],[-17.832069,28.831299],[-17.832126,28.831287],[-17.83229,28.831195],[-17.832417,28.831056],[-17.832478,28.830895],[-17.832473,28.830793],[-17.832503,28.830618],[-17.83253,28.830549],[-17.832623,28.830391],[-17.832652,28.830356],[-17.832759,28.830362]]]}},{"type":"Feature","properties":{"id":213,"tipo":"arqueologico","subtipo":"poblado_cuevas","nombre":"Los Gallegos","municipio":"","direccion":"","descripcion":"","url_imagen":"","area_m2":11640.48,"longitud":-17.829697475292484,"latitud":28.830994166011564},"geometry":{"type":"Polygon","coordinates":[[[-17.829417,28.82999],[-17.829557,28.830121],[-17.829596,28.830153],[-17.829708,28.830299],[-17.829765,28.830423],[-17.829877,28.830669],[-17.830026,28.830998],[-17.830138,28.831243],[-17.830183,28.831416],[-17.830201,28.831635],[-17.830178,28.831811],[-17.830126,28.831956],[-17.83011,28.832002],[-17.830026,28.832057],[-17.829666,28.831619],[-17.829561,28.831465],[-17.829327,28.831041],[-17.829279,28.83087],[-17.82926,28.830226],[-17.829249,28.830046],[-17.829234,28.829861],[-17.829271,28.829837],[-17.829417,28.82999]]]}},{"type":"Feature","properties":{"id":214,"tipo":"arqueologico","subtipo":"poblado_cuevas","nombre":"poblado cuevas #36","municipio":"","direccion":"","descripcion":"","url_imagen":"","area_m2":3209.08,"longitud":-17.82645288210762,"latitud":28.827127937034863},"geometry":{"type":"Polygon","coordinates":[[[-17.826766,28.827138],[-17.826742,28.82721],[-17.826624,28.827339],[-17.826509,28.827393],[-17.826327,28.827397],[-17.826138,28.827317],[-17.826005,28.827195],[-17.82598,28.827142],[-17.826041,28.827071],[-17.826121,28.827081],[-17.826297,28.827032],[-17.826351,28.826988],[-17.82646,28.826899],[-17.826634,28.826817],[-17.826736,28.826796],[-17.826796,28.826835],[-17.826795,28.826961],[-17.826766,28.827138]]]}},{"type":"Feature","properties":{"id":215,"tipo":"arqueologico","subtipo":"poblado_cuevas","nombre":"poblado cuevas #37","municipio":"","direccion":"","descripcion":"","url_imagen":"","area_m2":3839,"longitud":-17.82446071060187,"latitud":28.825709826231964},"geometry":{"type":"Polygon","coordinates":[[[-17.825023,28.825948],[-17.824823,28.82595],[-17.824794,28.825944],[-17.824726,28.825922],[-17.824528,28.825881],[-17.824427,28.825872],[-17.824356,28.825885],[-17.824156,28.825887],[-17.824057,28.82587],[-17.824018,28.825799],[-17.823989,28.825629],[-17.824006,28.825534],[-17.824052,28.825507],[-17.824153,28.825481],[-17.824354,28.825458],[-17.824413,28.825459],[-17.824611,28.825499],[-17.824772,28.825605],[-17.824804,28.825637],[-17.824824,28.825661],[-17.824961,28.825794],[-17.825001,28.825826],[-17.825024,28.825914],[-17.825023,28.825948]]]}},{"type":"Feature","properties":{"id":216,"tipo":"arqueologico","subtipo":"poblado_cuevas","nombre":"poblado cuevas #38","municipio":"","direccion":"","descripcion":"","url_imagen":"","area_m2":4613.52,"longitud":-17.822415353609895,"latitud":28.837776640179264},"geometry":{"type":"Polygon","coordinates":[[[-17.821843,28.837924],[-17.821833,28.837884],[-17.82187,28.837874],[-17.822042,28.837786],[-17.822084,28.837749],[-17.82212,28.837642],[-17.822246,28.837525],[-17.822313,28.837504],[-17.822511,28.837482],[-17.822529,28.837484],[-17.822733,28.8375],[-17.822818,28.837506],[-17.822879,28.837526],[-17.822886,28.837541],[-17.822927,28.837715],[-17.822838,28.837843],[-17.822753,28.837876],[-17.822606,28.837955],[-17.822438,28.838058],[-17.822414,28.838074],[-17.822236,28.838072],[-17.822034,28.838049],[-17.821965,28.838034],[-17.821843,28.837924]]]}},{"type":"Feature","properties":{"id":217,"tipo":"arqueologico","subtipo":"poblado_cuevas","nombre":"poblado cuevas #39","municipio":"","direccion":"","descripcion":"","url_imagen":"","area_m2":47542.34,"longitud":-17.847849862715787,"latitud":28.72470602810272},"geometry":{"type":"Polygon","coordinates":[[[-17.849118,28.724347],[-17.848763,28.724892],[-17.848617,28.725004],[-17.848434,28.725071],[-17.848343,28.725196],[-17.848349,28.725333],[-17.848349,28.725513],[-17.848341,28.725662],[-17.848324,28.725841],[-17.848289,28.726084],[-17.848213,28.726244],[-17.848159,28.726304],[-17.848063,28.726317],[-17.847872,28.726287],[-17.847814,28.726259],[-17.847651,28.726153],[-17.847293,28.725844],[-17.847181,28.725698],[-17.846952,28.725204],[-17.846864,28.725042],[-17.846793,28.724873],[-17.846758,28.724733],[-17.84679,28.724568],[-17.846812,28.724537],[-17.846882,28.724284],[-17.846889,28.724108],[-17.846879,28.72405],[-17.846844,28.723736],[-17.84693,28.723615],[-17.847204,28.723525],[-17.847399,28.723517],[-17.847846,28.723621],[-17.848047,28.723649],[-17.84825,28.723659],[-17.84845,28.723691],[-17.848993,28.723841],[-17.849153,28.72394],[-17.849227,28.724027],[-17.849235,28.724176],[-17.849118,28.724347]]]}},{"type":"Feature","properties":{"id":218,"tipo":"arqueologico","subtipo":"poblado_cuevas","nombre":"El Pedregal","municipio":"","direccion":"","descripcion":"","url_imagen":"","area_m2":93263.78,"longitud":-17.843967182820865,"latitud":28.832632111094277},"geometry":{"type":"Polygon","coordinates":[[[-17.843773,28.835542],[-17.843987,28.834781],[-17.843985,28.834607],[-17.843741,28.833808],[-17.84368,28.833636],[-17.843501,28.83319],[-17.843429,28.833021],[-17.843277,28.832678],[-17.843213,28.832507],[-17.843109,28.832161],[-17.843052,28.831987],[-17.842983,28.831786],[-17.842912,28.831618],[-17.842808,28.831411],[-17.84274,28.831242],[-17.842673,28.831024],[-17.842622,28.830849],[-17.842569,28.830649],[-17.842552,28.830471],[-17.842604,28.829776],[-17.842629,28.829597],[-17.842759,28.828972],[-17.842838,28.828956],[-17.843366,28.829591],[-17.843455,28.82975],[-17.843503,28.829893],[-17.84354,28.830069],[-17.843547,28.830164],[-17.843579,28.830341],[-17.843673,28.83067],[-17.843781,28.83081],[-17.843936,28.830906],[-17.844114,28.830993],[-17.844281,28.831055],[-17.844401,28.831177],[-17.844474,28.831423],[-17.84452,28.831599],[-17.844653,28.83219],[-17.844741,28.832345],[-17.84482,28.832422],[-17.844895,28.832579],[-17.844908,28.83274],[-17.844959,28.832911],[-17.845106,28.833184],[-17.845156,28.833356],[-17.845162,28.833451],[-17.845162,28.833631],[-17.845129,28.83407],[-17.845138,28.834249],[-17.845213,28.834684],[-17.845227,28.834863],[-17.845221,28.835194],[-17.845247,28.835371],[-17.845292,28.835512],[-17.845316,28.835688],[-17.845316,28.835689],[-17.844589,28.835672],[-17.844384,28.835661],[-17.844166,28.835643],[-17.843962,28.835633],[-17.843851,28.835631],[-17.843773,28.835542]]]}},{"type":"Feature","properties":{"id":219,"tipo":"arqueologico","subtipo":"poblado_cuevas","nombre":"Los Gallegos","municipio":"","direccion":"","descripcion":"","url_imagen":"","area_m2":21492.54,"longitud":-17.835233910328554,"latitud":28.82682519071034},"geometry":{"type":"Polygon","coordinates":[[[-17.834886,28.828045],[-17.834708,28.828081],[-17.834599,28.828056],[-17.834537,28.827949],[-17.834603,28.827797],[-17.834658,28.827624],[-17.834737,28.82723],[-17.834785,28.827056],[-17.834875,28.826802],[-17.834909,28.826626],[-17.83492,28.826328],[-17.834936,28.825903],[-17.834986,28.825733],[-17.835085,28.825567],[-17.835232,28.825511],[-17.835358,28.825541],[-17.835495,28.825648],[-17.835637,28.82596],[-17.835819,28.826359],[-17.835848,28.826533],[-17.835813,28.82689],[-17.835763,28.827062],[-17.835613,28.827366],[-17.835525,28.827529],[-17.835422,28.827704],[-17.83528,28.82782],[-17.835189,28.827854],[-17.835017,28.827948],[-17.834886,28.828045]]]}},{"type":"Feature","properties":{"id":220,"tipo":"arqueologico","subtipo":"poblado_cuevas","nombre":"poblado cuevas #42","municipio":"","direccion":"","descripcion":"","url_imagen":"","area_m2":14958.28,"longitud":-17.82371524960624,"latitud":28.82817301030975},"geometry":{"type":"Polygon","coordinates":[[[-17.823669,28.828849],[-17.823502,28.828746],[-17.823344,28.828632],[-17.823274,28.828573],[-17.823211,28.828421],[-17.823212,28.828413],[-17.823152,28.82826],[-17.823113,28.828226],[-17.823026,28.828073],[-17.823004,28.827941],[-17.822997,28.827762],[-17.823005,28.827675],[-17.823115,28.827592],[-17.823214,28.827598],[-17.823417,28.827589],[-17.82358,28.827563],[-17.823776,28.82758],[-17.823967,28.827645],[-17.824131,28.827745],[-17.824202,28.827814],[-17.824313,28.827963],[-17.824365,28.828063],[-17.824446,28.828229],[-17.824454,28.828244],[-17.824451,28.828409],[-17.82442,28.828471],[-17.824292,28.828601],[-17.824246,28.828627],[-17.824086,28.828738],[-17.824049,28.828771],[-17.823879,28.828863],[-17.823849,28.828872],[-17.823669,28.828849]]]}},{"type":"Feature","properties":{"id":221,"tipo":"arqueologico","subtipo":"poblado_cuevas","nombre":"poblado cuevas #43","municipio":"","direccion":"","descripcion":"","url_imagen":"","area_m2":100490.69,"longitud":-17.777021196372253,"latitud":28.81429390133894},"geometry":{"type":"Polygon","coordinates":[[[-17.780363,28.812826],[-17.78041,28.812926],[-17.780396,28.812945],[-17.780293,28.813101],[-17.780206,28.813235],[-17.780053,28.813316],[-17.779692,28.81333],[-17.779496,28.813369],[-17.77948,28.813375],[-17.779371,28.813499],[-17.779345,28.813658],[-17.779255,28.813809],[-17.779051,28.813975],[-17.778925,28.814115],[-17.778863,28.814213],[-17.778715,28.814319],[-17.778504,28.814381],[-17.778311,28.814441],[-17.777985,28.814549],[-17.777791,28.814605],[-17.777368,28.814709],[-17.777182,28.814781],[-17.776943,28.814912],[-17.776797,28.815033],[-17.776686,28.815172],[-17.776546,28.815302],[-17.776037,28.815659],[-17.775914,28.815797],[-17.775735,28.816143],[-17.775651,28.816307],[-17.775569,28.816472],[-17.775455,28.816618],[-17.775206,28.816835],[-17.775032,28.816916],[-17.774884,28.81694],[-17.774716,28.816889],[-17.774523,28.816696],[-17.77436,28.816594],[-17.774342,28.816588],[-17.77429,28.816473],[-17.7744,28.816269],[-17.774536,28.81615],[-17.77494,28.815987],[-17.77504,28.81586],[-17.775061,28.815568],[-17.775044,28.81539],[-17.774949,28.815033],[-17.774977,28.814867],[-17.775175,28.814567],[-17.775261,28.814404],[-17.775439,28.813967],[-17.775501,28.813795],[-17.775619,28.81342],[-17.775749,28.813324],[-17.776166,28.813287],[-17.776367,28.8133],[-17.776787,28.813392],[-17.776989,28.813417],[-17.777216,28.813425],[-17.777385,28.813359],[-17.777463,28.81328],[-17.777591,28.81314],[-17.777738,28.812969],[-17.777893,28.81286],[-17.778383,28.812661],[-17.778779,28.8125],[-17.77897,28.812489],[-17.779276,28.812572],[-17.779473,28.812622],[-17.779704,28.812679],[-17.779902,28.812725],[-17.780363,28.812826]]]}},{"type":"Feature","properties":{"id":222,"tipo":"arqueologico","subtipo":"poblado_cuevas","nombre":"poblado cuevas #44","municipio":"","direccion":"","descripcion":"","url_imagen":"","area_m2":18090.49,"longitud":-17.85765886080572,"latitud":28.75979839934346},"geometry":{"type":"Polygon","coordinates":[[[-17.857264,28.760677],[-17.857223,28.760726],[-17.856992,28.761067],[-17.856905,28.761053],[-17.856861,28.761022],[-17.85682,28.760881],[-17.856858,28.760801],[-17.856902,28.760628],[-17.856927,28.760242],[-17.856992,28.760078],[-17.857159,28.759869],[-17.857268,28.759717],[-17.857483,28.759379],[-17.857577,28.759218],[-17.857687,28.759011],[-17.857815,28.758878],[-17.858039,28.758743],[-17.858221,28.758717],[-17.858251,28.758724],[-17.858352,28.758839],[-17.858359,28.759101],[-17.858369,28.759281],[-17.85838,28.759421],[-17.858358,28.759597],[-17.858289,28.759794],[-17.858181,28.759938],[-17.857845,28.760184],[-17.857702,28.760312],[-17.857545,28.760483],[-17.857395,28.760602],[-17.857264,28.760677]]]}},{"type":"Feature","properties":{"id":223,"tipo":"arqueologico","subtipo":"poblado_cuevas","nombre":"poblado cuevas #45","municipio":"","direccion":"","descripcion":"","url_imagen":"","area_m2":17548.44,"longitud":-17.89664256579068,"latitud":28.751656687385736},"geometry":{"type":"Polygon","coordinates":[[[-17.897514,28.751201],[-17.897692,28.751218],[-17.897886,28.751266],[-17.897949,28.751292],[-17.898001,28.751413],[-17.897947,28.751521],[-17.897842,28.751674],[-17.897733,28.751791],[-17.897566,28.75187],[-17.897485,28.751877],[-17.897281,28.751892],[-17.897056,28.751906],[-17.896852,28.751915],[-17.896566,28.751921],[-17.896365,28.751947],[-17.896139,28.752002],[-17.89608,28.752075],[-17.895918,28.752155],[-17.895653,28.752171],[-17.895455,28.752145],[-17.895192,28.752057],[-17.895056,28.751942],[-17.895007,28.75184],[-17.895069,28.751755],[-17.895171,28.751753],[-17.895375,28.751742],[-17.895763,28.75171],[-17.895938,28.751639],[-17.896071,28.751524],[-17.896224,28.751404],[-17.896246,28.751389],[-17.896427,28.751323],[-17.896529,28.751315],[-17.896723,28.751268],[-17.896902,28.751194],[-17.897096,28.751141],[-17.897199,28.751127],[-17.897393,28.751151],[-17.897514,28.751201]]]}},{"type":"Feature","properties":{"id":224,"tipo":"arqueologico","subtipo":"poblado_cuevas","nombre":"poblado cuevas #46","municipio":"","direccion":"","descripcion":"","url_imagen":"","area_m2":22991.25,"longitud":-17.831922017173266,"latitud":28.74338771101818},"geometry":{"type":"Polygon","coordinates":[[[-17.830325,28.743999],[-17.830365,28.74381],[-17.830474,28.743679],[-17.830704,28.743572],[-17.830876,28.743476],[-17.831392,28.743142],[-17.83157,28.743056],[-17.832443,28.742762],[-17.832641,28.742728],[-17.833095,28.742718],[-17.833299,28.742706],[-17.833475,28.742688],[-17.833547,28.742764],[-17.833543,28.742776],[-17.833432,28.742918],[-17.833049,28.743184],[-17.832898,28.743305],[-17.8326,28.743581],[-17.832439,28.743688],[-17.832277,28.743764],[-17.83209,28.743834],[-17.831597,28.743975],[-17.831397,28.744006],[-17.831186,28.74401],[-17.830982,28.74401],[-17.830325,28.743999]]]}},{"type":"Feature","properties":{"id":225,"tipo":"arqueologico","subtipo":"poblado_cuevas","nombre":"poblado cuevas #47","municipio":"","direccion":"","descripcion":"","url_imagen":"","area_m2":168417.45,"longitud":-17.84869698431867,"latitud":28.67147197110762},"geometry":{"type":"Polygon","coordinates":[[[-17.849208,28.669375],[-17.84933,28.66923],[-17.849617,28.668844],[-17.84975,28.668709],[-17.850296,28.668286],[-17.850444,28.668161],[-17.850797,28.667834],[-17.850951,28.667717],[-17.851545,28.667349],[-17.851733,28.667112],[-17.851878,28.667087],[-17.852081,28.667204],[-17.852113,28.667331],[-17.85202,28.667465],[-17.851952,28.667631],[-17.851883,28.668044],[-17.851793,28.668195],[-17.851357,28.668552],[-17.851218,28.668684],[-17.850898,28.66904],[-17.850498,28.669881],[-17.850398,28.670037],[-17.850174,28.670308],[-17.850072,28.670463],[-17.849873,28.670855],[-17.849751,28.670994],[-17.849488,28.671181],[-17.849378,28.671324],[-17.849256,28.671679],[-17.849227,28.671856],[-17.849232,28.6723],[-17.849221,28.67248],[-17.849128,28.673138],[-17.849147,28.673314],[-17.849258,28.673618],[-17.849281,28.673794],[-17.849227,28.674352],[-17.849258,28.674691],[-17.849238,28.674868],[-17.849034,28.675497],[-17.848876,28.675981],[-17.848779,28.676135],[-17.848506,28.676399],[-17.848362,28.676405],[-17.848252,28.676316],[-17.848232,28.675595],[-17.848223,28.675415],[-17.848136,28.674197],[-17.848085,28.674026],[-17.847652,28.673226],[-17.847551,28.67307],[-17.847115,28.672491],[-17.846977,28.672361],[-17.845688,28.671506],[-17.845566,28.671368],[-17.84507,28.67035],[-17.845122,28.670305],[-17.846602,28.67091],[-17.846795,28.67093],[-17.847755,28.670761],[-17.84793,28.670682],[-17.848174,28.67048],[-17.848557,28.670072],[-17.849208,28.669375]]]}},{"type":"Feature","properties":{"id":226,"tipo":"arqueologico","subtipo":"poblado_cuevas","nombre":"poblado cuevas #48","municipio":"","direccion":"","descripcion":"","url_imagen":"","area_m2":88445.57,"longitud":-17.88807574418755,"latitud":28.6587243490262},"geometry":{"type":"Polygon","coordinates":[[[-17.889715,28.659568],[-17.889615,28.659438],[-17.889469,28.659318],[-17.8893,28.659233],[-17.889109,28.659189],[-17.888578,28.659195],[-17.888379,28.659168],[-17.887896,28.659026],[-17.887705,28.659031],[-17.886799,28.659351],[-17.886621,28.659333],[-17.886408,28.659201],[-17.886251,28.659086],[-17.886018,28.658886],[-17.885848,28.658796],[-17.885143,28.658595],[-17.885006,28.658484],[-17.884885,28.658235],[-17.884547,28.657538],[-17.884559,28.657378],[-17.884608,28.657306],[-17.884756,28.657261],[-17.885788,28.65762],[-17.886624,28.657912],[-17.886822,28.657945],[-17.887455,28.657944],[-17.887658,28.657955],[-17.888348,28.658035],[-17.888549,28.658068],[-17.889495,28.65827],[-17.88968,28.65834],[-17.889819,28.658419],[-17.890007,28.658477],[-17.89063,28.658538],[-17.890777,28.658628],[-17.891031,28.659073],[-17.891114,28.659237],[-17.891197,28.659419],[-17.891212,28.65959],[-17.891068,28.66014],[-17.890964,28.660282],[-17.890701,28.660457],[-17.890524,28.660479],[-17.890415,28.660443],[-17.89026,28.660338],[-17.890062,28.660096],[-17.889948,28.659947],[-17.889734,28.659649],[-17.889715,28.659568]]]}},{"type":"Feature","properties":{"id":227,"tipo":"arqueologico","subtipo":"poblado_cuevas","nombre":"poblado cuevas #49","municipio":"","direccion":"","descripcion":"","url_imagen":"","area_m2":343150.92,"longitud":-17.864830095717142,"latitud":28.664708369207837},"geometry":{"type":"Polygon","coordinates":[[[-17.866327,28.669152],[-17.866175,28.669269],[-17.866054,28.669415],[-17.865908,28.669439],[-17.86572,28.669331],[-17.865533,28.669268],[-17.865438,28.669254],[-17.86534,28.669329],[-17.865346,28.669482],[-17.865334,28.669661],[-17.865232,28.670222],[-17.865205,28.670401],[-17.865197,28.670462],[-17.865137,28.670631],[-17.865045,28.670779],[-17.864966,28.670944],[-17.864896,28.671139],[-17.864803,28.671297],[-17.864655,28.67147],[-17.864494,28.671563],[-17.864267,28.671609],[-17.864106,28.671557],[-17.864017,28.671451],[-17.863959,28.671289],[-17.863979,28.670756],[-17.863966,28.670577],[-17.863907,28.670272],[-17.863892,28.670093],[-17.863898,28.669686],[-17.863914,28.669507],[-17.864012,28.668905],[-17.86402,28.668726],[-17.863979,28.668083],[-17.863958,28.667904],[-17.863913,28.667637],[-17.863861,28.667464],[-17.863802,28.667331],[-17.863769,28.667157],[-17.863814,28.666314],[-17.863802,28.666135],[-17.863724,28.665719],[-17.863689,28.665542],[-17.863483,28.664571],[-17.863377,28.664436],[-17.862447,28.663955],[-17.862283,28.663848],[-17.861697,28.663369],[-17.861634,28.663219],[-17.861746,28.662396],[-17.861853,28.662341],[-17.862436,28.662558],[-17.862632,28.662587],[-17.862926,28.662569],[-17.86313,28.662571],[-17.864003,28.662642],[-17.864091,28.662561],[-17.863896,28.661346],[-17.863865,28.661168],[-17.863536,28.659372],[-17.863586,28.659215],[-17.863806,28.65899],[-17.863963,28.658879],[-17.86419,28.658772],[-17.864371,28.65877],[-17.865088,28.659093],[-17.865233,28.659211],[-17.865475,28.659551],[-17.865532,28.659718],[-17.865564,28.660529],[-17.865669,28.660612],[-17.866103,28.660584],[-17.866269,28.660507],[-17.866419,28.660339],[-17.866585,28.660258],[-17.866923,28.660224],[-17.867057,28.660299],[-17.867287,28.660907],[-17.867252,28.66106],[-17.866773,28.661535],[-17.86671,28.661692],[-17.866736,28.662187],[-17.866669,28.662342],[-17.86598,28.662973],[-17.865894,28.663127],[-17.865797,28.663683],[-17.865788,28.663862],[-17.865811,28.664148],[-17.865851,28.664324],[-17.866062,28.664882],[-17.866097,28.665057],[-17.866114,28.665709],[-17.866114,28.665889],[-17.866098,28.666537],[-17.866138,28.666709],[-17.866284,28.666999],[-17.866332,28.667172],[-17.866352,28.667455],[-17.86639,28.667631],[-17.866519,28.66799],[-17.866629,28.668132],[-17.866985,28.668387],[-17.86709,28.668531],[-17.867102,28.66857],[-17.867118,28.668747],[-17.86711,28.668821],[-17.867088,28.669],[-17.867067,28.669147],[-17.867052,28.669327],[-17.867048,28.669461],[-17.866948,28.669577],[-17.866931,28.669581],[-17.866743,28.669564],[-17.866695,28.669541],[-17.866552,28.669421],[-17.866403,28.669204],[-17.866327,28.669152]]]}},{"type":"Feature","properties":{"id":228,"tipo":"arqueologico","subtipo":"poblado_cuevas","nombre":"poblado cuevas #50","municipio":"","direccion":"","descripcion":"","url_imagen":"","area_m2":406764.94,"longitud":-17.883777577903967,"latitud":28.66519635561373},"geometry":{"type":"Polygon","coordinates":[[[-17.882269,28.663683],[-17.882215,28.664007],[-17.882299,28.664117],[-17.882503,28.664144],[-17.883539,28.664196],[-17.883743,28.664191],[-17.884878,28.664085],[-17.885073,28.664038],[-17.885942,28.663683],[-17.885991,28.663563],[-17.885939,28.663463],[-17.886448,28.663365],[-17.886617,28.663279],[-17.886909,28.662991],[-17.887038,28.662851],[-17.887154,28.66271],[-17.887288,28.662575],[-17.8877,28.66223],[-17.887722,28.662236],[-17.88791,28.662219],[-17.888686,28.661843],[-17.888811,28.661715],[-17.889079,28.661067],[-17.889214,28.660962],[-17.889814,28.660842],[-17.889938,28.66091],[-17.89015,28.661649],[-17.890223,28.661816],[-17.890746,28.662669],[-17.890785,28.662838],[-17.890715,28.663499],[-17.890672,28.663674],[-17.890541,28.664007],[-17.890405,28.664098],[-17.890136,28.664113],[-17.889933,28.664131],[-17.889241,28.664215],[-17.889049,28.66427],[-17.888553,28.664503],[-17.888377,28.664594],[-17.88777,28.664945],[-17.887611,28.665056],[-17.887319,28.665301],[-17.88717,28.665425],[-17.886616,28.665874],[-17.886492,28.666015],[-17.886301,28.666332],[-17.886163,28.666454],[-17.885262,28.666883],[-17.885074,28.6669],[-17.884681,28.666798],[-17.884497,28.666821],[-17.883875,28.667173],[-17.883698,28.667263],[-17.883219,28.667483],[-17.883049,28.667582],[-17.882102,28.66823],[-17.88223,28.668103],[-17.88235,28.667842],[-17.882399,28.667668],[-17.882434,28.66736],[-17.882387,28.667196],[-17.882237,28.666999],[-17.882087,28.66696],[-17.881619,28.667145],[-17.881476,28.667103],[-17.881382,28.666957],[-17.881336,28.666788],[-17.881355,28.666379],[-17.881351,28.666199],[-17.881323,28.665868],[-17.881218,28.665748],[-17.881098,28.665711],[-17.880904,28.665707],[-17.880704,28.665762],[-17.88055,28.665864],[-17.88037,28.666103],[-17.880237,28.666238],[-17.880023,28.666406],[-17.879892,28.666542],[-17.879646,28.66689],[-17.879579,28.667056],[-17.879541,28.667306],[-17.879403,28.667416],[-17.879237,28.66752],[-17.87916,28.667556],[-17.878979,28.66764],[-17.878782,28.66773],[-17.878599,28.667809],[-17.878228,28.667962],[-17.878038,28.668028],[-17.877889,28.668071],[-17.877694,28.668127],[-17.877622,28.668147],[-17.877454,28.668241],[-17.87744,28.668254],[-17.877296,28.668382],[-17.877142,28.668514],[-17.876998,28.668642],[-17.876856,28.668773],[-17.876692,28.668876],[-17.876282,28.669046],[-17.876088,28.669073],[-17.876005,28.669064],[-17.875812,28.669013],[-17.875617,28.668926],[-17.875514,28.668796],[-17.875511,28.668773],[-17.875529,28.668597],[-17.875593,28.668415],[-17.87565,28.668242],[-17.875732,28.667982],[-17.875824,28.667826],[-17.876252,28.667366],[-17.8768,28.666777],[-17.876945,28.666651],[-17.877718,28.666109],[-17.877838,28.665969],[-17.877894,28.665849],[-17.87802,28.665717],[-17.878706,28.665338],[-17.878889,28.665262],[-17.879357,28.665129],[-17.879554,28.66508],[-17.880183,28.664943],[-17.880373,28.66488],[-17.880838,28.664664],[-17.881011,28.664569],[-17.881501,28.664251],[-17.881662,28.664139],[-17.882269,28.663683]]]}},{"type":"Feature","properties":{"id":229,"tipo":"arqueologico","subtipo":"poblado_cuevas","nombre":"poblado cuevas #51","municipio":"","direccion":"","descripcion":"","url_imagen":"","area_m2":48442.82,"longitud":-17.876667641245962,"latitud":28.673050105480137},"geometry":{"type":"Polygon","coordinates":[[[-17.874536,28.674395],[-17.874534,28.674219],[-17.874547,28.67404],[-17.874614,28.673626],[-17.874956,28.67323],[-17.87512,28.673156],[-17.875461,28.673151],[-17.875664,28.673165],[-17.875938,28.67321],[-17.876113,28.673164],[-17.876317,28.672993],[-17.876412,28.672843],[-17.876438,28.672727],[-17.876514,28.672564],[-17.876844,28.672127],[-17.87696,28.671978],[-17.87707,28.67184],[-17.877227,28.671789],[-17.877588,28.671871],[-17.877789,28.671903],[-17.878298,28.671951],[-17.878494,28.671925],[-17.878728,28.671839],[-17.878924,28.671799],[-17.879029,28.671793],[-17.879165,28.671873],[-17.87917,28.671884],[-17.879118,28.672018],[-17.879023,28.672071],[-17.878944,28.672209],[-17.878948,28.672257],[-17.879048,28.672385],[-17.879103,28.672407],[-17.879114,28.67245],[-17.879036,28.672557],[-17.878926,28.672579],[-17.878266,28.672587],[-17.878063,28.672606],[-17.877796,28.672652],[-17.877606,28.672712],[-17.877283,28.672869],[-17.877155,28.672996],[-17.876826,28.673709],[-17.876718,28.673858],[-17.876585,28.673983],[-17.876427,28.674094],[-17.876291,28.674162],[-17.876101,28.674216],[-17.875686,28.674251],[-17.875485,28.674238],[-17.875287,28.674193],[-17.875092,28.674202],[-17.874828,28.674289],[-17.874639,28.674356],[-17.874536,28.674395]]]}},{"type":"Feature","properties":{"id":230,"tipo":"arqueologico","subtipo":"poblado_cuevas","nombre":"poblado cuevas #52","municipio":"","direccion":"","descripcion":"","url_imagen":"","area_m2":9742.03,"longitud":-17.85347272867026,"latitud":28.701154841295068},"geometry":{"type":"Polygon","coordinates":[[[-17.852842,28.701405],[-17.852879,28.701337],[-17.852891,28.701275],[-17.85283,28.701019],[-17.852853,28.700991],[-17.853008,28.700887],[-17.85302,28.700884],[-17.853215,28.700879],[-17.853291,28.700898],[-17.85347,28.700867],[-17.853514,28.700838],[-17.853688,28.700746],[-17.853735,28.700727],[-17.853929,28.700707],[-17.854274,28.700761],[-17.854418,28.700859],[-17.85445,28.700918],[-17.854395,28.701022],[-17.854321,28.701038],[-17.854142,28.701118],[-17.853918,28.701149],[-17.853708,28.701246],[-17.853672,28.70135],[-17.853559,28.701407],[-17.853468,28.70147],[-17.853385,28.701591],[-17.853332,28.701633],[-17.85327,28.701665],[-17.853156,28.701673],[-17.85308,28.701661],[-17.852901,28.701702],[-17.852838,28.701749],[-17.852787,28.701745],[-17.852719,28.701651],[-17.852731,28.701623],[-17.852743,28.701603],[-17.852828,28.70144],[-17.852842,28.701405]]]}},{"type":"Feature","properties":{"id":231,"tipo":"arqueologico","subtipo":"poblado_cuevas","nombre":"poblado cuevas #53","municipio":"","direccion":"","descripcion":"","url_imagen":"","area_m2":6350.81,"longitud":-17.853097186921637,"latitud":28.699364739934254},"geometry":{"type":"Polygon","coordinates":[[[-17.85259,28.699489],[-17.852588,28.699413],[-17.85255,28.699239],[-17.852514,28.699151],[-17.852491,28.699062],[-17.852596,28.69905],[-17.852798,28.699055],[-17.853048,28.699093],[-17.85325,28.699123],[-17.853532,28.699165],[-17.853684,28.699258],[-17.853733,28.699332],[-17.853705,28.699467],[-17.853614,28.699532],[-17.853402,28.699683],[-17.853225,28.69971],[-17.853002,28.699643],[-17.852804,28.699601],[-17.852617,28.699576],[-17.85259,28.699489]]]}},{"type":"Feature","properties":{"id":232,"tipo":"arqueologico","subtipo":"poblado_cuevas","nombre":"Morro de San Jacinto","municipio":"","direccion":"","descripcion":"","url_imagen":"","area_m2":150037.76,"longitud":-17.906187796837198,"latitud":28.675809854973984},"geometry":{"type":"Polygon","coordinates":[[[-17.905451,28.674358],[-17.90547,28.674382],[-17.905619,28.674499],[-17.905874,28.67462],[-17.906066,28.674662],[-17.906161,28.674661],[-17.906312,28.67458],[-17.906466,28.674329],[-17.906562,28.67417],[-17.906856,28.673667],[-17.907104,28.673487],[-17.907285,28.673424],[-17.907837,28.673393],[-17.908033,28.673422],[-17.908293,28.673517],[-17.908463,28.673612],[-17.908528,28.673663],[-17.908678,28.673785],[-17.90884,28.673917],[-17.908993,28.674036],[-17.909037,28.674069],[-17.90918,28.674196],[-17.90931,28.674334],[-17.909423,28.674483],[-17.909452,28.674532],[-17.909569,28.674678],[-17.909628,28.674734],[-17.909672,28.67498],[-17.909661,28.675156],[-17.909644,28.67521],[-17.909584,28.675383],[-17.909502,28.675601],[-17.909405,28.675756],[-17.909309,28.675862],[-17.909178,28.676],[-17.909101,28.676079],[-17.908943,28.676187],[-17.908736,28.676279],[-17.908581,28.676249],[-17.908439,28.67609],[-17.908317,28.675945],[-17.908081,28.675649],[-17.907963,28.675502],[-17.907787,28.675287],[-17.907715,28.675125],[-17.9077,28.675007],[-17.907622,28.674849],[-17.907247,28.674468],[-17.907088,28.674439],[-17.906989,28.674481],[-17.906869,28.674607],[-17.906809,28.674788],[-17.906753,28.674961],[-17.906623,28.675364],[-17.906577,28.675539],[-17.906363,28.676533],[-17.906319,28.676709],[-17.906255,28.676936],[-17.906156,28.677086],[-17.905932,28.677274],[-17.905804,28.677413],[-17.905721,28.677531],[-17.905584,28.677661],[-17.905152,28.677941],[-17.905008,28.678066],[-17.90487,28.678225],[-17.904721,28.678344],[-17.90451,28.678459],[-17.904326,28.678477],[-17.904181,28.678434],[-17.903982,28.678402],[-17.903898,28.678399],[-17.903838,28.678374],[-17.903647,28.678313],[-17.903551,28.678292],[-17.903385,28.677645],[-17.903341,28.677469],[-17.903264,28.677149],[-17.903301,28.676987],[-17.903585,28.676622],[-17.903592,28.67647],[-17.903533,28.67638],[-17.903433,28.676223],[-17.903408,28.676184],[-17.903354,28.676015],[-17.903351,28.675967],[-17.903445,28.675912],[-17.903618,28.675816],[-17.903806,28.67574],[-17.903905,28.675713],[-17.904105,28.675681],[-17.904283,28.675674],[-17.904471,28.67562],[-17.904619,28.675534],[-17.904762,28.67541],[-17.904885,28.675255],[-17.904969,28.675094],[-17.905071,28.674758],[-17.905167,28.674605],[-17.905376,28.674409],[-17.905451,28.674358]]]}},{"type":"Feature","properties":{"id":233,"tipo":"arqueologico","subtipo":"poblado_cuevas","nombre":"Morro de San Jacinto","municipio":"","direccion":"","descripcion":"","url_imagen":"","area_m2":38329.26,"longitud":-17.904326924978704,"latitud":28.67017094416552},"geometry":{"type":"Polygon","coordinates":[[[-17.90568,28.669542],[-17.905747,28.669662],[-17.90577,28.66974],[-17.905881,28.670098],[-17.905806,28.670173],[-17.905617,28.670153],[-17.905417,28.670167],[-17.905236,28.670215],[-17.905067,28.670306],[-17.904813,28.670543],[-17.904702,28.670691],[-17.904621,28.670859],[-17.904609,28.671029],[-17.904668,28.671215],[-17.904685,28.671392],[-17.90468,28.67144],[-17.904567,28.671534],[-17.904422,28.671542],[-17.904255,28.671477],[-17.904187,28.671402],[-17.904109,28.671385],[-17.90391,28.671378],[-17.903758,28.671402],[-17.903589,28.671351],[-17.903514,28.671276],[-17.903472,28.671121],[-17.903622,28.670621],[-17.90365,28.670444],[-17.903653,28.670282],[-17.90358,28.67013],[-17.903334,28.669923],[-17.903278,28.669863],[-17.903238,28.669706],[-17.903267,28.669601],[-17.903349,28.669439],[-17.903589,28.669119],[-17.903739,28.669008],[-17.903901,28.668947],[-17.904072,28.66897],[-17.904336,28.669172],[-17.904441,28.669318],[-17.904448,28.66934],[-17.904544,28.669494],[-17.904578,28.669528],[-17.904708,28.669667],[-17.904742,28.669706],[-17.904882,28.669718],[-17.904999,28.669629],[-17.905164,28.669524],[-17.90518,28.669516],[-17.905367,28.669447],[-17.905465,28.669425],[-17.905535,28.66944],[-17.90568,28.669542]]]}},{"type":"Feature","properties":{"id":234,"tipo":"arqueologico","subtipo":"poblado_cuevas","nombre":"Bco de Rio de Las Nieves y de La Madera","municipio":"","direccion":"","descripcion":"","url_imagen":"","area_m2":204222.1,"longitud":-17.773313509829002,"latitud":28.692269117260786},"geometry":{"type":"Polygon","coordinates":[[[-17.77454,28.695184],[-17.774369,28.695086],[-17.774051,28.694873],[-17.773914,28.694742],[-17.773724,28.69448],[-17.773406,28.694289],[-17.77333,28.694247],[-17.772129,28.693681],[-17.771964,28.693577],[-17.771606,28.693285],[-17.771505,28.693136],[-17.771417,28.692834],[-17.771343,28.692668],[-17.771329,28.692645],[-17.771157,28.692214],[-17.771034,28.692084],[-17.770654,28.691894],[-17.77047,28.691816],[-17.770022,28.691657],[-17.76985,28.691564],[-17.769344,28.69117],[-17.769331,28.691096],[-17.769261,28.690932],[-17.76911,28.690728],[-17.769186,28.690663],[-17.769405,28.690566],[-17.769852,28.690365],[-17.770044,28.690339],[-17.770492,28.690403],[-17.770941,28.690466],[-17.771143,28.690466],[-17.771496,28.690414],[-17.771697,28.690381],[-17.772412,28.690252],[-17.772611,28.690211],[-17.772961,28.690127],[-17.773162,28.690105],[-17.773753,28.690116],[-17.773957,28.690126],[-17.774322,28.690155],[-17.774524,28.690181],[-17.77485,28.690242],[-17.775144,28.690451],[-17.775298,28.690569],[-17.775692,28.690892],[-17.775807,28.691037],[-17.77594,28.691317],[-17.77601,28.691486],[-17.776109,28.691773],[-17.7761,28.691943],[-17.776026,28.692102],[-17.775893,28.69222],[-17.77577,28.692266],[-17.775576,28.692279],[-17.775043,28.692159],[-17.774857,28.692089],[-17.774305,28.69179],[-17.774094,28.691598],[-17.774052,28.691539],[-17.774008,28.691474],[-17.773854,28.691384],[-17.773436,28.69133],[-17.773235,28.691299],[-17.773074,28.691268],[-17.77278,28.691213],[-17.772578,28.691192],[-17.77219,28.691185],[-17.77204,28.691263],[-17.771958,28.6914],[-17.77199,28.691536],[-17.772265,28.69173],[-17.772437,28.691823],[-17.773342,28.692061],[-17.773528,28.692134],[-17.774306,28.69255],[-17.774489,28.692629],[-17.775629,28.693019],[-17.775804,28.693108],[-17.776003,28.69325],[-17.776128,28.693388],[-17.77635,28.693782],[-17.776375,28.693951],[-17.77631,28.694232],[-17.776197,28.694358],[-17.775807,28.69452],[-17.775622,28.694596],[-17.775322,28.694718],[-17.775234,28.694846],[-17.775236,28.694893],[-17.775183,28.695058],[-17.775122,28.69514],[-17.774963,28.695209],[-17.77454,28.695184]]]}},{"type":"Feature","properties":{"id":235,"tipo":"arqueologico","subtipo":"poblado_cuevas","nombre":"Bco de Rio de Las Nieves y de La Madera","municipio":"","direccion":"","descripcion":"","url_imagen":"","area_m2":459036.27,"longitud":-17.783938775784602,"latitud":28.695287082375845},"geometry":{"type":"Polygon","coordinates":[[[-17.779448,28.691874],[-17.779508,28.691863],[-17.779568,28.691855],[-17.779772,28.691838],[-17.78001,28.691828],[-17.780213,28.691842],[-17.780431,28.691883],[-17.780633,28.691912],[-17.780747,28.691924],[-17.781082,28.692245],[-17.78142,28.692569],[-17.781534,28.692717],[-17.781848,28.693289],[-17.781981,28.693414],[-17.7822,28.693523],[-17.782372,28.693621],[-17.782584,28.693757],[-17.782764,28.693838],[-17.783227,28.693972],[-17.783707,28.693982],[-17.783911,28.693979],[-17.784222,28.693961],[-17.784409,28.693904],[-17.784696,28.693731],[-17.784897,28.69361],[-17.785047,28.69349],[-17.785132,28.6934],[-17.7853,28.693319],[-17.785477,28.693298],[-17.785681,28.693278],[-17.785968,28.693258],[-17.786171,28.69324],[-17.786408,28.693215],[-17.786608,28.693178],[-17.78714,28.693036],[-17.78734,28.693011],[-17.787872,28.693018],[-17.788036,28.692967],[-17.788234,28.692931],[-17.788627,28.692908],[-17.78883,28.692886],[-17.789461,28.692791],[-17.789664,28.692783],[-17.790413,28.692834],[-17.790617,28.692844],[-17.791037,28.69286],[-17.79119,28.692942],[-17.791332,28.693163],[-17.791461,28.693298],[-17.79149,28.693319],[-17.791477,28.693416],[-17.790789,28.693715],[-17.790603,28.693788],[-17.790562,28.693802],[-17.790367,28.693855],[-17.789506,28.69402],[-17.789307,28.694062],[-17.788885,28.694161],[-17.788685,28.694196],[-17.788118,28.694265],[-17.787914,28.694278],[-17.787432,28.69428],[-17.78723,28.6943],[-17.786587,28.694427],[-17.786385,28.694445],[-17.785829,28.694437],[-17.785771,28.694516],[-17.786034,28.694991],[-17.786131,28.69515],[-17.786206,28.695261],[-17.786302,28.69542],[-17.78633,28.695472],[-17.786382,28.695643],[-17.786389,28.695727],[-17.78649,28.695854],[-17.786984,28.696047],[-17.787175,28.696111],[-17.787915,28.696313],[-17.788109,28.696369],[-17.788773,28.696569],[-17.788961,28.696639],[-17.789344,28.696808],[-17.789531,28.696883],[-17.789876,28.697007],[-17.790056,28.697091],[-17.790205,28.697179],[-17.790383,28.697265],[-17.790843,28.697439],[-17.791019,28.697529],[-17.791208,28.69765],[-17.791348,28.697778],[-17.791558,28.69805],[-17.791523,28.698086],[-17.791059,28.697895],[-17.790865,28.697852],[-17.790281,28.697819],[-17.790082,28.697842],[-17.789682,28.697964],[-17.789484,28.69801],[-17.78912,28.698069],[-17.788919,28.698071],[-17.788829,28.698057],[-17.788677,28.698071],[-17.788475,28.698065],[-17.78834,28.698045],[-17.788153,28.698079],[-17.788032,28.698147],[-17.787845,28.698211],[-17.787643,28.698243],[-17.787449,28.698223],[-17.785957,28.697648],[-17.78578,28.69756],[-17.785123,28.697148],[-17.784973,28.697027],[-17.78465,28.696696],[-17.784587,28.696537],[-17.784588,28.696492],[-17.784584,28.696312],[-17.784531,28.695631],[-17.784486,28.695457],[-17.784266,28.694974],[-17.784126,28.694891],[-17.783601,28.694896],[-17.783397,28.694904],[-17.782796,28.694943],[-17.782596,28.694975],[-17.782187,28.69508],[-17.781853,28.695106],[-17.781652,28.695136],[-17.781408,28.69519],[-17.781206,28.695212],[-17.780886,28.695212],[-17.780683,28.695197],[-17.780571,28.69518],[-17.780513,28.695246],[-17.780576,28.695365],[-17.780612,28.695537],[-17.780571,28.696084],[-17.780575,28.696264],[-17.780598,28.696447],[-17.780711,28.696677],[-17.780775,28.696888],[-17.780897,28.697024],[-17.78097,28.697213],[-17.78111,28.697419],[-17.781186,28.697566],[-17.781428,28.697718],[-17.781771,28.69798],[-17.782016,28.698027],[-17.782218,28.698038],[-17.782458,28.698021],[-17.782662,28.698018],[-17.782887,28.698026],[-17.783081,28.698069],[-17.783176,28.69811],[-17.78336,28.69819],[-17.78386,28.698412],[-17.783927,28.698477],[-17.784252,28.698659],[-17.784423,28.698757],[-17.784721,28.698932],[-17.78488,28.699044],[-17.785167,28.699283],[-17.785279,28.699429],[-17.785294,28.699462],[-17.785656,28.699878],[-17.785769,28.700028],[-17.786102,28.700539],[-17.786171,28.700706],[-17.786253,28.701098],[-17.786185,28.701235],[-17.78611,28.701278],[-17.785905,28.70128],[-17.785726,28.701222],[-17.785397,28.700965],[-17.785264,28.70083],[-17.784805,28.700208],[-17.784672,28.700072],[-17.784487,28.699928],[-17.784366,28.699787],[-17.78432,28.699702],[-17.784199,28.699561],[-17.784057,28.699451],[-17.78391,28.699326],[-17.783774,28.6992],[-17.783627,28.699075],[-17.783356,28.698865],[-17.783256,28.698806],[-17.782905,28.698817],[-17.782701,28.698819],[-17.782075,28.69881],[-17.781871,28.698793],[-17.781506,28.698585],[-17.781038,28.698505],[-17.780711,28.698332],[-17.780537,28.698164],[-17.780329,28.697964],[-17.780303,28.697787],[-17.780309,28.697459],[-17.779986,28.696968],[-17.779929,28.6968],[-17.779879,28.696106],[-17.779861,28.695926],[-17.779794,28.695429],[-17.779711,28.695324],[-17.779331,28.694899],[-17.77867,28.694532],[-17.778496,28.694437],[-17.778084,28.694219],[-17.778047,28.694203],[-17.777833,28.694048],[-17.777655,28.693968],[-17.777213,28.693867],[-17.777014,28.693826],[-17.776852,28.693795],[-17.776772,28.693688],[-17.776823,28.693465],[-17.776929,28.693327],[-17.777053,28.693255],[-17.777199,28.693133],[-17.777275,28.693041],[-17.777347,28.692878],[-17.777399,28.692465],[-17.777357,28.692298],[-17.777324,28.69225],[-17.777362,28.692133],[-17.777415,28.69211],[-17.777593,28.692022],[-17.777625,28.692004],[-17.777811,28.691934],[-17.778004,28.69189],[-17.778204,28.691882],[-17.778535,28.691928],[-17.778738,28.691935],[-17.779354,28.691893],[-17.779448,28.691874]]]}},{"type":"Feature","properties":{"id":236,"tipo":"arqueologico","subtipo":"poblado_cuevas","nombre":"Bco de Rio de Las Nieves y de La Madera","municipio":"","direccion":"","descripcion":"","url_imagen":"","area_m2":48165.97,"longitud":-17.77092833936923,"latitud":28.68376941130018},"geometry":{"type":"Polygon","coordinates":[[[-17.769864,28.682877],[-17.76995,28.682962],[-17.769974,28.682976],[-17.770158,28.68305],[-17.770308,28.683085],[-17.770494,28.683156],[-17.77056,28.683192],[-17.770737,28.683282],[-17.771395,28.683592],[-17.771585,28.683655],[-17.771959,28.683732],[-17.77216,28.68374],[-17.772438,28.683705],[-17.77264,28.683702],[-17.772952,28.683734],[-17.773146,28.683783],[-17.773408,28.683891],[-17.773549,28.684009],[-17.773597,28.684089],[-17.773595,28.684247],[-17.773532,28.684346],[-17.77338,28.684434],[-17.772663,28.6845],[-17.772459,28.684503],[-17.771958,28.684472],[-17.771755,28.684474],[-17.771462,28.684498],[-17.77126,28.684486],[-17.770751,28.684381],[-17.770553,28.684334],[-17.770277,28.684259],[-17.770082,28.684203],[-17.769626,28.684065],[-17.769452,28.683977],[-17.769022,28.683655],[-17.76878,28.683007],[-17.768801,28.682844],[-17.768885,28.682724],[-17.769039,28.68266],[-17.769727,28.682744],[-17.769864,28.682877]]]}},{"type":"Feature","properties":{"id":237,"tipo":"arqueologico","subtipo":"poblado_cuevas","nombre":"poblado cuevas #59","municipio":"","direccion":"","descripcion":"","url_imagen":"","area_m2":12729.35,"longitud":-17.770345818096978,"latitud":28.67731424925545},"geometry":{"type":"Polygon","coordinates":[[[-17.7714,28.677526],[-17.771358,28.677537],[-17.771183,28.677528],[-17.771125,28.677503],[-17.770942,28.677461],[-17.770809,28.677451],[-17.770618,28.677472],[-17.770407,28.677539],[-17.770234,28.677604],[-17.770025,28.677697],[-17.76985,28.67771],[-17.769615,28.677652],[-17.769445,28.677591],[-17.769289,28.677513],[-17.769208,28.677416],[-17.769192,28.677226],[-17.769279,28.677141],[-17.769501,28.677078],[-17.769696,28.677054],[-17.770108,28.67706],[-17.770634,28.677069],[-17.770835,28.677055],[-17.771162,28.677003],[-17.771334,28.676976],[-17.771459,28.677017],[-17.771502,28.677116],[-17.771568,28.677264],[-17.771562,28.677377],[-17.771525,28.677445],[-17.7714,28.677526]]]}},{"type":"Feature","properties":{"id":238,"tipo":"arqueologico","subtipo":"poblado_cuevas","nombre":"Bco del Humo","municipio":"","direccion":"","descripcion":"","url_imagen":"","area_m2":6494.77,"longitud":-17.76902181977732,"latitud":28.665408308656904},"geometry":{"type":"Polygon","coordinates":[[[-17.76932,28.666269],[-17.769113,28.666196],[-17.769119,28.666134],[-17.769084,28.665963],[-17.769069,28.665936],[-17.769057,28.665834],[-17.768972,28.665682],[-17.768889,28.665611],[-17.768762,28.665471],[-17.768741,28.665441],[-17.768709,28.665189],[-17.768721,28.665104],[-17.768709,28.664998],[-17.768622,28.66485],[-17.768616,28.664845],[-17.768564,28.6647],[-17.768571,28.664677],[-17.768692,28.664625],[-17.76882,28.664674],[-17.769006,28.664749],[-17.769064,28.664773],[-17.769138,28.664901],[-17.769135,28.664914],[-17.76909,28.66509],[-17.769076,28.665137],[-17.769065,28.665313],[-17.769069,28.66534],[-17.769168,28.665482],[-17.769202,28.665503],[-17.769335,28.665634],[-17.769441,28.665802],[-17.769458,28.665967],[-17.769425,28.666055],[-17.769347,28.666221],[-17.76932,28.666269]]]}},{"type":"Feature","properties":{"id":239,"tipo":"arqueologico","subtipo":"poblado_cuevas","nombre":"El Pedregal","municipio":"","direccion":"","descripcion":"","url_imagen":"","area_m2":5979.02,"longitud":-17.84257850773078,"latitud":28.824793099947374},"geometry":{"type":"Polygon","coordinates":[[[-17.8426,28.825079],[-17.842517,28.82517],[-17.842454,28.825235],[-17.842116,28.825215],[-17.842021,28.825119],[-17.842033,28.824958],[-17.842123,28.824815],[-17.842286,28.824712],[-17.842441,28.824595],[-17.8426,28.824452],[-17.842773,28.824377],[-17.843069,28.824345],[-17.843149,28.824422],[-17.843096,28.824641],[-17.843,28.824792],[-17.842964,28.824822],[-17.842747,28.824957],[-17.8426,28.825079]]]}},{"type":"Feature","properties":{"id":240,"tipo":"arqueologico","subtipo":"poblado_cuevas","nombre":"poblado cuevas #62","municipio":"","direccion":"","descripcion":"","url_imagen":"","area_m2":3209.08,"longitud":-17.826452882107624,"latitud":28.82712793703487},"geometry":{"type":"Polygon","coordinates":[[[-17.826795,28.826961],[-17.826766,28.827138],[-17.826742,28.82721],[-17.826624,28.827339],[-17.826509,28.827393],[-17.826327,28.827397],[-17.826138,28.827317],[-17.826005,28.827195],[-17.82598,28.827142],[-17.826041,28.827071],[-17.826121,28.827081],[-17.826297,28.827032],[-17.826351,28.826988],[-17.82646,28.826899],[-17.826634,28.826817],[-17.826736,28.826796],[-17.826796,28.826835],[-17.826795,28.826961]]]}},{"type":"Feature","properties":{"id":241,"tipo":"arqueologico","subtipo":"poblado_cuevas","nombre":"poblado cuevas #63","municipio":"","direccion":"","descripcion":"","url_imagen":"","area_m2":3841.16,"longitud":-17.82446095844122,"latitud":28.825709887546882},"geometry":{"type":"Polygon","coordinates":[[[-17.825024,28.825914],[-17.825032,28.825946],[-17.825023,28.825948],[-17.824823,28.82595],[-17.824794,28.825944],[-17.824726,28.825922],[-17.824528,28.825881],[-17.824427,28.825872],[-17.824356,28.825885],[-17.824156,28.825887],[-17.824057,28.82587],[-17.824018,28.825799],[-17.823989,28.825629],[-17.824006,28.825534],[-17.824052,28.825507],[-17.824153,28.825481],[-17.824354,28.825458],[-17.824413,28.825459],[-17.824608,28.825498],[-17.824611,28.825499],[-17.824772,28.825605],[-17.824804,28.825637],[-17.824824,28.825661],[-17.824961,28.825794],[-17.825001,28.825826],[-17.825024,28.825914]]]}},{"type":"Feature","properties":{"id":242,"tipo":"arqueologico","subtipo":"poblado_cuevas","nombre":"poblado cuevas #64","municipio":"","direccion":"","descripcion":"","url_imagen":"","area_m2":4613.54,"longitud":-17.82241535556279,"latitud":28.83777664010295},"geometry":{"type":"Polygon","coordinates":[[[-17.821843,28.837924],[-17.821833,28.837884],[-17.82187,28.837874],[-17.822042,28.837786],[-17.822084,28.837749],[-17.82212,28.837642],[-17.822246,28.837525],[-17.822313,28.837504],[-17.822511,28.837482],[-17.822529,28.837484],[-17.822733,28.8375],[-17.822818,28.837506],[-17.822879,28.837526],[-17.822886,28.837541],[-17.822927,28.837715],[-17.822927,28.837715],[-17.822838,28.837843],[-17.822753,28.837876],[-17.822606,28.837955],[-17.822438,28.838058],[-17.822414,28.838074],[-17.822236,28.838072],[-17.822034,28.838049],[-17.821965,28.838034],[-17.821843,28.837924]]]}},{"type":"Feature","properties":{"id":243,"tipo":"arqueologico","subtipo":"poblado_cuevas","nombre":"Los Gallegos","municipio":"","direccion":"","descripcion":"","url_imagen":"","area_m2":11640.48,"longitud":-17.82969747529249,"latitud":28.830994166011568},"geometry":{"type":"Polygon","coordinates":[[[-17.829271,28.829837],[-17.829417,28.82999],[-17.829557,28.830121],[-17.829596,28.830153],[-17.829708,28.830299],[-17.829765,28.830423],[-17.829877,28.830669],[-17.830026,28.830998],[-17.830138,28.831243],[-17.830183,28.831416],[-17.830201,28.831635],[-17.830178,28.831811],[-17.830126,28.831956],[-17.83011,28.832002],[-17.830026,28.832057],[-17.829666,28.831619],[-17.829561,28.831465],[-17.829327,28.831041],[-17.829279,28.83087],[-17.82926,28.830226],[-17.829249,28.830046],[-17.829234,28.829861],[-17.829271,28.829837]]]}},{"type":"Feature","properties":{"id":244,"tipo":"arqueologico","subtipo":"poblado_cuevas","nombre":"Los Gallegos","municipio":"","direccion":"","descripcion":"","url_imagen":"","area_m2":213236.02,"longitud":-17.835614270228483,"latitud":28.83270228105604},"geometry":{"type":"Polygon","coordinates":[[[-17.830226,28.834549],[-17.830249,28.834371],[-17.830373,28.833894],[-17.830447,28.833606],[-17.830536,28.833449],[-17.830585,28.833397],[-17.830658,28.833417],[-17.830665,28.833502],[-17.830711,28.833675],[-17.830767,28.833794],[-17.830843,28.833961],[-17.830947,28.834195],[-17.831013,28.834366],[-17.831108,28.834651],[-17.831183,28.834819],[-17.831192,28.834835],[-17.831332,28.834951],[-17.831486,28.835008],[-17.831671,28.835086],[-17.831791,28.835142],[-17.831969,28.835138],[-17.83199,28.835128],[-17.831999,28.835113],[-17.832099,28.83465],[-17.832168,28.834482],[-17.83226,28.834337],[-17.832407,28.83423],[-17.832571,28.834181],[-17.83277,28.83414],[-17.833176,28.834088],[-17.833375,28.834103],[-17.833502,28.834138],[-17.833666,28.834234],[-17.833774,28.834342],[-17.833892,28.834488],[-17.834021,28.834687],[-17.834088,28.834676],[-17.8341,28.834611],[-17.834168,28.834445],[-17.834212,28.834378],[-17.834231,28.834215],[-17.834176,28.834068],[-17.834103,28.8339],[-17.833997,28.833681],[-17.833914,28.833516],[-17.833845,28.83338],[-17.833833,28.833212],[-17.833925,28.832951],[-17.833988,28.832779],[-17.834126,28.832413],[-17.834215,28.832252],[-17.834379,28.832032],[-17.834437,28.832148],[-17.834507,28.832317],[-17.834617,28.832656],[-17.834719,28.832806],[-17.835176,28.833197],[-17.835326,28.83332],[-17.835733,28.833638],[-17.835884,28.83376],[-17.836025,28.833878],[-17.8362,28.833959],[-17.836346,28.833987],[-17.836533,28.833958],[-17.836586,28.83393],[-17.836775,28.833881],[-17.836911,28.833878],[-17.837047,28.83379],[-17.837163,28.833495],[-17.837165,28.833324],[-17.837039,28.832977],[-17.836961,28.832811],[-17.83671,28.832376],[-17.836669,28.832205],[-17.836712,28.831551],[-17.836745,28.831374],[-17.836845,28.831059],[-17.836874,28.830882],[-17.836877,28.830541],[-17.83685,28.830364],[-17.836484,28.82921],[-17.836471,28.829034],[-17.836497,28.828878],[-17.836494,28.8287],[-17.836474,28.828608],[-17.836435,28.828431],[-17.836331,28.827994],[-17.836328,28.827817],[-17.836431,28.827325],[-17.836474,28.827148],[-17.836586,28.826742],[-17.836679,28.82672],[-17.837473,28.827485],[-17.837568,28.827639],[-17.837807,28.828455],[-17.837974,28.829022],[-17.837985,28.829199],[-17.837852,28.830039],[-17.837851,28.830218],[-17.83795,28.830874],[-17.837969,28.831053],[-17.838042,28.832103],[-17.838071,28.832281],[-17.83823,28.832917],[-17.838285,28.83309],[-17.838465,28.83357],[-17.838526,28.833742],[-17.838788,28.834529],[-17.838714,28.834619],[-17.837889,28.834647],[-17.837686,28.834669],[-17.836673,28.834857],[-17.836476,28.834904],[-17.836214,28.834981],[-17.836043,28.835073],[-17.835825,28.835262],[-17.83565,28.835325],[-17.835033,28.835323],[-17.834828,28.835315],[-17.833883,28.835247],[-17.833679,28.835228],[-17.833272,28.835181],[-17.833086,28.835219],[-17.832762,28.835409],[-17.832589,28.835506],[-17.832384,28.835614],[-17.832206,28.835704],[-17.832012,28.835799],[-17.831824,28.835817],[-17.831437,28.835714],[-17.831244,28.835654],[-17.83064,28.835439],[-17.830478,28.835337],[-17.830223,28.83508],[-17.830226,28.834549]]]}},{"type":"Feature","properties":{"id":245,"tipo":"arqueologico","subtipo":"poblado_cuevas","nombre":"Los Gallegos","municipio":"","direccion":"","descripcion":"","url_imagen":"","area_m2":15894.91,"longitud":-17.832279977269753,"latitud":28.831228830947065},"geometry":{"type":"Polygon","coordinates":[[[-17.832759,28.830362],[-17.832798,28.830428],[-17.832878,28.830593],[-17.832968,28.830829],[-17.833009,28.831005],[-17.83303,28.831211],[-17.833055,28.831444],[-17.833092,28.831621],[-17.8331,28.831644],[-17.833025,28.831726],[-17.832728,28.831713],[-17.832528,28.831734],[-17.832406,28.831767],[-17.832206,28.831798],[-17.832166,28.831799],[-17.831971,28.831842],[-17.831899,28.831871],[-17.831662,28.831656],[-17.831544,28.831511],[-17.831427,28.831313],[-17.831396,28.831144],[-17.831431,28.830953],[-17.831434,28.830774],[-17.831399,28.830549],[-17.831456,28.830525],[-17.831551,28.830613],[-17.831706,28.83073],[-17.83181,28.830792],[-17.831908,28.830932],[-17.831955,28.831231],[-17.832069,28.831299],[-17.832126,28.831287],[-17.83229,28.831195],[-17.832417,28.831056],[-17.832478,28.830895],[-17.832473,28.830793],[-17.832503,28.830618],[-17.83253,28.830549],[-17.832623,28.830391],[-17.832652,28.830356],[-17.832759,28.830362]]]}},{"type":"Feature","properties":{"id":246,"tipo":"arqueologico","subtipo":"poblado_cuevas","nombre":"poblado cuevas #68","municipio":"","direccion":"","descripcion":"","url_imagen":"","area_m2":18221.56,"longitud":-17.80448167088562,"latitud":28.838038188824132},"geometry":{"type":"Polygon","coordinates":[[[-17.805757,28.836656],[-17.805699,28.836779],[-17.805656,28.836851],[-17.805536,28.836995],[-17.805496,28.83703],[-17.805397,28.837053],[-17.805198,28.837094],[-17.805115,28.83711],[-17.80495,28.837199],[-17.804864,28.837294],[-17.804754,28.837445],[-17.804676,28.837584],[-17.804652,28.837754],[-17.80466,28.837788],[-17.804615,28.837904],[-17.804514,28.83837],[-17.804468,28.838546],[-17.80441,28.838732],[-17.804374,28.838909],[-17.804349,28.839166],[-17.804345,28.839346],[-17.804351,28.83945],[-17.804344,28.839629],[-17.80434,28.839653],[-17.804238,28.839699],[-17.804073,28.839618],[-17.803926,28.839499],[-17.803841,28.839388],[-17.803785,28.839223],[-17.803785,28.839102],[-17.803806,28.838923],[-17.803809,28.838908],[-17.803868,28.838736],[-17.803918,28.838629],[-17.803973,28.838456],[-17.80403,28.838138],[-17.80404,28.838071],[-17.8041,28.837901],[-17.804135,28.837841],[-17.804195,28.837671],[-17.804235,28.837411],[-17.804343,28.837286],[-17.804426,28.837255],[-17.804549,28.837133],[-17.804601,28.836981],[-17.804713,28.836842],[-17.804772,28.836804],[-17.804962,28.836755],[-17.805156,28.836718],[-17.805364,28.836626],[-17.805432,28.836622],[-17.805634,28.836634],[-17.805757,28.836656]]]}},{"type":"Feature","properties":{"id":247,"tipo":"arqueologico","subtipo":"poblado_cuevas","nombre":"poblado cuevas #69","municipio":"","direccion":"","descripcion":"","url_imagen":"","area_m2":8791.82,"longitud":-17.807531372738183,"latitud":28.837682567133683},"geometry":{"type":"Polygon","coordinates":[[[-17.80848,28.838282],[-17.808364,28.838205],[-17.808275,28.838164],[-17.807888,28.83803],[-17.807717,28.837971],[-17.807519,28.837935],[-17.807444,28.837932],[-17.807292,28.83785],[-17.807278,28.837829],[-17.807135,28.837713],[-17.807106,28.837701],[-17.80691,28.837658],[-17.806779,28.837651],[-17.806591,28.837596],[-17.80653,28.83756],[-17.806484,28.837482],[-17.806527,28.837425],[-17.806708,28.837333],[-17.806746,28.837324],[-17.80695,28.83731],[-17.807154,28.837299],[-17.807215,28.837296],[-17.807337,28.837359],[-17.807526,28.837422],[-17.807591,28.837433],[-17.807793,28.837445],[-17.807861,28.837441],[-17.808005,28.837515],[-17.808136,28.837643],[-17.808192,28.837749],[-17.80828,28.837915],[-17.808409,28.838046],[-17.808468,28.838079],[-17.808471,28.838089],[-17.808482,28.838266],[-17.80848,28.838282]]]}},{"type":"Feature","properties":{"id":248,"tipo":"arqueologico","subtipo":"poblado_cuevas","nombre":"poblado cuevas #70","municipio":"","direccion":"","descripcion":"","url_imagen":"","area_m2":11202.42,"longitud":-17.809337343126575,"latitud":28.838183030873683},"geometry":{"type":"Polygon","coordinates":[[[-17.809866,28.837577],[-17.809826,28.837741],[-17.809791,28.837919],[-17.80976,28.838118],[-17.80972,28.838295],[-17.809691,28.838395],[-17.80965,28.838571],[-17.809641,28.838626],[-17.809554,28.83878],[-17.809492,28.838835],[-17.809327,28.838863],[-17.809261,28.838838],[-17.809216,28.838766],[-17.809088,28.838746],[-17.808998,28.838814],[-17.808832,28.838826],[-17.808796,28.838807],[-17.808791,28.838604],[-17.808756,28.838529],[-17.808798,28.838459],[-17.80885,28.838337],[-17.80892,28.838168],[-17.80898,28.838022],[-17.809056,28.837855],[-17.809112,28.837744],[-17.809227,28.837599],[-17.809359,28.837487],[-17.809532,28.837446],[-17.809732,28.837489],[-17.809866,28.837577]]]}},{"type":"Feature","properties":{"id":249,"tipo":"arqueologico","subtipo":"poblado_cuevas","nombre":"poblado cuevas #71","municipio":"","direccion":"","descripcion":"","url_imagen":"","area_m2":6784.3,"longitud":-17.808423197224737,"latitud":28.84086489672808},"geometry":{"type":"Polygon","coordinates":[[[-17.808762,28.840193],[-17.808802,28.840261],[-17.808825,28.840428],[-17.808813,28.840471],[-17.808792,28.840649],[-17.808793,28.840671],[-17.808761,28.840846],[-17.808691,28.841012],[-17.808592,28.841167],[-17.80844,28.841334],[-17.808281,28.841437],[-17.808094,28.841499],[-17.807995,28.841441],[-17.807993,28.841409],[-17.808005,28.841373],[-17.808037,28.841196],[-17.808047,28.841042],[-17.808067,28.840973],[-17.808121,28.840799],[-17.808143,28.840732],[-17.808309,28.840523],[-17.808436,28.840381],[-17.808486,28.840332],[-17.80865,28.840233],[-17.808699,28.840217],[-17.808762,28.840193]]]}},{"type":"Feature","properties":{"id":250,"tipo":"arqueologico","subtipo":"poblado_cuevas","nombre":"poblado cuevas #72","municipio":"","direccion":"","descripcion":"","url_imagen":"","area_m2":6848.59,"longitud":-17.781375084940116,"latitud":28.821336282734826},"geometry":{"type":"Polygon","coordinates":[[[-17.782016,28.821357],[-17.782089,28.821516],[-17.782091,28.821552],[-17.782047,28.821721],[-17.782037,28.821736],[-17.781952,28.821727],[-17.781756,28.82168],[-17.781653,28.821642],[-17.781351,28.821529],[-17.781199,28.821472],[-17.781004,28.821424],[-17.780734,28.82139],[-17.780683,28.821391],[-17.780511,28.821325],[-17.780481,28.821296],[-17.780506,28.821195],[-17.780555,28.821178],[-17.780739,28.821099],[-17.780827,28.821056],[-17.780929,28.821054],[-17.781133,28.821063],[-17.781167,28.821067],[-17.781371,28.821067],[-17.78145,28.821059],[-17.781641,28.821094],[-17.781695,28.821121],[-17.781863,28.821223],[-17.781937,28.821278],[-17.782016,28.821357]]]}},{"type":"Feature","properties":{"id":251,"tipo":"arqueologico","subtipo":"poblado_cuevas","nombre":"poblado cuevas #73","municipio":"","direccion":"","descripcion":"","url_imagen":"","area_m2":13413.43,"longitud":-17.793809863419465,"latitud":28.839647637536803},"geometry":{"type":"Polygon","coordinates":[[[-17.792283,28.839253],[-17.792458,28.839336],[-17.79265,28.839386],[-17.792963,28.839408],[-17.793295,28.839433],[-17.793471,28.839503],[-17.793517,28.839542],[-17.793685,28.839641],[-17.793834,28.839699],[-17.794025,28.839706],[-17.794096,28.839685],[-17.794316,28.8395],[-17.794461,28.839377],[-17.794619,28.839262],[-17.794628,28.839256],[-17.794887,28.839248],[-17.795075,28.839295],[-17.795097,28.839308],[-17.795146,28.839443],[-17.795085,28.839586],[-17.794975,28.839732],[-17.794857,28.839831],[-17.794687,28.839926],[-17.794564,28.839968],[-17.794377,28.840042],[-17.794211,28.840116],[-17.794028,28.840116],[-17.793906,28.840061],[-17.793732,28.839967],[-17.793592,28.839878],[-17.793407,28.839826],[-17.793278,28.839826],[-17.793075,28.839807],[-17.792936,28.83978],[-17.792739,28.839733],[-17.792396,28.839636],[-17.792229,28.839543],[-17.792164,28.839482],[-17.792121,28.839328],[-17.792132,28.839289],[-17.792135,28.839285],[-17.792283,28.839253]]]}},{"type":"Feature","properties":{"id":252,"tipo":"arqueologico","subtipo":"poblado_cuevas","nombre":"poblado cuevas #74","municipio":"","direccion":"","descripcion":"","url_imagen":"","area_m2":11479.82,"longitud":-17.796257568062437,"latitud":28.83644735436022},"geometry":{"type":"Polygon","coordinates":[[[-17.795454,28.837363],[-17.795449,28.837316],[-17.795426,28.837286],[-17.795427,28.837135],[-17.795443,28.837114],[-17.795526,28.836863],[-17.795621,28.836707],[-17.795786,28.836531],[-17.795858,28.836372],[-17.795861,28.836334],[-17.795957,28.8362],[-17.796084,28.836138],[-17.796261,28.836048],[-17.796375,28.83599],[-17.796523,28.835871],[-17.796657,28.835709],[-17.796808,28.835678],[-17.796947,28.835744],[-17.797099,28.835858],[-17.797136,28.835901],[-17.79718,28.836061],[-17.797147,28.836217],[-17.797027,28.836303],[-17.796943,28.8363],[-17.796743,28.836324],[-17.796603,28.836363],[-17.796439,28.83646],[-17.796147,28.836763],[-17.796044,28.836916],[-17.796001,28.837014],[-17.795896,28.837166],[-17.795834,28.837228],[-17.795795,28.83727],[-17.795632,28.837362],[-17.795608,28.837367],[-17.795454,28.837363]]]}},{"type":"Feature","properties":{"id":253,"tipo":"arqueologico","subtipo":"poblado_cuevas","nombre":"poblado cuevas #75","municipio":"","direccion":"","descripcion":"","url_imagen":"","area_m2":4627.51,"longitud":-17.79864372612873,"latitud":28.838768219596314},"geometry":{"type":"Polygon","coordinates":[[[-17.798998,28.839113],[-17.798999,28.8392],[-17.79891,28.839332],[-17.798887,28.839342],[-17.798821,28.839314],[-17.798649,28.839219],[-17.798597,28.839182],[-17.7985,28.839036],[-17.798483,28.83895],[-17.798427,28.838778],[-17.798415,28.838752],[-17.798362,28.838579],[-17.798335,28.838418],[-17.79835,28.838242],[-17.798367,28.838194],[-17.798484,28.838156],[-17.798535,28.838185],[-17.798645,28.838321],[-17.798668,28.838402],[-17.798759,28.838557],[-17.798858,28.838656],[-17.798861,28.83876],[-17.798901,28.838933],[-17.798948,28.839035],[-17.798998,28.839113]]]}},{"type":"Feature","properties":{"id":254,"tipo":"arqueologico","subtipo":"poblado_cuevas","nombre":"poblado cuevas #76","municipio":"","direccion":"","descripcion":"","url_imagen":"","area_m2":5013.05,"longitud":-17.80016065790128,"latitud":28.84062046909307},"geometry":{"type":"Polygon","coordinates":[[[-17.80071,28.840811],[-17.800704,28.840828],[-17.800573,28.840926],[-17.800446,28.84094],[-17.800244,28.840933],[-17.800172,28.84092],[-17.799988,28.84085],[-17.799951,28.840827],[-17.799785,28.840721],[-17.799781,28.840718],[-17.799609,28.840621],[-17.799588,28.840611],[-17.799634,28.840553],[-17.799769,28.840418],[-17.799828,28.840372],[-17.799999,28.840277],[-17.800063,28.840253],[-17.800233,28.84028],[-17.800273,28.840313],[-17.80042,28.840439],[-17.800502,28.840514],[-17.800515,28.840581],[-17.800614,28.840723],[-17.800636,28.840738],[-17.80071,28.840811]]]}},{"type":"Feature","properties":{"id":255,"tipo":"arqueologico","subtipo":"poblado_cuevas","nombre":"poblado cuevas #77","municipio":"","direccion":"","descripcion":"","url_imagen":"","area_m2":3941.17,"longitud":-17.776435284583904,"latitud":28.827117457777234},"geometry":{"type":"Polygon","coordinates":[[[-17.776986,28.827009],[-17.777044,28.827081],[-17.776971,28.827155],[-17.776922,28.827169],[-17.776728,28.827226],[-17.776564,28.827276],[-17.776366,28.82732],[-17.776342,28.827324],[-17.776139,28.827342],[-17.775943,28.827348],[-17.775923,28.827338],[-17.775852,28.827202],[-17.77586,28.827159],[-17.775976,28.82705],[-17.776098,28.827025],[-17.776294,28.826974],[-17.776455,28.826924],[-17.776712,28.826844],[-17.776721,28.826848],[-17.776896,28.82694],[-17.776936,28.826967],[-17.776986,28.827009]]]}},{"type":"Feature","properties":{"id":256,"tipo":"arqueologico","subtipo":"poblado_cuevas","nombre":"poblado cuevas #78","municipio":"","direccion":"","descripcion":"","url_imagen":"","area_m2":9516.63,"longitud":-17.77846192999964,"latitud":28.816160413786793},"geometry":{"type":"Polygon","coordinates":[[[-17.777936,28.816912],[-17.77783,28.81684],[-17.777824,28.81674],[-17.777854,28.816565],[-17.777958,28.816324],[-17.778059,28.81617],[-17.778322,28.815883],[-17.778456,28.815747],[-17.778767,28.815455],[-17.778924,28.815436],[-17.779045,28.815499],[-17.779143,28.815635],[-17.779152,28.81571],[-17.779093,28.815866],[-17.778819,28.816128],[-17.778694,28.81627],[-17.778472,28.816572],[-17.778348,28.816715],[-17.778263,28.816799],[-17.778094,28.816884],[-17.777936,28.816912]]]}},{"type":"Feature","properties":{"id":257,"tipo":"arqueologico","subtipo":"poblado_cuevas","nombre":"Bcos de Allen y San Juan","municipio":"","direccion":"","descripcion":"","url_imagen":"","area_m2":34498.39,"longitud":-17.766515208199163,"latitud":28.786745756664782},"geometry":{"type":"Polygon","coordinates":[[[-17.767277,28.786603],[-17.767149,28.786743],[-17.767076,28.786806],[-17.766959,28.786907],[-17.766843,28.787008],[-17.766685,28.787122],[-17.766523,28.787217],[-17.766385,28.787316],[-17.766365,28.787331],[-17.766169,28.787502],[-17.766053,28.787647],[-17.765981,28.787786],[-17.765838,28.787885],[-17.765561,28.787932],[-17.765481,28.787885],[-17.765293,28.78784],[-17.765012,28.787854],[-17.764938,28.787893],[-17.764833,28.78785],[-17.764808,28.787714],[-17.764787,28.787535],[-17.76478,28.787387],[-17.764757,28.787208],[-17.764734,28.787103],[-17.764799,28.786962],[-17.764937,28.786876],[-17.765122,28.786812],[-17.765376,28.786781],[-17.765405,28.786793],[-17.765595,28.786858],[-17.765745,28.786899],[-17.765837,28.786905],[-17.76604,28.786897],[-17.766099,28.786889],[-17.766258,28.7868],[-17.76629,28.786759],[-17.76625,28.786661],[-17.766007,28.786601],[-17.766081,28.786534],[-17.766245,28.786431],[-17.766674,28.786254],[-17.766693,28.786208],[-17.766817,28.786078],[-17.76706,28.785953],[-17.767243,28.785874],[-17.767436,28.785804],[-17.76752,28.785808],[-17.767715,28.785775],[-17.767817,28.785733],[-17.768004,28.78566],[-17.76815,28.785606],[-17.768557,28.785455],[-17.768751,28.7854],[-17.76901,28.785349],[-17.768971,28.785468],[-17.768905,28.785638],[-17.76888,28.785692],[-17.76875,28.785816],[-17.768051,28.786127],[-17.767972,28.786142],[-17.7678,28.78624],[-17.767645,28.786353],[-17.767447,28.786448],[-17.767356,28.786523],[-17.767302,28.786568],[-17.767277,28.786603]]]}},{"type":"Feature","properties":{"id":258,"tipo":"arqueologico","subtipo":"poblado_cuevas","nombre":"poblado cuevas #80","municipio":"","direccion":"","descripcion":"","url_imagen":"","area_m2":8682.95,"longitud":-17.734839817943474,"latitud":28.739678096378046},"geometry":{"type":"Polygon","coordinates":[[[-17.73563,28.739778],[-17.735784,28.739891],[-17.735816,28.739926],[-17.735804,28.740057],[-17.735751,28.740099],[-17.735576,28.740137],[-17.735407,28.740098],[-17.735215,28.740038],[-17.734945,28.739928],[-17.734752,28.739872],[-17.734385,28.739806],[-17.734219,28.739719],[-17.734042,28.739532],[-17.733921,28.739388],[-17.73387,28.739318],[-17.733915,28.73923],[-17.733957,28.739225],[-17.734157,28.739237],[-17.734446,28.739307],[-17.734641,28.73936],[-17.734827,28.739416],[-17.735014,28.739487],[-17.735322,28.739633],[-17.73563,28.739778]]]}},{"type":"Feature","properties":{"id":259,"tipo":"arqueologico","subtipo":"poblado_cuevas","nombre":"Bco del Humo","municipio":"","direccion":"","descripcion":"","url_imagen":"","area_m2":13656.35,"longitud":-17.768915651343104,"latitud":28.66147531789146},"geometry":{"type":"Polygon","coordinates":[[[-17.769077,28.661713],[-17.768875,28.66174],[-17.768721,28.661758],[-17.768521,28.661795],[-17.768104,28.661901],[-17.768021,28.661931],[-17.767824,28.661967],[-17.767692,28.661969],[-17.767569,28.661883],[-17.767566,28.661871],[-17.767607,28.661711],[-17.767776,28.661513],[-17.767938,28.661424],[-17.768374,28.661354],[-17.768574,28.661314],[-17.768875,28.661245],[-17.769072,28.661197],[-17.769475,28.661097],[-17.769673,28.661049],[-17.770039,28.660964],[-17.770205,28.661009],[-17.770277,28.661081],[-17.770267,28.661208],[-17.770083,28.661348],[-17.769916,28.66145],[-17.769611,28.661598],[-17.769421,28.661658],[-17.769077,28.661713]]]}},{"type":"Feature","properties":{"id":260,"tipo":"arqueologico","subtipo":"poblado_cuevas","nombre":"poblado cuevas #82","municipio":"","direccion":"","descripcion":"","url_imagen":"","area_m2":3089.73,"longitud":-17.77595773759822,"latitud":28.828206474089804},"geometry":{"type":"Polygon","coordinates":[[[-17.775525,28.828658],[-17.775575,28.828581],[-17.775627,28.828454],[-17.775739,28.828179],[-17.77586,28.828046],[-17.775912,28.828016],[-17.775935,28.827924],[-17.776038,28.827787],[-17.776042,28.827775],[-17.776121,28.827769],[-17.776164,28.827839],[-17.77622,28.827931],[-17.77625,28.8281],[-17.776234,28.828176],[-17.776158,28.828339],[-17.776091,28.828427],[-17.775931,28.828495],[-17.775897,28.828492],[-17.775712,28.828538],[-17.775525,28.828658]]]}},{"type":"Feature","properties":{"id":261,"tipo":"arqueologico","subtipo":"poblado_cuevas","nombre":"poblado cuevas #83","municipio":"","direccion":"","descripcion":"","url_imagen":"","area_m2":18646.57,"longitud":-17.785600730353284,"latitud":28.606359425419303},"geometry":{"type":"Polygon","coordinates":[[[-17.786138,28.606934],[-17.786051,28.606777],[-17.785913,28.60663],[-17.785746,28.606559],[-17.785605,28.606556],[-17.785402,28.606536],[-17.785156,28.606493],[-17.784953,28.606479],[-17.784843,28.606484],[-17.784643,28.606463],[-17.784376,28.606394],[-17.784224,28.606292],[-17.784147,28.606179],[-17.784189,28.606069],[-17.78425,28.606048],[-17.784442,28.605987],[-17.784522,28.605964],[-17.784699,28.605879],[-17.784735,28.605853],[-17.784916,28.605811],[-17.784999,28.605823],[-17.785201,28.605848],[-17.785639,28.605894],[-17.786091,28.60594],[-17.786267,28.606012],[-17.786424,28.60614],[-17.786537,28.606285],[-17.786574,28.606366],[-17.786597,28.606539],[-17.786581,28.606633],[-17.786568,28.606812],[-17.786569,28.606848],[-17.786603,28.607024],[-17.786655,28.607167],[-17.786627,28.607207],[-17.786478,28.607316],[-17.786383,28.607349],[-17.786278,28.607264],[-17.786181,28.607115],[-17.786138,28.606934]]]}},{"type":"Feature","properties":{"id":262,"tipo":"arqueologico","subtipo":"poblado_cuevas","nombre":"poblado cuevas #84","municipio":"","direccion":"","descripcion":"","url_imagen":"","area_m2":47272.07,"longitud":-17.807370269834763,"latitud":28.596751034499903},"geometry":{"type":"Polygon","coordinates":[[[-17.806052,28.597473],[-17.806042,28.597113],[-17.80603,28.596933],[-17.806022,28.596854],[-17.806053,28.596681],[-17.806102,28.59658],[-17.806218,28.596436],[-17.806593,28.596133],[-17.806745,28.596013],[-17.807011,28.595804],[-17.807189,28.595745],[-17.807787,28.595751],[-17.807985,28.595784],[-17.808225,28.595866],[-17.80841,28.59594],[-17.80875,28.5961],[-17.808875,28.596227],[-17.808927,28.596352],[-17.808923,28.59652],[-17.808849,28.59668],[-17.808744,28.596832],[-17.808554,28.597028],[-17.808404,28.597149],[-17.808157,28.597304],[-17.807909,28.597459],[-17.807731,28.597546],[-17.807497,28.597633],[-17.807305,28.597692],[-17.80709,28.597747],[-17.80689,28.597778],[-17.806657,28.597789],[-17.806454,28.597786],[-17.806161,28.597763],[-17.806057,28.597665],[-17.806052,28.597473]]]}},{"type":"Feature","properties":{"id":263,"tipo":"arqueologico","subtipo":"poblado_cuevas","nombre":"poblado cuevas #85","municipio":"","direccion":"","descripcion":"","url_imagen":"","area_m2":61865.34,"longitud":-17.789775190371657,"latitud":28.54727117813064},"geometry":{"type":"Polygon","coordinates":[[[-17.788511,28.545147],[-17.788602,28.545211],[-17.788768,28.545316],[-17.788919,28.545404],[-17.789082,28.545512],[-17.789424,28.545775],[-17.789373,28.54577],[-17.789552,28.545872],[-17.78969,28.545999],[-17.789718,28.54604],[-17.789817,28.546197],[-17.789888,28.546318],[-17.790006,28.546463],[-17.790248,28.546685],[-17.790356,28.546834],[-17.790494,28.547148],[-17.790593,28.547304],[-17.790898,28.547656],[-17.790993,28.547813],[-17.791209,28.548357],[-17.7913,28.548517],[-17.791466,28.548731],[-17.791491,28.54889],[-17.791417,28.549082],[-17.791405,28.549161],[-17.791291,28.549238],[-17.790978,28.549202],[-17.790782,28.549158],[-17.790088,28.548926],[-17.789939,28.548818],[-17.789677,28.54844],[-17.789585,28.54828],[-17.789424,28.547941],[-17.789342,28.547775],[-17.789074,28.547259],[-17.788968,28.547106],[-17.788525,28.546608],[-17.788422,28.546454],[-17.788191,28.545964],[-17.788143,28.545791],[-17.788118,28.545509],[-17.788201,28.545298],[-17.788274,28.545129],[-17.788321,28.545031],[-17.788344,28.545044],[-17.788511,28.545147]]]}},{"type":"Feature","properties":{"id":264,"tipo":"arqueologico","subtipo":"poblado_cuevas","nombre":"poblado cuevas #86","municipio":"","direccion":"","descripcion":"","url_imagen":"","area_m2":16534.92,"longitud":-17.78939201807308,"latitud":28.542702032755276},"geometry":{"type":"Polygon","coordinates":[[[-17.788818,28.542876],[-17.788808,28.542697],[-17.788812,28.542565],[-17.788879,28.542405],[-17.789165,28.542094],[-17.789269,28.541942],[-17.789279,28.541923],[-17.789309,28.541785],[-17.789653,28.541865],[-17.7898,28.541967],[-17.789836,28.542025],[-17.789889,28.542195],[-17.789894,28.542308],[-17.789925,28.542485],[-17.789976,28.542653],[-17.789986,28.542829],[-17.78994,28.54307],[-17.789852,28.543224],[-17.789725,28.543342],[-17.789553,28.543417],[-17.789271,28.543443],[-17.78907,28.543436],[-17.788766,28.543384],[-17.788799,28.543197],[-17.788819,28.543085],[-17.788822,28.542906],[-17.788818,28.542876]]]}},{"type":"Feature","properties":{"id":265,"tipo":"arqueologico","subtipo":"poblado_cuevas","nombre":"poblado cuevas #87","municipio":"","direccion":"","descripcion":"","url_imagen":"","area_m2":36796.58,"longitud":-17.80170395878169,"latitud":28.542228817411203},"geometry":{"type":"Polygon","coordinates":[[[-17.800321,28.54099],[-17.800509,28.54098],[-17.801175,28.541184],[-17.801326,28.541289],[-17.801571,28.541629],[-17.80171,28.541757],[-17.802197,28.542063],[-17.802685,28.54237],[-17.802863,28.542456],[-17.803251,28.542597],[-17.803373,28.542718],[-17.803461,28.542999],[-17.803408,28.543141],[-17.80318,28.543298],[-17.803001,28.543376],[-17.802682,28.543448],[-17.802483,28.543455],[-17.802397,28.543441],[-17.802273,28.543338],[-17.802238,28.543209],[-17.802146,28.543055],[-17.802063,28.542973],[-17.801904,28.542863],[-17.801777,28.542803],[-17.801609,28.542702],[-17.801321,28.542488],[-17.801146,28.542399],[-17.800662,28.542247],[-17.800503,28.542145],[-17.800434,28.542068],[-17.800362,28.541907],[-17.800343,28.541721],[-17.800258,28.541572],[-17.800145,28.541483],[-17.800027,28.541341],[-17.799976,28.541242],[-17.800026,28.54112],[-17.800321,28.54099]]]}},{"type":"Feature","properties":{"id":266,"tipo":"arqueologico","subtipo":"poblado_cuevas","nombre":"poblado cuevas #88","municipio":"","direccion":"","descripcion":"","url_imagen":"","area_m2":13388.47,"longitud":-17.799167353711947,"latitud":28.53879207716794},"geometry":{"type":"Polygon","coordinates":[[[-17.799467,28.539346],[-17.799284,28.539285],[-17.798893,28.539021],[-17.798724,28.53892],[-17.798343,28.538713],[-17.798242,28.538577],[-17.798225,28.53846],[-17.798226,28.538282],[-17.798236,28.538223],[-17.798349,28.538158],[-17.798851,28.538282],[-17.799038,28.538353],[-17.799533,28.538614],[-17.799713,28.538699],[-17.800003,28.538821],[-17.800105,28.53895],[-17.800122,28.539106],[-17.800064,28.539263],[-17.800018,28.539308],[-17.799849,28.539369],[-17.799467,28.539346]]]}},{"type":"Feature","properties":{"id":267,"tipo":"arqueologico","subtipo":"poblado_cuevas","nombre":"poblado cuevas #89","municipio":"","direccion":"","descripcion":"","url_imagen":"","area_m2":33167.11,"longitud":-17.796610017702626,"latitud":28.53684554227118},"geometry":{"type":"Polygon","coordinates":[[[-17.798239,28.537662],[-17.798083,28.537768],[-17.798008,28.537795],[-17.797826,28.537784],[-17.797404,28.537567],[-17.797218,28.537496],[-17.796511,28.537309],[-17.7961,28.5372],[-17.795901,28.537167],[-17.795277,28.537127],[-17.795122,28.537043],[-17.795033,28.536915],[-17.794948,28.536753],[-17.794923,28.536687],[-17.794993,28.536595],[-17.795154,28.536585],[-17.79534,28.536528],[-17.795518,28.53642],[-17.795667,28.536299],[-17.795781,28.536179],[-17.795907,28.536038],[-17.796044,28.535877],[-17.796187,28.535859],[-17.79626,28.535908],[-17.79643,28.536007],[-17.796608,28.536099],[-17.796795,28.536166],[-17.796942,28.536198],[-17.797108,28.536288],[-17.797636,28.536828],[-17.79801,28.53721],[-17.798134,28.537353],[-17.798252,28.537506],[-17.798247,28.537652],[-17.798239,28.537662]]]}},{"type":"Feature","properties":{"id":268,"tipo":"arqueologico","subtipo":"poblado_cuevas","nombre":"poblado cuevas #90","municipio":"","direccion":"","descripcion":"","url_imagen":"","area_m2":9194.23,"longitud":-17.791760383748223,"latitud":28.534038511581574},"geometry":{"type":"Polygon","coordinates":[[[-17.792699,28.534461],[-17.79232,28.534416],[-17.792119,28.534385],[-17.791784,28.534322],[-17.79159,28.534269],[-17.791067,28.534083],[-17.79095,28.533961],[-17.790905,28.533786],[-17.790837,28.533617],[-17.790819,28.533585],[-17.791305,28.533664],[-17.791505,28.533702],[-17.792007,28.533812],[-17.792186,28.53389],[-17.79246,28.534088],[-17.792735,28.534285],[-17.792748,28.534411],[-17.792699,28.534461]]]}},{"type":"Feature","properties":{"id":269,"tipo":"arqueologico","subtipo":"poblado_cuevas","nombre":"poblado cuevas #91","municipio":"","direccion":"","descripcion":"","url_imagen":"","area_m2":53632.95,"longitud":-17.792381156438616,"latitud":28.552086475177468},"geometry":{"type":"Polygon","coordinates":[[[-17.793992,28.551724],[-17.793831,28.552192],[-17.793717,28.55233],[-17.793464,28.552487],[-17.793306,28.5526],[-17.793019,28.552833],[-17.792849,28.552928],[-17.792593,28.553019],[-17.792158,28.553173],[-17.791968,28.553238],[-17.791289,28.553462],[-17.791091,28.553487],[-17.790427,28.553445],[-17.790232,28.553402],[-17.790001,28.55331],[-17.78993,28.553185],[-17.789946,28.553123],[-17.79007,28.553028],[-17.790584,28.552994],[-17.790783,28.552959],[-17.791382,28.55278],[-17.791566,28.552705],[-17.791824,28.552571],[-17.791972,28.552452],[-17.792282,28.552079],[-17.792344,28.551916],[-17.792349,28.551682],[-17.792256,28.551556],[-17.791754,28.551362],[-17.791558,28.55132],[-17.791129,28.551296],[-17.790989,28.551206],[-17.790947,28.551113],[-17.791004,28.550996],[-17.79117,28.550937],[-17.791367,28.550893],[-17.791906,28.550839],[-17.792105,28.550854],[-17.792278,28.550899],[-17.792478,28.550923],[-17.792754,28.550916],[-17.792958,28.550904],[-17.793448,28.550856],[-17.793616,28.550915],[-17.79385,28.551157],[-17.793865,28.551175],[-17.793947,28.551335],[-17.794,28.55155],[-17.793992,28.551724]]]}},{"type":"Feature","properties":{"id":270,"tipo":"arqueologico","subtipo":"poblado_cuevas","nombre":"poblado cuevas #92","municipio":"","direccion":"","descripcion":"","url_imagen":"","area_m2":8108.04,"longitud":-17.78267864670065,"latitud":28.552911037741588},"geometry":{"type":"Polygon","coordinates":[[[-17.78235,28.552267],[-17.782423,28.552217],[-17.782547,28.552116],[-17.782645,28.552185],[-17.78276,28.552326],[-17.782871,28.552589],[-17.78291,28.552764],[-17.782923,28.553069],[-17.782993,28.553228],[-17.783039,28.553277],[-17.783145,28.553429],[-17.783239,28.553624],[-17.783152,28.553641],[-17.78296,28.553623],[-17.78269,28.553512],[-17.782551,28.553393],[-17.782485,28.553279],[-17.782414,28.553112],[-17.78236,28.552925],[-17.782325,28.552748],[-17.78228,28.552363],[-17.78226,28.552323],[-17.78235,28.552267]]]}},{"type":"Feature","properties":{"id":271,"tipo":"arqueologico","subtipo":"poblado_cuevas","nombre":"poblado cuevas #93","municipio":"","direccion":"","descripcion":"","url_imagen":"","area_m2":32382.69,"longitud":-17.78569378694206,"latitud":28.560743760473336},"geometry":{"type":"Polygon","coordinates":[[[-17.783162,28.560195],[-17.783154,28.560179],[-17.783213,28.560084],[-17.783374,28.560063],[-17.783627,28.56003],[-17.783829,28.56003],[-17.784197,28.560078],[-17.784401,28.560095],[-17.785238,28.560126],[-17.78542,28.560186],[-17.785726,28.560397],[-17.787144,28.560725],[-17.787312,28.560814],[-17.787493,28.560988],[-17.787612,28.561133],[-17.787685,28.561247],[-17.787757,28.561414],[-17.787816,28.561637],[-17.78773,28.561678],[-17.787542,28.561694],[-17.787423,28.561663],[-17.787099,28.561577],[-17.78691,28.56151],[-17.786438,28.561297],[-17.78625,28.561226],[-17.785778,28.561083],[-17.785306,28.560939],[-17.785108,28.560901],[-17.784917,28.560884],[-17.784726,28.56083],[-17.784519,28.560726],[-17.784313,28.560623],[-17.784125,28.560554],[-17.783975,28.560519],[-17.783775,28.560487],[-17.783623,28.560476],[-17.783433,28.560422],[-17.783324,28.560365],[-17.783279,28.560339],[-17.783162,28.560195]]]}},{"type":"Feature","properties":{"id":272,"tipo":"arqueologico","subtipo":"poblado_cuevas","nombre":"poblado cuevas #94","municipio":"","direccion":"","descripcion":"","url_imagen":"","area_m2":7073.21,"longitud":-17.77689264606339,"latitud":28.55927779923172},"geometry":{"type":"Polygon","coordinates":[[[-17.777012,28.559721],[-17.776819,28.559689],[-17.7766,28.559594],[-17.776494,28.559465],[-17.776458,28.559235],[-17.776468,28.559058],[-17.776508,28.55891],[-17.776632,28.558807],[-17.776849,28.558776],[-17.777005,28.558837],[-17.777257,28.559185],[-17.777353,28.559343],[-17.777402,28.559443],[-17.777373,28.559593],[-17.777328,28.559636],[-17.777157,28.55971],[-17.777012,28.559721]]]}},{"type":"Feature","properties":{"id":273,"tipo":"arqueologico","subtipo":"poblado_cuevas","nombre":"poblado cuevas #95","municipio":"","direccion":"","descripcion":"","url_imagen":"","area_m2":61812.09,"longitud":-17.771992407535894,"latitud":28.567474798483314},"geometry":{"type":"Polygon","coordinates":[[[-17.772842,28.566713],[-17.773227,28.566805],[-17.773352,28.567002],[-17.773398,28.567383],[-17.773464,28.567725],[-17.773547,28.568161],[-17.773691,28.568651],[-17.773593,28.568845],[-17.773282,28.568926],[-17.773092,28.568929],[-17.772583,28.568735],[-17.772424,28.568629],[-17.772239,28.568432],[-17.772081,28.568327],[-17.771656,28.568166],[-17.771472,28.568087],[-17.771321,28.568013],[-17.771025,28.567869],[-17.770871,28.567756],[-17.770588,28.567452],[-17.770441,28.567328],[-17.770218,28.56718],[-17.769994,28.567033],[-17.769863,28.5669],[-17.769771,28.566753],[-17.769767,28.566606],[-17.769932,28.566512],[-17.770266,28.566403],[-17.770463,28.566382],[-17.771352,28.566469],[-17.771554,28.566495],[-17.772613,28.566666],[-17.772812,28.566706],[-17.772842,28.566713]]]}},{"type":"Feature","properties":{"id":274,"tipo":"arqueologico","subtipo":"poblado_cuevas","nombre":"poblado cuevas #96","municipio":"","direccion":"","descripcion":"","url_imagen":"","area_m2":12401.43,"longitud":-17.764463022810325,"latitud":28.567177991709194},"geometry":{"type":"Polygon","coordinates":[[[-17.763784,28.56741],[-17.764294,28.566922],[-17.764447,28.566804],[-17.764818,28.56657],[-17.765273,28.566284],[-17.765419,28.566192],[-17.765514,28.56623],[-17.765519,28.566269],[-17.765501,28.566445],[-17.765428,28.566654],[-17.765313,28.56679],[-17.76509,28.566923],[-17.764904,28.566978],[-17.764807,28.566982],[-17.76462,28.567036],[-17.764576,28.567061],[-17.764514,28.567198],[-17.764533,28.567267],[-17.764536,28.567443],[-17.764497,28.567606],[-17.764393,28.567747],[-17.764152,28.567902],[-17.763973,28.567986],[-17.763683,28.568079],[-17.763666,28.568051],[-17.763599,28.567882],[-17.763565,28.567726],[-17.763601,28.567615],[-17.763615,28.567572],[-17.763784,28.56741]]]}},{"type":"Feature","properties":{"id":275,"tipo":"arqueologico","subtipo":"poblado_cuevas","nombre":"poblado cuevas #97","municipio":"","direccion":"","descripcion":"","url_imagen":"","area_m2":12343.37,"longitud":-17.77700497042116,"latitud":28.56242311569161},"geometry":{"type":"Polygon","coordinates":[[[-17.77587,28.561931],[-17.776046,28.561849],[-17.776162,28.561822],[-17.776347,28.561847],[-17.776587,28.561985],[-17.776769,28.562064],[-17.777409,28.562265],[-17.777583,28.562354],[-17.77794,28.562626],[-17.778064,28.562765],[-17.77824,28.563066],[-17.778198,28.563117],[-17.778055,28.563138],[-17.777956,28.563074],[-17.777742,28.562939],[-17.777566,28.56285],[-17.777295,28.562746],[-17.777102,28.562689],[-17.776648,28.562593],[-17.776457,28.562532],[-17.776268,28.562451],[-17.776122,28.562335],[-17.775924,28.562062],[-17.775873,28.562015],[-17.77587,28.561931]]]}},{"type":"Feature","properties":{"id":276,"tipo":"arqueologico","subtipo":"poblado_cuevas","nombre":"poblado cuevas #98","municipio":"","direccion":"","descripcion":"","url_imagen":"","area_m2":7806.07,"longitud":-17.776650971515974,"latitud":28.563672670469682},"geometry":{"type":"Polygon","coordinates":[[[-17.77741,28.563814],[-17.777273,28.563933],[-17.777223,28.563953],[-17.777029,28.563977],[-17.776871,28.563956],[-17.776421,28.563897],[-17.776224,28.563853],[-17.77595,28.563767],[-17.775805,28.563657],[-17.775717,28.563512],[-17.775717,28.563442],[-17.776137,28.56344],[-17.776813,28.563437],[-17.777016,28.563452],[-17.777188,28.563477],[-17.777374,28.563541],[-17.777514,28.563621],[-17.77741,28.563814]]]}},{"type":"Feature","properties":{"id":277,"tipo":"arqueologico","subtipo":"poblado_cuevas","nombre":"poblado cuevas #99","municipio":"","direccion":"","descripcion":"","url_imagen":"","area_m2":78841.58,"longitud":-17.76415584863698,"latitud":28.577683415794894},"geometry":{"type":"Polygon","coordinates":[[[-17.763945,28.578899],[-17.763752,28.579241],[-17.76356,28.579583],[-17.763414,28.579679],[-17.763215,28.579709],[-17.763015,28.579703],[-17.762805,28.579658],[-17.762595,28.579612],[-17.762414,28.579536],[-17.762219,28.579418],[-17.762516,28.578713],[-17.762573,28.578541],[-17.762914,28.577134],[-17.762966,28.57696],[-17.76319,28.576346],[-17.76324,28.576171],[-17.763265,28.576054],[-17.763351,28.576117],[-17.763527,28.5762],[-17.763841,28.576283],[-17.764599,28.576484],[-17.764789,28.576549],[-17.765165,28.576705],[-17.765432,28.576816],[-17.765618,28.57682],[-17.766051,28.576658],[-17.766247,28.57661],[-17.766658,28.57656],[-17.766851,28.576509],[-17.767135,28.576389],[-17.767305,28.576408],[-17.767342,28.576435],[-17.767444,28.57658],[-17.767514,28.576841],[-17.7676,28.577001],[-17.767696,28.577113],[-17.767657,28.577201],[-17.767551,28.577217],[-17.767352,28.577208],[-17.767177,28.577166],[-17.766635,28.577035],[-17.76644,28.577041],[-17.76599,28.577179],[-17.765443,28.577347],[-17.764667,28.577586],[-17.764536,28.5777],[-17.764517,28.577745],[-17.764418,28.577985],[-17.764354,28.57814],[-17.764392,28.578287],[-17.764414,28.578307],[-17.764416,28.578434],[-17.764061,28.578754],[-17.763945,28.578899]]]}},{"type":"Feature","properties":{"id":278,"tipo":"arqueologico","subtipo":"poblado_cuevas","nombre":"poblado cuevas #100","municipio":"","direccion":"","descripcion":"","url_imagen":"","area_m2":121003.9,"longitud":-17.770953203346572,"latitud":28.57709342402196},"geometry":{"type":"Polygon","coordinates":[[[-17.772891,28.578723],[-17.772002,28.578666],[-17.771686,28.578646],[-17.771484,28.578658],[-17.77125,28.578701],[-17.771049,28.578706],[-17.769656,28.578521],[-17.769535,28.57848],[-17.769507,28.578461],[-17.769339,28.57836],[-17.768858,28.57811],[-17.768889,28.577962],[-17.768829,28.577852],[-17.768826,28.577742],[-17.768851,28.57765],[-17.768867,28.577541],[-17.769005,28.577408],[-17.76906,28.577331],[-17.769092,28.577255],[-17.76914,28.577154],[-17.769223,28.577041],[-17.769241,28.57691],[-17.769275,28.576866],[-17.769307,28.576754],[-17.769351,28.576624],[-17.769402,28.57645],[-17.769465,28.576199],[-17.769504,28.576042],[-17.769565,28.575871],[-17.769632,28.575727],[-17.769719,28.575564],[-17.769797,28.575436],[-17.769899,28.57528],[-17.769903,28.575274],[-17.769949,28.575197],[-17.770062,28.575208],[-17.770184,28.575225],[-17.770384,28.575216],[-17.771254,28.575188],[-17.771462,28.575292],[-17.771643,28.575375],[-17.772008,28.575524],[-17.772177,28.575622],[-17.772426,28.575818],[-17.772507,28.575968],[-17.772525,28.576292],[-17.772534,28.576463],[-17.772604,28.576623],[-17.772686,28.576887],[-17.772689,28.577061],[-17.77266,28.577163],[-17.772607,28.577337],[-17.772586,28.577403],[-17.772581,28.577525],[-17.772543,28.577701],[-17.772507,28.577792],[-17.772536,28.577949],[-17.772615,28.57804],[-17.772778,28.578129],[-17.772993,28.578167],[-17.773151,28.578258],[-17.773176,28.578291],[-17.773295,28.578437],[-17.773309,28.578453],[-17.772891,28.578723]]]}},{"type":"Feature","properties":{"id":279,"tipo":"arqueologico","subtipo":"poblado_cuevas","nombre":"poblado cuevas #101","municipio":"","direccion":"","descripcion":"","url_imagen":"","area_m2":29729.26,"longitud":-17.77639089478035,"latitud":28.578026407448473},"geometry":{"type":"Polygon","coordinates":[[[-17.778007,28.578556],[-17.777804,28.578538],[-17.777558,28.578505],[-17.777355,28.578499],[-17.777106,28.578518],[-17.776903,28.578511],[-17.775603,28.57832],[-17.775401,28.578298],[-17.774703,28.578243],[-17.774527,28.578172],[-17.774292,28.577973],[-17.774315,28.577882],[-17.77485,28.577726],[-17.775048,28.577686],[-17.775741,28.577606],[-17.776663,28.577499],[-17.776865,28.577502],[-17.777436,28.577588],[-17.777593,28.577678],[-17.777868,28.578041],[-17.777991,28.578185],[-17.778294,28.578505],[-17.778258,28.578569],[-17.778007,28.578556]]]}},{"type":"Feature","properties":{"id":280,"tipo":"arqueologico","subtipo":"poblado_cuevas","nombre":"poblado cuevas #102","municipio":"","direccion":"","descripcion":"","url_imagen":"","area_m2":410058.32,"longitud":-17.838332333077982,"latitud":28.47238446238091},"geometry":{"type":"Polygon","coordinates":[[[-17.838403,28.466962],[-17.838588,28.467149],[-17.838739,28.467269],[-17.839873,28.467985],[-17.839954,28.468128],[-17.839937,28.468948],[-17.839884,28.469116],[-17.839652,28.469473],[-17.839672,28.469616],[-17.839917,28.469836],[-17.839982,28.46999],[-17.839915,28.470944],[-17.839962,28.471111],[-17.840301,28.471599],[-17.840357,28.471766],[-17.840379,28.472517],[-17.840418,28.472692],[-17.840606,28.473134],[-17.840658,28.473308],[-17.840753,28.473831],[-17.840844,28.473981],[-17.840965,28.474081],[-17.840964,28.47439],[-17.841013,28.47456],[-17.841707,28.475676],[-17.841756,28.475846],[-17.841754,28.476455],[-17.841375,28.476489],[-17.841179,28.476531],[-17.840704,28.476697],[-17.840509,28.476747],[-17.840394,28.476765],[-17.840212,28.476727],[-17.840008,28.476589],[-17.839838,28.476491],[-17.839046,28.476106],[-17.83886,28.476034],[-17.838326,28.475875],[-17.838132,28.47582],[-17.837153,28.475555],[-17.836953,28.475525],[-17.836345,28.475503],[-17.836154,28.475455],[-17.835499,28.475131],[-17.835347,28.475016],[-17.83503,28.474665],[-17.835305,28.474089],[-17.83539,28.473925],[-17.836062,28.472736],[-17.836084,28.472568],[-17.83575,28.471339],[-17.835738,28.471161],[-17.835886,28.470024],[-17.835946,28.469855],[-17.83633,28.469225],[-17.836445,28.469077],[-17.837334,28.468163],[-17.838223,28.467249],[-17.838332,28.467099],[-17.838403,28.466962]]]}},{"type":"Feature","properties":{"id":281,"tipo":"arqueologico","subtipo":"poblado_cuevas","nombre":"poblado cuevas #103","municipio":"","direccion":"","descripcion":"","url_imagen":"","area_m2":283593.47,"longitud":-17.83270783577094,"latitud":28.480850290157814},"geometry":{"type":"Polygon","coordinates":[[[-17.830719,28.477379],[-17.831317,28.477558],[-17.831501,28.477634],[-17.83195,28.477875],[-17.832133,28.477952],[-17.833016,28.478236],[-17.833213,28.478279],[-17.83395,28.478373],[-17.834127,28.478447],[-17.834479,28.478732],[-17.834606,28.47887],[-17.834784,28.479139],[-17.834825,28.479306],[-17.83477,28.479766],[-17.834715,28.479937],[-17.834655,28.480048],[-17.834661,28.480207],[-17.83496,28.480673],[-17.835089,28.48081],[-17.835703,28.481267],[-17.835825,28.481407],[-17.835982,28.481701],[-17.836106,28.481839],[-17.836217,28.481918],[-17.83638,28.482026],[-17.836811,28.482295],[-17.836953,28.482421],[-17.837138,28.482651],[-17.837114,28.482777],[-17.836854,28.48294],[-17.836682,28.482947],[-17.836534,28.482873],[-17.836506,28.482897],[-17.836332,28.482958],[-17.835711,28.482945],[-17.835507,28.482934],[-17.835164,28.482905],[-17.834961,28.482886],[-17.834536,28.482846],[-17.834333,28.482842],[-17.833489,28.482889],[-17.833321,28.482963],[-17.833191,28.483097],[-17.833023,28.483161],[-17.832987,28.48316],[-17.832792,28.48312],[-17.83266,28.483069],[-17.832465,28.483041],[-17.831639,28.483107],[-17.831436,28.483119],[-17.830814,28.483143],[-17.830621,28.483106],[-17.830394,28.483008],[-17.830208,28.482935],[-17.829837,28.482809],[-17.829665,28.482717],[-17.829233,28.482378],[-17.829419,28.4822],[-17.829491,28.482044],[-17.829504,28.481514],[-17.829555,28.481345],[-17.82987,28.480826],[-17.829974,28.480671],[-17.830179,28.480392],[-17.83033,28.480285],[-17.830499,28.480228],[-17.830607,28.480107],[-17.83069,28.479526],[-17.830706,28.479346],[-17.830722,28.478891],[-17.830703,28.478713],[-17.830583,28.478243],[-17.830579,28.478066],[-17.830719,28.477379]]]}},{"type":"Feature","properties":{"id":282,"tipo":"arqueologico","subtipo":"poblado_cuevas","nombre":"poblado cuevas #104","municipio":"","direccion":"","descripcion":"","url_imagen":"","area_m2":9201.45,"longitud":-17.841407044771426,"latitud":28.488493074757702},"geometry":{"type":"Polygon","coordinates":[[[-17.841839,28.489172],[-17.841709,28.489228],[-17.84158,28.489225],[-17.841439,28.489194],[-17.841377,28.489137],[-17.841333,28.489032],[-17.841273,28.488879],[-17.841191,28.488715],[-17.841018,28.488435],[-17.840933,28.488272],[-17.840858,28.4881],[-17.840908,28.487966],[-17.840959,28.487937],[-17.841147,28.487882],[-17.841486,28.48786],[-17.84161,28.487942],[-17.841703,28.488303],[-17.841739,28.48848],[-17.841788,28.488807],[-17.841835,28.488981],[-17.841898,28.489143],[-17.841839,28.489172]]]}},{"type":"Feature","properties":{"id":283,"tipo":"arqueologico","subtipo":"poblado_cuevas","nombre":"poblado cuevas #105","municipio":"","direccion":"","descripcion":"","url_imagen":"","area_m2":36793.78,"longitud":-17.825480747302308,"latitud":28.477627940586043},"geometry":{"type":"Polygon","coordinates":[[[-17.825888,28.476957],[-17.825999,28.477109],[-17.826154,28.477333],[-17.826422,28.477717],[-17.826488,28.477883],[-17.826528,28.478165],[-17.826474,28.478323],[-17.826431,28.478367],[-17.826357,28.478526],[-17.826343,28.478674],[-17.826305,28.478749],[-17.825812,28.478751],[-17.82561,28.478734],[-17.825305,28.478679],[-17.825129,28.478601],[-17.82476,28.478306],[-17.824674,28.478156],[-17.824649,28.477928],[-17.824652,28.477749],[-17.824717,28.47728],[-17.824717,28.477101],[-17.824676,28.476814],[-17.82468,28.476635],[-17.8247,28.476528],[-17.824789,28.476376],[-17.824932,28.476251],[-17.825246,28.476203],[-17.825439,28.476391],[-17.825565,28.476533],[-17.825888,28.476957]]]}},{"type":"Feature","properties":{"id":284,"tipo":"arqueologico","subtipo":"poblado_cuevas","nombre":"poblado cuevas #106","municipio":"","direccion":"","descripcion":"","url_imagen":"","area_m2":70416.63,"longitud":-17.863567149349795,"latitud":28.498225926474586},"geometry":{"type":"Polygon","coordinates":[[[-17.865368,28.503288],[-17.865331,28.503268],[-17.865183,28.503148],[-17.865102,28.503054],[-17.865013,28.502896],[-17.864967,28.502746],[-17.864921,28.50257],[-17.864891,28.502431],[-17.864884,28.502354],[-17.864863,28.502175],[-17.864759,28.50152],[-17.864725,28.501343],[-17.864635,28.500934],[-17.864585,28.50076],[-17.864364,28.500136],[-17.864254,28.499992],[-17.864083,28.499866],[-17.863947,28.499734],[-17.863743,28.499473],[-17.86363,28.499323],[-17.862948,28.498384],[-17.862847,28.498227],[-17.862517,28.497643],[-17.862441,28.497476],[-17.862164,28.496697],[-17.86214,28.496521],[-17.862222,28.495432],[-17.862229,28.495252],[-17.862227,28.494639],[-17.862224,28.493819],[-17.862286,28.493658],[-17.862475,28.493442],[-17.862574,28.493454],[-17.862664,28.493658],[-17.862783,28.49393],[-17.862818,28.494105],[-17.862814,28.49425],[-17.862835,28.494428],[-17.862848,28.494476],[-17.8629,28.49465],[-17.862932,28.494742],[-17.862919,28.494795],[-17.862896,28.494973],[-17.862878,28.495526],[-17.862893,28.495705],[-17.863043,28.496425],[-17.863074,28.496603],[-17.863164,28.497278],[-17.863186,28.497436],[-17.863243,28.497606],[-17.863519,28.498104],[-17.863621,28.49826],[-17.863869,28.498586],[-17.863965,28.498744],[-17.864115,28.499061],[-17.864228,28.499207],[-17.864332,28.499296],[-17.864468,28.499431],[-17.864495,28.499463],[-17.864601,28.499616],[-17.864662,28.499727],[-17.864767,28.499881],[-17.864933,28.500078],[-17.865021,28.500237],[-17.865126,28.500588],[-17.865208,28.500861],[-17.865236,28.500925],[-17.865241,28.501094],[-17.865201,28.501203],[-17.865205,28.501221],[-17.865251,28.501396],[-17.865286,28.501505],[-17.865334,28.50168],[-17.865374,28.501852],[-17.865447,28.502163],[-17.865485,28.50234],[-17.8656,28.502911],[-17.865577,28.503082],[-17.865495,28.503253],[-17.865368,28.503288]]]}},{"type":"Feature","properties":{"id":285,"tipo":"arqueologico","subtipo":"poblado_cuevas","nombre":"poblado cuevas #107","municipio":"","direccion":"","descripcion":"","url_imagen":"","area_m2":51038.32,"longitud":-17.853599054717954,"latitud":28.514243084856734},"geometry":{"type":"Polygon","coordinates":[[[-17.853604,28.511886],[-17.853632,28.511911],[-17.85374,28.512058],[-17.853761,28.512108],[-17.853857,28.512214],[-17.853963,28.512367],[-17.854066,28.512567],[-17.854178,28.512783],[-17.854228,28.512955],[-17.854267,28.513436],[-17.854306,28.513918],[-17.854279,28.514093],[-17.8541,28.514537],[-17.854074,28.514711],[-17.854115,28.515161],[-17.85414,28.51534],[-17.854148,28.515381],[-17.854176,28.515415],[-17.854237,28.515578],[-17.854241,28.515808],[-17.854265,28.515986],[-17.85427,28.516005],[-17.854176,28.516153],[-17.854144,28.51632],[-17.854182,28.516499],[-17.854166,28.516672],[-17.854162,28.516682],[-17.85408,28.516582],[-17.852802,28.515222],[-17.852747,28.515063],[-17.852891,28.513743],[-17.852928,28.513566],[-17.853204,28.5127],[-17.853274,28.512531],[-17.853604,28.511886]]]}},{"type":"Feature","properties":{"id":286,"tipo":"arqueologico","subtipo":"poblado_cuevas","nombre":"poblado cuevas #108","municipio":"","direccion":"","descripcion":"","url_imagen":"","area_m2":13982.25,"longitud":-17.867044317698827,"latitud":28.539427881528354},"geometry":{"type":"Polygon","coordinates":[[[-17.866458,28.538871],[-17.867019,28.538749],[-17.867218,28.538746],[-17.867611,28.538818],[-17.867702,28.538839],[-17.867637,28.538973],[-17.867535,28.539128],[-17.867508,28.53916],[-17.867511,28.539219],[-17.867513,28.539399],[-17.867512,28.539414],[-17.867504,28.539432],[-17.867403,28.539587],[-17.867323,28.539678],[-17.867276,28.539739],[-17.867291,28.539744],[-17.867474,28.539824],[-17.8675,28.539837],[-17.867558,28.539976],[-17.867587,28.540046],[-17.867484,28.540063],[-17.866839,28.54027],[-17.866725,28.540212],[-17.866458,28.538871]]]}},{"type":"Feature","properties":{"id":287,"tipo":"arqueologico","subtipo":"poblado_cuevas","nombre":"poblado cuevas #109","municipio":"","direccion":"","descripcion":"","url_imagen":"","area_m2":15917.31,"longitud":-17.856996038817904,"latitud":28.48070433335397},"geometry":{"type":"Polygon","coordinates":[[[-17.856083,28.480749],[-17.856205,28.480625],[-17.856293,28.480589],[-17.856477,28.480512],[-17.856602,28.480459],[-17.856796,28.480407],[-17.856944,28.480389],[-17.857118,28.480313],[-17.857154,28.480282],[-17.857286,28.480145],[-17.857381,28.480026],[-17.857541,28.479946],[-17.857755,28.479932],[-17.857931,28.479988],[-17.858002,28.480048],[-17.858002,28.480122],[-17.857992,28.480161],[-17.857921,28.480328],[-17.857906,28.480353],[-17.857783,28.480493],[-17.857698,28.480562],[-17.857545,28.480681],[-17.857364,28.480817],[-17.857301,28.480964],[-17.857311,28.481029],[-17.857257,28.481185],[-17.857134,28.481304],[-17.856963,28.48138],[-17.856843,28.48139],[-17.856643,28.481376],[-17.856494,28.481341],[-17.855993,28.481009],[-17.856083,28.480749]]]}},{"type":"Feature","properties":{"id":288,"tipo":"arqueologico","subtipo":"poblado_cuevas","nombre":"poblado cuevas #110","municipio":"","direccion":"","descripcion":"","url_imagen":"","area_m2":5209.38,"longitud":-17.823311892207094,"latitud":28.482810658656998},"geometry":{"type":"Polygon","coordinates":[[[-17.822969,28.482777],[-17.823023,28.48267],[-17.823044,28.482626],[-17.82311,28.482456],[-17.823148,28.482317],[-17.823271,28.482251],[-17.823314,28.48226],[-17.823454,28.482365],[-17.823571,28.482605],[-17.823604,28.482778],[-17.823577,28.483101],[-17.823493,28.483251],[-17.823342,28.483372],[-17.823193,28.48337],[-17.823179,28.483358],[-17.823165,28.483221],[-17.823212,28.483164],[-17.823184,28.483115],[-17.823063,28.482973],[-17.823002,28.482921],[-17.822969,28.482777]]]}},{"type":"Feature","properties":{"id":289,"tipo":"arqueologico","subtipo":"poblado_cuevas","nombre":"poblado cuevas #111","municipio":"","direccion":"","descripcion":"","url_imagen":"","area_m2":3436.2,"longitud":-17.797889041910768,"latitud":28.525215595474595},"geometry":{"type":"Polygon","coordinates":[[[-17.797783,28.525394],[-17.79777,28.525322],[-17.79775,28.525284],[-17.797659,28.525123],[-17.79763,28.525078],[-17.797583,28.524909],[-17.797585,28.524876],[-17.797627,28.524847],[-17.797806,28.524812],[-17.797886,28.524829],[-17.798001,28.524853],[-17.798076,28.524962],[-17.798055,28.525042],[-17.79808,28.525113],[-17.798127,28.525288],[-17.798131,28.525311],[-17.798109,28.525484],[-17.798056,28.5256],[-17.797998,28.525708],[-17.797818,28.525681],[-17.7978,28.52567],[-17.7978,28.525573],[-17.797783,28.525394]]]}},{"type":"Feature","properties":{"id":290,"tipo":"arqueologico","subtipo":"poblado_cuevas","nombre":"poblado cuevas #112","municipio":"","direccion":"","descripcion":"","url_imagen":"","area_m2":5795.9,"longitud":-17.818287597963252,"latitud":28.529917062535933},"geometry":{"type":"Polygon","coordinates":[[[-17.818354,28.52955],[-17.818385,28.529522],[-17.818556,28.52947],[-17.818699,28.529488],[-17.818814,28.52959],[-17.818821,28.52964],[-17.818792,28.529811],[-17.818736,28.529916],[-17.818603,28.530039],[-17.818507,28.530083],[-17.818216,28.530218],[-17.817981,28.530328],[-17.817835,28.530395],[-17.817729,28.530348],[-17.817712,28.530253],[-17.817756,28.530091],[-17.817846,28.529984],[-17.817983,28.529852],[-17.818208,28.529675],[-17.818354,28.52955]]]}},{"type":"Feature","properties":{"id":291,"tipo":"arqueologico","subtipo":"poblado_cuevas","nombre":"poblado cuevas #113","municipio":"","direccion":"","descripcion":"","url_imagen":"","area_m2":9282.14,"longitud":-17.768657478107446,"latitud":28.589925309330383},"geometry":{"type":"Polygon","coordinates":[[[-17.768385,28.59024],[-17.768257,28.590233],[-17.76806,28.590197],[-17.767883,28.59014],[-17.767803,28.590019],[-17.767804,28.590009],[-17.767895,28.589859],[-17.768012,28.589763],[-17.768185,28.589679],[-17.768524,28.589603],[-17.768725,28.589588],[-17.769164,28.589618],[-17.769329,28.589696],[-17.769505,28.589896],[-17.769481,28.590013],[-17.769375,28.590069],[-17.769191,28.590145],[-17.768988,28.590207],[-17.768789,28.590238],[-17.76859,28.590242],[-17.768385,28.59024]]]}},{"type":"Feature","properties":{"id":292,"tipo":"arqueologico","subtipo":"poblado_cuevas","nombre":"poblado cuevas #114","municipio":"","direccion":"","descripcion":"","url_imagen":"","area_m2":4753.15,"longitud":-17.761670453937374,"latitud":28.59898574154468},"geometry":{"type":"Polygon","coordinates":[[[-17.761339,28.599381],[-17.761401,28.599228],[-17.761464,28.599074],[-17.761496,28.598899],[-17.76149,28.598683],[-17.761559,28.598528],[-17.761705,28.598393],[-17.761915,28.598612],[-17.761972,28.598771],[-17.761937,28.599117],[-17.761851,28.599265],[-17.761748,28.599342],[-17.761594,28.599461],[-17.761449,28.599576],[-17.761382,28.599525],[-17.761339,28.599381]]]}},{"type":"Feature","properties":{"id":293,"tipo":"arqueologico","subtipo":"poblado_cuevas","nombre":"poblado cuevas #115","municipio":"","direccion":"","descripcion":"","url_imagen":"","area_m2":50837.61,"longitud":-17.76563919585977,"latitud":28.61355966441243},"geometry":{"type":"Polygon","coordinates":[[[-17.768733,28.61262],[-17.768471,28.612747],[-17.768287,28.612825],[-17.767839,28.612984],[-17.767658,28.613066],[-17.767467,28.613171],[-17.767299,28.613273],[-17.767109,28.6134],[-17.766932,28.613488],[-17.766483,28.613651],[-17.76629,28.61371],[-17.765868,28.61382],[-17.765673,28.613875],[-17.765434,28.613946],[-17.76524,28.614001],[-17.764993,28.614068],[-17.764826,28.614161],[-17.764501,28.614472],[-17.764345,28.614586],[-17.763721,28.614935],[-17.763564,28.615049],[-17.763433,28.615171],[-17.763261,28.615239],[-17.763118,28.615242],[-17.763096,28.615178],[-17.763071,28.615002],[-17.763079,28.614846],[-17.763094,28.614666],[-17.763108,28.614531],[-17.76316,28.614359],[-17.763217,28.614247],[-17.76334,28.61411],[-17.763614,28.613926],[-17.763795,28.61386],[-17.764497,28.613358],[-17.764677,28.613289],[-17.765523,28.613182],[-17.765725,28.61315],[-17.766456,28.613011],[-17.76662,28.612922],[-17.766714,28.612819],[-17.766852,28.612687],[-17.767126,28.612455],[-17.767299,28.612371],[-17.767968,28.612225],[-17.768169,28.612214],[-17.76879,28.612281],[-17.768813,28.612487],[-17.768733,28.61262]]]}},{"type":"Feature","properties":{"id":294,"tipo":"arqueologico","subtipo":"poblado_cuevas","nombre":"poblado cuevas #116","municipio":"","direccion":"","descripcion":"","url_imagen":"","area_m2":18646.57,"longitud":-17.78560073035328,"latitud":28.606359425419306},"geometry":{"type":"Polygon","coordinates":[[[-17.786181,28.607115],[-17.786138,28.606934],[-17.786051,28.606777],[-17.785913,28.60663],[-17.785746,28.606559],[-17.785605,28.606556],[-17.785402,28.606536],[-17.785156,28.606493],[-17.784953,28.606479],[-17.784843,28.606484],[-17.784643,28.606463],[-17.784376,28.606394],[-17.784224,28.606292],[-17.784147,28.606179],[-17.784189,28.606069],[-17.78425,28.606048],[-17.784442,28.605987],[-17.784522,28.605964],[-17.784699,28.605879],[-17.784735,28.605853],[-17.784916,28.605811],[-17.784999,28.605823],[-17.785201,28.605848],[-17.785639,28.605894],[-17.786091,28.60594],[-17.786267,28.606012],[-17.786424,28.60614],[-17.786537,28.606285],[-17.786574,28.606366],[-17.786597,28.606539],[-17.786581,28.606633],[-17.786568,28.606812],[-17.786569,28.606848],[-17.786603,28.607024],[-17.786655,28.607167],[-17.786627,28.607207],[-17.786478,28.607316],[-17.786383,28.607349],[-17.786278,28.607264],[-17.786181,28.607115]]]}},{"type":"Feature","properties":{"id":295,"tipo":"arqueologico","subtipo":"poblado_cuevas","nombre":"poblado cuevas #117","municipio":"","direccion":"","descripcion":"","url_imagen":"","area_m2":47272.07,"longitud":-17.80737026983476,"latitud":28.596751034499906},"geometry":{"type":"Polygon","coordinates":[[[-17.806057,28.597665],[-17.806052,28.597473],[-17.806042,28.597113],[-17.80603,28.596933],[-17.806022,28.596854],[-17.806053,28.596681],[-17.806102,28.59658],[-17.806218,28.596436],[-17.806593,28.596133],[-17.806745,28.596013],[-17.807011,28.595804],[-17.807189,28.595745],[-17.807787,28.595751],[-17.807985,28.595784],[-17.808225,28.595866],[-17.80841,28.59594],[-17.80875,28.5961],[-17.808875,28.596227],[-17.808927,28.596352],[-17.808923,28.59652],[-17.808849,28.59668],[-17.808744,28.596832],[-17.808554,28.597028],[-17.808404,28.597149],[-17.808157,28.597304],[-17.807909,28.597459],[-17.807731,28.597546],[-17.807497,28.597633],[-17.807305,28.597692],[-17.80709,28.597747],[-17.80689,28.597778],[-17.806657,28.597789],[-17.806454,28.597786],[-17.806161,28.597763],[-17.806057,28.597665]]]}},{"type":"Feature","properties":{"id":296,"tipo":"arqueologico","subtipo":"poblado_cuevas","nombre":"poblado cuevas #118","municipio":"","direccion":"","descripcion":"","url_imagen":"","area_m2":8108.04,"longitud":-17.78267864670065,"latitud":28.55291103774158},"geometry":{"type":"Polygon","coordinates":[[[-17.78226,28.552323],[-17.78235,28.552267],[-17.782423,28.552217],[-17.782547,28.552116],[-17.782645,28.552185],[-17.78276,28.552326],[-17.782871,28.552589],[-17.78291,28.552764],[-17.782923,28.553069],[-17.782993,28.553228],[-17.783039,28.553277],[-17.783145,28.553429],[-17.783239,28.553624],[-17.783152,28.553641],[-17.78296,28.553623],[-17.78269,28.553512],[-17.782551,28.553393],[-17.782485,28.553279],[-17.782414,28.553112],[-17.78236,28.552925],[-17.782325,28.552748],[-17.78228,28.552363],[-17.78226,28.552323]]]}},{"type":"Feature","properties":{"id":297,"tipo":"arqueologico","subtipo":"poblado_cuevas","nombre":"poblado cuevas #119","municipio":"","direccion":"","descripcion":"","url_imagen":"","area_m2":61865.34,"longitud":-17.789775190371646,"latitud":28.54727117813063},"geometry":{"type":"Polygon","coordinates":[[[-17.788118,28.545509],[-17.788201,28.545298],[-17.788274,28.545129],[-17.788321,28.545031],[-17.788344,28.545044],[-17.788511,28.545147],[-17.788602,28.545211],[-17.788768,28.545316],[-17.788919,28.545404],[-17.789082,28.545512],[-17.789424,28.545775],[-17.789373,28.54577],[-17.789552,28.545872],[-17.78969,28.545999],[-17.789718,28.54604],[-17.789817,28.546197],[-17.789888,28.546318],[-17.790006,28.546463],[-17.790248,28.546685],[-17.790356,28.546834],[-17.790494,28.547148],[-17.790593,28.547304],[-17.790898,28.547656],[-17.790993,28.547813],[-17.791209,28.548357],[-17.7913,28.548517],[-17.791466,28.548731],[-17.791491,28.54889],[-17.791417,28.549082],[-17.791405,28.549161],[-17.791291,28.549238],[-17.790978,28.549202],[-17.790782,28.549158],[-17.790088,28.548926],[-17.789939,28.548818],[-17.789677,28.54844],[-17.789585,28.54828],[-17.789424,28.547941],[-17.789342,28.547775],[-17.789074,28.547259],[-17.788968,28.547106],[-17.788525,28.546608],[-17.788422,28.546454],[-17.788191,28.545964],[-17.788143,28.545791],[-17.788118,28.545509]]]}},{"type":"Feature","properties":{"id":298,"tipo":"arqueologico","subtipo":"poblado_cuevas","nombre":"poblado cuevas #120","municipio":"","direccion":"","descripcion":"","url_imagen":"","area_m2":16534.92,"longitud":-17.789392018073084,"latitud":28.542702032755276},"geometry":{"type":"Polygon","coordinates":[[[-17.789309,28.541785],[-17.789653,28.541865],[-17.7898,28.541967],[-17.789836,28.542025],[-17.789889,28.542195],[-17.789894,28.542308],[-17.789925,28.542485],[-17.789976,28.542653],[-17.789986,28.542829],[-17.78994,28.54307],[-17.789852,28.543224],[-17.789725,28.543342],[-17.789553,28.543417],[-17.789271,28.543443],[-17.78907,28.543436],[-17.788766,28.543384],[-17.788799,28.543197],[-17.788819,28.543085],[-17.788822,28.542906],[-17.788818,28.542876],[-17.788808,28.542697],[-17.788812,28.542565],[-17.788879,28.542405],[-17.789165,28.542094],[-17.789269,28.541942],[-17.789279,28.541923],[-17.789309,28.541785]]]}},{"type":"Feature","properties":{"id":299,"tipo":"arqueologico","subtipo":"poblado_cuevas","nombre":"poblado cuevas #121","municipio":"","direccion":"","descripcion":"","url_imagen":"","area_m2":36796.58,"longitud":-17.801703958781687,"latitud":28.542228817411186},"geometry":{"type":"Polygon","coordinates":[[[-17.800026,28.54112],[-17.800321,28.54099],[-17.800509,28.54098],[-17.801175,28.541184],[-17.801326,28.541289],[-17.801571,28.541629],[-17.80171,28.541757],[-17.802197,28.542063],[-17.802685,28.54237],[-17.802863,28.542456],[-17.803251,28.542597],[-17.803373,28.542718],[-17.803461,28.542999],[-17.803408,28.543141],[-17.80318,28.543298],[-17.803001,28.543376],[-17.802682,28.543448],[-17.802483,28.543455],[-17.802397,28.543441],[-17.802273,28.543338],[-17.802238,28.543209],[-17.802146,28.543055],[-17.802063,28.542973],[-17.801904,28.542863],[-17.801777,28.542803],[-17.801609,28.542702],[-17.801321,28.542488],[-17.801146,28.542399],[-17.800662,28.542247],[-17.800503,28.542145],[-17.800434,28.542068],[-17.800362,28.541907],[-17.800343,28.541721],[-17.800258,28.541572],[-17.800145,28.541483],[-17.800027,28.541341],[-17.799976,28.541242],[-17.800026,28.54112]]]}},{"type":"Feature","properties":{"id":300,"tipo":"arqueologico","subtipo":"poblado_cuevas","nombre":"poblado cuevas #122","municipio":"","direccion":"","descripcion":"","url_imagen":"","area_m2":13388.47,"longitud":-17.799167353711933,"latitud":28.53879207716793},"geometry":{"type":"Polygon","coordinates":[[[-17.799849,28.539369],[-17.799467,28.539346],[-17.799284,28.539285],[-17.798893,28.539021],[-17.798724,28.53892],[-17.798343,28.538713],[-17.798242,28.538577],[-17.798225,28.53846],[-17.798226,28.538282],[-17.798236,28.538223],[-17.798349,28.538158],[-17.798851,28.538282],[-17.799038,28.538353],[-17.799533,28.538614],[-17.799713,28.538699],[-17.800003,28.538821],[-17.800105,28.53895],[-17.800122,28.539106],[-17.800064,28.539263],[-17.800018,28.539308],[-17.799849,28.539369]]]}},{"type":"Feature","properties":{"id":301,"tipo":"arqueologico","subtipo":"poblado_cuevas","nombre":"poblado cuevas #123","municipio":"","direccion":"","descripcion":"","url_imagen":"","area_m2":33167.11,"longitud":-17.79661001770263,"latitud":28.536845542271198},"geometry":{"type":"Polygon","coordinates":[[[-17.798247,28.537652],[-17.798239,28.537662],[-17.798083,28.537768],[-17.798008,28.537795],[-17.797826,28.537784],[-17.797404,28.537567],[-17.797218,28.537496],[-17.796511,28.537309],[-17.7961,28.5372],[-17.795901,28.537167],[-17.795277,28.537127],[-17.795122,28.537043],[-17.795033,28.536915],[-17.794948,28.536753],[-17.794923,28.536687],[-17.794993,28.536595],[-17.795154,28.536585],[-17.79534,28.536528],[-17.795518,28.53642],[-17.795667,28.536299],[-17.795781,28.536179],[-17.795907,28.536038],[-17.796044,28.535877],[-17.796187,28.535859],[-17.79626,28.535908],[-17.79643,28.536007],[-17.796608,28.536099],[-17.796795,28.536166],[-17.796942,28.536198],[-17.797108,28.536288],[-17.797636,28.536828],[-17.79801,28.53721],[-17.798134,28.537353],[-17.798252,28.537506],[-17.798247,28.537652]]]}},{"type":"Feature","properties":{"id":302,"tipo":"arqueologico","subtipo":"poblado_cuevas","nombre":"poblado cuevas #124","municipio":"","direccion":"","descripcion":"","url_imagen":"","area_m2":9194.23,"longitud":-17.79176038374822,"latitud":28.534038511581574},"geometry":{"type":"Polygon","coordinates":[[[-17.792748,28.534411],[-17.792699,28.534461],[-17.79232,28.534416],[-17.792119,28.534385],[-17.791784,28.534322],[-17.79159,28.534269],[-17.791067,28.534083],[-17.79095,28.533961],[-17.790905,28.533786],[-17.790837,28.533617],[-17.790819,28.533585],[-17.791305,28.533664],[-17.791505,28.533702],[-17.792007,28.533812],[-17.792186,28.53389],[-17.79246,28.534088],[-17.792735,28.534285],[-17.792748,28.534411]]]}},{"type":"Feature","properties":{"id":303,"tipo":"arqueologico","subtipo":"poblado_cuevas","nombre":"poblado cuevas #125","municipio":"","direccion":"","descripcion":"","url_imagen":"","area_m2":53632.95,"longitud":-17.792381156438623,"latitud":28.55208647517746},"geometry":{"type":"Polygon","coordinates":[[[-17.794,28.55155],[-17.793992,28.551724],[-17.793831,28.552192],[-17.793717,28.55233],[-17.793464,28.552487],[-17.793306,28.5526],[-17.793019,28.552833],[-17.792849,28.552928],[-17.792593,28.553019],[-17.792158,28.553173],[-17.791968,28.553238],[-17.791289,28.553462],[-17.791091,28.553487],[-17.790427,28.553445],[-17.790232,28.553402],[-17.790001,28.55331],[-17.78993,28.553185],[-17.789946,28.553123],[-17.79007,28.553028],[-17.790584,28.552994],[-17.790783,28.552959],[-17.791382,28.55278],[-17.791566,28.552705],[-17.791824,28.552571],[-17.791972,28.552452],[-17.792282,28.552079],[-17.792344,28.551916],[-17.792349,28.551682],[-17.792256,28.551556],[-17.791754,28.551362],[-17.791558,28.55132],[-17.791129,28.551296],[-17.790989,28.551206],[-17.790947,28.551113],[-17.791004,28.550996],[-17.79117,28.550937],[-17.791367,28.550893],[-17.791906,28.550839],[-17.792105,28.550854],[-17.792278,28.550899],[-17.792478,28.550923],[-17.792754,28.550916],[-17.792958,28.550904],[-17.793448,28.550856],[-17.793616,28.550915],[-17.79385,28.551157],[-17.793865,28.551175],[-17.793947,28.551335],[-17.794,28.55155]]]}},{"type":"Feature","properties":{"id":304,"tipo":"arqueologico","subtipo":"poblado_cuevas","nombre":"poblado cuevas #126","municipio":"","direccion":"","descripcion":"","url_imagen":"","area_m2":32382.69,"longitud":-17.78569378694205,"latitud":28.560743760473336},"geometry":{"type":"Polygon","coordinates":[[[-17.783279,28.560339],[-17.783162,28.560195],[-17.783154,28.560179],[-17.783213,28.560084],[-17.783374,28.560063],[-17.783627,28.56003],[-17.783829,28.56003],[-17.784197,28.560078],[-17.784401,28.560095],[-17.785238,28.560126],[-17.78542,28.560186],[-17.785726,28.560397],[-17.787144,28.560725],[-17.787312,28.560814],[-17.787493,28.560988],[-17.787612,28.561133],[-17.787685,28.561247],[-17.787757,28.561414],[-17.787816,28.561637],[-17.78773,28.561678],[-17.787542,28.561694],[-17.787423,28.561663],[-17.787099,28.561577],[-17.78691,28.56151],[-17.786438,28.561297],[-17.78625,28.561226],[-17.785778,28.561083],[-17.785306,28.560939],[-17.785108,28.560901],[-17.784917,28.560884],[-17.784726,28.56083],[-17.784519,28.560726],[-17.784313,28.560623],[-17.784125,28.560554],[-17.783975,28.560519],[-17.783775,28.560487],[-17.783623,28.560476],[-17.783433,28.560422],[-17.783324,28.560365],[-17.783279,28.560339]]]}},{"type":"Feature","properties":{"id":305,"tipo":"arqueologico","subtipo":"poblado_cuevas","nombre":"poblado cuevas #127","municipio":"","direccion":"","descripcion":"","url_imagen":"","area_m2":7073.21,"longitud":-17.776892646063395,"latitud":28.55927779923171},"geometry":{"type":"Polygon","coordinates":[[[-17.777157,28.55971],[-17.777012,28.559721],[-17.776819,28.559689],[-17.7766,28.559594],[-17.776494,28.559465],[-17.776458,28.559235],[-17.776468,28.559058],[-17.776508,28.55891],[-17.776632,28.558807],[-17.776849,28.558776],[-17.777005,28.558837],[-17.777257,28.559185],[-17.777353,28.559343],[-17.777402,28.559443],[-17.777373,28.559593],[-17.777328,28.559636],[-17.777157,28.55971]]]}},{"type":"Feature","properties":{"id":306,"tipo":"arqueologico","subtipo":"poblado_cuevas","nombre":"poblado cuevas #128","municipio":"","direccion":"","descripcion":"","url_imagen":"","area_m2":36793.78,"longitud":-17.825480747302315,"latitud":28.47762794058605},"geometry":{"type":"Polygon","coordinates":[[[-17.825565,28.476533],[-17.825888,28.476957],[-17.825999,28.477109],[-17.826154,28.477333],[-17.826422,28.477717],[-17.826488,28.477883],[-17.826528,28.478165],[-17.826474,28.478323],[-17.826431,28.478367],[-17.826357,28.478526],[-17.826343,28.478674],[-17.826305,28.478749],[-17.825812,28.478751],[-17.82561,28.478734],[-17.825305,28.478679],[-17.825129,28.478601],[-17.82476,28.478306],[-17.824674,28.478156],[-17.824649,28.477928],[-17.824652,28.477749],[-17.824717,28.47728],[-17.824717,28.477101],[-17.824676,28.476814],[-17.82468,28.476635],[-17.8247,28.476528],[-17.824789,28.476376],[-17.824932,28.476251],[-17.825246,28.476203],[-17.825439,28.476391],[-17.825565,28.476533]]]}},{"type":"Feature","properties":{"id":307,"tipo":"arqueologico","subtipo":"poblado_cuevas","nombre":"poblado cuevas #129","municipio":"","direccion":"","descripcion":"","url_imagen":"","area_m2":78841.58,"longitud":-17.764155848636978,"latitud":28.57768341579488},"geometry":{"type":"Polygon","coordinates":[[[-17.762219,28.579418],[-17.762516,28.578713],[-17.762573,28.578541],[-17.762914,28.577134],[-17.762966,28.57696],[-17.76319,28.576346],[-17.76324,28.576171],[-17.763265,28.576054],[-17.763351,28.576117],[-17.763527,28.5762],[-17.763841,28.576283],[-17.764599,28.576484],[-17.764789,28.576549],[-17.765165,28.576705],[-17.765432,28.576816],[-17.765618,28.57682],[-17.766051,28.576658],[-17.766247,28.57661],[-17.766658,28.57656],[-17.766851,28.576509],[-17.767135,28.576389],[-17.767305,28.576408],[-17.767342,28.576435],[-17.767444,28.57658],[-17.767514,28.576841],[-17.7676,28.577001],[-17.767696,28.577113],[-17.767657,28.577201],[-17.767551,28.577217],[-17.767352,28.577208],[-17.767177,28.577166],[-17.766635,28.577035],[-17.76644,28.577041],[-17.76599,28.577179],[-17.765443,28.577347],[-17.764667,28.577586],[-17.764536,28.5777],[-17.764517,28.577745],[-17.764418,28.577985],[-17.764354,28.57814],[-17.764392,28.578287],[-17.764414,28.578307],[-17.764416,28.578434],[-17.764061,28.578754],[-17.763945,28.578899],[-17.763752,28.579241],[-17.76356,28.579583],[-17.763414,28.579679],[-17.763215,28.579709],[-17.763015,28.579703],[-17.762805,28.579658],[-17.762595,28.579612],[-17.762414,28.579536],[-17.762219,28.579418]]]}},{"type":"Feature","properties":{"id":308,"tipo":"arqueologico","subtipo":"poblado_cuevas","nombre":"poblado cuevas #130","municipio":"","direccion":"","descripcion":"","url_imagen":"","area_m2":12401.43,"longitud":-17.764463022792306,"latitud":28.56717799171872},"geometry":{"type":"Polygon","coordinates":[[[-17.763683,28.568079],[-17.763666,28.568051],[-17.763599,28.567882],[-17.763565,28.567726],[-17.763615,28.567572],[-17.763784,28.56741],[-17.764294,28.566922],[-17.764447,28.566804],[-17.764818,28.56657],[-17.765273,28.566284],[-17.765419,28.566192],[-17.765514,28.56623],[-17.765519,28.566269],[-17.765501,28.566445],[-17.765428,28.566654],[-17.765313,28.56679],[-17.76509,28.566923],[-17.764904,28.566978],[-17.764807,28.566982],[-17.76462,28.567036],[-17.764576,28.567061],[-17.764514,28.567198],[-17.764533,28.567267],[-17.764536,28.567443],[-17.764497,28.567606],[-17.764393,28.567747],[-17.764152,28.567902],[-17.763973,28.567986],[-17.763683,28.568079]]]}},{"type":"Feature","properties":{"id":309,"tipo":"arqueologico","subtipo":"poblado_cuevas","nombre":"poblado cuevas #131","municipio":"","direccion":"","descripcion":"","url_imagen":"","area_m2":61812.09,"longitud":-17.77199240752763,"latitud":28.5674747984891},"geometry":{"type":"Polygon","coordinates":[[[-17.769767,28.566606],[-17.769932,28.566512],[-17.770266,28.566403],[-17.770463,28.566382],[-17.771352,28.566469],[-17.771554,28.566495],[-17.772613,28.566666],[-17.772812,28.566706],[-17.773227,28.566805],[-17.773352,28.567002],[-17.773398,28.567383],[-17.773464,28.567725],[-17.773547,28.568161],[-17.773691,28.568651],[-17.773593,28.568845],[-17.773282,28.568926],[-17.773092,28.568929],[-17.772583,28.568735],[-17.772424,28.568629],[-17.772239,28.568432],[-17.772081,28.568327],[-17.771656,28.568166],[-17.771472,28.568087],[-17.771025,28.567869],[-17.770871,28.567756],[-17.770588,28.567452],[-17.770441,28.567328],[-17.770218,28.56718],[-17.769994,28.567033],[-17.769863,28.5669],[-17.769771,28.566753],[-17.769767,28.566606]]]}},{"type":"Feature","properties":{"id":310,"tipo":"arqueologico","subtipo":"poblado_cuevas","nombre":"poblado cuevas #132","municipio":"","direccion":"","descripcion":"","url_imagen":"","area_m2":29729.26,"longitud":-17.77639089478034,"latitud":28.578026407448473},"geometry":{"type":"Polygon","coordinates":[[[-17.778258,28.578569],[-17.778007,28.578556],[-17.777804,28.578538],[-17.777558,28.578505],[-17.777355,28.578499],[-17.777106,28.578518],[-17.776903,28.578511],[-17.775603,28.57832],[-17.775401,28.578298],[-17.774703,28.578243],[-17.774527,28.578172],[-17.774292,28.577973],[-17.774315,28.577882],[-17.77485,28.577726],[-17.775048,28.577686],[-17.775741,28.577606],[-17.776663,28.577499],[-17.776865,28.577502],[-17.777436,28.577588],[-17.777593,28.577678],[-17.777868,28.578041],[-17.777991,28.578185],[-17.778294,28.578505],[-17.778258,28.578569]]]}},{"type":"Feature","properties":{"id":311,"tipo":"arqueologico","subtipo":"poblado_cuevas","nombre":"poblado cuevas #133","municipio":"","direccion":"","descripcion":"","url_imagen":"","area_m2":7806.07,"longitud":-17.776650971515977,"latitud":28.56367267046967},"geometry":{"type":"Polygon","coordinates":[[[-17.777514,28.563621],[-17.77741,28.563814],[-17.777273,28.563933],[-17.777223,28.563953],[-17.777029,28.563977],[-17.776871,28.563956],[-17.776421,28.563897],[-17.776224,28.563853],[-17.77595,28.563767],[-17.775805,28.563657],[-17.775717,28.563512],[-17.775717,28.563442],[-17.776137,28.56344],[-17.776813,28.563437],[-17.777016,28.563452],[-17.777188,28.563477],[-17.777374,28.563541],[-17.777514,28.563621]]]}},{"type":"Feature","properties":{"id":312,"tipo":"arqueologico","subtipo":"poblado_cuevas","nombre":"poblado cuevas #134","municipio":"","direccion":"","descripcion":"","url_imagen":"","area_m2":12343.37,"longitud":-17.777004970421164,"latitud":28.562423115691605},"geometry":{"type":"Polygon","coordinates":[[[-17.775873,28.562015],[-17.77587,28.561931],[-17.776046,28.561849],[-17.776162,28.561822],[-17.776347,28.561847],[-17.776587,28.561985],[-17.776769,28.562064],[-17.777409,28.562265],[-17.777583,28.562354],[-17.77794,28.562626],[-17.778064,28.562765],[-17.77824,28.563066],[-17.778198,28.563117],[-17.778055,28.563138],[-17.777956,28.563074],[-17.777742,28.562939],[-17.777566,28.56285],[-17.777295,28.562746],[-17.777102,28.562689],[-17.776648,28.562593],[-17.776457,28.562532],[-17.776268,28.562451],[-17.776122,28.562335],[-17.775924,28.562062],[-17.775873,28.562015]]]}},{"type":"Feature","properties":{"id":313,"tipo":"arqueologico","subtipo":"poblado_cuevas","nombre":"poblado cuevas #135","municipio":"","direccion":"","descripcion":"","url_imagen":"","area_m2":70416.63,"longitud":-17.863567149349812,"latitud":28.49822592647462},"geometry":{"type":"Polygon","coordinates":[[[-17.865495,28.503253],[-17.865368,28.503288],[-17.865331,28.503268],[-17.865183,28.503148],[-17.865102,28.503054],[-17.865013,28.502896],[-17.864967,28.502746],[-17.864921,28.50257],[-17.864891,28.502431],[-17.864884,28.502354],[-17.864863,28.502175],[-17.864759,28.50152],[-17.864725,28.501343],[-17.864635,28.500934],[-17.864585,28.50076],[-17.864364,28.500136],[-17.864254,28.499992],[-17.864083,28.499866],[-17.863947,28.499734],[-17.863743,28.499473],[-17.86363,28.499323],[-17.862948,28.498384],[-17.862847,28.498227],[-17.862517,28.497643],[-17.862441,28.497476],[-17.862164,28.496697],[-17.86214,28.496521],[-17.862222,28.495432],[-17.862229,28.495252],[-17.862227,28.494639],[-17.862224,28.493819],[-17.862286,28.493658],[-17.862475,28.493442],[-17.862574,28.493454],[-17.862664,28.493658],[-17.862783,28.49393],[-17.862818,28.494105],[-17.862814,28.49425],[-17.862835,28.494428],[-17.862848,28.494476],[-17.8629,28.49465],[-17.862932,28.494742],[-17.862919,28.494795],[-17.862896,28.494973],[-17.862878,28.495526],[-17.862893,28.495705],[-17.863043,28.496425],[-17.863074,28.496603],[-17.863164,28.497278],[-17.863186,28.497436],[-17.863243,28.497606],[-17.863519,28.498104],[-17.863621,28.49826],[-17.863869,28.498586],[-17.863965,28.498744],[-17.864115,28.499061],[-17.864228,28.499207],[-17.864332,28.499296],[-17.864468,28.499431],[-17.864495,28.499463],[-17.864601,28.499616],[-17.864662,28.499727],[-17.864767,28.499881],[-17.864933,28.500078],[-17.865021,28.500237],[-17.865126,28.500588],[-17.865208,28.500861],[-17.865236,28.500925],[-17.865241,28.501094],[-17.865201,28.501203],[-17.865205,28.501221],[-17.865251,28.501396],[-17.865286,28.501505],[-17.865334,28.50168],[-17.865374,28.501852],[-17.865447,28.502163],[-17.865485,28.50234],[-17.8656,28.502911],[-17.865577,28.503082],[-17.865495,28.503253]]]}},{"type":"Feature","properties":{"id":314,"tipo":"arqueologico","subtipo":"poblado_cuevas","nombre":"poblado cuevas #136","municipio":"","direccion":"","descripcion":"","url_imagen":"","area_m2":410058.32,"longitud":-17.838332333077993,"latitud":28.472384462380912},"geometry":{"type":"Polygon","coordinates":[[[-17.840965,28.474081],[-17.840964,28.47439],[-17.841013,28.47456],[-17.841707,28.475676],[-17.841756,28.475846],[-17.841754,28.476455],[-17.841375,28.476489],[-17.841179,28.476531],[-17.840704,28.476697],[-17.840509,28.476747],[-17.840394,28.476765],[-17.840212,28.476727],[-17.840008,28.476589],[-17.839838,28.476491],[-17.839046,28.476106],[-17.83886,28.476034],[-17.838326,28.475875],[-17.838132,28.47582],[-17.837153,28.475555],[-17.836953,28.475525],[-17.836345,28.475503],[-17.836154,28.475455],[-17.835499,28.475131],[-17.835347,28.475016],[-17.83503,28.474665],[-17.835305,28.474089],[-17.83539,28.473925],[-17.836062,28.472736],[-17.836084,28.472568],[-17.83575,28.471339],[-17.835738,28.471161],[-17.835886,28.470024],[-17.835946,28.469855],[-17.83633,28.469225],[-17.836445,28.469077],[-17.837334,28.468163],[-17.838223,28.467249],[-17.838332,28.467099],[-17.838403,28.466962],[-17.838588,28.467149],[-17.838739,28.467269],[-17.839873,28.467985],[-17.839954,28.468128],[-17.839937,28.468948],[-17.839884,28.469116],[-17.839652,28.469473],[-17.839672,28.469616],[-17.839917,28.469836],[-17.839982,28.46999],[-17.839915,28.470944],[-17.839962,28.471111],[-17.840301,28.471599],[-17.840357,28.471766],[-17.840379,28.472517],[-17.840418,28.472692],[-17.840606,28.473134],[-17.840658,28.473308],[-17.840753,28.473831],[-17.840844,28.473981],[-17.840965,28.474081]]]}},{"type":"Feature","properties":{"id":315,"tipo":"arqueologico","subtipo":"poblado_cuevas","nombre":"poblado cuevas #137","municipio":"","direccion":"","descripcion":"","url_imagen":"","area_m2":283593.47,"longitud":-17.83270783577094,"latitud":28.480850290157814},"geometry":{"type":"Polygon","coordinates":[[[-17.830719,28.477379],[-17.831317,28.477558],[-17.831501,28.477634],[-17.83195,28.477875],[-17.832133,28.477952],[-17.833016,28.478236],[-17.833213,28.478279],[-17.83395,28.478373],[-17.834127,28.478447],[-17.834479,28.478732],[-17.834606,28.47887],[-17.834784,28.479139],[-17.834825,28.479306],[-17.83477,28.479766],[-17.834715,28.479937],[-17.834655,28.480048],[-17.834661,28.480207],[-17.83496,28.480673],[-17.835089,28.48081],[-17.835703,28.481267],[-17.835825,28.481407],[-17.835982,28.481701],[-17.836106,28.481839],[-17.836217,28.481918],[-17.83638,28.482026],[-17.836811,28.482295],[-17.836953,28.482421],[-17.837138,28.482651],[-17.837114,28.482777],[-17.836854,28.48294],[-17.836682,28.482947],[-17.836534,28.482873],[-17.836506,28.482897],[-17.836332,28.482958],[-17.835711,28.482945],[-17.835507,28.482934],[-17.835164,28.482905],[-17.834961,28.482886],[-17.834536,28.482846],[-17.834333,28.482842],[-17.833489,28.482889],[-17.833321,28.482963],[-17.833191,28.483097],[-17.833023,28.483161],[-17.832987,28.48316],[-17.832792,28.48312],[-17.83266,28.483069],[-17.832465,28.483041],[-17.831639,28.483107],[-17.831436,28.483119],[-17.830814,28.483143],[-17.830621,28.483106],[-17.830394,28.483008],[-17.830208,28.482935],[-17.829837,28.482809],[-17.829665,28.482717],[-17.829233,28.482378],[-17.829419,28.4822],[-17.829491,28.482044],[-17.829504,28.481514],[-17.829555,28.481345],[-17.82987,28.480826],[-17.829974,28.480671],[-17.830179,28.480392],[-17.83033,28.480285],[-17.830499,28.480228],[-17.830607,28.480107],[-17.83069,28.479526],[-17.830706,28.479346],[-17.830722,28.478891],[-17.830703,28.478713],[-17.830583,28.478243],[-17.830579,28.478066],[-17.830719,28.477379]]]}},{"type":"Feature","properties":{"id":316,"tipo":"arqueologico","subtipo":"poblado_cuevas","nombre":"poblado cuevas #138","municipio":"","direccion":"","descripcion":"","url_imagen":"","area_m2":51038.32,"longitud":-17.853599054717957,"latitud":28.51424308485673},"geometry":{"type":"Polygon","coordinates":[[[-17.854162,28.516682],[-17.85408,28.516582],[-17.852802,28.515222],[-17.852747,28.515063],[-17.852891,28.513743],[-17.852928,28.513566],[-17.853204,28.5127],[-17.853274,28.512531],[-17.853604,28.511886],[-17.853632,28.511911],[-17.85374,28.512058],[-17.853761,28.512108],[-17.853857,28.512214],[-17.853963,28.512367],[-17.854066,28.512567],[-17.854178,28.512783],[-17.854228,28.512955],[-17.854267,28.513436],[-17.854306,28.513918],[-17.854279,28.514093],[-17.8541,28.514537],[-17.854074,28.514711],[-17.854115,28.515161],[-17.85414,28.51534],[-17.854148,28.515381],[-17.854176,28.515415],[-17.854237,28.515578],[-17.854241,28.515808],[-17.854265,28.515986],[-17.85427,28.516005],[-17.854176,28.516153],[-17.854144,28.51632],[-17.854182,28.516499],[-17.854166,28.516672],[-17.854162,28.516682]]]}},{"type":"Feature","properties":{"id":317,"tipo":"arqueologico","subtipo":"poblado_cuevas","nombre":"poblado cuevas #139","municipio":"","direccion":"","descripcion":"","url_imagen":"","area_m2":13982.25,"longitud":-17.867044317698827,"latitud":28.539427881528354},"geometry":{"type":"Polygon","coordinates":[[[-17.866458,28.538871],[-17.867019,28.538749],[-17.867218,28.538746],[-17.867611,28.538818],[-17.867702,28.538839],[-17.867637,28.538973],[-17.867535,28.539128],[-17.867508,28.53916],[-17.867511,28.539219],[-17.867513,28.539399],[-17.867512,28.539414],[-17.867504,28.539432],[-17.867403,28.539587],[-17.867323,28.539678],[-17.867276,28.539739],[-17.867291,28.539744],[-17.867474,28.539824],[-17.8675,28.539837],[-17.867558,28.539976],[-17.867587,28.540046],[-17.867484,28.540063],[-17.866839,28.54027],[-17.866725,28.540212],[-17.866458,28.538871]]]}},{"type":"Feature","properties":{"id":318,"tipo":"arqueologico","subtipo":"poblado_cuevas","nombre":"poblado cuevas #140","municipio":"","direccion":"","descripcion":"","url_imagen":"","area_m2":121003.9,"longitud":-17.770953203346565,"latitud":28.577093424021967},"geometry":{"type":"Polygon","coordinates":[[[-17.769656,28.578521],[-17.769535,28.57848],[-17.769507,28.578461],[-17.769339,28.57836],[-17.768858,28.57811],[-17.768889,28.577962],[-17.768829,28.577852],[-17.768826,28.577742],[-17.768851,28.57765],[-17.768867,28.577541],[-17.769005,28.577408],[-17.76906,28.577331],[-17.769092,28.577255],[-17.76914,28.577154],[-17.769223,28.577041],[-17.769241,28.57691],[-17.769275,28.576866],[-17.769307,28.576754],[-17.769351,28.576624],[-17.769402,28.57645],[-17.769465,28.576199],[-17.769504,28.576042],[-17.769565,28.575871],[-17.769632,28.575727],[-17.769719,28.575564],[-17.769797,28.575436],[-17.769899,28.57528],[-17.769903,28.575274],[-17.769949,28.575197],[-17.770062,28.575208],[-17.770184,28.575225],[-17.770384,28.575216],[-17.771254,28.575188],[-17.771462,28.575292],[-17.771643,28.575375],[-17.772008,28.575524],[-17.772177,28.575622],[-17.772426,28.575818],[-17.772507,28.575968],[-17.772525,28.576292],[-17.772534,28.576463],[-17.772604,28.576623],[-17.772686,28.576887],[-17.772689,28.577061],[-17.77266,28.577163],[-17.772607,28.577337],[-17.772586,28.577403],[-17.772581,28.577525],[-17.772543,28.577701],[-17.772507,28.577792],[-17.772536,28.577949],[-17.772615,28.57804],[-17.772778,28.578129],[-17.772993,28.578167],[-17.773151,28.578258],[-17.773176,28.578291],[-17.773295,28.578437],[-17.773309,28.578453],[-17.772891,28.578723],[-17.772002,28.578666],[-17.771686,28.578646],[-17.771484,28.578658],[-17.77125,28.578701],[-17.771049,28.578706],[-17.769656,28.578521]]]}},{"type":"Feature","properties":{"id":319,"tipo":"arqueologico","subtipo":"poblado_cuevas","nombre":"poblado cuevas #141","municipio":"","direccion":"","descripcion":"","url_imagen":"","area_m2":50837.61,"longitud":-17.76563919585976,"latitud":28.613559664412424},"geometry":{"type":"Polygon","coordinates":[[[-17.768813,28.612487],[-17.768733,28.61262],[-17.768471,28.612747],[-17.768287,28.612825],[-17.767839,28.612984],[-17.767658,28.613066],[-17.767467,28.613171],[-17.767299,28.613273],[-17.767109,28.6134],[-17.766932,28.613488],[-17.766483,28.613651],[-17.76629,28.61371],[-17.765868,28.61382],[-17.765673,28.613875],[-17.765434,28.613946],[-17.76524,28.614001],[-17.764993,28.614068],[-17.764826,28.614161],[-17.764501,28.614472],[-17.764345,28.614586],[-17.763721,28.614935],[-17.763564,28.615049],[-17.763433,28.615171],[-17.763261,28.615239],[-17.763118,28.615242],[-17.763096,28.615178],[-17.763071,28.615002],[-17.763079,28.614846],[-17.763094,28.614666],[-17.763108,28.614531],[-17.76316,28.614359],[-17.763217,28.614247],[-17.76334,28.61411],[-17.763614,28.613926],[-17.763795,28.61386],[-17.764497,28.613358],[-17.764677,28.613289],[-17.765523,28.613182],[-17.765725,28.61315],[-17.766456,28.613011],[-17.76662,28.612922],[-17.766714,28.612819],[-17.766852,28.612687],[-17.767126,28.612455],[-17.767299,28.612371],[-17.767968,28.612225],[-17.768169,28.612214],[-17.76879,28.612281],[-17.768813,28.612487]]]}},{"type":"Feature","properties":{"id":320,"tipo":"arqueologico","subtipo":"poblado_cuevas","nombre":"poblado cuevas #142","municipio":"","direccion":"","descripcion":"","url_imagen":"","area_m2":15917.31,"longitud":-17.856996038817904,"latitud":28.480704333353977},"geometry":{"type":"Polygon","coordinates":[[[-17.855993,28.481009],[-17.856083,28.480749],[-17.856205,28.480625],[-17.856293,28.480589],[-17.856477,28.480512],[-17.856602,28.480459],[-17.856796,28.480407],[-17.856944,28.480389],[-17.857118,28.480313],[-17.857154,28.480282],[-17.857286,28.480145],[-17.857381,28.480026],[-17.857541,28.479946],[-17.857755,28.479932],[-17.857931,28.479988],[-17.858002,28.480048],[-17.858002,28.480122],[-17.857992,28.480161],[-17.857921,28.480328],[-17.857906,28.480353],[-17.857783,28.480493],[-17.857698,28.480562],[-17.857545,28.480681],[-17.857364,28.480817],[-17.857301,28.480964],[-17.857311,28.481029],[-17.857257,28.481185],[-17.857134,28.481304],[-17.856963,28.48138],[-17.856843,28.48139],[-17.856643,28.481376],[-17.856494,28.481341],[-17.855993,28.481009]]]}},{"type":"Feature","properties":{"id":321,"tipo":"arqueologico","subtipo":"poblado_cuevas","nombre":"poblado cuevas #143","municipio":"","direccion":"","descripcion":"","url_imagen":"","area_m2":3440.95,"longitud":-17.797889223616185,"latitud":28.52521622427171},"geometry":{"type":"Polygon","coordinates":[[[-17.7978,28.525573],[-17.797783,28.525394],[-17.79777,28.525322],[-17.79775,28.525284],[-17.797659,28.525123],[-17.79763,28.525078],[-17.797583,28.524909],[-17.797585,28.524876],[-17.797627,28.524847],[-17.797806,28.524812],[-17.797886,28.524829],[-17.798001,28.524853],[-17.798076,28.524962],[-17.798055,28.525042],[-17.79808,28.525113],[-17.798127,28.525288],[-17.798131,28.525311],[-17.798109,28.525484],[-17.798056,28.5256],[-17.798008,28.525706],[-17.797998,28.525708],[-17.797818,28.525681],[-17.7978,28.52567],[-17.7978,28.525573]]]}},{"type":"Feature","properties":{"id":322,"tipo":"arqueologico","subtipo":"poblado_cuevas","nombre":"poblado cuevas #144","municipio":"","direccion":"","descripcion":"","url_imagen":"","area_m2":9282.14,"longitud":-17.768657478107446,"latitud":28.589925309330386},"geometry":{"type":"Polygon","coordinates":[[[-17.76859,28.590242],[-17.768385,28.59024],[-17.768257,28.590233],[-17.76806,28.590197],[-17.767883,28.59014],[-17.767803,28.590019],[-17.767804,28.590009],[-17.767895,28.589859],[-17.768012,28.589763],[-17.768185,28.589679],[-17.768524,28.589603],[-17.768725,28.589588],[-17.769164,28.589618],[-17.769329,28.589696],[-17.769505,28.589896],[-17.769481,28.590013],[-17.769375,28.590069],[-17.769191,28.590145],[-17.768988,28.590207],[-17.768789,28.590238],[-17.76859,28.590242]]]}},{"type":"Feature","properties":{"id":323,"tipo":"arqueologico","subtipo":"poblado_cuevas","nombre":"poblado cuevas #145","municipio":"","direccion":"","descripcion":"","url_imagen":"","area_m2":5795.9,"longitud":-17.818287597963245,"latitud":28.529917062535933},"geometry":{"type":"Polygon","coordinates":[[[-17.818208,28.529675],[-17.818354,28.52955],[-17.818385,28.529522],[-17.818556,28.52947],[-17.818699,28.529488],[-17.818814,28.52959],[-17.818821,28.52964],[-17.818792,28.529811],[-17.818736,28.529916],[-17.818603,28.530039],[-17.818507,28.530083],[-17.818216,28.530218],[-17.817981,28.530328],[-17.817835,28.530395],[-17.817729,28.530348],[-17.817712,28.530253],[-17.817756,28.530091],[-17.817846,28.529984],[-17.817983,28.529852],[-17.818208,28.529675]]]}},{"type":"Feature","properties":{"id":324,"tipo":"arqueologico","subtipo":"poblado_cuevas","nombre":"poblado cuevas #146","municipio":"","direccion":"","descripcion":"","url_imagen":"","area_m2":4753.15,"longitud":-17.761670453937366,"latitud":28.59898574154468},"geometry":{"type":"Polygon","coordinates":[[[-17.761382,28.599525],[-17.761339,28.599381],[-17.761401,28.599228],[-17.761464,28.599074],[-17.761496,28.598899],[-17.76149,28.598683],[-17.761559,28.598528],[-17.761705,28.598393],[-17.761915,28.598612],[-17.761972,28.598771],[-17.761937,28.599117],[-17.761851,28.599265],[-17.761748,28.599342],[-17.761594,28.599461],[-17.761449,28.599576],[-17.761382,28.599525]]]}},{"type":"Feature","properties":{"id":325,"tipo":"arqueologico","subtipo":"poblado_cuevas","nombre":"poblado cuevas #147","municipio":"","direccion":"","descripcion":"","url_imagen":"","area_m2":5209.38,"longitud":-17.823311892207094,"latitud":28.482810658656998},"geometry":{"type":"Polygon","coordinates":[[[-17.822969,28.482777],[-17.823023,28.48267],[-17.823044,28.482626],[-17.82311,28.482456],[-17.823148,28.482317],[-17.823271,28.482251],[-17.823314,28.48226],[-17.823454,28.482365],[-17.823571,28.482605],[-17.823604,28.482778],[-17.823577,28.483101],[-17.823493,28.483251],[-17.823342,28.483372],[-17.823193,28.48337],[-17.823179,28.483358],[-17.823165,28.483221],[-17.823212,28.483164],[-17.823184,28.483115],[-17.823063,28.482973],[-17.823002,28.482921],[-17.822969,28.482777]]]}},{"type":"Feature","properties":{"id":326,"tipo":"arqueologico","subtipo":"poblado_cuevas","nombre":"poblado cuevas #148","municipio":"","direccion":"","descripcion":"","url_imagen":"","area_m2":61865.34,"longitud":-17.78977519037165,"latitud":28.54727117813064},"geometry":{"type":"Polygon","coordinates":[[[-17.788321,28.545031],[-17.788344,28.545044],[-17.788511,28.545147],[-17.788602,28.545211],[-17.788768,28.545316],[-17.788919,28.545404],[-17.789082,28.545512],[-17.789424,28.545775],[-17.789373,28.54577],[-17.789552,28.545872],[-17.78969,28.545999],[-17.789718,28.54604],[-17.789817,28.546197],[-17.789888,28.546318],[-17.790006,28.546463],[-17.790248,28.546685],[-17.790356,28.546834],[-17.790494,28.547148],[-17.790593,28.547304],[-17.790898,28.547656],[-17.790993,28.547813],[-17.791209,28.548357],[-17.7913,28.548517],[-17.791466,28.548731],[-17.791491,28.54889],[-17.791417,28.549082],[-17.791405,28.549161],[-17.791291,28.549238],[-17.790978,28.549202],[-17.790782,28.549158],[-17.790088,28.548926],[-17.789939,28.548818],[-17.789677,28.54844],[-17.789585,28.54828],[-17.789424,28.547941],[-17.789342,28.547775],[-17.789074,28.547259],[-17.788968,28.547106],[-17.788525,28.546608],[-17.788422,28.546454],[-17.788191,28.545964],[-17.788143,28.545791],[-17.788118,28.545509],[-17.788201,28.545298],[-17.788274,28.545129],[-17.788321,28.545031]]]}},{"type":"Feature","properties":{"id":327,"tipo":"arqueologico","subtipo":"poblado_cuevas","nombre":"poblado cuevas #149","municipio":"","direccion":"","descripcion":"","url_imagen":"","area_m2":11130.58,"longitud":-17.979026802354937,"latitud":28.799554742940625},"geometry":{"type":"Polygon","coordinates":[[[-17.979736,28.799751],[-17.979708,28.799807],[-17.979681,28.799831],[-17.979607,28.799986],[-17.979603,28.800091],[-17.979584,28.800162],[-17.97947,28.800208],[-17.979299,28.800128],[-17.979159,28.800007],[-17.979119,28.799943],[-17.978971,28.799841],[-17.978721,28.799782],[-17.978544,28.7997],[-17.978379,28.799576],[-17.978268,28.799432],[-17.978117,28.799049],[-17.978184,28.798982],[-17.978331,28.799009],[-17.978524,28.799064],[-17.978856,28.799197],[-17.979048,28.79926],[-17.9793,28.799326],[-17.979501,28.799355],[-17.979585,28.799358],[-17.979762,28.799423],[-17.979909,28.799543],[-17.979848,28.799602],[-17.979736,28.799751]]]}},{"type":"Feature","properties":{"id":328,"tipo":"arqueologico","subtipo":"poblado_cuevas","nombre":"Bco Izcagua","municipio":"","direccion":"","descripcion":"","url_imagen":"","area_m2":173060.62,"longitud":-17.974654296284402,"latitud":28.79127853488152},"geometry":{"type":"Polygon","coordinates":[[[-17.969046,28.786082],[-17.96967,28.786246],[-17.970423,28.786444],[-17.970594,28.786532],[-17.970989,28.786872],[-17.971144,28.78699],[-17.971953,28.787538],[-17.972074,28.787676],[-17.972341,28.78824],[-17.972391,28.788413],[-17.972444,28.788906],[-17.972538,28.789776],[-17.972599,28.789943],[-17.972805,28.790254],[-17.972959,28.790335],[-17.973243,28.790344],[-17.973397,28.79027],[-17.973431,28.790219],[-17.973571,28.790187],[-17.973656,28.790232],[-17.97413,28.790324],[-17.974296,28.790412],[-17.974509,28.790634],[-17.974643,28.79077],[-17.974862,28.79099],[-17.974981,28.791135],[-17.975449,28.791834],[-17.975562,28.791984],[-17.976155,28.792695],[-17.976605,28.793234],[-17.977045,28.793563],[-17.977407,28.793834],[-17.977586,28.793879],[-17.977916,28.793835],[-17.978368,28.793775],[-17.978563,28.793726],[-17.978905,28.793595],[-17.979069,28.793625],[-17.979328,28.79387],[-17.979421,28.794023],[-17.979527,28.794409],[-17.979649,28.794524],[-17.980011,28.794624],[-17.98019,28.794596],[-17.980291,28.794528],[-17.980471,28.794449],[-17.980874,28.79435],[-17.981075,28.794321],[-17.981349,28.794311],[-17.981554,28.794316],[-17.98189,28.794345],[-17.982226,28.794373],[-17.982279,28.79446],[-17.982165,28.794641],[-17.982017,28.794742],[-17.981672,28.79482],[-17.981471,28.794857],[-17.980858,28.794949],[-17.980656,28.794978],[-17.98034,28.795022],[-17.980136,28.795038],[-17.979459,28.795049],[-17.979097,28.795055],[-17.978898,28.795028],[-17.978363,28.794869],[-17.978171,28.794806],[-17.977206,28.794458],[-17.977016,28.794391],[-17.976324,28.794157],[-17.976163,28.794056],[-17.975664,28.793529],[-17.975507,28.793419],[-17.974956,28.793173],[-17.974795,28.793066],[-17.974467,28.79275],[-17.974345,28.792606],[-17.974086,28.792227],[-17.973949,28.792098],[-17.973671,28.791926],[-17.97349,28.791846],[-17.973255,28.791779],[-17.973154,28.791661],[-17.973137,28.791253],[-17.973056,28.791104],[-17.972774,28.790889],[-17.972601,28.790798],[-17.972153,28.790649],[-17.972038,28.790529],[-17.971955,28.790148],[-17.971934,28.78997],[-17.971924,28.789469],[-17.971873,28.7893],[-17.97171,28.789038],[-17.971576,28.788909],[-17.971225,28.7887],[-17.971059,28.788594],[-17.970683,28.788336],[-17.97054,28.788209],[-17.970231,28.787849],[-17.970105,28.787707],[-17.969696,28.787265],[-17.969585,28.787114],[-17.96938,28.786755],[-17.969285,28.786596],[-17.968997,28.786135],[-17.969046,28.786082]]]}},{"type":"Feature","properties":{"id":329,"tipo":"arqueologico","subtipo":"poblado_cuevas","nombre":"Bco San Mauro","municipio":"","direccion":"","descripcion":"","url_imagen":"","area_m2":207318.87,"longitud":-17.98605443226243,"latitud":28.774753457241335},"geometry":{"type":"Polygon","coordinates":[[[-17.988477,28.774504],[-17.988575,28.774659],[-17.988695,28.774949],[-17.988815,28.775239],[-17.988942,28.775363],[-17.989175,28.775464],[-17.989353,28.775552],[-17.989585,28.775682],[-17.989746,28.775792],[-17.989931,28.775945],[-17.990034,28.776094],[-17.9901,28.776298],[-17.990087,28.776467],[-17.989998,28.776643],[-17.98991,28.776806],[-17.989842,28.776922],[-17.989738,28.777077],[-17.989652,28.777189],[-17.989535,28.777337],[-17.989417,28.777482],[-17.989318,28.777639],[-17.989181,28.777933],[-17.989039,28.778014],[-17.988704,28.778007],[-17.988504,28.777978],[-17.987849,28.777796],[-17.987682,28.777702],[-17.987131,28.777173],[-17.98701,28.777029],[-17.986497,28.776268],[-17.986362,28.776137],[-17.984989,28.775248],[-17.984829,28.775135],[-17.984453,28.774845],[-17.9843,28.774726],[-17.983399,28.774022],[-17.983253,28.773896],[-17.982531,28.773207],[-17.982401,28.773068],[-17.981383,28.771832],[-17.981295,28.771673],[-17.981127,28.771153],[-17.981062,28.770982],[-17.98078,28.770345],[-17.980843,28.770282],[-17.981155,28.770348],[-17.98135,28.770401],[-17.981836,28.770567],[-17.981982,28.770678],[-17.982544,28.771551],[-17.982675,28.771754],[-17.983145,28.772485],[-17.983287,28.772604],[-17.984412,28.7731],[-17.984956,28.77334],[-17.985562,28.773607],[-17.985746,28.773686],[-17.986476,28.773994],[-17.986668,28.774052],[-17.986979,28.774113],[-17.987181,28.774129],[-17.987708,28.774111],[-17.987908,28.774134],[-17.988219,28.774217],[-17.988477,28.774504]]]}},{"type":"Feature","properties":{"id":330,"tipo":"arqueologico","subtipo":"poblado_cuevas","nombre":"poblado cuevas #152","municipio":"","direccion":"","descripcion":"","url_imagen":"","area_m2":48463.82,"longitud":-17.959082458379175,"latitud":28.672331338406497},"geometry":{"type":"Polygon","coordinates":[[[-17.96119,28.672579],[-17.960725,28.672673],[-17.960527,28.672717],[-17.960432,28.672739],[-17.960231,28.672762],[-17.959676,28.672756],[-17.959472,28.672755],[-17.958744,28.672763],[-17.95854,28.672769],[-17.957915,28.672801],[-17.957712,28.672821],[-17.956776,28.672956],[-17.95584,28.67309],[-17.955644,28.67307],[-17.955411,28.672983],[-17.955392,28.672887],[-17.955617,28.672708],[-17.955795,28.672638],[-17.95642,28.672575],[-17.956621,28.672544],[-17.95734,28.672393],[-17.957537,28.672344],[-17.958905,28.671946],[-17.959713,28.67171],[-17.960255,28.671553],[-17.960454,28.671519],[-17.960966,28.671493],[-17.961167,28.671466],[-17.961362,28.671422],[-17.961564,28.671404],[-17.96171,28.671408],[-17.961742,28.671478],[-17.961627,28.671586],[-17.961475,28.671706],[-17.961365,28.671776],[-17.961283,28.671919],[-17.961288,28.672468],[-17.96119,28.672579]]]}},{"type":"Feature","properties":{"id":331,"tipo":"arqueologico","subtipo":"poblado_cuevas","nombre":"poblado cuevas #153","municipio":"","direccion":"","descripcion":"","url_imagen":"","area_m2":20943.93,"longitud":-17.985217625446516,"latitud":28.796669439046653},"geometry":{"type":"Polygon","coordinates":[[[-17.984615,28.79746],[-17.984767,28.797339],[-17.984902,28.797211],[-17.984912,28.797144],[-17.984933,28.796965],[-17.984954,28.79671],[-17.984961,28.796698],[-17.985075,28.796538],[-17.985095,28.796382],[-17.985088,28.796368],[-17.985065,28.79636],[-17.984868,28.796316],[-17.984802,28.796309],[-17.984709,28.796276],[-17.984515,28.79622],[-17.984126,28.796135],[-17.984042,28.796022],[-17.984158,28.795945],[-17.9843,28.795961],[-17.984389,28.795935],[-17.984583,28.79586],[-17.984614,28.795837],[-17.984793,28.79576],[-17.985029,28.795713],[-17.985231,28.795691],[-17.985316,28.795689],[-17.985479,28.795802],[-17.985517,28.795848],[-17.985592,28.79601],[-17.985594,28.796021],[-17.985634,28.796254],[-17.985758,28.796375],[-17.985769,28.796379],[-17.985844,28.796438],[-17.985849,28.796467],[-17.985877,28.796646],[-17.985883,28.796701],[-17.985885,28.796766],[-17.985915,28.796964],[-17.985907,28.797021],[-17.985895,28.797201],[-17.985896,28.797297],[-17.985869,28.797368],[-17.985741,28.797459],[-17.985654,28.7975],[-17.985607,28.797522],[-17.985432,28.797616],[-17.985399,28.797637],[-17.985302,28.797646],[-17.985105,28.797689],[-17.985061,28.797705],[-17.985013,28.797697],[-17.984824,28.797637],[-17.984554,28.7975],[-17.984615,28.79746]]]}},{"type":"Feature","properties":{"id":332,"tipo":"arqueologico","subtipo":"poblado_cuevas","nombre":"poblado cuevas #154","municipio":"","direccion":"","descripcion":"","url_imagen":"","area_m2":8249.98,"longitud":-17.98506164882031,"latitud":28.78777397809769},"geometry":{"type":"Polygon","coordinates":[[[-17.984605,28.787616],[-17.984732,28.787521],[-17.984859,28.787383],[-17.9849,28.787318],[-17.985051,28.787249],[-17.98527,28.787271],[-17.985404,28.787367],[-17.985501,28.787628],[-17.985529,28.787804],[-17.985516,28.788059],[-17.985419,28.788187],[-17.985308,28.788231],[-17.985117,28.788242],[-17.984806,28.788158],[-17.984638,28.788066],[-17.984521,28.787959],[-17.984491,28.787811],[-17.984578,28.787637],[-17.984605,28.787616]]]}},{"type":"Feature","properties":{"id":333,"tipo":"arqueologico","subtipo":"poblado_cuevas","nombre":"poblado cuevas #155","municipio":"","direccion":"","descripcion":"","url_imagen":"","area_m2":10553.27,"longitud":-17.993491123186956,"latitud":28.78778367484955},"geometry":{"type":"Polygon","coordinates":[[[-17.992958,28.788],[-17.99302,28.787952],[-17.993096,28.787803],[-17.993096,28.787761],[-17.993093,28.78758],[-17.993091,28.787527],[-17.993147,28.787362],[-17.993249,28.787231],[-17.993405,28.78718],[-17.993578,28.78722],[-17.993765,28.78729],[-17.993992,28.787411],[-17.994085,28.787548],[-17.9941,28.787792],[-17.994029,28.787942],[-17.993765,28.788145],[-17.993728,28.78814],[-17.99354,28.788275],[-17.99336,28.78835],[-17.993323,28.788357],[-17.993124,28.788352],[-17.993033,28.788331],[-17.992871,28.788238],[-17.992843,28.788206],[-17.992858,28.788147],[-17.992958,28.788]]]}},{"type":"Feature","properties":{"id":334,"tipo":"arqueologico","subtipo":"poblado_cuevas","nombre":"poblado cuevas #156","municipio":"","direccion":"","descripcion":"","url_imagen":"","area_m2":59197.88,"longitud":-18.00291166927539,"latitud":28.780989820107795},"geometry":{"type":"Polygon","coordinates":[[[-18.0029,28.779783],[-18.002988,28.779729],[-18.003009,28.77972],[-18.003037,28.779708],[-18.003053,28.779702],[-18.00317,28.779654],[-18.003398,28.7796],[-18.003468,28.779605],[-18.003627,28.779691],[-18.003699,28.779855],[-18.003724,28.779987],[-18.003761,28.780165],[-18.003832,28.78048],[-18.003821,28.780541],[-18.003804,28.780721],[-18.003801,28.780944],[-18.003835,28.781119],[-18.00388,28.781226],[-18.003943,28.781397],[-18.004068,28.781773],[-18.004094,28.78195],[-18.004089,28.782149],[-18.00404,28.782319],[-18.003965,28.782449],[-18.003892,28.782616],[-18.003837,28.782801],[-18.003753,28.782962],[-18.003654,28.783086],[-18.003495,28.783175],[-18.003443,28.783182],[-18.003415,28.783149],[-18.003292,28.783005],[-18.003166,28.78286],[-18.003082,28.782701],[-18.003005,28.782367],[-18.002936,28.782199],[-18.002912,28.782159],[-18.002804,28.782006],[-18.002518,28.781652],[-18.002387,28.781515],[-18.002125,28.781281],[-18.002115,28.781221],[-18.002093,28.781042],[-18.002069,28.780766],[-18.00197,28.780637],[-18.001624,28.780488],[-18.0015,28.780363],[-18.001429,28.78017],[-18.001422,28.78016],[-18.001359,28.779994],[-18.001336,28.779754],[-18.001288,28.77958],[-18.001216,28.779424],[-18.001183,28.77925],[-18.001186,28.77921],[-18.001294,28.779121],[-18.001396,28.779121],[-18.001568,28.779188],[-18.001706,28.77932],[-18.001767,28.77939],[-18.001829,28.779463],[-18.002014,28.779726],[-18.002147,28.77986],[-18.002329,28.779994],[-18.002495,28.780005],[-18.002536,28.779983],[-18.00262,28.779939],[-18.002728,28.779881],[-18.002745,28.779872],[-18.002883,28.779793],[-18.0029,28.779783]]]}},{"type":"Feature","properties":{"id":335,"tipo":"arqueologico","subtipo":"poblado_cuevas","nombre":"poblado cuevas #157","municipio":"","direccion":"","descripcion":"","url_imagen":"","area_m2":6173.99,"longitud":-18.00383517762799,"latitud":28.777328720287812},"geometry":{"type":"Polygon","coordinates":[[[-18.003604,28.777772],[-18.003601,28.777594],[-18.003613,28.777529],[-18.003615,28.77735],[-18.003598,28.777252],[-18.003548,28.777078],[-18.003514,28.776995],[-18.003466,28.776821],[-18.003465,28.776811],[-18.003495,28.776792],[-18.003673,28.776771],[-18.003833,28.776826],[-18.004,28.776923],[-18.004029,28.776949],[-18.00415,28.777092],[-18.004214,28.77719],[-18.00421,28.77728],[-18.004166,28.777454],[-18.004138,28.777512],[-18.004064,28.77768],[-18.00406,28.777691],[-18.003942,28.777836],[-18.00378,28.777946],[-18.003726,28.777982],[-18.003641,28.777938],[-18.003604,28.777772]]]}},{"type":"Feature","properties":{"id":336,"tipo":"arqueologico","subtipo":"poblado_cuevas","nombre":"Bco de San Mauro","municipio":"","direccion":"","descripcion":"","url_imagen":"","area_m2":46943.9,"longitud":-17.9975013246238,"latitud":28.777349472933963},"geometry":{"type":"Polygon","coordinates":[[[-17.998413,28.777873],[-17.998133,28.777857],[-17.998121,28.777862],[-17.99793,28.777914],[-17.997787,28.777926],[-17.997638,28.778014],[-17.997567,28.778135],[-17.997422,28.778244],[-17.997328,28.778271],[-17.997129,28.778302],[-17.996866,28.778311],[-17.996742,28.778227],[-17.996715,28.778116],[-17.996727,28.778107],[-17.996809,28.777955],[-17.996812,28.777928],[-17.996765,28.77788],[-17.996777,28.777668],[-17.996691,28.777535],[-17.996435,28.777416],[-17.996271,28.777311],[-17.996175,28.77723],[-17.996039,28.777096],[-17.995902,28.77694],[-17.995751,28.776823],[-17.995421,28.776652],[-17.995282,28.776528],[-17.995118,28.77627],[-17.99517,28.776194],[-17.995286,28.776196],[-17.995485,28.776169],[-17.995643,28.776122],[-17.995736,28.776155],[-17.995923,28.776227],[-17.99678,28.776582],[-17.99697,28.776647],[-17.997858,28.77689],[-17.998333,28.77702],[-17.99851,28.777103],[-17.998766,28.777284],[-17.998932,28.777388],[-17.999265,28.777572],[-17.999441,28.777663],[-17.999693,28.777786],[-17.999854,28.777894],[-18.000109,28.778123],[-18.000103,28.77826],[-18.000005,28.778277],[-17.999799,28.77827],[-17.999606,28.778286],[-17.99958,28.7783],[-17.999394,28.77832],[-17.999228,28.778274],[-17.999042,28.778201],[-17.998881,28.778115],[-17.998713,28.778013],[-17.998596,28.777934],[-17.998413,28.777873]]]}},{"type":"Feature","properties":{"id":337,"tipo":"arqueologico","subtipo":"poblado_cuevas","nombre":"poblado cuevas #159","municipio":"","direccion":"","descripcion":"","url_imagen":"","area_m2":3376.61,"longitud":-17.99429876916476,"latitud":28.772003605735645},"geometry":{"type":"Polygon","coordinates":[[[-17.993543,28.772006],[-17.993677,28.771936],[-17.993865,28.771871],[-17.994121,28.771821],[-17.99432,28.771826],[-17.994627,28.771904],[-17.994808,28.771982],[-17.995069,28.772154],[-17.994778,28.772145],[-17.994574,28.772152],[-17.99446,28.772164],[-17.994258,28.772154],[-17.993838,28.772067],[-17.993543,28.772006]]]}},{"type":"Feature","properties":{"id":338,"tipo":"arqueologico","subtipo":"poblado_cuevas","nombre":"poblado cuevas #160","municipio":"","direccion":"","descripcion":"","url_imagen":"","area_m2":79221.67,"longitud":-17.96201928445443,"latitud":28.823845845278125},"geometry":{"type":"Polygon","coordinates":[[[-17.96567,28.825694],[-17.965659,28.825722],[-17.965566,28.82588],[-17.965514,28.825943],[-17.965437,28.826129],[-17.965307,28.826178],[-17.965024,28.826069],[-17.964887,28.826008],[-17.964802,28.825982],[-17.964369,28.825778],[-17.964178,28.825722],[-17.963831,28.825677],[-17.96364,28.825622],[-17.963561,28.825585],[-17.963411,28.825469],[-17.963385,28.825438],[-17.963356,28.825402],[-17.96334,28.825363],[-17.963281,28.82519],[-17.963278,28.825179],[-17.963202,28.825014],[-17.963118,28.824887],[-17.963044,28.824843],[-17.962871,28.824747],[-17.962766,28.824693],[-17.962588,28.824605],[-17.962543,28.824583],[-17.962358,28.824508],[-17.962227,28.824465],[-17.962079,28.824355],[-17.96201,28.824253],[-17.961887,28.824111],[-17.961797,28.824029],[-17.961624,28.823954],[-17.961322,28.823922],[-17.961173,28.823907],[-17.961139,28.823903],[-17.96097,28.823883],[-17.960937,28.823878],[-17.960746,28.823822],[-17.960672,28.823788],[-17.960247,28.823464],[-17.960089,28.82335],[-17.959783,28.823139],[-17.959608,28.823049],[-17.959272,28.822922],[-17.959111,28.822819],[-17.958744,28.822451],[-17.958627,28.822305],[-17.958569,28.822212],[-17.958575,28.822056],[-17.958629,28.821981],[-17.958783,28.821924],[-17.95934,28.822031],[-17.959539,28.822028],[-17.960071,28.821909],[-17.960272,28.821884],[-17.960704,28.821871],[-17.96081,28.821958],[-17.960825,28.822338],[-17.960888,28.822501],[-17.960992,28.822629],[-17.961154,28.822705],[-17.961438,28.822714],[-17.961614,28.82278],[-17.961848,28.822978],[-17.96191,28.82313],[-17.961892,28.823256],[-17.961926,28.823426],[-17.962105,28.823736],[-17.962245,28.823851],[-17.962561,28.823966],[-17.962749,28.824037],[-17.96305,28.824154],[-17.963242,28.824215],[-17.963639,28.824317],[-17.963809,28.824407],[-17.96409,28.824661],[-17.964254,28.824764],[-17.964868,28.825015],[-17.965063,28.825059],[-17.96511,28.825061],[-17.965285,28.825137],[-17.965449,28.825241],[-17.965539,28.825321],[-17.96566,28.825464],[-17.965672,28.825483],[-17.965688,28.825648],[-17.965673,28.825685],[-17.96567,28.825694]]]}},{"type":"Feature","properties":{"id":339,"tipo":"arqueologico","subtipo":"poblado_cuevas","nombre":"poblado cuevas #161","municipio":"","direccion":"","descripcion":"","url_imagen":"","area_m2":3293.38,"longitud":-17.96643479284296,"latitud":28.82601759118149},"geometry":{"type":"Polygon","coordinates":[[[-17.966122,28.825995],[-17.966141,28.825948],[-17.966228,28.825897],[-17.966363,28.825769],[-17.96641,28.825696],[-17.966485,28.825664],[-17.966648,28.825689],[-17.966694,28.825732],[-17.966779,28.825887],[-17.966789,28.825949],[-17.966711,28.826036],[-17.966569,28.826164],[-17.966508,28.82621],[-17.966498,28.82628],[-17.966394,28.826409],[-17.966343,28.826431],[-17.966261,28.826414],[-17.966234,28.826359],[-17.966207,28.826303],[-17.966216,28.826248],[-17.966144,28.826175],[-17.966111,28.826022],[-17.966122,28.825995]]]}},{"type":"Feature","properties":{"id":340,"tipo":"arqueologico","subtipo":"poblado_cuevas","nombre":"poblado cuevas #162","municipio":"","direccion":"","descripcion":"","url_imagen":"","area_m2":6297.59,"longitud":-17.958609236841696,"latitud":28.820048072214266},"geometry":{"type":"Polygon","coordinates":[[[-17.95846,28.820498],[-17.958424,28.820348],[-17.95837,28.820174],[-17.958342,28.820098],[-17.958319,28.819922],[-17.958328,28.819825],[-17.958372,28.81965],[-17.958417,28.81954],[-17.958505,28.819377],[-17.9586,28.819237],[-17.958666,28.81925],[-17.95867,28.819276],[-17.95871,28.819452],[-17.958761,28.819609],[-17.958812,28.819783],[-17.958856,28.819953],[-17.958871,28.820131],[-17.958866,28.820197],[-17.95885,28.820377],[-17.958842,28.820459],[-17.958806,28.820636],[-17.958796,28.820664],[-17.958703,28.820821],[-17.958658,28.820869],[-17.958531,28.820665],[-17.95846,28.820498]]]}},{"type":"Feature","properties":{"id":341,"tipo":"arqueologico","subtipo":"poblado_cuevas","nombre":"poblado cuevas #163","municipio":"","direccion":"","descripcion":"","url_imagen":"","area_m2":4952.18,"longitud":-17.97474971635766,"latitud":28.80405506051839},"geometry":{"type":"Polygon","coordinates":[[[-17.974468,28.804149],[-17.974382,28.804034],[-17.974293,28.803874],[-17.974182,28.80358],[-17.974237,28.80354],[-17.974609,28.803736],[-17.974781,28.803833],[-17.974954,28.803939],[-17.975102,28.804061],[-17.975261,28.804237],[-17.975322,28.804397],[-17.97532,28.804455],[-17.975225,28.804507],[-17.974849,28.804355],[-17.974617,28.804261],[-17.974468,28.804149]]]}},{"type":"Feature","properties":{"id":342,"tipo":"arqueologico","subtipo":"poblado_cuevas","nombre":"Yacimiento Necropolis de La Baranda","municipio":"","direccion":"","descripcion":"","url_imagen":"","area_m2":66683.85,"longitud":-17.98317023261927,"latitud":28.734862354096833},"geometry":{"type":"Polygon","coordinates":[[[-17.981321,28.736198],[-17.981119,28.736123],[-17.981067,28.736006],[-17.981218,28.735714],[-17.981279,28.735543],[-17.98131,28.735399],[-17.981321,28.735221],[-17.981302,28.735023],[-17.981371,28.734874],[-17.981476,28.734794],[-17.981631,28.734676],[-17.981827,28.734528],[-17.981998,28.734432],[-17.982434,28.734258],[-17.982841,28.734095],[-17.983222,28.733941],[-17.983416,28.733889],[-17.983611,28.733859],[-17.983814,28.733845],[-17.984055,28.733849],[-17.984253,28.733817],[-17.984409,28.733763],[-17.984638,28.733685],[-17.984835,28.733657],[-17.984997,28.733665],[-17.9852,28.733656],[-17.985286,28.733643],[-17.985488,28.73364],[-17.985629,28.733657],[-17.985755,28.733756],[-17.985773,28.733823],[-17.985731,28.733979],[-17.985663,28.734049],[-17.985496,28.734131],[-17.985259,28.734162],[-17.985056,28.734187],[-17.984845,28.734212],[-17.984741,28.734313],[-17.98474,28.734347],[-17.984791,28.734681],[-17.984774,28.734857],[-17.984754,28.734912],[-17.984686,28.735081],[-17.984673,28.735112],[-17.984541,28.73523],[-17.984211,28.735349],[-17.984015,28.735395],[-17.983741,28.735425],[-17.983561,28.735495],[-17.983358,28.735646],[-17.983184,28.735733],[-17.982652,28.735895],[-17.982458,28.735953],[-17.98226,28.736012],[-17.982071,28.73608],[-17.981871,28.736164],[-17.981677,28.736211],[-17.981517,28.736225],[-17.981321,28.736198]]]}},{"type":"Feature","properties":{"id":343,"tipo":"arqueologico","subtipo":"poblado_cuevas","nombre":"Bco de Tinitare","municipio":"","direccion":"","descripcion":"","url_imagen":"","area_m2":128453.2,"longitud":-17.986261672683213,"latitud":28.73980986823392},"geometry":{"type":"Polygon","coordinates":[[[-17.990739,28.738443],[-17.990784,28.738574],[-17.990778,28.738587],[-17.990693,28.738751],[-17.990561,28.739],[-17.990528,28.739171],[-17.990595,28.73976],[-17.990504,28.739863],[-17.990256,28.739895],[-17.990052,28.739908],[-17.989816,28.739906],[-17.989616,28.739933],[-17.988909,28.740134],[-17.988712,28.740179],[-17.988231,28.740263],[-17.987751,28.740347],[-17.987555,28.740395],[-17.987126,28.740532],[-17.986928,28.740577],[-17.986462,28.740645],[-17.986261,28.740642],[-17.985514,28.740508],[-17.985313,28.740503],[-17.984845,28.740563],[-17.984641,28.740576],[-17.984042,28.740577],[-17.983839,28.740592],[-17.983393,28.740656],[-17.983194,28.740696],[-17.982858,28.740783],[-17.982659,28.740823],[-17.982311,28.740873],[-17.982108,28.740893],[-17.981688,28.740913],[-17.981486,28.740938],[-17.981055,28.741023],[-17.980874,28.740988],[-17.980581,28.740791],[-17.980398,28.740737],[-17.979796,28.740742],[-17.979779,28.740694],[-17.980046,28.740542],[-17.980226,28.740458],[-17.98074,28.740269],[-17.980937,28.740232],[-17.98147,28.74022],[-17.981674,28.740221],[-17.982376,28.740239],[-17.982577,28.740219],[-17.983146,28.740089],[-17.983314,28.74],[-17.983616,28.739711],[-17.98377,28.739593],[-17.984032,28.739434],[-17.984217,28.739368],[-17.984726,28.739294],[-17.984928,28.73929],[-17.985509,28.739352],[-17.985713,28.739371],[-17.986287,28.739416],[-17.986459,28.739358],[-17.986782,28.739056],[-17.986939,28.738941],[-17.987211,28.738786],[-17.987399,28.738742],[-17.987932,28.738769],[-17.988136,28.738777],[-17.988875,28.738794],[-17.989076,28.738772],[-17.98955,28.738653],[-17.989714,28.738559],[-17.989866,28.738401],[-17.990035,28.738328],[-17.990434,28.738313],[-17.990618,28.738364],[-17.99073,28.738438],[-17.990739,28.738443]]]}},{"type":"Feature","properties":{"id":344,"tipo":"arqueologico","subtipo":"poblado_cuevas","nombre":"Lomo de La Rocha","municipio":"","direccion":"","descripcion":"","url_imagen":"","area_m2":46207.98,"longitud":-17.987435440237128,"latitud":28.74568663985115},"geometry":{"type":"Polygon","coordinates":[[[-17.989042,28.745814],[-17.988745,28.74588],[-17.988193,28.746003],[-17.987993,28.746009],[-17.987832,28.745984],[-17.98763,28.745981],[-17.987444,28.746005],[-17.987272,28.746084],[-17.987218,28.746133],[-17.987053,28.746234],[-17.986776,28.746342],[-17.986585,28.746406],[-17.986173,28.746528],[-17.985977,28.746535],[-17.98533,28.746397],[-17.985129,28.746364],[-17.984999,28.746348],[-17.984846,28.746259],[-17.984785,28.74617],[-17.984723,28.746003],[-17.984717,28.745946],[-17.984778,28.745792],[-17.984822,28.745751],[-17.984998,28.745666],[-17.98519,28.745621],[-17.985265,28.745619],[-17.985533,28.745676],[-17.985734,28.745685],[-17.98576,28.745682],[-17.985963,28.745681],[-17.986116,28.745698],[-17.986309,28.745669],[-17.986513,28.745582],[-17.98669,28.745491],[-17.986853,28.745392],[-17.987037,28.745321],[-17.987149,28.745298],[-17.987351,28.745269],[-17.987724,28.745238],[-17.987925,28.745205],[-17.988052,28.745172],[-17.988242,28.745107],[-17.98826,28.745099],[-17.988453,28.745047],[-17.988575,28.745033],[-17.988775,28.744999],[-17.98881,28.744991],[-17.988992,28.744915],[-17.989014,28.744901],[-17.989149,28.744888],[-17.989344,28.744842],[-17.989532,28.74477],[-17.989723,28.744705],[-17.989738,28.744701],[-17.989937,28.744678],[-17.990027,28.744684],[-17.990006,28.74493],[-17.989966,28.745105],[-17.989878,28.74533],[-17.989768,28.745475],[-17.989577,28.745623],[-17.989403,28.745712],[-17.989238,28.745762],[-17.989042,28.745814]]]}},{"type":"Feature","properties":{"id":345,"tipo":"arqueologico","subtipo":"poblado_cuevas","nombre":"La Atalaya","municipio":"","direccion":"","descripcion":"","url_imagen":"","area_m2":115749.85,"longitud":-17.987063773606334,"latitud":28.743378647324228},"geometry":{"type":"Polygon","coordinates":[[[-17.98761,28.741459],[-17.987788,28.741412],[-17.988355,28.741477],[-17.988555,28.741513],[-17.989186,28.741672],[-17.989387,28.741695],[-17.989693,28.741689],[-17.989894,28.741712],[-17.990109,28.741768],[-17.990323,28.741823],[-17.99047,28.741928],[-17.990506,28.741989],[-17.990503,28.741993],[-17.990403,28.74215],[-17.990389,28.742177],[-17.990286,28.742331],[-17.990276,28.742344],[-17.990119,28.742448],[-17.990083,28.742461],[-17.98989,28.742467],[-17.989501,28.742363],[-17.989301,28.742339],[-17.989134,28.742343],[-17.98896,28.74241],[-17.988829,28.742527],[-17.988725,28.742677],[-17.988561,28.743098],[-17.988514,28.743273],[-17.988471,28.743537],[-17.988448,28.743716],[-17.988416,28.744033],[-17.988441,28.744088],[-17.988461,28.74426],[-17.988426,28.744427],[-17.988316,28.744557],[-17.988302,28.744563],[-17.988109,28.744616],[-17.987971,28.744633],[-17.987775,28.744679],[-17.987649,28.744724],[-17.987453,28.744771],[-17.987267,28.744795],[-17.987075,28.744848],[-17.986947,28.744906],[-17.986754,28.744938],[-17.986518,28.744918],[-17.986316,28.744894],[-17.986162,28.744871],[-17.985961,28.744877],[-17.985682,28.744936],[-17.98548,28.744949],[-17.985171,28.744924],[-17.984967,28.74491],[-17.984676,28.744894],[-17.984474,28.744869],[-17.984145,28.744804],[-17.983945,28.744766],[-17.983638,28.74471],[-17.983443,28.744726],[-17.983341,28.744765],[-17.983146,28.744816],[-17.98294,28.744848],[-17.982738,28.744852],[-17.982617,28.744838],[-17.982414,28.74482],[-17.982301,28.744813],[-17.982264,28.744738],[-17.982241,28.744566],[-17.982248,28.74453],[-17.982367,28.744432],[-17.982453,28.744425],[-17.982657,28.744415],[-17.982934,28.744409],[-17.983138,28.744399],[-17.983549,28.744368],[-17.98375,28.744384],[-17.984127,28.744473],[-17.984323,28.744469],[-17.984843,28.744319],[-17.985028,28.744246],[-17.985444,28.74403],[-17.985571,28.743901],[-17.985689,28.743647],[-17.985789,28.743491],[-17.985846,28.743423],[-17.986098,28.743127],[-17.986212,28.742978],[-17.986294,28.742858],[-17.986396,28.742702],[-17.986399,28.742697],[-17.986501,28.74254],[-17.986607,28.74239],[-17.986736,28.742252],[-17.986887,28.742128],[-17.987027,28.741998],[-17.987273,28.741736],[-17.987415,28.741608],[-17.98761,28.741459]]]}},{"type":"Feature","properties":{"id":346,"tipo":"arqueologico","subtipo":"poblado_cuevas","nombre":"Lomo de La Rocha","municipio":"","direccion":"","descripcion":"","url_imagen":"","area_m2":149567.59,"longitud":-17.989672291386526,"latitud":28.74763186962252},"geometry":{"type":"Polygon","coordinates":[[[-17.99156,28.744883],[-17.991723,28.744802],[-17.991909,28.744786],[-17.992113,28.744778],[-17.992465,28.744777],[-17.992557,28.744792],[-17.992716,28.744883],[-17.992843,28.745044],[-17.992846,28.745108],[-17.993085,28.745026],[-17.99312,28.744984],[-17.993276,28.74488],[-17.993314,28.744868],[-17.993404,28.744926],[-17.993389,28.745168],[-17.993328,28.745334],[-17.993242,28.74545],[-17.993147,28.745609],[-17.992891,28.746151],[-17.992768,28.746411],[-17.992658,28.746559],[-17.992495,28.746711],[-17.992345,28.746833],[-17.991898,28.747159],[-17.99173,28.747261],[-17.991558,28.747346],[-17.991384,28.747441],[-17.991099,28.747612],[-17.990928,28.747711],[-17.990469,28.747966],[-17.99028,28.748016],[-17.989953,28.748021],[-17.989754,28.748053],[-17.989631,28.748091],[-17.989499,28.748205],[-17.989466,28.748285],[-17.989431,28.74846],[-17.989428,28.748917],[-17.989426,28.749097],[-17.989423,28.749269],[-17.989345,28.749419],[-17.989057,28.749646],[-17.988938,28.749788],[-17.988935,28.749793],[-17.988814,28.749933],[-17.988577,28.750107],[-17.988261,28.750338],[-17.988205,28.750379],[-17.988045,28.750491],[-17.987893,28.750594],[-17.987715,28.750678],[-17.987666,28.750692],[-17.987483,28.75077],[-17.987384,28.750827],[-17.987291,28.750787],[-17.987282,28.750687],[-17.987301,28.750629],[-17.987346,28.750453],[-17.98735,28.750431],[-17.987411,28.750261],[-17.98748,28.750135],[-17.987482,28.749972],[-17.98739,28.749795],[-17.987246,28.749697],[-17.987207,28.749691],[-17.986895,28.749641],[-17.986695,28.749604],[-17.986645,28.749594],[-17.986444,28.749572],[-17.985681,28.749568],[-17.985482,28.749597],[-17.985335,28.749641],[-17.985142,28.749641],[-17.985014,28.749601],[-17.984816,28.749558],[-17.984507,28.74952],[-17.984176,28.749479],[-17.984064,28.749377],[-17.984056,28.749305],[-17.984138,28.749177],[-17.984306,28.749105],[-17.984496,28.749091],[-17.984984,28.749218],[-17.985185,28.74924],[-17.985635,28.749226],[-17.985838,28.74921],[-17.986262,28.749155],[-17.986435,28.749078],[-17.986523,28.748999],[-17.986695,28.748917],[-17.986837,28.748893],[-17.987171,28.748835],[-17.987374,28.748827],[-17.987564,28.748846],[-17.987634,28.748808],[-17.987769,28.74868],[-17.987844,28.748557],[-17.987967,28.748415],[-17.988046,28.748348],[-17.988157,28.748202],[-17.988217,28.748066],[-17.988312,28.747907],[-17.988465,28.747711],[-17.988562,28.747553],[-17.988726,28.747203],[-17.988839,28.747058],[-17.989129,28.746816],[-17.989327,28.74665],[-17.989496,28.746554],[-17.989862,28.746424],[-17.990045,28.746345],[-17.990191,28.74627],[-17.990356,28.746165],[-17.990511,28.746044],[-17.990636,28.745904],[-17.990845,28.745557],[-17.990974,28.745422],[-17.991188,28.745278],[-17.99133,28.745152],[-17.99156,28.744883]]]}},{"type":"Feature","properties":{"id":347,"tipo":"arqueologico","subtipo":"poblado_cuevas","nombre":"Matos","municipio":"","direccion":"","descripcion":"","url_imagen":"","area_m2":183639.63,"longitud":-17.991561075476586,"latitud":28.79097238522832},"geometry":{"type":"Polygon","coordinates":[[[-17.988452,28.787325],[-17.988573,28.787249],[-17.988846,28.787282],[-17.989009,28.787367],[-17.989365,28.787783],[-17.989507,28.78791],[-17.990231,28.788399],[-17.990364,28.788531],[-17.990843,28.789255],[-17.990957,28.789404],[-17.991097,28.789561],[-17.991244,28.789683],[-17.991545,28.789869],[-17.991724,28.789953],[-17.992175,28.790108],[-17.992365,28.790176],[-17.992733,28.790311],[-17.992929,28.790361],[-17.993187,28.790402],[-17.993361,28.790481],[-17.993625,28.790707],[-17.993774,28.790831],[-17.994003,28.791017],[-17.994144,28.791146],[-17.994348,28.791358],[-17.994423,28.791517],[-17.994442,28.7917],[-17.99447,28.791878],[-17.994499,28.792015],[-17.994493,28.792192],[-17.99443,28.792418],[-17.994354,28.792583],[-17.994317,28.792637],[-17.994224,28.792798],[-17.994145,28.792955],[-17.994103,28.79302],[-17.993974,28.793157],[-17.993852,28.79325],[-17.993847,28.793312],[-17.993815,28.793489],[-17.993764,28.793663],[-17.993777,28.793709],[-17.993804,28.793909],[-17.993782,28.79394],[-17.993629,28.794036],[-17.993623,28.794037],[-17.99343,28.794017],[-17.993063,28.793865],[-17.992882,28.793781],[-17.992655,28.793662],[-17.992469,28.79359],[-17.992108,28.793496],[-17.991928,28.793416],[-17.991766,28.793308],[-17.991599,28.793204],[-17.99146,28.793123],[-17.991348,28.792986],[-17.991271,28.792728],[-17.991184,28.792568],[-17.990725,28.792026],[-17.990595,28.791887],[-17.99032,28.791615],[-17.990201,28.791469],[-17.989979,28.791119],[-17.989883,28.79096],[-17.989305,28.789946],[-17.989211,28.789786],[-17.988745,28.789014],[-17.988443,28.788514],[-17.988389,28.788344],[-17.988359,28.787849],[-17.988374,28.78767],[-17.988452,28.787325]]]}},{"type":"Feature","properties":{"id":348,"tipo":"arqueologico","subtipo":"poblado_cuevas","nombre":"Yacimientos de Los Gomeros","municipio":"","direccion":"","descripcion":"","url_imagen":"","area_m2":242411.88,"longitud":-17.959157408577326,"latitud":28.686484886361455},"geometry":{"type":"Polygon","coordinates":[[[-17.958083,28.687105],[-17.95822,28.686971],[-17.958724,28.686397],[-17.958853,28.686257],[-17.959163,28.685935],[-17.959317,28.685821],[-17.960103,28.685421],[-17.960266,28.685314],[-17.961139,28.684595],[-17.961277,28.684463],[-17.961371,28.684356],[-17.961354,28.68423],[-17.961234,28.684146],[-17.961052,28.684081],[-17.960357,28.684013],[-17.960153,28.68401],[-17.959453,28.684056],[-17.959249,28.684067],[-17.958769,28.684088],[-17.958569,28.684066],[-17.957597,28.683814],[-17.95742,28.683731],[-17.957181,28.683555],[-17.957054,28.683418],[-17.957027,28.683372],[-17.957069,28.683251],[-17.957409,28.683091],[-17.957601,28.683037],[-17.957961,28.682995],[-17.958133,28.683048],[-17.958431,28.68332],[-17.958603,28.683396],[-17.959161,28.683457],[-17.959364,28.683462],[-17.960014,28.683422],[-17.960213,28.683388],[-17.960501,28.683303],[-17.9607,28.683266],[-17.961189,28.683222],[-17.961956,28.683153],[-17.962146,28.683099],[-17.962523,28.682911],[-17.962712,28.682852],[-17.963005,28.682809],[-17.963203,28.682768],[-17.96367,28.682641],[-17.963663,28.682671],[-17.963636,28.682849],[-17.96363,28.682913],[-17.963558,28.683073],[-17.963428,28.683212],[-17.963335,28.683368],[-17.963301,28.683478],[-17.963275,28.683655],[-17.963278,28.683756],[-17.963285,28.683936],[-17.963286,28.683949],[-17.963349,28.684113],[-17.963382,28.684155],[-17.963538,28.684255],[-17.963758,28.684313],[-17.963855,28.684428],[-17.963855,28.684572],[-17.963809,28.684743],[-17.963679,28.684974],[-17.963592,28.685137],[-17.963552,28.685215],[-17.963521,28.685387],[-17.963527,28.685433],[-17.963583,28.685603],[-17.963775,28.685947],[-17.96369,28.685952],[-17.963488,28.685936],[-17.963382,28.685913],[-17.963191,28.685931],[-17.963091,28.685974],[-17.962898,28.686029],[-17.96275,28.686052],[-17.962547,28.686074],[-17.96249,28.686077],[-17.962292,28.686114],[-17.962073,28.686186],[-17.961875,28.68622],[-17.961412,28.686229],[-17.961208,28.686222],[-17.960796,28.686187],[-17.960615,28.686235],[-17.960472,28.686338],[-17.960198,28.686536],[-17.960073,28.686674],[-17.959657,28.687423],[-17.959561,28.687583],[-17.959484,28.687701],[-17.959357,28.68784],[-17.959099,28.688049],[-17.958927,28.688139],[-17.958567,28.688248],[-17.958382,28.688324],[-17.958085,28.688479],[-17.957928,28.688591],[-17.957662,28.688843],[-17.957507,28.688958],[-17.957275,28.689092],[-17.957127,28.689213],[-17.956806,28.689586],[-17.956647,28.689687],[-17.956241,28.689808],[-17.956068,28.689896],[-17.955885,28.690041],[-17.955724,28.690151],[-17.955701,28.690164],[-17.955523,28.690253],[-17.955075,28.690441],[-17.954907,28.69054],[-17.95477,28.69065],[-17.954637,28.690786],[-17.954482,28.690988],[-17.954342,28.691116],[-17.954192,28.691213],[-17.954008,28.691278],[-17.953736,28.691312],[-17.953463,28.691346],[-17.953266,28.69139],[-17.952966,28.691486],[-17.952793,28.691576],[-17.952696,28.691653],[-17.952716,28.69159],[-17.952784,28.69142],[-17.952796,28.691393],[-17.952837,28.69122],[-17.952838,28.691174],[-17.952889,28.691005],[-17.953102,28.69066],[-17.953211,28.690508],[-17.953319,28.690377],[-17.953444,28.690235],[-17.953926,28.689724],[-17.954087,28.689623],[-17.9545,28.689483],[-17.95469,28.689416],[-17.955012,28.689298],[-17.955177,28.689198],[-17.955347,28.689036],[-17.955429,28.68888],[-17.955452,28.688729],[-17.955553,28.688594],[-17.955742,28.688499],[-17.955924,28.688417],[-17.956262,28.688281],[-17.956769,28.688076],[-17.956917,28.687962],[-17.95702,28.687819],[-17.957163,28.687697],[-17.95765,28.687438],[-17.957812,28.68733],[-17.958083,28.687105]]]}},{"type":"Feature","properties":{"id":349,"tipo":"arqueologico","subtipo":"poblado_cuevas","nombre":"Bco Izcagua","municipio":"","direccion":"","descripcion":"","url_imagen":"","area_m2":173060.62,"longitud":-17.974654296284402,"latitud":28.79127853488152},"geometry":{"type":"Polygon","coordinates":[[[-17.969046,28.786082],[-17.96967,28.786246],[-17.970423,28.786444],[-17.970594,28.786532],[-17.970989,28.786872],[-17.971144,28.78699],[-17.971953,28.787538],[-17.972074,28.787676],[-17.972341,28.78824],[-17.972391,28.788413],[-17.972444,28.788906],[-17.972538,28.789776],[-17.972599,28.789943],[-17.972805,28.790254],[-17.972959,28.790335],[-17.973243,28.790344],[-17.973397,28.79027],[-17.973431,28.790219],[-17.973571,28.790187],[-17.973656,28.790232],[-17.97413,28.790324],[-17.974296,28.790412],[-17.974509,28.790634],[-17.974643,28.79077],[-17.974862,28.79099],[-17.974981,28.791135],[-17.975449,28.791834],[-17.975562,28.791984],[-17.976155,28.792695],[-17.976605,28.793234],[-17.977045,28.793563],[-17.977407,28.793834],[-17.977586,28.793879],[-17.977916,28.793835],[-17.978368,28.793775],[-17.978563,28.793726],[-17.978905,28.793595],[-17.979069,28.793625],[-17.979328,28.79387],[-17.979421,28.794023],[-17.979527,28.794409],[-17.979649,28.794524],[-17.980011,28.794624],[-17.98019,28.794596],[-17.980291,28.794528],[-17.980471,28.794449],[-17.980874,28.79435],[-17.981075,28.794321],[-17.981349,28.794311],[-17.981554,28.794316],[-17.98189,28.794345],[-17.982226,28.794373],[-17.982279,28.79446],[-17.982165,28.794641],[-17.982017,28.794742],[-17.981672,28.79482],[-17.981471,28.794857],[-17.980858,28.794949],[-17.980656,28.794978],[-17.98034,28.795022],[-17.980136,28.795038],[-17.979459,28.795049],[-17.979097,28.795055],[-17.978898,28.795028],[-17.978363,28.794869],[-17.978171,28.794806],[-17.977206,28.794458],[-17.977016,28.794391],[-17.976324,28.794157],[-17.976163,28.794056],[-17.975664,28.793529],[-17.975507,28.793419],[-17.974956,28.793173],[-17.974795,28.793066],[-17.974467,28.79275],[-17.974345,28.792606],[-17.974086,28.792227],[-17.973949,28.792098],[-17.973671,28.791926],[-17.97349,28.791846],[-17.973255,28.791779],[-17.973154,28.791661],[-17.973137,28.791253],[-17.973056,28.791104],[-17.972774,28.790889],[-17.972601,28.790798],[-17.972153,28.790649],[-17.972038,28.790529],[-17.971955,28.790148],[-17.971934,28.78997],[-17.971924,28.789469],[-17.971873,28.7893],[-17.97171,28.789038],[-17.971576,28.788909],[-17.971225,28.7887],[-17.971059,28.788594],[-17.970683,28.788336],[-17.97054,28.788209],[-17.970231,28.787849],[-17.970105,28.787707],[-17.969696,28.787265],[-17.969585,28.787114],[-17.96938,28.786755],[-17.969285,28.786596],[-17.968997,28.786135],[-17.969046,28.786082]]]}},{"type":"Feature","properties":{"id":350,"tipo":"arqueologico","subtipo":"poblado_cuevas","nombre":"Lomo Los Barreros","municipio":"","direccion":"","descripcion":"","url_imagen":"","area_m2":97690.04,"longitud":-17.97379478283223,"latitud":28.796717013615222},"geometry":{"type":"Polygon","coordinates":[[[-17.977226,28.800072],[-17.977202,28.800126],[-17.976589,28.800103],[-17.976538,28.800061],[-17.976388,28.799939],[-17.976297,28.799867],[-17.97614,28.799752],[-17.975961,28.799631],[-17.975826,28.7995],[-17.975627,28.799217],[-17.975508,28.799071],[-17.974935,28.798463],[-17.97481,28.79832],[-17.974512,28.797951],[-17.974382,28.797812],[-17.974037,28.797489],[-17.973905,28.797351],[-17.973685,28.797098],[-17.973531,28.796988],[-17.973147,28.79683],[-17.972979,28.796731],[-17.972679,28.796488],[-17.972578,28.79634],[-17.972548,28.796241],[-17.972423,28.796133],[-17.972035,28.796054],[-17.971836,28.79601],[-17.971517,28.795936],[-17.97135,28.795844],[-17.971047,28.795538],[-17.970988,28.79538],[-17.971012,28.795091],[-17.971049,28.794668],[-17.971068,28.794488],[-17.971079,28.79439],[-17.971099,28.794211],[-17.971134,28.793825],[-17.971234,28.793774],[-17.971673,28.793962],[-17.971833,28.794069],[-17.97246,28.794684],[-17.972587,28.794825],[-17.973011,28.795359],[-17.973139,28.7955],[-17.973566,28.795912],[-17.973729,28.796014],[-17.974292,28.796224],[-17.97447,28.796311],[-17.975236,28.796779],[-17.975394,28.796893],[-17.975702,28.797155],[-17.975807,28.797304],[-17.976013,28.797881],[-17.976048,28.798057],[-17.976072,28.798536],[-17.976127,28.798704],[-17.976358,28.799054],[-17.976441,28.799218],[-17.976549,28.799508],[-17.976659,28.799651],[-17.977226,28.800072]]]}},{"type":"Feature","properties":{"id":351,"tipo":"arqueologico","subtipo":"poblado_cuevas","nombre":"Bco de D. Pancho y Barranqueras de Los Llanos de Facundo","municipio":"","direccion":"","descripcion":"","url_imagen":"","area_m2":76731.36,"longitud":-17.99698553830852,"latitud":28.761600106533827},"geometry":{"type":"Polygon","coordinates":[[[-18.000663,28.761482],[-18.000713,28.761542],[-18.00061,28.761704],[-18.0006,28.761866],[-18.000646,28.761961],[-18.000787,28.762058],[-18.001041,28.762094],[-18.001064,28.762168],[-18.000904,28.76229],[-18.000725,28.762354],[-18.000157,28.76238],[-17.999956,28.762361],[-17.999353,28.76221],[-17.999152,28.762179],[-17.99859,28.76214],[-17.998393,28.762099],[-17.998092,28.761993],[-17.997895,28.761967],[-17.997325,28.762009],[-17.997121,28.762022],[-17.996425,28.762059],[-17.995627,28.762101],[-17.994643,28.762153],[-17.994441,28.762136],[-17.993725,28.761975],[-17.993677,28.761874],[-17.993839,28.761627],[-17.993872,28.76146],[-17.993744,28.760865],[-17.993809,28.760725],[-17.993987,28.760616],[-17.99417,28.760588],[-17.994804,28.76074],[-17.994988,28.760813],[-17.995706,28.761234],[-17.995893,28.761271],[-17.996588,28.761185],[-17.996789,28.761153],[-17.997562,28.761009],[-17.997764,28.761003],[-17.998407,28.761081],[-17.998606,28.761119],[-17.999036,28.761234],[-17.999234,28.761278],[-17.999466,28.76132],[-17.999657,28.761378],[-18.000033,28.761545],[-18.000225,28.761566],[-18.000663,28.761482]]]}},{"type":"Feature","properties":{"id":352,"tipo":"arqueologico","subtipo":"poblado_cuevas","nombre":"Lomo de La Rocha","municipio":"","direccion":"","descripcion":"","url_imagen":"","area_m2":34743.72,"longitud":-17.985255539164623,"latitud":28.751407547682664},"geometry":{"type":"Polygon","coordinates":[[[-17.984252,28.752233],[-17.984202,28.752059],[-17.984183,28.751992],[-17.984091,28.751836],[-17.984052,28.751797],[-17.983921,28.751658],[-17.98383,28.751554],[-17.983848,28.75152],[-17.983886,28.751348],[-17.983881,28.751258],[-17.983946,28.751101],[-17.983948,28.751099],[-17.984104,28.750984],[-17.984142,28.750963],[-17.984331,28.75091],[-17.984555,28.750898],[-17.9847,28.75089],[-17.984904,28.750882],[-17.985023,28.750879],[-17.985216,28.750836],[-17.985346,28.750779],[-17.985438,28.750756],[-17.985636,28.750754],[-17.985797,28.750789],[-17.985815,28.750784],[-17.986008,28.750725],[-17.986129,28.750691],[-17.986199,28.750657],[-17.98639,28.750609],[-17.986657,28.750602],[-17.986745,28.750689],[-17.986734,28.750758],[-17.986712,28.75089],[-17.986659,28.751063],[-17.986613,28.75116],[-17.986469,28.751464],[-17.986364,28.751616],[-17.986255,28.75173],[-17.986147,28.751844],[-17.985979,28.751926],[-17.985959,28.751928],[-17.985767,28.751982],[-17.985737,28.751996],[-17.985547,28.752062],[-17.985534,28.752065],[-17.985334,28.752099],[-17.985196,28.752111],[-17.984993,28.752136],[-17.984912,28.752149],[-17.984713,28.75219],[-17.984273,28.752302],[-17.984252,28.752233]]]}},{"type":"Feature","properties":{"id":353,"tipo":"arqueologico","subtipo":"poblado_cuevas","nombre":"Bco de La Cueva","municipio":"","direccion":"","descripcion":"","url_imagen":"","area_m2":30514.16,"longitud":-17.96635984964683,"latitud":28.71706787964739},"geometry":{"type":"Polygon","coordinates":[[[-17.96986,28.716479],[-17.96988,28.716546],[-17.969674,28.716681],[-17.96949,28.716731],[-17.969124,28.716713],[-17.968931,28.716749],[-17.968813,28.716804],[-17.968637,28.716895],[-17.968282,28.717102],[-17.968108,28.717197],[-17.967823,28.717342],[-17.967633,28.7174],[-17.967531,28.717413],[-17.967332,28.717398],[-17.967056,28.717319],[-17.966624,28.717195],[-17.966429,28.717194],[-17.966213,28.717254],[-17.966013,28.717286],[-17.965914,28.717292],[-17.96581,28.717298],[-17.965617,28.717345],[-17.965503,28.717396],[-17.965319,28.717474],[-17.965216,28.717516],[-17.965021,28.717557],[-17.964377,28.717573],[-17.964175,28.717595],[-17.963746,28.717679],[-17.9637,28.71767],[-17.963646,28.717571],[-17.963768,28.717357],[-17.963911,28.71725],[-17.964412,28.71711],[-17.964588,28.717025],[-17.964928,28.716773],[-17.965108,28.716715],[-17.965737,28.716714],[-17.965941,28.716726],[-17.966504,28.716793],[-17.967067,28.71686],[-17.96727,28.716861],[-17.967822,28.7168],[-17.968374,28.716739],[-17.96857,28.716694],[-17.969243,28.71645],[-17.969439,28.716428],[-17.96986,28.716479]]]}},{"type":"Feature","properties":{"id":354,"tipo":"arqueologico","subtipo":"poblado_cuevas","nombre":"Bco de D Pancho y Barranqueras de Los Llanos de Facundo","municipio":"","direccion":"","descripcion":"","url_imagen":"","area_m2":35499.12,"longitud":-17.999224161879088,"latitud":28.757669884462153},"geometry":{"type":"Polygon","coordinates":[[[-17.999017,28.758782],[-17.998937,28.758788],[-17.998872,28.75868],[-17.998727,28.758572],[-17.998662,28.758553],[-17.998478,28.758477],[-17.998288,28.758374],[-17.998229,28.758239],[-17.998246,28.758185],[-17.998248,28.758011],[-17.998238,28.757978],[-17.998236,28.757803],[-17.99827,28.757678],[-17.998339,28.757509],[-17.998375,28.757443],[-17.99845,28.757276],[-17.998567,28.756952],[-17.998652,28.75679],[-17.998771,28.756624],[-17.998928,28.756558],[-17.999097,28.756575],[-17.9993,28.756599],[-17.999406,28.756615],[-17.999596,28.756673],[-17.999721,28.756734],[-17.999881,28.756844],[-17.999956,28.756914],[-18.000058,28.757066],[-18.000082,28.757129],[-18.000061,28.757291],[-18.000002,28.757375],[-17.999983,28.757536],[-18.000007,28.757592],[-18.000126,28.757625],[-18.000296,28.757715],[-18.000339,28.757754],[-18.000408,28.757933],[-18.000343,28.758047],[-18.000255,28.758073],[-18.000153,28.758222],[-18.000006,28.758333],[-17.99995,28.758352],[-17.999762,28.758425],[-17.99968,28.75846],[-17.999446,28.75856],[-17.999276,28.758657],[-17.999198,28.758716],[-17.999017,28.758782]]]}},{"type":"Feature","properties":{"id":355,"tipo":"arqueologico","subtipo":"poblado_cuevas","nombre":"Agua Dulce","municipio":"","direccion":"","descripcion":"","url_imagen":"","area_m2":29242.05,"longitud":-18.002360504612057,"latitud":28.768750447107447},"geometry":{"type":"Polygon","coordinates":[[[-18.003727,28.770015],[-18.003386,28.769899],[-18.003209,28.769812],[-18.003026,28.76969],[-18.002697,28.76947],[-18.002566,28.769337],[-18.002394,28.769064],[-18.002247,28.768956],[-18.001944,28.768866],[-18.001755,28.768798],[-18.001598,28.768731],[-18.001434,28.768628],[-18.001157,28.768382],[-18.001004,28.768263],[-18.00081,28.76813],[-18.000702,28.767988],[-18.000631,28.767758],[-18.00056,28.767529],[-18.000625,28.767481],[-18.001237,28.767747],[-18.00143,28.767802],[-18.001738,28.767848],[-18.001911,28.767927],[-18.002155,28.768141],[-18.00231,28.768258],[-18.002552,28.768414],[-18.00272,28.768517],[-18.003019,28.768692],[-18.003184,28.7688],[-18.003516,28.76904],[-18.003661,28.769167],[-18.003922,28.76944],[-18.003961,28.769596],[-18.003849,28.76996],[-18.003727,28.770015]]]}},{"type":"Feature","properties":{"id":356,"tipo":"arqueologico","subtipo":"poblado_cuevas","nombre":"poblado cuevas #178","municipio":"","direccion":"","descripcion":"","url_imagen":"","area_m2":48463.82,"longitud":-17.959082458379175,"latitud":28.672331338406497},"geometry":{"type":"Polygon","coordinates":[[[-17.96119,28.672579],[-17.960725,28.672673],[-17.960527,28.672717],[-17.960432,28.672739],[-17.960231,28.672762],[-17.959676,28.672756],[-17.959472,28.672755],[-17.958744,28.672763],[-17.95854,28.672769],[-17.957915,28.672801],[-17.957712,28.672821],[-17.956776,28.672956],[-17.95584,28.67309],[-17.955644,28.67307],[-17.955411,28.672983],[-17.955392,28.672887],[-17.955617,28.672708],[-17.955795,28.672638],[-17.95642,28.672575],[-17.956621,28.672544],[-17.95734,28.672393],[-17.957537,28.672344],[-17.958905,28.671946],[-17.959713,28.67171],[-17.960255,28.671553],[-17.960454,28.671519],[-17.960966,28.671493],[-17.961167,28.671466],[-17.961362,28.671422],[-17.961564,28.671404],[-17.96171,28.671408],[-17.961742,28.671478],[-17.961627,28.671586],[-17.961475,28.671706],[-17.961365,28.671776],[-17.961283,28.671919],[-17.961288,28.672468],[-17.96119,28.672579]]]}},{"type":"Feature","properties":{"id":357,"tipo":"arqueologico","subtipo":"poblado_cuevas","nombre":"Bco de Tinitare","municipio":"","direccion":"","descripcion":"","url_imagen":"","area_m2":63030.42,"longitud":-17.985744172178784,"latitud":28.737636390060686},"geometry":{"type":"Polygon","coordinates":[[[-17.987653,28.738255],[-17.98737,28.738261],[-17.987166,28.738258],[-17.986617,28.738226],[-17.986419,28.738251],[-17.985883,28.738425],[-17.985685,28.738444],[-17.985075,28.738371],[-17.984872,28.738367],[-17.984086,28.738434],[-17.98389,28.738408],[-17.983403,28.738229],[-17.983348,28.738111],[-17.983448,28.7379],[-17.983537,28.737737],[-17.983676,28.737517],[-17.983812,28.73739],[-17.984171,28.737192],[-17.984359,28.737132],[-17.985211,28.737031],[-17.985408,28.736987],[-17.985994,28.736793],[-17.986191,28.736753],[-17.986759,28.736708],[-17.986949,28.736654],[-17.987139,28.736556],[-17.987307,28.736567],[-17.987359,28.736605],[-17.987458,28.736751],[-17.987472,28.736811],[-17.987527,28.736984],[-17.987567,28.73708],[-17.987623,28.737252],[-17.987655,28.737386],[-17.987705,28.73756],[-17.987719,28.737603],[-17.987751,28.737779],[-17.987755,28.737913],[-17.987757,28.738094],[-17.987756,28.738163],[-17.987653,28.738255]]]}},{"type":"Feature","properties":{"id":358,"tipo":"arqueologico","subtipo":"poblado_cuevas","nombre":"Lomo de La Rocha","municipio":"","direccion":"","descripcion":"","url_imagen":"","area_m2":21153.18,"longitud":-17.98165941054355,"latitud":28.74878637363964},"geometry":{"type":"Polygon","coordinates":[[[-17.982189,28.749829],[-17.982028,28.749776],[-17.981849,28.749562],[-17.981862,28.749426],[-17.981964,28.749338],[-17.981966,28.74921],[-17.981603,28.748879],[-17.981436,28.748784],[-17.980902,28.748612],[-17.980706,28.748563],[-17.980427,28.748512],[-17.980291,28.74841],[-17.980217,28.748237],[-17.980268,28.748106],[-17.980652,28.747896],[-17.980839,28.747867],[-17.981212,28.747934],[-17.981385,28.748016],[-17.981655,28.748252],[-17.981775,28.748395],[-17.981876,28.748565],[-17.982017,28.748681],[-17.982503,28.748869],[-17.982646,28.748985],[-17.982783,28.749209],[-17.982889,28.749363],[-17.982972,28.749468],[-17.982942,28.749588],[-17.982747,28.749691],[-17.98256,28.749757],[-17.982189,28.749829]]]}},{"type":"Feature","properties":{"id":359,"tipo":"arqueologico","subtipo":"poblado_cuevas","nombre":"poblado cuevas #181","municipio":"","direccion":"","descripcion":"","url_imagen":"","area_m2":11130.58,"longitud":-17.979026802354934,"latitud":28.79955474294063},"geometry":{"type":"Polygon","coordinates":[[[-17.979848,28.799602],[-17.979736,28.799751],[-17.979708,28.799807],[-17.979681,28.799831],[-17.979607,28.799986],[-17.979603,28.800091],[-17.979584,28.800162],[-17.97947,28.800208],[-17.979299,28.800128],[-17.979159,28.800007],[-17.979119,28.799943],[-17.978971,28.799841],[-17.978721,28.799782],[-17.978544,28.7997],[-17.978379,28.799576],[-17.978268,28.799432],[-17.978117,28.799049],[-17.978184,28.798982],[-17.978331,28.799009],[-17.978524,28.799064],[-17.978856,28.799197],[-17.979048,28.79926],[-17.9793,28.799326],[-17.979501,28.799355],[-17.979585,28.799358],[-17.979762,28.799423],[-17.979909,28.799543],[-17.979848,28.799602]]]}},{"type":"Feature","properties":{"id":360,"tipo":"arqueologico","subtipo":"poblado_cuevas","nombre":"Bco de D Pancho y Barranqueras de Los Llanos de Facundo","municipio":"","direccion":"","descripcion":"","url_imagen":"","area_m2":8518.02,"longitud":-17.990196510187857,"latitud":28.758054561736234},"geometry":{"type":"Polygon","coordinates":[[[-17.991146,28.757939],[-17.990974,28.758029],[-17.990735,28.758224],[-17.990558,28.758298],[-17.990467,28.75831],[-17.990267,28.758347],[-17.990018,28.75841],[-17.989819,28.758418],[-17.989702,28.758399],[-17.989499,28.758388],[-17.989222,28.7584],[-17.989216,28.758373],[-17.989407,28.758311],[-17.989554,28.758201],[-17.989726,28.757936],[-17.989855,28.757799],[-17.989894,28.75777],[-17.990068,28.757681],[-17.990307,28.757607],[-17.990324,28.757633],[-17.990313,28.75764],[-17.990333,28.757678],[-17.990555,28.757638],[-17.990659,28.75771],[-17.990665,28.757861],[-17.990751,28.757899],[-17.990945,28.757938],[-17.991165,28.757933],[-17.991146,28.757939]]]}},{"type":"Feature","properties":{"id":361,"tipo":"arqueologico","subtipo":"poblado_cuevas","nombre":"Margen Izqdo del Bco Molcan","municipio":"","direccion":"","descripcion":"","url_imagen":"","area_m2":185569.37,"longitud":-17.937583275334948,"latitud":28.672816104483278},"geometry":{"type":"Polygon","coordinates":[[[-17.934631,28.677368],[-17.934216,28.676997],[-17.934142,28.676843],[-17.934132,28.676468],[-17.934141,28.676288],[-17.934198,28.675867],[-17.934284,28.675716],[-17.934561,28.675487],[-17.934658,28.675338],[-17.934788,28.674826],[-17.934839,28.674652],[-17.93505,28.674007],[-17.935176,28.673893],[-17.935655,28.673761],[-17.935812,28.673661],[-17.936302,28.673067],[-17.936462,28.672979],[-17.937226,28.672861],[-17.937362,28.67276],[-17.93761,28.672154],[-17.937697,28.671991],[-17.938384,28.670975],[-17.938478,28.670815],[-17.938946,28.669899],[-17.939015,28.66973],[-17.939272,28.668913],[-17.939359,28.668754],[-17.940177,28.667767],[-17.940315,28.667636],[-17.940919,28.667181],[-17.941021,28.66721],[-17.941187,28.6678],[-17.941167,28.667968],[-17.940103,28.669883],[-17.940036,28.670052],[-17.939601,28.67181],[-17.93954,28.671982],[-17.939069,28.672981],[-17.938961,28.673132],[-17.938296,28.673785],[-17.938163,28.673921],[-17.937398,28.674742],[-17.937243,28.674854],[-17.936562,28.675173],[-17.936433,28.675298],[-17.936145,28.675909],[-17.936055,28.676071],[-17.935646,28.676695],[-17.935524,28.676838],[-17.935287,28.677058],[-17.935124,28.677162],[-17.934631,28.677368]]]}},{"type":"Feature","properties":{"id":362,"tipo":"arqueologico","subtipo":"poblado_cuevas","nombre":"Yacimiento Necropolis de La Baranda","municipio":"","direccion":"","descripcion":"","url_imagen":"","area_m2":98912.33,"longitud":-17.979067346255363,"latitud":28.7334410374788},"geometry":{"type":"Polygon","coordinates":[[[-17.973434,28.736355],[-17.973381,28.73631],[-17.97333,28.736159],[-17.973377,28.735965],[-17.973498,28.735854],[-17.973946,28.735752],[-17.974111,28.73566],[-17.974261,28.735502],[-17.974412,28.735382],[-17.974787,28.735154],[-17.974959,28.735057],[-17.9752,28.734932],[-17.975362,28.734823],[-17.975545,28.734665],[-17.975701,28.734549],[-17.976014,28.734346],[-17.976194,28.734265],[-17.976444,28.734193],[-17.976633,28.734125],[-17.976742,28.734077],[-17.97693,28.734006],[-17.977089,28.733956],[-17.977283,28.733898],[-17.977488,28.733841],[-17.977683,28.733787],[-17.977983,28.733706],[-17.978181,28.733698],[-17.97824,28.733708],[-17.978442,28.73371],[-17.979134,28.733607],[-17.979332,28.733564],[-17.979558,28.733499],[-17.979715,28.733398],[-17.979809,28.733286],[-17.979882,28.733124],[-17.979887,28.733083],[-17.979865,28.732908],[-17.979827,28.732817],[-17.979705,28.732686],[-17.979538,28.732599],[-17.979363,28.732506],[-17.979175,28.732403],[-17.979074,28.732266],[-17.979069,28.732236],[-17.97909,28.732063],[-17.979171,28.731871],[-17.979308,28.731771],[-17.979411,28.731754],[-17.979586,28.731676],[-17.979684,28.731594],[-17.979793,28.731447],[-17.979871,28.73126],[-17.979953,28.731094],[-17.979972,28.73106],[-17.98012,28.730975],[-17.980378,28.730966],[-17.980535,28.731039],[-17.980694,28.731261],[-17.980849,28.731353],[-17.981102,28.731392],[-17.981298,28.731376],[-17.981614,28.731272],[-17.981812,28.73125],[-17.981991,28.731266],[-17.982116,28.731364],[-17.982133,28.731429],[-17.982154,28.731588],[-17.982079,28.731726],[-17.981513,28.732041],[-17.981066,28.732291],[-17.980909,28.732404],[-17.980685,28.732609],[-17.980551,28.732744],[-17.980491,28.732809],[-17.980388,28.732963],[-17.980206,28.733352],[-17.980178,28.733525],[-17.980195,28.733673],[-17.980292,28.733811],[-17.980423,28.733884],[-17.980608,28.733958],[-17.980814,28.734014],[-17.981011,28.734018],[-17.981101,28.733997],[-17.98129,28.733932],[-17.98146,28.733852],[-17.981612,28.733738],[-17.981668,28.733674],[-17.981802,28.733538],[-17.982028,28.733334],[-17.982202,28.733275],[-17.982292,28.733279],[-17.982459,28.733354],[-17.982511,28.733409],[-17.982511,28.733548],[-17.982207,28.733873],[-17.982052,28.733987],[-17.981772,28.734126],[-17.981302,28.734359],[-17.98111,28.734397],[-17.980428,28.734357],[-17.979874,28.734324],[-17.979672,28.734338],[-17.979141,28.734444],[-17.978944,28.734492],[-17.978348,28.734664],[-17.978149,28.734695],[-17.976595,28.734735],[-17.976397,28.734769],[-17.9758,28.734971],[-17.975615,28.735049],[-17.974955,28.735384],[-17.974294,28.735719],[-17.974193,28.735854],[-17.974169,28.73602],[-17.974064,28.736148],[-17.973684,28.736307],[-17.97349,28.736352],[-17.973434,28.736355]]]}},{"type":"Feature","properties":{"id":363,"tipo":"arqueologico","subtipo":"poblado_cuevas","nombre":"Yacimiento Necropolis de La Baranda","municipio":"","direccion":"","descripcion":"","url_imagen":"","area_m2":53702.69,"longitud":-17.97811063773306,"latitud":28.736060590959056},"geometry":{"type":"Polygon","coordinates":[[[-17.980116,28.734815],[-17.980056,28.734988],[-17.979948,28.735132],[-17.979648,28.735354],[-17.979533,28.735496],[-17.979437,28.735722],[-17.979372,28.735893],[-17.979249,28.736253],[-17.979158,28.73652],[-17.979068,28.736679],[-17.97891,28.736864],[-17.978755,28.736971],[-17.978426,28.737094],[-17.978176,28.737188],[-17.97798,28.73723],[-17.977854,28.737238],[-17.977666,28.737195],[-17.97749,28.737095],[-17.977303,28.73703],[-17.977082,28.736994],[-17.976918,28.736907],[-17.976849,28.736831],[-17.976685,28.736744],[-17.976261,28.736676],[-17.97606,28.736679],[-17.975453,28.736796],[-17.97527,28.736762],[-17.975109,28.73666],[-17.975102,28.736547],[-17.975428,28.736287],[-17.975606,28.736216],[-17.976307,28.736146],[-17.976511,28.736142],[-17.977419,28.736199],[-17.977609,28.736158],[-17.978087,28.735904],[-17.978248,28.735794],[-17.978539,28.735548],[-17.978653,28.735403],[-17.978772,28.735157],[-17.978806,28.734984],[-17.9788,28.734875],[-17.978861,28.734716],[-17.978923,28.73465],[-17.979084,28.734546],[-17.979301,28.734464],[-17.979498,28.734426],[-17.979797,28.734416],[-17.979987,28.734459],[-17.98023,28.734585],[-17.980193,28.734649],[-17.980116,28.734815]]]}},{"type":"Feature","properties":{"id":364,"tipo":"arqueologico","subtipo":"poblado_cuevas","nombre":"Bco del Molsán y del Charco de Los Corvachos","municipio":"","direccion":"","descripcion":"","url_imagen":"","area_m2":70328.71,"longitud":-17.978647846805472,"latitud":28.72749416168984},"geometry":{"type":"Polygon","coordinates":[[[-17.979129,28.730212],[-17.978726,28.729856],[-17.978607,28.729712],[-17.978566,28.729642],[-17.978531,28.729472],[-17.978548,28.729334],[-17.978548,28.729155],[-17.978529,28.728992],[-17.978485,28.728817],[-17.97842,28.728651],[-17.978384,28.728476],[-17.978379,28.728349],[-17.978279,28.728228],[-17.978139,28.728182],[-17.977941,28.728146],[-17.977773,28.728138],[-17.977584,28.728085],[-17.977449,28.72801],[-17.977408,28.727881],[-17.977502,28.727715],[-17.977563,28.727545],[-17.977589,28.727397],[-17.977652,28.727228],[-17.977981,28.726674],[-17.978037,28.726504],[-17.978064,28.726219],[-17.978054,28.726041],[-17.977967,28.725629],[-17.977911,28.725456],[-17.977824,28.72526],[-17.977762,28.725089],[-17.977675,28.724785],[-17.977708,28.724623],[-17.977721,28.724607],[-17.977874,28.724499],[-17.977914,28.724485],[-17.978051,28.724462],[-17.978229,28.724505],[-17.978286,28.724548],[-17.978299,28.724855],[-17.978354,28.725024],[-17.978548,28.725325],[-17.978641,28.725468],[-17.978754,28.725618],[-17.9788,28.725671],[-17.978939,28.725802],[-17.979063,28.725899],[-17.979148,28.726048],[-17.979158,28.726173],[-17.979213,28.726343],[-17.97923,28.726372],[-17.979303,28.72654],[-17.979342,28.726664],[-17.979339,28.726837],[-17.979328,28.726869],[-17.979306,28.727045],[-17.979324,28.727245],[-17.979363,28.727421],[-17.979377,28.727458],[-17.979405,28.727634],[-17.979404,28.727672],[-17.979428,28.727849],[-17.979428,28.727849],[-17.979447,28.728026],[-17.979437,28.728151],[-17.97943,28.728332],[-17.97943,28.728452],[-17.979438,28.728632],[-17.97944,28.728653],[-17.979427,28.728831],[-17.979422,28.72885],[-17.979356,28.729009],[-17.979341,28.729075],[-17.979427,28.72909],[-17.979605,28.729166],[-17.979677,28.72922],[-17.979715,28.729277],[-17.979763,28.729445],[-17.979759,28.729508],[-17.979777,28.729686],[-17.979791,28.729743],[-17.97963,28.729994],[-17.979506,28.730135],[-17.979434,28.730197],[-17.979432,28.730195],[-17.979259,28.730168],[-17.979129,28.730212]]]}},{"type":"Feature","properties":{"id":365,"tipo":"arqueologico","subtipo":"poblado_cuevas","nombre":"Bco del Molsán y del Charco de Los Corvachos","municipio":"","direccion":"","descripcion":"","url_imagen":"","area_m2":103485.39,"longitud":-17.97438330850836,"latitud":28.726339145754206},"geometry":{"type":"Polygon","coordinates":[[[-17.971191,28.728646],[-17.971364,28.728194],[-17.971467,28.727927],[-17.971555,28.727766],[-17.971679,28.727596],[-17.971812,28.727462],[-17.972237,28.727142],[-17.972404,28.727039],[-17.972896,28.726794],[-17.973018,28.726665],[-17.973182,28.726242],[-17.973255,28.726074],[-17.97337,28.725835],[-17.973502,28.725712],[-17.973975,28.725508],[-17.974099,28.725383],[-17.974147,28.725256],[-17.974262,28.725116],[-17.974487,28.724969],[-17.974657,28.724869],[-17.974696,28.724848],[-17.974879,28.724767],[-17.975203,28.724649],[-17.97539,28.724577],[-17.975565,28.724507],[-17.975757,28.724447],[-17.976137,28.724361],[-17.976336,28.724354],[-17.976457,28.724373],[-17.9766,28.72447],[-17.976718,28.7247],[-17.976783,28.72487],[-17.976826,28.725037],[-17.976836,28.725215],[-17.97679,28.725537],[-17.976723,28.725703],[-17.97649,28.72604],[-17.976256,28.726376],[-17.976113,28.726496],[-17.975402,28.726839],[-17.975226,28.72693],[-17.974575,28.727299],[-17.974394,28.727379],[-17.973342,28.727733],[-17.973159,28.727812],[-17.972449,28.728192],[-17.971739,28.728572],[-17.971553,28.728641],[-17.971257,28.728709],[-17.971191,28.728646]]]}},{"type":"Feature","properties":{"id":366,"tipo":"arqueologico","subtipo":"poblado_cuevas","nombre":"Bco del Molsán y del Charco de Los Corvachos","municipio":"","direccion":"","descripcion":"","url_imagen":"","area_m2":8302.1,"longitud":-17.97529463480996,"latitud":28.722243299905124},"geometry":{"type":"Polygon","coordinates":[[[-17.975146,28.721947],[-17.975503,28.721926],[-17.975707,28.721927],[-17.975942,28.721942],[-17.976145,28.721936],[-17.976543,28.721883],[-17.97655,28.721905],[-17.976449,28.721945],[-17.976268,28.722028],[-17.976106,28.722115],[-17.975935,28.722214],[-17.975857,28.722263],[-17.975676,28.722343],[-17.975638,28.722354],[-17.975461,28.722437],[-17.975389,28.722488],[-17.975319,28.722513],[-17.975122,28.722553],[-17.975107,28.722554],[-17.97491,28.722594],[-17.974788,28.722636],[-17.974442,28.722756],[-17.974442,28.72274],[-17.974477,28.722567],[-17.974553,28.722409],[-17.974662,28.72226],[-17.974795,28.722135],[-17.974956,28.72203],[-17.975146,28.721947]]]}},{"type":"Feature","properties":{"id":367,"tipo":"arqueologico","subtipo":"poblado_cuevas","nombre":"Bco de La Cueva","municipio":"","direccion":"","descripcion":"","url_imagen":"","area_m2":90489.62,"longitud":-17.97585235229961,"latitud":28.717578820493625},"geometry":{"type":"Polygon","coordinates":[[[-17.974316,28.71932],[-17.974357,28.719236],[-17.974482,28.719102],[-17.974682,28.718977],[-17.974817,28.718847],[-17.974948,28.718645],[-17.975086,28.71852],[-17.97537,28.718368],[-17.975473,28.718232],[-17.975491,28.718128],[-17.975552,28.717958],[-17.975569,28.717928],[-17.975577,28.717763],[-17.975545,28.717689],[-17.975418,28.717562],[-17.975143,28.71743],[-17.974952,28.717375],[-17.974675,28.717342],[-17.974482,28.717291],[-17.974438,28.717272],[-17.974249,28.717202],[-17.973608,28.717001],[-17.97341,28.716977],[-17.973171,28.716991],[-17.972967,28.716993],[-17.972692,28.716984],[-17.972488,28.716975],[-17.972087,28.716952],[-17.971904,28.716891],[-17.971505,28.716623],[-17.971526,28.716575],[-17.971955,28.716604],[-17.972158,28.716596],[-17.972574,28.716534],[-17.972776,28.716533],[-17.973422,28.71662],[-17.973624,28.716648],[-17.973834,28.716679],[-17.974036,28.716683],[-17.974397,28.716645],[-17.974597,28.716609],[-17.97494,28.716519],[-17.975387,28.716402],[-17.975586,28.716387],[-17.975812,28.716409],[-17.976015,28.716408],[-17.976269,28.716379],[-17.976473,28.71637],[-17.976678,28.716375],[-17.976852,28.716442],[-17.976925,28.716507],[-17.977078,28.716626],[-17.977294,28.71677],[-17.977451,28.716886],[-17.977509,28.716933],[-17.977682,28.717022],[-17.977913,28.717085],[-17.978083,28.717176],[-17.978195,28.717274],[-17.97822,28.717306],[-17.978312,28.717465],[-17.978317,28.717477],[-17.978391,28.717645],[-17.978436,28.717738],[-17.978391,28.717871],[-17.978165,28.718004],[-17.977999,28.718109],[-17.977879,28.71819],[-17.977709,28.718291],[-17.977454,28.718421],[-17.97706,28.718624],[-17.976892,28.718726],[-17.97684,28.718763],[-17.97666,28.718836],[-17.976341,28.718886],[-17.976146,28.718936],[-17.975895,28.719028],[-17.975568,28.719148],[-17.975385,28.719228],[-17.975308,28.719267],[-17.975168,28.719339],[-17.974978,28.719387],[-17.974678,28.719394],[-17.974378,28.7194],[-17.974316,28.71932]]]}},{"type":"Feature","properties":{"id":368,"tipo":"arqueologico","subtipo":"poblado_cuevas","nombre":"Laderas del Bco de Las Angustias","municipio":"","direccion":"","descripcion":"","url_imagen":"","area_m2":323650.47,"longitud":-17.938076425119725,"latitud":28.650925823617186},"geometry":{"type":"Polygon","coordinates":[[[-17.935923,28.646958],[-17.935923,28.647216],[-17.935891,28.647392],[-17.93574,28.647794],[-17.935685,28.647967],[-17.935643,28.648125],[-17.935646,28.6483],[-17.935728,28.648573],[-17.935779,28.648748],[-17.935851,28.649009],[-17.935934,28.649023],[-17.93604,28.648888],[-17.936123,28.648726],[-17.936251,28.648265],[-17.936334,28.648104],[-17.936615,28.64775],[-17.936771,28.647648],[-17.936873,28.647618],[-17.936887,28.647637],[-17.937034,28.647753],[-17.937753,28.648074],[-17.937943,28.648139],[-17.938607,28.648299],[-17.938808,28.648327],[-17.939803,28.648368],[-17.940005,28.648392],[-17.941699,28.64872],[-17.941897,28.648764],[-17.943074,28.649064],[-17.94331,28.649427],[-17.943396,28.64959],[-17.943729,28.650379],[-17.943823,28.650537],[-17.943896,28.650629],[-17.943411,28.651044],[-17.943265,28.65117],[-17.942357,28.651972],[-17.942205,28.652092],[-17.940098,28.653569],[-17.939947,28.65369],[-17.939271,28.654317],[-17.939155,28.654463],[-17.938695,28.655276],[-17.938196,28.655773],[-17.938051,28.6559],[-17.937585,28.656263],[-17.937415,28.65636],[-17.93689,28.656572],[-17.936698,28.656632],[-17.936165,28.656754],[-17.935996,28.656842],[-17.935418,28.65739],[-17.935288,28.657529],[-17.93463,28.658321],[-17.9345,28.65846],[-17.93389,28.659025],[-17.933839,28.659002],[-17.933941,28.658544],[-17.93418,28.657464],[-17.934253,28.657299],[-17.934771,28.656563],[-17.934926,28.656473],[-17.935713,28.656372],[-17.935877,28.656287],[-17.936648,28.655399],[-17.936787,28.655268],[-17.937672,28.65458],[-17.937817,28.654453],[-17.93908,28.653213],[-17.939229,28.65309],[-17.940949,28.651907],[-17.941112,28.651798],[-17.942915,28.650624],[-17.942918,28.650513],[-17.942709,28.650364],[-17.942528,28.650301],[-17.94136,28.650236],[-17.941157,28.650218],[-17.939625,28.650024],[-17.939421,28.65001],[-17.938752,28.650002],[-17.938552,28.649974],[-17.937506,28.649691],[-17.937306,28.649662],[-17.936688,28.649641],[-17.936484,28.649629],[-17.936104,28.649598],[-17.93591,28.649551],[-17.93535,28.649313],[-17.935187,28.649209],[-17.934801,28.648852],[-17.934666,28.648717],[-17.934335,28.648354],[-17.934172,28.64826],[-17.933543,28.648113],[-17.933343,28.648077],[-17.932532,28.647974],[-17.932329,28.647951],[-17.931091,28.647835],[-17.931089,28.647808],[-17.931553,28.647724],[-17.931747,28.647669],[-17.932914,28.647215],[-17.933062,28.647102],[-17.9333,28.646764],[-17.933454,28.646669],[-17.934446,28.646484],[-17.934645,28.646486],[-17.935841,28.646732],[-17.935896,28.646753],[-17.935902,28.646779],[-17.935923,28.646958]]]}},{"type":"Feature","properties":{"id":369,"tipo":"arqueologico","subtipo":"poblado_cuevas","nombre":"Laderas del Bco de Las Angustias","municipio":"","direccion":"","descripcion":"","url_imagen":"","area_m2":375768.9,"longitud":-17.941826737884185,"latitud":28.657551621404444},"geometry":{"type":"Polygon","coordinates":[[[-17.948077,28.652383],[-17.948256,28.65247],[-17.948629,28.652681],[-17.94876,28.65281],[-17.948776,28.652838],[-17.948765,28.652994],[-17.948557,28.653273],[-17.948457,28.65343],[-17.948227,28.653862],[-17.948111,28.654007],[-17.947192,28.654809],[-17.946345,28.655546],[-17.946187,28.65566],[-17.945358,28.656156],[-17.9452,28.656269],[-17.94454,28.656827],[-17.944371,28.656924],[-17.943182,28.657347],[-17.943017,28.657446],[-17.942097,28.65831],[-17.942006,28.658464],[-17.941854,28.65911],[-17.941758,28.65926],[-17.939866,28.660806],[-17.939712,28.660926],[-17.93869,28.66168],[-17.938542,28.661804],[-17.937621,28.66268],[-17.937451,28.662761],[-17.93654,28.662896],[-17.936391,28.662831],[-17.935727,28.661727],[-17.935739,28.661575],[-17.936531,28.660601],[-17.936655,28.660458],[-17.937385,28.659671],[-17.937528,28.659543],[-17.937968,28.659223],[-17.938143,28.659135],[-17.938899,28.658894],[-17.939004,28.658774],[-17.939054,28.658249],[-17.93912,28.658084],[-17.940153,28.656737],[-17.94029,28.656607],[-17.941752,28.655596],[-17.941917,28.65549],[-17.943916,28.654315],[-17.944092,28.654225],[-17.94656,28.653147],[-17.94674,28.653062],[-17.94771,28.652572],[-17.948017,28.652358],[-17.948077,28.652383]]]}},{"type":"Feature","properties":{"id":370,"tipo":"arqueologico","subtipo":"poblado_cuevas","nombre":"poblado cuevas #192","municipio":"","direccion":"","descripcion":"","url_imagen":"","area_m2":20944.34,"longitud":-17.985217562361566,"latitud":28.79666944918224},"geometry":{"type":"Polygon","coordinates":[[[-17.984554,28.7975],[-17.984615,28.79746],[-17.984767,28.797339],[-17.984902,28.797211],[-17.984912,28.797144],[-17.984933,28.796965],[-17.984954,28.79671],[-17.984961,28.796698],[-17.985069,28.796545],[-17.985075,28.796538],[-17.985095,28.796382],[-17.985088,28.796368],[-17.985065,28.79636],[-17.984868,28.796316],[-17.984802,28.796309],[-17.984709,28.796276],[-17.984515,28.79622],[-17.984126,28.796135],[-17.984042,28.796024],[-17.984042,28.796022],[-17.984158,28.795945],[-17.9843,28.795961],[-17.984389,28.795935],[-17.984576,28.795863],[-17.984583,28.79586],[-17.984614,28.795837],[-17.984793,28.79576],[-17.985029,28.795713],[-17.985231,28.795691],[-17.985315,28.795689],[-17.985316,28.795689],[-17.985479,28.795802],[-17.985517,28.795848],[-17.985592,28.79601],[-17.985594,28.796021],[-17.985633,28.79625],[-17.985634,28.796254],[-17.985758,28.796375],[-17.985769,28.796379],[-17.985844,28.796438],[-17.985849,28.796467],[-17.985877,28.796646],[-17.985883,28.796701],[-17.985885,28.796766],[-17.985915,28.796964],[-17.985907,28.797021],[-17.985895,28.797201],[-17.985896,28.797297],[-17.985869,28.797368],[-17.985741,28.797459],[-17.985654,28.7975],[-17.985607,28.797522],[-17.985432,28.797616],[-17.985399,28.797637],[-17.985302,28.797646],[-17.985105,28.797689],[-17.985061,28.797705],[-17.985013,28.797697],[-17.984824,28.797637],[-17.984554,28.7975]]]}},{"type":"Feature","properties":{"id":371,"tipo":"arqueologico","subtipo":"poblado_cuevas","nombre":"Agua Dulce","municipio":"","direccion":"","descripcion":"","url_imagen":"","area_m2":8302.63,"longitud":-18.00381039264942,"latitud":28.772078769967468},"geometry":{"type":"Polygon","coordinates":[[[-18.004341,28.772185],[-18.004454,28.772322],[-18.004524,28.772552],[-18.004462,28.772591],[-18.004277,28.772631],[-18.004208,28.772624],[-18.004011,28.77258],[-18.003888,28.772539],[-18.003726,28.772439],[-18.003686,28.772396],[-18.003561,28.772254],[-18.003422,28.77208],[-18.003297,28.771938],[-18.003243,28.771881],[-18.003188,28.771723],[-18.003216,28.771478],[-18.003227,28.771474],[-18.003419,28.771459],[-18.003545,28.771489],[-18.003698,28.771589],[-18.003768,28.771685],[-18.003819,28.771753],[-18.003949,28.771891],[-18.003994,28.771929],[-18.004144,28.772051],[-18.004173,28.772073],[-18.004336,28.772182],[-18.004341,28.772185]]]}},{"type":"Feature","properties":{"id":372,"tipo":"arqueologico","subtipo":"poblado_cuevas","nombre":"Bco del Molcan y del Charco de Los Corvachos","municipio":"","direccion":"","descripcion":"","url_imagen":"","area_m2":7666.45,"longitud":-17.972467539481386,"latitud":28.73007949467787},"geometry":{"type":"Polygon","coordinates":[[[-17.973197,28.729592],[-17.973157,28.729661],[-17.973086,28.729829],[-17.973042,28.729991],[-17.972935,28.730131],[-17.972771,28.730232],[-17.972596,28.730324],[-17.972484,28.730373],[-17.972297,28.730444],[-17.971956,28.730553],[-17.971757,28.730578],[-17.971621,28.730571],[-17.971594,28.730505],[-17.971647,28.730463],[-17.971802,28.730345],[-17.971931,28.730251],[-17.971975,28.730193],[-17.972089,28.730044],[-17.972174,28.729935],[-17.972323,28.729821],[-17.972612,28.729698],[-17.972802,28.729632],[-17.973179,28.729529],[-17.973197,28.729592]]]}},{"type":"Feature","properties":{"id":373,"tipo":"arqueologico","subtipo":"poblado_cuevas","nombre":"Lomo de La Rocha","municipio":"","direccion":"","descripcion":"","url_imagen":"","area_m2":8026.09,"longitud":-17.993493923322998,"latitud":28.750966731843803},"geometry":{"type":"Polygon","coordinates":[[[-17.993727,28.75114],[-17.993718,28.751142],[-17.993597,28.751211],[-17.993439,28.751323],[-17.99327,28.751471],[-17.993097,28.751554],[-17.992964,28.75158],[-17.992819,28.751518],[-17.992805,28.751493],[-17.99301,28.751134],[-17.993105,28.750966],[-17.99321,28.750812],[-17.993304,28.750694],[-17.993451,28.750575],[-17.993545,28.750527],[-17.993734,28.750467],[-17.993883,28.750445],[-17.994067,28.750378],[-17.994071,28.750375],[-17.994101,28.75046],[-17.994094,28.75063],[-17.994062,28.7507],[-17.994012,28.750873],[-17.993999,28.750961],[-17.993897,28.751055],[-17.993727,28.75114]]]}},{"type":"Feature","properties":{"id":374,"tipo":"arqueologico","subtipo":"poblado_cuevas","nombre":"Agua Dulce","municipio":"","direccion":"","descripcion":"","url_imagen":"","area_m2":33342.46,"longitud":-18.000734317013094,"latitud":28.771110483631965},"geometry":{"type":"Polygon","coordinates":[[[-18.001429,28.771177],[-18.000973,28.771308],[-18.000795,28.771391],[-18.000733,28.771433],[-18.0006,28.771566],[-18.000465,28.771772],[-18.000402,28.771836],[-18.000115,28.772127],[-18.000053,28.772189],[-17.999886,28.772274],[-17.999638,28.772313],[-17.999603,28.772308],[-17.999409,28.772257],[-17.999371,28.772243],[-17.999183,28.77217],[-17.99909,28.772134],[-17.999073,28.772008],[-17.999495,28.771667],[-17.999626,28.77153],[-17.999811,28.771275],[-17.999911,28.771118],[-17.999972,28.771008],[-18.000058,28.770845],[-18.00009,28.77078],[-18.000176,28.770617],[-18.00028,28.770427],[-18.000419,28.770313],[-18.000861,28.770161],[-18.000876,28.770167],[-18.000985,28.770231],[-18.001094,28.770295],[-18.001281,28.770351],[-18.001506,28.770365],[-18.001701,28.770332],[-18.001792,28.770294],[-18.001966,28.770308],[-18.00222,28.770475],[-18.002388,28.770579],[-18.002488,28.770638],[-18.002536,28.770772],[-18.002473,28.770919],[-18.002335,28.771018],[-18.002168,28.771042],[-18.001966,28.771071],[-18.001666,28.771112],[-18.001471,28.771161],[-18.001429,28.771177]]]}},{"type":"Feature","properties":{"id":375,"tipo":"arqueologico","subtipo":"poblado_cuevas","nombre":"Agua Dulce","municipio":"","direccion":"","descripcion":"","url_imagen":"","area_m2":14386.76,"longitud":-17.99865634089269,"latitud":28.770060852431573},"geometry":{"type":"Polygon","coordinates":[[[-17.998278,28.770909],[-17.998226,28.770952],[-17.998053,28.771043],[-17.997982,28.771064],[-17.997955,28.770977],[-17.997913,28.770879],[-17.997888,28.770705],[-17.997901,28.7706],[-17.997939,28.770296],[-17.998009,28.770248],[-17.998139,28.770114],[-17.998195,28.770025],[-17.99832,28.769886],[-17.998384,28.769835],[-17.998456,28.769775],[-17.998559,28.769626],[-17.998579,28.769563],[-17.998694,28.769427],[-17.998889,28.769316],[-17.999078,28.769264],[-17.999254,28.769258],[-17.999389,28.76934],[-17.999471,28.769552],[-17.999598,28.769674],[-17.999651,28.769694],[-17.999591,28.769762],[-17.999463,28.769827],[-17.999286,28.769918],[-17.99923,28.769947],[-17.999061,28.770047],[-17.998948,28.770136],[-17.998816,28.770272],[-17.99878,28.77032],[-17.998761,28.770355],[-17.998667,28.770515],[-17.998634,28.770567],[-17.998554,28.770612],[-17.998421,28.77074],[-17.99841,28.770759],[-17.998289,28.770901],[-17.998278,28.770909]]]}},{"type":"Feature","properties":{"id":376,"tipo":"arqueologico","subtipo":"poblado_cuevas","nombre":"Agua Dulce","municipio":"","direccion":"","descripcion":"","url_imagen":"","area_m2":6184.69,"longitud":-18.00109232943379,"latitud":28.7694565896275},"geometry":{"type":"Polygon","coordinates":[[[-18.00165,28.769899],[-18.001577,28.769948],[-18.001289,28.769817],[-18.001107,28.769735],[-18.000834,28.769615],[-18.000691,28.769497],[-18.000582,28.769334],[-18.0005,28.769171],[-18.000466,28.769079],[-18.000537,28.768983],[-18.000571,28.768979],[-18.000761,28.769015],[-18.001037,28.769159],[-18.001027,28.769166],[-18.001295,28.76929],[-18.001455,28.769398],[-18.00161,28.769545],[-18.0017,28.7697],[-18.001713,28.769756],[-18.00165,28.769899]]]}},{"type":"Feature","properties":{"id":377,"tipo":"arqueologico","subtipo":"poblado_cuevas","nombre":"Agua Dulce","municipio":"","direccion":"","descripcion":"","url_imagen":"","area_m2":5213.42,"longitud":-17.999588875061107,"latitud":28.76665454989234},"geometry":{"type":"Polygon","coordinates":[[[-17.999823,28.767137],[-17.999687,28.767117],[-17.999522,28.767032],[-17.999402,28.766901],[-17.999298,28.766748],[-17.999236,28.766619],[-17.999211,28.766446],[-17.999228,28.766342],[-17.999332,28.766208],[-17.999341,28.766203],[-17.999515,28.766206],[-17.999758,28.766343],[-17.999866,28.76648],[-17.999909,28.766649],[-17.999929,28.766827],[-17.999925,28.767062],[-17.999823,28.767137]]]}},{"type":"Feature","properties":{"id":378,"tipo":"arqueologico","subtipo":"poblado_cuevas","nombre":"poblado cuevas #200","municipio":"","direccion":"","descripcion":"","url_imagen":"","area_m2":10553.27,"longitud":-17.993491123186956,"latitud":28.78778367484955},"geometry":{"type":"Polygon","coordinates":[[[-17.992958,28.788],[-17.99302,28.787952],[-17.993096,28.787803],[-17.993096,28.787761],[-17.993093,28.78758],[-17.993091,28.787527],[-17.993147,28.787362],[-17.993249,28.787231],[-17.993405,28.78718],[-17.993578,28.78722],[-17.993765,28.78729],[-17.993992,28.787411],[-17.994085,28.787548],[-17.9941,28.787792],[-17.994029,28.787942],[-17.993765,28.788145],[-17.993728,28.78814],[-17.99354,28.788275],[-17.99336,28.78835],[-17.993323,28.788357],[-17.993124,28.788352],[-17.993033,28.788331],[-17.992871,28.788238],[-17.992843,28.788206],[-17.992858,28.788147],[-17.992958,28.788]]]}},{"type":"Feature","properties":{"id":379,"tipo":"arqueologico","subtipo":"poblado_cuevas","nombre":"poblado cuevas #201","municipio":"","direccion":"","descripcion":"","url_imagen":"","area_m2":6175.33,"longitud":-18.00383520943847,"latitud":28.777328819189815},"geometry":{"type":"Polygon","coordinates":[[[-18.003641,28.777938],[-18.003604,28.777772],[-18.003601,28.777594],[-18.003613,28.777529],[-18.003615,28.77735],[-18.003598,28.777252],[-18.003548,28.777078],[-18.003514,28.776995],[-18.003466,28.776821],[-18.003465,28.776811],[-18.003495,28.776792],[-18.003673,28.776771],[-18.003833,28.776826],[-18.004,28.776923],[-18.004029,28.776949],[-18.00415,28.777092],[-18.004214,28.77719],[-18.00421,28.77728],[-18.004166,28.777454],[-18.004138,28.777512],[-18.004064,28.77768],[-18.00406,28.777691],[-18.003946,28.777833],[-18.003942,28.777836],[-18.00378,28.777946],[-18.003726,28.777982],[-18.003641,28.777938]]]}},{"type":"Feature","properties":{"id":380,"tipo":"arqueologico","subtipo":"poblado_cuevas","nombre":"poblado cuevas #202","municipio":"","direccion":"","descripcion":"","url_imagen":"","area_m2":3376.61,"longitud":-17.99429876916476,"latitud":28.772003605735645},"geometry":{"type":"Polygon","coordinates":[[[-17.993543,28.772006],[-17.993677,28.771936],[-17.993865,28.771871],[-17.994121,28.771821],[-17.99432,28.771826],[-17.994627,28.771904],[-17.994808,28.771982],[-17.995069,28.772154],[-17.994778,28.772145],[-17.994574,28.772152],[-17.99446,28.772164],[-17.994258,28.772154],[-17.993838,28.772067],[-17.993543,28.772006]]]}},{"type":"Feature","properties":{"id":381,"tipo":"arqueologico","subtipo":"poblado_cuevas","nombre":"poblado cuevas #203","municipio":"","direccion":"","descripcion":"","url_imagen":"","area_m2":59199.27,"longitud":-18.002911684753276,"latitud":28.780989789039722},"geometry":{"type":"Polygon","coordinates":[[[-18.003654,28.783086],[-18.003495,28.783175],[-18.003443,28.783182],[-18.003415,28.783149],[-18.003292,28.783005],[-18.003166,28.78286],[-18.003082,28.782701],[-18.003005,28.782367],[-18.002936,28.782199],[-18.002912,28.782159],[-18.002804,28.782006],[-18.002518,28.781652],[-18.002387,28.781515],[-18.002125,28.781281],[-18.002115,28.781221],[-18.002093,28.781042],[-18.002069,28.780766],[-18.00197,28.780637],[-18.001624,28.780488],[-18.0015,28.780363],[-18.001429,28.78017],[-18.001422,28.78016],[-18.001359,28.779994],[-18.001336,28.779754],[-18.001288,28.77958],[-18.001216,28.779424],[-18.001183,28.77925],[-18.001186,28.77921],[-18.001294,28.779121],[-18.001396,28.779121],[-18.001568,28.779188],[-18.001706,28.77932],[-18.001829,28.779463],[-18.002014,28.779726],[-18.002147,28.77986],[-18.002329,28.779994],[-18.002495,28.780005],[-18.002728,28.779881],[-18.0029,28.779783],[-18.002988,28.779729],[-18.00317,28.779654],[-18.003398,28.7796],[-18.003468,28.779605],[-18.003625,28.779688],[-18.003627,28.779691],[-18.003699,28.779855],[-18.003724,28.779987],[-18.003761,28.780165],[-18.003832,28.78048],[-18.003821,28.780541],[-18.003804,28.780721],[-18.003801,28.780944],[-18.003835,28.781119],[-18.00388,28.781226],[-18.003943,28.781397],[-18.004068,28.781773],[-18.004094,28.78195],[-18.004089,28.782149],[-18.00404,28.782319],[-18.003965,28.782449],[-18.003892,28.782616],[-18.003837,28.782801],[-18.003753,28.782962],[-18.003654,28.783086]]]}},{"type":"Feature","properties":{"id":382,"tipo":"arqueologico","subtipo":"poblado_cuevas","nombre":"poblado cuevas #204","municipio":"","direccion":"","descripcion":"","url_imagen":"","area_m2":4952.18,"longitud":-17.974749716357657,"latitud":28.804055060518387},"geometry":{"type":"Polygon","coordinates":[[[-17.974617,28.804261],[-17.974468,28.804149],[-17.974382,28.804034],[-17.974293,28.803874],[-17.974182,28.80358],[-17.974237,28.80354],[-17.974609,28.803736],[-17.974781,28.803833],[-17.974954,28.803939],[-17.975102,28.804061],[-17.975261,28.804237],[-17.975322,28.804397],[-17.97532,28.804455],[-17.975225,28.804507],[-17.974849,28.804355],[-17.974617,28.804261]]]}},{"type":"Feature","properties":{"id":383,"tipo":"arqueologico","subtipo":"poblado_cuevas","nombre":"poblado cuevas #205","municipio":"","direccion":"","descripcion":"","url_imagen":"","area_m2":6297.59,"longitud":-17.9586092368417,"latitud":28.820048072214266},"geometry":{"type":"Polygon","coordinates":[[[-17.958531,28.820665],[-17.95846,28.820498],[-17.958424,28.820348],[-17.95837,28.820174],[-17.958342,28.820098],[-17.958319,28.819922],[-17.958328,28.819825],[-17.958372,28.81965],[-17.958417,28.81954],[-17.958505,28.819377],[-17.9586,28.819237],[-17.958666,28.81925],[-17.95867,28.819276],[-17.95871,28.819452],[-17.958761,28.819609],[-17.958812,28.819783],[-17.958856,28.819953],[-17.958871,28.820131],[-17.958866,28.820197],[-17.95885,28.820377],[-17.958842,28.820459],[-17.958806,28.820636],[-17.958796,28.820664],[-17.958703,28.820821],[-17.958658,28.820869],[-17.958531,28.820665]]]}},{"type":"Feature","properties":{"id":384,"tipo":"arqueologico","subtipo":"poblado_cuevas","nombre":"poblado cuevas #206","municipio":"","direccion":"","descripcion":"","url_imagen":"","area_m2":3293.38,"longitud":-17.96643479286297,"latitud":28.826017591168817},"geometry":{"type":"Polygon","coordinates":[[[-17.966648,28.825689],[-17.966694,28.825732],[-17.966779,28.825887],[-17.966789,28.825949],[-17.966711,28.826036],[-17.966569,28.826164],[-17.966508,28.82621],[-17.966498,28.82628],[-17.966394,28.826409],[-17.966343,28.826431],[-17.966261,28.826414],[-17.966207,28.826303],[-17.966216,28.826248],[-17.966144,28.826175],[-17.966111,28.826022],[-17.966141,28.825948],[-17.966228,28.825897],[-17.966363,28.825769],[-17.96641,28.825696],[-17.966485,28.825664],[-17.966648,28.825689]]]}},{"type":"Feature","properties":{"id":385,"tipo":"arqueologico","subtipo":"poblado_cuevas","nombre":"Bco del Molsan y del Charco de Los Corvachos","municipio":"","direccion":"","descripcion":"","url_imagen":"","area_m2":2186.38,"longitud":-17.976077591134807,"latitud":28.721139259998953},"geometry":{"type":"Polygon","coordinates":[[[-17.975693,28.721289],[-17.975885,28.72116],[-17.975904,28.721138],[-17.975997,28.720981],[-17.976011,28.720944],[-17.976145,28.720865],[-17.976252,28.720873],[-17.97639,28.720964],[-17.976406,28.721001],[-17.976357,28.721137],[-17.976317,28.721161],[-17.976167,28.721281],[-17.976117,28.721333],[-17.975965,28.721378],[-17.97577,28.721383],[-17.97571,28.721368],[-17.975693,28.721289]]]}},{"type":"Feature","properties":{"id":386,"tipo":"bic_arqueologico","subtipo":"cueva_habitacion","nombre":"cueva habitacion #1","municipio":"","direccion":"","descripcion":"","url_imagen":"","area_m2":20954.28,"longitud":-17.777189072694696,"latitud":28.578219738310782},"geometry":{"type":"Polygon","coordinates":[[[-17.776354,28.578237],[-17.776356,28.578163],[-17.776367,28.57809],[-17.776386,28.578019],[-17.776412,28.577949],[-17.776447,28.577882],[-17.776488,28.577819],[-17.776537,28.577759],[-17.776592,28.577704],[-17.776653,28.577654],[-17.77672,28.57761],[-17.776791,28.577572],[-17.776866,28.57754],[-17.776944,28.577515],[-17.777025,28.577497],[-17.777107,28.577486],[-17.777191,28.577483],[-17.777274,28.577486],[-17.777356,28.577497],[-17.777437,28.577516],[-17.777515,28.577541],[-17.77759,28.577573],[-17.777661,28.577611],[-17.777727,28.577656],[-17.777788,28.577706],[-17.777843,28.577761],[-17.777891,28.577821],[-17.777933,28.577885],[-17.777967,28.577952],[-17.777993,28.578021],[-17.778012,28.578093],[-17.778022,28.578166],[-17.778024,28.578239],[-17.778017,28.578313],[-17.778003,28.578385],[-17.77798,28.578456],[-17.77795,28.578524],[-17.777912,28.578589],[-17.777866,28.578651],[-17.777814,28.578708],[-17.777756,28.578761],[-17.777692,28.578808],[-17.777623,28.578849],[-17.77755,28.578884],[-17.777473,28.578913],[-17.777394,28.578934],[-17.777312,28.578949],[-17.777229,28.578956],[-17.777146,28.578956],[-17.777063,28.578948],[-17.776982,28.578934],[-17.776902,28.578912],[-17.776825,28.578883],[-17.776752,28.578848],[-17.776684,28.578807],[-17.77662,28.578759],[-17.776562,28.578707],[-17.77651,28.578649],[-17.776465,28.578587],[-17.776427,28.578522],[-17.776397,28.578453],[-17.776375,28.578383],[-17.77636,28.57831],[-17.776354,28.578237]]]}},{"type":"Feature","properties":{"id":387,"tipo":"bic_arqueologico","subtipo":"cueva_habitacion","nombre":"cueva habitacion #2","municipio":"","direccion":"","descripcion":"","url_imagen":"","area_m2":20954.28,"longitud":-17.95858232423844,"latitud":28.687580742301968},"geometry":{"type":"Polygon","coordinates":[[[-17.957747,28.687599],[-17.957749,28.687526],[-17.957759,28.687453],[-17.957778,28.687381],[-17.957804,28.687311],[-17.957839,28.687244],[-17.95788,28.687181],[-17.957929,28.687121],[-17.957984,28.687066],[-17.958045,28.687016],[-17.958112,28.686972],[-17.958183,28.686933],[-17.958258,28.686902],[-17.958336,28.686876],[-17.958417,28.686858],[-17.958499,28.686847],[-17.958582,28.686844],[-17.958666,28.686847],[-17.958748,28.686858],[-17.958829,28.686876],[-17.958907,28.686902],[-17.958982,28.686934],[-17.959053,28.686972],[-17.95912,28.687016],[-17.959181,28.687066],[-17.959236,28.687121],[-17.959284,28.687181],[-17.959326,28.687245],[-17.95936,28.687312],[-17.959387,28.687381],[-17.959405,28.687453],[-17.959416,28.687526],[-17.959418,28.687599],[-17.959412,28.687672],[-17.959397,28.687745],[-17.959375,28.687816],[-17.959344,28.687884],[-17.959306,28.687949],[-17.959261,28.688011],[-17.959209,28.688068],[-17.959151,28.688121],[-17.959087,28.688168],[-17.959018,28.68821],[-17.958945,28.688245],[-17.958868,28.688273],[-17.958788,28.688295],[-17.958707,28.68831],[-17.958624,28.688317],[-17.958541,28.688317],[-17.958458,28.68831],[-17.958376,28.688295],[-17.958296,28.688273],[-17.95822,28.688245],[-17.958146,28.68821],[-17.958078,28.688168],[-17.958014,28.688121],[-17.957956,28.688068],[-17.957904,28.688011],[-17.957858,28.687949],[-17.95782,28.687884],[-17.95779,28.687815],[-17.957767,28.687745],[-17.957753,28.687672],[-17.957747,28.687599]]]}},{"type":"Feature","properties":{"id":388,"tipo":"bic_arqueologico","subtipo":"grabado_rupestre_bic","nombre":"grabado rupestre bic #1","municipio":"","direccion":"","descripcion":"","url_imagen":"","area_m2":20954.28,"longitud":-17.906748973364152,"latitud":28.805407764182878},"geometry":{"type":"Polygon","coordinates":[[[-17.905912,28.805426],[-17.905915,28.805352],[-17.905925,28.805279],[-17.905944,28.805208],[-17.90597,28.805138],[-17.906005,28.805071],[-17.906046,28.805008],[-17.906095,28.804948],[-17.90615,28.804893],[-17.906211,28.804843],[-17.906278,28.804799],[-17.906349,28.80476],[-17.906424,28.804728],[-17.906503,28.804703],[-17.906584,28.804685],[-17.906666,28.804674],[-17.906749,28.804671],[-17.906833,28.804674],[-17.906915,28.804685],[-17.906996,28.804704],[-17.907074,28.804729],[-17.90715,28.804761],[-17.907221,28.804799],[-17.907287,28.804843],[-17.907348,28.804893],[-17.907403,28.804948],[-17.907452,28.805008],[-17.907494,28.805072],[-17.907528,28.805139],[-17.907555,28.805208],[-17.907573,28.80528],[-17.907583,28.805353],[-17.907586,28.805426],[-17.907579,28.8055],[-17.907565,28.805572],[-17.907542,28.805643],[-17.907512,28.805711],[-17.907473,28.805777],[-17.907428,28.805838],[-17.907376,28.805896],[-17.907318,28.805948],[-17.907254,28.805995],[-17.907185,28.806037],[-17.907112,28.806072],[-17.907035,28.8061],[-17.906955,28.806122],[-17.906873,28.806137],[-17.90679,28.806144],[-17.906707,28.806144],[-17.906624,28.806137],[-17.906542,28.806122],[-17.906462,28.8061],[-17.906386,28.806072],[-17.906312,28.806036],[-17.906243,28.805995],[-17.90618,28.805948],[-17.906121,28.805895],[-17.906069,28.805838],[-17.906024,28.805776],[-17.905986,28.805711],[-17.905956,28.805642],[-17.905933,28.805571],[-17.905919,28.805499],[-17.905912,28.805426]]]}},{"type":"Feature","properties":{"id":389,"tipo":"bic_arqueologico","subtipo":"grabado_rupestre_bic","nombre":"grabado rupestre bic #2","municipio":"","direccion":"","descripcion":"","url_imagen":"","area_m2":20954.28,"longitud":-17.79740318402048,"latitud":28.537161794112617},"geometry":{"type":"Polygon","coordinates":[[[-17.796569,28.537179],[-17.796571,28.537106],[-17.796581,28.537033],[-17.7966,28.536961],[-17.796627,28.536891],[-17.796661,28.536824],[-17.796703,28.536761],[-17.796751,28.536701],[-17.796807,28.536646],[-17.796868,28.536596],[-17.796934,28.536552],[-17.797005,28.536514],[-17.79708,28.536482],[-17.797158,28.536457],[-17.797239,28.536439],[-17.797321,28.536428],[-17.797405,28.536425],[-17.797488,28.536428],[-17.79757,28.53644],[-17.79765,28.536458],[-17.797729,28.536483],[-17.797804,28.536515],[-17.797874,28.536553],[-17.797941,28.536598],[-17.798002,28.536648],[-17.798057,28.536703],[-17.798105,28.536763],[-17.798147,28.536827],[-17.798181,28.536894],[-17.798207,28.536963],[-17.798225,28.537035],[-17.798236,28.537108],[-17.798238,28.537181],[-17.798231,28.537255],[-17.798217,28.537327],[-17.798194,28.537398],[-17.798163,28.537466],[-17.798125,28.537531],[-17.79808,28.537593],[-17.798028,28.53765],[-17.79797,28.537703],[-17.797906,28.53775],[-17.797837,28.537791],[-17.797764,28.537826],[-17.797687,28.537855],[-17.797608,28.537876],[-17.797526,28.537891],[-17.797443,28.537898],[-17.79736,28.537898],[-17.797277,28.537891],[-17.797196,28.537876],[-17.797116,28.537854],[-17.79704,28.537825],[-17.796967,28.53779],[-17.796898,28.537749],[-17.796834,28.537701],[-17.796776,28.537649],[-17.796725,28.537591],[-17.79668,28.537529],[-17.796642,28.537464],[-17.796611,28.537395],[-17.796589,28.537325],[-17.796575,28.537252],[-17.796569,28.537179]]]}},{"type":"Feature","properties":{"id":390,"tipo":"bic_arqueologico","subtipo":"grabado_rupestre_bic","nombre":"grabado rupestre bic #3","municipio":"","direccion":"","descripcion":"","url_imagen":"","area_m2":20954.28,"longitud":-17.855583862579834,"latitud":28.481703963563216},"geometry":{"type":"Polygon","coordinates":[[[-17.85475,28.481721],[-17.854752,28.481648],[-17.854762,28.481575],[-17.854781,28.481504],[-17.854808,28.481434],[-17.854842,28.481367],[-17.854884,28.481303],[-17.854932,28.481244],[-17.854987,28.481189],[-17.855048,28.481139],[-17.855115,28.481094],[-17.855186,28.481056],[-17.855261,28.481024],[-17.855339,28.480999],[-17.855419,28.480981],[-17.855502,28.48097],[-17.855585,28.480967],[-17.855668,28.480971],[-17.85575,28.480982],[-17.855831,28.481],[-17.855909,28.481025],[-17.855984,28.481057],[-17.856055,28.481095],[-17.856121,28.48114],[-17.856182,28.48119],[-17.856237,28.481245],[-17.856285,28.481305],[-17.856327,28.481368],[-17.856361,28.481435],[-17.856387,28.481505],[-17.856406,28.481577],[-17.856416,28.48165],[-17.856418,28.481723],[-17.856412,28.481796],[-17.856397,28.481869],[-17.856374,28.48194],[-17.856344,28.482008],[-17.856306,28.482073],[-17.856261,28.482135],[-17.856209,28.482192],[-17.856151,28.482245],[-17.856087,28.482292],[-17.856018,28.482333],[-17.855945,28.482368],[-17.855868,28.482397],[-17.855789,28.482418],[-17.855707,28.482433],[-17.855624,28.48244],[-17.855541,28.48244],[-17.855459,28.482433],[-17.855377,28.482418],[-17.855298,28.482396],[-17.855221,28.482368],[-17.855148,28.482332],[-17.855079,28.482291],[-17.855016,28.482244],[-17.854958,28.482191],[-17.854906,28.482134],[-17.854861,28.482072],[-17.854823,28.482006],[-17.854793,28.481938],[-17.85477,28.481867],[-17.854756,28.481795],[-17.85475,28.481721]]]}}]}