{"type":"FeatureCollection","name":"transporte-publico-tilp-la-palma-20260514-paradas","crs":{"type":"name","properties":{"name":"urn:ogc:def:crs:OGC:1.3:CRS84"}},"features":[{"type":"Feature","properties":{"stop_id":"1","stop_code":"1","nombre":"Parada Norte","descripcion":null,"longitud":-17.767951,"latitud":28.679885,"wheelchair_boarding":"2"},"geometry":{"type":"Point","coordinates":[-17.767951,28.679885]}},{"type":"Feature","properties":{"stop_id":"10","stop_code":"10","nombre":"El Chicharro A","descripcion":null,"longitud":-17.749999,"latitud":28.712883,"wheelchair_boarding":"2"},"geometry":{"type":"Point","coordinates":[-17.749999,28.712883]}},{"type":"Feature","properties":{"stop_id":"100","stop_code":"100","nombre":"Antiguo Parador B","descripcion":null,"longitud":-17.76336,"latitud":28.683852,"wheelchair_boarding":"2"},"geometry":{"type":"Point","coordinates":[-17.76336,28.683852]}},{"type":"Feature","properties":{"stop_id":"1000","stop_code":"1000","nombre":"La Hoya De Don Pablo B","descripcion":null,"longitud":-17.945229,"latitud":28.681837,"wheelchair_boarding":"0"},"geometry":{"type":"Point","coordinates":[-17.945229,28.681837]}},{"type":"Feature","properties":{"stop_id":"1001","stop_code":"1001","nombre":"Tagomate","descripcion":null,"longitud":-17.946906,"latitud":28.684835,"wheelchair_boarding":"0"},"geometry":{"type":"Point","coordinates":[-17.946906,28.684835]}},{"type":"Feature","properties":{"stop_id":"1002","stop_code":"1002","nombre":"Recta El Casino B","descripcion":null,"longitud":-17.948511,"latitud":28.688999,"wheelchair_boarding":"0"},"geometry":{"type":"Point","coordinates":[-17.948511,28.688999]}},{"type":"Feature","properties":{"stop_id":"1003","stop_code":"1003","nombre":"Los Gomeros","descripcion":null,"longitud":-17.948773,"latitud":28.694251,"wheelchair_boarding":"0"},"geometry":{"type":"Point","coordinates":[-17.948773,28.694251]}},{"type":"Feature","properties":{"stop_id":"1004","stop_code":"1004","nombre":"Punto Limpio","descripcion":null,"longitud":-17.948147,"latitud":28.707407,"wheelchair_boarding":"0"},"geometry":{"type":"Point","coordinates":[-17.948147,28.707407]}},{"type":"Feature","properties":{"stop_id":"1005","stop_code":"1005","nombre":"Bda. Tijarafe B","descripcion":null,"longitud":-17.956249,"latitud":28.714345,"wheelchair_boarding":"0"},"geometry":{"type":"Point","coordinates":[-17.956249,28.714345]}},{"type":"Feature","properties":{"stop_id":"1006","stop_code":"1006","nombre":"Rte. La Muralla B","descripcion":null,"longitud":-17.963141,"latitud":28.728864,"wheelchair_boarding":"0"},"geometry":{"type":"Point","coordinates":[-17.963141,28.728864]}},{"type":"Feature","properties":{"stop_id":"1007","stop_code":"1007","nombre":"Casa Forestal A","descripcion":null,"longitud":-17.966666,"latitud":28.73677,"wheelchair_boarding":"0"},"geometry":{"type":"Point","coordinates":[-17.966666,28.73677]}},{"type":"Feature","properties":{"stop_id":"1008","stop_code":"1008","nombre":"Bellido B","descripcion":null,"longitud":-17.968416,"latitud":28.742414,"wheelchair_boarding":"0"},"geometry":{"type":"Point","coordinates":[-17.968416,28.742414]}},{"type":"Feature","properties":{"stop_id":"1009","stop_code":"1009","nombre":"Bco. El Roque B","descripcion":null,"longitud":-17.971883,"latitud":28.753187,"wheelchair_boarding":"0"},"geometry":{"type":"Point","coordinates":[-17.971883,28.753187]}},{"type":"Feature","properties":{"stop_id":"1010","stop_code":"1010","nombre":"Mirador Los Dragos","descripcion":null,"longitud":-17.974023,"latitud":28.756976,"wheelchair_boarding":"0"},"geometry":{"type":"Point","coordinates":[-17.974023,28.756976]}},{"type":"Feature","properties":{"stop_id":"1011","stop_code":"1011","nombre":"El Roque B","descripcion":null,"longitud":-17.97636,"latitud":28.758274,"wheelchair_boarding":"0"},"geometry":{"type":"Point","coordinates":[-17.97636,28.758274]}},{"type":"Feature","properties":{"stop_id":"1012","stop_code":"1012","nombre":"Colmegran B","descripcion":null,"longitud":-17.978617,"latitud":28.761773,"wheelchair_boarding":"0"},"geometry":{"type":"Point","coordinates":[-17.978617,28.761773]}},{"type":"Feature","properties":{"stop_id":"1013","stop_code":"1013","nombre":"Gasolinera","descripcion":null,"longitud":-17.977349,"latitud":28.763643,"wheelchair_boarding":"0"},"geometry":{"type":"Point","coordinates":[-17.977349,28.763643]}},{"type":"Feature","properties":{"stop_id":"1014","stop_code":"1014","nombre":"Mirador Los Dragos B","descripcion":null,"longitud":-17.974251,"latitud":28.756956,"wheelchair_boarding":"0"},"geometry":{"type":"Point","coordinates":[-17.974251,28.756956]}},{"type":"Feature","properties":{"stop_id":"1015","stop_code":"1015","nombre":"Garome","descripcion":null,"longitud":-17.97027,"latitud":28.751691,"wheelchair_boarding":"0"},"geometry":{"type":"Point","coordinates":[-17.97027,28.751691]}},{"type":"Feature","properties":{"stop_id":"1016","stop_code":"1016","nombre":"Tinizara B","descripcion":null,"longitud":-17.968498,"latitud":28.744938,"wheelchair_boarding":"0"},"geometry":{"type":"Point","coordinates":[-17.968498,28.744938]}},{"type":"Feature","properties":{"stop_id":"1017","stop_code":"1017","nombre":"Casa Forestal","descripcion":null,"longitud":-17.966757,"latitud":28.737015,"wheelchair_boarding":"0"},"geometry":{"type":"Point","coordinates":[-17.966757,28.737015]}},{"type":"Feature","properties":{"stop_id":"1018","stop_code":"1018","nombre":"Bar El Níspero B","descripcion":null,"longitud":-17.96521,"latitud":28.73314,"wheelchair_boarding":"0"},"geometry":{"type":"Point","coordinates":[-17.96521,28.73314]}},{"type":"Feature","properties":{"stop_id":"1019","stop_code":"1019","nombre":"Bar La Guagua B","descripcion":null,"longitud":-17.960885,"latitud":28.726335,"wheelchair_boarding":"0"},"geometry":{"type":"Point","coordinates":[-17.960885,28.726335]}},{"type":"Feature","properties":{"stop_id":"1020","stop_code":"1020","nombre":"La Carpintería B","descripcion":null,"longitud":-17.956545,"latitud":28.718577,"wheelchair_boarding":"0"},"geometry":{"type":"Point","coordinates":[-17.956545,28.718577]}},{"type":"Feature","properties":{"stop_id":"1021","stop_code":"1021","nombre":"Cementerio Tijarafe B","descripcion":null,"longitud":-17.953161,"latitud":28.707597,"wheelchair_boarding":"0"},"geometry":{"type":"Point","coordinates":[-17.953161,28.707597]}},{"type":"Feature","properties":{"stop_id":"1022","stop_code":"1022","nombre":"Punto Limpio B","descripcion":null,"longitud":-17.948132,"latitud":28.707326,"wheelchair_boarding":"0"},"geometry":{"type":"Point","coordinates":[-17.948132,28.707326]}},{"type":"Feature","properties":{"stop_id":"1023","stop_code":"1023","nombre":"Plaza El Jesús B","descripcion":null,"longitud":-17.95102,"latitud":28.700931,"wheelchair_boarding":"0"},"geometry":{"type":"Point","coordinates":[-17.95102,28.700931]}},{"type":"Feature","properties":{"stop_id":"1024","stop_code":"1024","nombre":"Bar Versalles B","descripcion":null,"longitud":-17.950347,"latitud":28.696912,"wheelchair_boarding":"0"},"geometry":{"type":"Point","coordinates":[-17.950347,28.696912]}},{"type":"Feature","properties":{"stop_id":"1025","stop_code":"1025","nombre":"Los Gomeros B","descripcion":null,"longitud":-17.948837,"latitud":28.694231,"wheelchair_boarding":"0"},"geometry":{"type":"Point","coordinates":[-17.948837,28.694231]}},{"type":"Feature","properties":{"stop_id":"1026","stop_code":"1026","nombre":"Tagomate B","descripcion":null,"longitud":-17.946886,"latitud":28.684738,"wheelchair_boarding":"0"},"geometry":{"type":"Point","coordinates":[-17.946886,28.684738]}},{"type":"Feature","properties":{"stop_id":"1027","stop_code":"1027","nombre":"La Molina B","descripcion":null,"longitud":-17.944921,"latitud":28.679862,"wheelchair_boarding":"0"},"geometry":{"type":"Point","coordinates":[-17.944921,28.679862]}},{"type":"Feature","properties":{"stop_id":"1028","stop_code":"1028","nombre":"El Time B","descripcion":null,"longitud":-17.942511,"latitud":28.66379,"wheelchair_boarding":"0"},"geometry":{"type":"Point","coordinates":[-17.942511,28.66379]}},{"type":"Feature","properties":{"stop_id":"1029","stop_code":"1029","nombre":"Amagar 3 B","descripcion":null,"longitud":-17.932654,"latitud":28.672027,"wheelchair_boarding":"0"},"geometry":{"type":"Point","coordinates":[-17.932654,28.672027]}},{"type":"Feature","properties":{"stop_id":"103","stop_code":"103","nombre":"Parada Sur","descripcion":null,"longitud":-17.767562,"latitud":28.680523,"wheelchair_boarding":"2"},"geometry":{"type":"Point","coordinates":[-17.767562,28.680523]}},{"type":"Feature","properties":{"stop_id":"1030","stop_code":"1030","nombre":"Amagar 2 B","descripcion":null,"longitud":-17.935062,"latitud":28.667053,"wheelchair_boarding":"0"},"geometry":{"type":"Point","coordinates":[-17.935062,28.667053]}},{"type":"Feature","properties":{"stop_id":"1031","stop_code":"1031","nombre":"Iglesia Las Angustias B","descripcion":null,"longitud":-17.934884,"latitud":28.661751,"wheelchair_boarding":"0"},"geometry":{"type":"Point","coordinates":[-17.934884,28.661751]}},{"type":"Feature","properties":{"stop_id":"1032","stop_code":"1032","nombre":"El Secadero B","descripcion":null,"longitud":-17.890757,"latitud":28.597442,"wheelchair_boarding":"0"},"geometry":{"type":"Point","coordinates":[-17.890757,28.597442]}},{"type":"Feature","properties":{"stop_id":"1033","stop_code":"1033","nombre":"Cueva Las Palomas B","descripcion":null,"longitud":-17.887075,"latitud":28.60158,"wheelchair_boarding":"0"},"geometry":{"type":"Point","coordinates":[-17.887075,28.60158]}},{"type":"Feature","properties":{"stop_id":"1034","stop_code":"1034","nombre":"Cruce Hoyo Todoque B","descripcion":null,"longitud":-17.881658,"latitud":28.604143,"wheelchair_boarding":"0"},"geometry":{"type":"Point","coordinates":[-17.881658,28.604143]}},{"type":"Feature","properties":{"stop_id":"1035","stop_code":"1035","nombre":"Mendo B","descripcion":null,"longitud":-17.870008,"latitud":28.558048,"wheelchair_boarding":"0"},"geometry":{"type":"Point","coordinates":[-17.870008,28.558048]}},{"type":"Feature","properties":{"stop_id":"1036","stop_code":"1036","nombre":"Santa Cecilia B","descripcion":null,"longitud":-17.8668,"latitud":28.54889,"wheelchair_boarding":"0"},"geometry":{"type":"Point","coordinates":[-17.8668,28.54889]}},{"type":"Feature","properties":{"stop_id":"1037","stop_code":"1037","nombre":"Higueras De Loreto B","descripcion":null,"longitud":-17.863105,"latitud":28.525258,"wheelchair_boarding":"0"},"geometry":{"type":"Point","coordinates":[-17.863105,28.525258]}},{"type":"Feature","properties":{"stop_id":"1038","stop_code":"1038","nombre":"Centro Salud B","descripcion":null,"longitud":-17.844998,"latitud":28.49357,"wheelchair_boarding":"0"},"geometry":{"type":"Point","coordinates":[-17.844998,28.49357]}},{"type":"Feature","properties":{"stop_id":"1039","stop_code":"1039","nombre":"Higueras De Loreto A","descripcion":null,"longitud":-17.863029,"latitud":28.525877,"wheelchair_boarding":"0"},"geometry":{"type":"Point","coordinates":[-17.863029,28.525877]}},{"type":"Feature","properties":{"stop_id":"104","stop_code":"104","nombre":"Cruce Mirca C","descripcion":null,"longitud":-17.759629,"latitud":28.70086,"wheelchair_boarding":"2"},"geometry":{"type":"Point","coordinates":[-17.759629,28.70086]}},{"type":"Feature","properties":{"stop_id":"1040","stop_code":"1040","nombre":"Santa Cecilia A","descripcion":null,"longitud":-17.867355,"latitud":28.551325,"wheelchair_boarding":"0"},"geometry":{"type":"Point","coordinates":[-17.867355,28.551325]}},{"type":"Feature","properties":{"stop_id":"1041","stop_code":"1041","nombre":"Mendo A","descripcion":null,"longitud":-17.86991,"latitud":28.558142,"wheelchair_boarding":"0"},"geometry":{"type":"Point","coordinates":[-17.86991,28.558142]}},{"type":"Feature","properties":{"stop_id":"1042","stop_code":"1042","nombre":"Cruce Hoyo Todoque A","descripcion":null,"longitud":-17.881573,"latitud":28.604182,"wheelchair_boarding":"0"},"geometry":{"type":"Point","coordinates":[-17.881573,28.604182]}},{"type":"Feature","properties":{"stop_id":"1043","stop_code":"1043","nombre":"Cueva Las Palomas A","descripcion":null,"longitud":-17.887508,"latitud":28.601305,"wheelchair_boarding":"0"},"geometry":{"type":"Point","coordinates":[-17.887508,28.601305]}},{"type":"Feature","properties":{"stop_id":"1044","stop_code":"1044","nombre":"El Secadero A","descripcion":null,"longitud":-17.890791,"latitud":28.597538,"wheelchair_boarding":"0"},"geometry":{"type":"Point","coordinates":[-17.890791,28.597538]}},{"type":"Feature","properties":{"stop_id":"1045","stop_code":"1045","nombre":"Tazacorte B","descripcion":null,"longitud":-17.933509,"latitud":28.64102,"wheelchair_boarding":"0"},"geometry":{"type":"Point","coordinates":[-17.933509,28.64102]}},{"type":"Feature","properties":{"stop_id":"1046","stop_code":"1046","nombre":"Cruce San Antonio","descripcion":null,"longitud":-17.768088,"latitud":28.646853,"wheelchair_boarding":"0"},"geometry":{"type":"Point","coordinates":[-17.768088,28.646853]}},{"type":"Feature","properties":{"stop_id":"1047","stop_code":"1047","nombre":"Jacinto","descripcion":null,"longitud":-17.77656,"latitud":28.684804,"wheelchair_boarding":"0"},"geometry":{"type":"Point","coordinates":[-17.77656,28.684804]}},{"type":"Feature","properties":{"stop_id":"1048","stop_code":"1048","nombre":"Jacinto B","descripcion":null,"longitud":-17.776345,"latitud":28.68489,"wheelchair_boarding":"0"},"geometry":{"type":"Point","coordinates":[-17.776345,28.68489]}},{"type":"Feature","properties":{"stop_id":"105","stop_code":"105","nombre":"Casa Antonio","descripcion":null,"longitud":-17.761533,"latitud":28.699799,"wheelchair_boarding":"2"},"geometry":{"type":"Point","coordinates":[-17.761533,28.699799]}},{"type":"Feature","properties":{"stop_id":"1051","stop_code":"1051","nombre":"Edif. Arecida","descripcion":null,"longitud":-17.767357,"latitud":28.649207,"wheelchair_boarding":"0"},"geometry":{"type":"Point","coordinates":[-17.767357,28.649207]}},{"type":"Feature","properties":{"stop_id":"106","stop_code":"106","nombre":"Residencia","descripcion":null,"longitud":-17.763829,"latitud":28.700017,"wheelchair_boarding":"2"},"geometry":{"type":"Point","coordinates":[-17.763829,28.700017]}},{"type":"Feature","properties":{"stop_id":"107","stop_code":"107","nombre":"Casa Paco A","descripcion":null,"longitud":-17.763525,"latitud":28.702221,"wheelchair_boarding":"2"},"geometry":{"type":"Point","coordinates":[-17.763525,28.702221]}},{"type":"Feature","properties":{"stop_id":"108","stop_code":"108","nombre":"El Garaje A","descripcion":null,"longitud":-17.764628,"latitud":28.703704,"wheelchair_boarding":"2"},"geometry":{"type":"Point","coordinates":[-17.764628,28.703704]}},{"type":"Feature","properties":{"stop_id":"109","stop_code":"109","nombre":"La Portada A","descripcion":null,"longitud":-17.764054,"latitud":28.70576,"wheelchair_boarding":"2"},"geometry":{"type":"Point","coordinates":[-17.764054,28.70576]}},{"type":"Feature","properties":{"stop_id":"11","stop_code":"11","nombre":"Parrilla Julio A","descripcion":null,"longitud":-17.747055,"latitud":28.71771,"wheelchair_boarding":"2"},"geometry":{"type":"Point","coordinates":[-17.747055,28.71771]}},{"type":"Feature","properties":{"stop_id":"110","stop_code":"110","nombre":"Curva Las Varas A","descripcion":null,"longitud":-17.763323,"latitud":28.707282,"wheelchair_boarding":"2"},"geometry":{"type":"Point","coordinates":[-17.763323,28.707282]}},{"type":"Feature","properties":{"stop_id":"111","stop_code":"111","nombre":"Candelaria A","descripcion":null,"longitud":-17.766702,"latitud":28.707416,"wheelchair_boarding":"2"},"geometry":{"type":"Point","coordinates":[-17.766702,28.707416]}},{"type":"Feature","properties":{"stop_id":"112","stop_code":"112","nombre":"El Morro A","descripcion":null,"longitud":-17.767693,"latitud":28.703946,"wheelchair_boarding":"2"},"geometry":{"type":"Point","coordinates":[-17.767693,28.703946]}},{"type":"Feature","properties":{"stop_id":"113","stop_code":"113","nombre":"Daniestel A","descripcion":null,"longitud":-17.770477,"latitud":28.703232,"wheelchair_boarding":"2"},"geometry":{"type":"Point","coordinates":[-17.770477,28.703232]}},{"type":"Feature","properties":{"stop_id":"114","stop_code":"114","nombre":"La Crucita","descripcion":null,"longitud":-17.772699,"latitud":28.701811,"wheelchair_boarding":"2"},"geometry":{"type":"Point","coordinates":[-17.772699,28.701811]}},{"type":"Feature","properties":{"stop_id":"116","stop_code":"116","nombre":"Miraflores A","descripcion":null,"longitud":-17.777891,"latitud":28.698329,"wheelchair_boarding":"2"},"geometry":{"type":"Point","coordinates":[-17.777891,28.698329]}},{"type":"Feature","properties":{"stop_id":"117","stop_code":"117","nombre":"Cruce La Dehesa A","descripcion":null,"longitud":-17.775276,"latitud":28.696701,"wheelchair_boarding":"2"},"geometry":{"type":"Point","coordinates":[-17.775276,28.696701]}},{"type":"Feature","properties":{"stop_id":"118","stop_code":"118","nombre":"Kilómetro 2 A","descripcion":null,"longitud":-17.773303,"latitud":28.695816,"wheelchair_boarding":"2"},"geometry":{"type":"Point","coordinates":[-17.773303,28.695816]}},{"type":"Feature","properties":{"stop_id":"119","stop_code":"119","nombre":"Clinica Vieja A","descripcion":null,"longitud":-17.770795,"latitud":28.695125,"wheelchair_boarding":"2"},"geometry":{"type":"Point","coordinates":[-17.770795,28.695125]}},{"type":"Feature","properties":{"stop_id":"12","stop_code":"12","nombre":"La Lomadita A","descripcion":null,"longitud":-17.74638,"latitud":28.720466,"wheelchair_boarding":"2"},"geometry":{"type":"Point","coordinates":[-17.74638,28.720466]}},{"type":"Feature","properties":{"stop_id":"120","stop_code":"120","nombre":"Casa Sacristán A","descripcion":null,"longitud":-17.767775,"latitud":28.693395,"wheelchair_boarding":"2"},"geometry":{"type":"Point","coordinates":[-17.767775,28.693395]}},{"type":"Feature","properties":{"stop_id":"121","stop_code":"121","nombre":"Lomo Machado A","descripcion":null,"longitud":-17.763433,"latitud":28.691695,"wheelchair_boarding":"2"},"geometry":{"type":"Point","coordinates":[-17.763433,28.691695]}},{"type":"Feature","properties":{"stop_id":"122","stop_code":"122","nombre":"Santiago Churrero A","descripcion":null,"longitud":-17.762177,"latitud":28.691619,"wheelchair_boarding":"2"},"geometry":{"type":"Point","coordinates":[-17.762177,28.691619]}},{"type":"Feature","properties":{"stop_id":"123","stop_code":"123","nombre":"Urb. Las Nieves 2 A","descripcion":null,"longitud":-17.7624,"latitud":28.691083,"wheelchair_boarding":"2"},"geometry":{"type":"Point","coordinates":[-17.7624,28.691083]}},{"type":"Feature","properties":{"stop_id":"124","stop_code":"124","nombre":"Urb. Las Nieves 1 A","descripcion":null,"longitud":-17.7617,"latitud":28.691116,"wheelchair_boarding":"2"},"geometry":{"type":"Point","coordinates":[-17.7617,28.691116]}},{"type":"Feature","properties":{"stop_id":"125","stop_code":"125","nombre":"La Encarnación A","descripcion":null,"longitud":-17.762516,"latitud":28.690133,"wheelchair_boarding":"2"},"geometry":{"type":"Point","coordinates":[-17.762516,28.690133]}},{"type":"Feature","properties":{"stop_id":"126","stop_code":"126","nombre":"Barco De La Virgen A","descripcion":null,"longitud":-17.760792,"latitud":28.688174,"wheelchair_boarding":"2"},"geometry":{"type":"Point","coordinates":[-17.760792,28.688174]}},{"type":"Feature","properties":{"stop_id":"127","stop_code":"127","nombre":"Barco De La Virgen B","descripcion":null,"longitud":-17.760801,"latitud":28.688302,"wheelchair_boarding":"2"},"geometry":{"type":"Point","coordinates":[-17.760801,28.688302]}},{"type":"Feature","properties":{"stop_id":"128","stop_code":"128","nombre":"La Encarnación B","descripcion":null,"longitud":-17.762088,"latitud":28.690062,"wheelchair_boarding":"2"},"geometry":{"type":"Point","coordinates":[-17.762088,28.690062]}},{"type":"Feature","properties":{"stop_id":"129","stop_code":"129","nombre":"Urb. Las Nieves 1 B","descripcion":null,"longitud":-17.761883,"latitud":28.690849,"wheelchair_boarding":"2"},"geometry":{"type":"Point","coordinates":[-17.761883,28.690849]}},{"type":"Feature","properties":{"stop_id":"13","stop_code":"13","nombre":"Santa Lucía 1 A","descripcion":null,"longitud":-17.747148,"latitud":28.728501,"wheelchair_boarding":"2"},"geometry":{"type":"Point","coordinates":[-17.747148,28.728501]}},{"type":"Feature","properties":{"stop_id":"130","stop_code":"130","nombre":"Urb. Las Nieves 2 B","descripcion":null,"longitud":-17.762159,"latitud":28.691203,"wheelchair_boarding":"2"},"geometry":{"type":"Point","coordinates":[-17.762159,28.691203]}},{"type":"Feature","properties":{"stop_id":"131","stop_code":"131","nombre":"Santiago Churrero B","descripcion":null,"longitud":-17.762245,"latitud":28.691377,"wheelchair_boarding":"2"},"geometry":{"type":"Point","coordinates":[-17.762245,28.691377]}},{"type":"Feature","properties":{"stop_id":"132","stop_code":"132","nombre":"Lomo Machado B","descripcion":null,"longitud":-17.763239,"latitud":28.691774,"wheelchair_boarding":"2"},"geometry":{"type":"Point","coordinates":[-17.763239,28.691774]}},{"type":"Feature","properties":{"stop_id":"133","stop_code":"133","nombre":"Casa Sacristán B","descripcion":null,"longitud":-17.76726,"latitud":28.693424,"wheelchair_boarding":"2"},"geometry":{"type":"Point","coordinates":[-17.76726,28.693424]}},{"type":"Feature","properties":{"stop_id":"134","stop_code":"134","nombre":"Clinica Vieja B","descripcion":null,"longitud":-17.770615,"latitud":28.695147,"wheelchair_boarding":"2"},"geometry":{"type":"Point","coordinates":[-17.770615,28.695147]}},{"type":"Feature","properties":{"stop_id":"135","stop_code":"135","nombre":"Kilómetro 2 B","descripcion":null,"longitud":-17.773166,"latitud":28.695816,"wheelchair_boarding":"2"},"geometry":{"type":"Point","coordinates":[-17.773166,28.695816]}},{"type":"Feature","properties":{"stop_id":"136","stop_code":"136","nombre":"Cruce Dehesa B","descripcion":null,"longitud":-17.775187,"latitud":28.696925,"wheelchair_boarding":"2"},"geometry":{"type":"Point","coordinates":[-17.775187,28.696925]}},{"type":"Feature","properties":{"stop_id":"137","stop_code":"137","nombre":"Miraflores B","descripcion":null,"longitud":-17.777818,"latitud":28.698415,"wheelchair_boarding":"2"},"geometry":{"type":"Point","coordinates":[-17.777818,28.698415]}},{"type":"Feature","properties":{"stop_id":"139","stop_code":"139","nombre":"La Crucita B","descripcion":null,"longitud":-17.772819,"latitud":28.701694,"wheelchair_boarding":"2"},"geometry":{"type":"Point","coordinates":[-17.772819,28.701694]}},{"type":"Feature","properties":{"stop_id":"14","stop_code":"14","nombre":"Santa Lucía 2 A","descripcion":null,"longitud":-17.7458,"latitud":28.729753,"wheelchair_boarding":"2"},"geometry":{"type":"Point","coordinates":[-17.7458,28.729753]}},{"type":"Feature","properties":{"stop_id":"140","stop_code":"140","nombre":"Daniestel B","descripcion":null,"longitud":-17.769954,"latitud":28.703469,"wheelchair_boarding":"2"},"geometry":{"type":"Point","coordinates":[-17.769954,28.703469]}},{"type":"Feature","properties":{"stop_id":"142","stop_code":"142","nombre":"Candelaria 1 B","descripcion":null,"longitud":-17.76659,"latitud":28.706765,"wheelchair_boarding":"2"},"geometry":{"type":"Point","coordinates":[-17.76659,28.706765]}},{"type":"Feature","properties":{"stop_id":"143","stop_code":"143","nombre":"Candelaria 2 B","descripcion":null,"longitud":-17.76645,"latitud":28.707863,"wheelchair_boarding":"2"},"geometry":{"type":"Point","coordinates":[-17.76645,28.707863]}},{"type":"Feature","properties":{"stop_id":"144","stop_code":"144","nombre":"Curva Las Varas B","descripcion":null,"longitud":-17.763284,"latitud":28.70757,"wheelchair_boarding":"2"},"geometry":{"type":"Point","coordinates":[-17.763284,28.70757]}},{"type":"Feature","properties":{"stop_id":"145","stop_code":"145","nombre":"La Portada B","descripcion":null,"longitud":-17.764092,"latitud":28.70587,"wheelchair_boarding":"2"},"geometry":{"type":"Point","coordinates":[-17.764092,28.70587]}},{"type":"Feature","properties":{"stop_id":"146","stop_code":"146","nombre":"El Garaje B","descripcion":null,"longitud":-17.765255,"latitud":28.704043,"wheelchair_boarding":"2"},"geometry":{"type":"Point","coordinates":[-17.765255,28.704043]}},{"type":"Feature","properties":{"stop_id":"147","stop_code":"147","nombre":"Casa Paco B","descripcion":null,"longitud":-17.76364,"latitud":28.702177,"wheelchair_boarding":"2"},"geometry":{"type":"Point","coordinates":[-17.76364,28.702177]}},{"type":"Feature","properties":{"stop_id":"148","stop_code":"148","nombre":"Residencia B","descripcion":null,"longitud":-17.764589,"latitud":28.700521,"wheelchair_boarding":"2"},"geometry":{"type":"Point","coordinates":[-17.764589,28.700521]}},{"type":"Feature","properties":{"stop_id":"15","stop_code":"15","nombre":"Los Molinos A","descripcion":null,"longitud":-17.745099,"latitud":28.7353,"wheelchair_boarding":"2"},"geometry":{"type":"Point","coordinates":[-17.745099,28.7353]}},{"type":"Feature","properties":{"stop_id":"151","stop_code":"151","nombre":"Benahoare Bajo A","descripcion":null,"longitud":-17.767307,"latitud":28.688977,"wheelchair_boarding":"2"},"geometry":{"type":"Point","coordinates":[-17.767307,28.688977]}},{"type":"Feature","properties":{"stop_id":"152","stop_code":"152","nombre":"Bda. Pescadores A","descripcion":null,"longitud":-17.763824,"latitud":28.688816,"wheelchair_boarding":"2"},"geometry":{"type":"Point","coordinates":[-17.763824,28.688816]}},{"type":"Feature","properties":{"stop_id":"153","stop_code":"153","nombre":"Unelco A","descripcion":null,"longitud":-17.76738,"latitud":28.660908,"wheelchair_boarding":"2"},"geometry":{"type":"Point","coordinates":[-17.76738,28.660908]}},{"type":"Feature","properties":{"stop_id":"154","stop_code":"154","nombre":"Rotonda Cancajos","descripcion":null,"longitud":-17.764891,"latitud":28.656733,"wheelchair_boarding":"2"},"geometry":{"type":"Point","coordinates":[-17.764891,28.656733]}},{"type":"Feature","properties":{"stop_id":"155","stop_code":"155","nombre":"Bajada Cancajos","descripcion":null,"longitud":-17.763228,"latitud":28.656042,"wheelchair_boarding":"2"},"geometry":{"type":"Point","coordinates":[-17.763228,28.656042]}},{"type":"Feature","properties":{"stop_id":"156","stop_code":"156","nombre":"Centro Cancajos","descripcion":null,"longitud":-17.760668,"latitud":28.650677,"wheelchair_boarding":"2"},"geometry":{"type":"Point","coordinates":[-17.760668,28.650677]}},{"type":"Feature","properties":{"stop_id":"158","stop_code":"158","nombre":"La Farmacia","descripcion":null,"longitud":-17.759209,"latitud":28.646876,"wheelchair_boarding":"2"},"geometry":{"type":"Point","coordinates":[-17.759209,28.646876]}},{"type":"Feature","properties":{"stop_id":"16","stop_code":"16","nombre":"Centro Puntallana A","descripcion":null,"longitud":-17.744533,"latitud":28.739416,"wheelchair_boarding":"2"},"geometry":{"type":"Point","coordinates":[-17.744533,28.739416]}},{"type":"Feature","properties":{"stop_id":"160","stop_code":"160","nombre":"Cruce Sur Cancajos A","descripcion":null,"longitud":-17.758844,"latitud":28.63913,"wheelchair_boarding":"2"},"geometry":{"type":"Point","coordinates":[-17.758844,28.63913]}},{"type":"Feature","properties":{"stop_id":"161","stop_code":"161","nombre":"Agusa A","descripcion":null,"longitud":-17.75828,"latitud":28.633685,"wheelchair_boarding":"2"},"geometry":{"type":"Point","coordinates":[-17.75828,28.633685]}},{"type":"Feature","properties":{"stop_id":"162","stop_code":"162","nombre":"Aeroclub A","descripcion":null,"longitud":-17.754638,"latitud":28.631444,"wheelchair_boarding":"2"},"geometry":{"type":"Point","coordinates":[-17.754638,28.631444]}},{"type":"Feature","properties":{"stop_id":"163","stop_code":"163","nombre":"Aeropuerto","descripcion":null,"longitud":-17.752416,"latitud":28.621916,"wheelchair_boarding":"2"},"geometry":{"type":"Point","coordinates":[-17.752416,28.621916]}},{"type":"Feature","properties":{"stop_id":"164","stop_code":"164","nombre":"Aeroclub B","descripcion":null,"longitud":-17.754522,"latitud":28.631426,"wheelchair_boarding":"2"},"geometry":{"type":"Point","coordinates":[-17.754522,28.631426]}},{"type":"Feature","properties":{"stop_id":"165","stop_code":"165","nombre":"Punto Limpio","descripcion":null,"longitud":-17.758643,"latitud":28.634768,"wheelchair_boarding":"2"},"geometry":{"type":"Point","coordinates":[-17.758643,28.634768]}},{"type":"Feature","properties":{"stop_id":"166","stop_code":"166","nombre":"Cruce Sur Cancajos B","descripcion":null,"longitud":-17.758715,"latitud":28.639485,"wheelchair_boarding":"2"},"geometry":{"type":"Point","coordinates":[-17.758715,28.639485]}},{"type":"Feature","properties":{"stop_id":"167","stop_code":"167","nombre":"Playa Los Cancajos","descripcion":null,"longitud":-17.759483,"latitud":28.651647,"wheelchair_boarding":"2"},"geometry":{"type":"Point","coordinates":[-17.759483,28.651647]}},{"type":"Feature","properties":{"stop_id":"168","stop_code":"168","nombre":"El Cantillo","descripcion":null,"longitud":-17.764612,"latitud":28.653853,"wheelchair_boarding":"2"},"geometry":{"type":"Point","coordinates":[-17.764612,28.653853]}},{"type":"Feature","properties":{"stop_id":"169","stop_code":"169","nombre":"Unelco B","descripcion":null,"longitud":-17.768046,"latitud":28.662374,"wheelchair_boarding":"2"},"geometry":{"type":"Point","coordinates":[-17.768046,28.662374]}},{"type":"Feature","properties":{"stop_id":"17","stop_code":"17","nombre":"Fleitas A","descripcion":null,"longitud":-17.74845,"latitud":28.7437,"wheelchair_boarding":"2"},"geometry":{"type":"Point","coordinates":[-17.74845,28.7437]}},{"type":"Feature","properties":{"stop_id":"170","stop_code":"170","nombre":"Playa Bajamar","descripcion":null,"longitud":-17.769586,"latitud":28.671926,"wheelchair_boarding":"2"},"geometry":{"type":"Point","coordinates":[-17.769586,28.671926]}},{"type":"Feature","properties":{"stop_id":"172","stop_code":"172","nombre":"El Drago","descripcion":null,"longitud":-17.765677,"latitud":28.657298,"wheelchair_boarding":"2"},"geometry":{"type":"Point","coordinates":[-17.765677,28.657298]}},{"type":"Feature","properties":{"stop_id":"174","stop_code":"174","nombre":"El Caletón","descripcion":null,"longitud":-17.767437,"latitud":28.652405,"wheelchair_boarding":"2"},"geometry":{"type":"Point","coordinates":[-17.767437,28.652405]}},{"type":"Feature","properties":{"stop_id":"175","stop_code":"175","nombre":"Churrería","descripcion":null,"longitud":-17.767768,"latitud":28.645298,"wheelchair_boarding":"2"},"geometry":{"type":"Point","coordinates":[-17.767768,28.645298]}},{"type":"Feature","properties":{"stop_id":"176","stop_code":"176","nombre":"Vista Alegre","descripcion":null,"longitud":-17.76725,"latitud":28.641543,"wheelchair_boarding":"2"},"geometry":{"type":"Point","coordinates":[-17.76725,28.641543]}},{"type":"Feature","properties":{"stop_id":"177","stop_code":"177","nombre":"Casa Pancho","descripcion":null,"longitud":-17.770776,"latitud":28.634464,"wheelchair_boarding":"2"},"geometry":{"type":"Point","coordinates":[-17.770776,28.634464]}},{"type":"Feature","properties":{"stop_id":"178","stop_code":"178","nombre":"Sta. Rosalía 1","descripcion":null,"longitud":-17.770712,"latitud":28.62857,"wheelchair_boarding":"2"},"geometry":{"type":"Point","coordinates":[-17.770712,28.62857]}},{"type":"Feature","properties":{"stop_id":"179","stop_code":"179","nombre":"Sta. Rosalía 2","descripcion":null,"longitud":-17.770891,"latitud":28.629995,"wheelchair_boarding":"2"},"geometry":{"type":"Point","coordinates":[-17.770891,28.629995]}},{"type":"Feature","properties":{"stop_id":"18","stop_code":"18","nombre":"Practicante A","descripcion":null,"longitud":-17.751322,"latitud":28.747231,"wheelchair_boarding":"2"},"geometry":{"type":"Point","coordinates":[-17.751322,28.747231]}},{"type":"Feature","properties":{"stop_id":"181","stop_code":"181","nombre":"El Lomo","descripcion":null,"longitud":-17.770151,"latitud":28.621089,"wheelchair_boarding":"2"},"geometry":{"type":"Point","coordinates":[-17.770151,28.621089]}},{"type":"Feature","properties":{"stop_id":"182","stop_code":"182","nombre":"Casa Camacho","descripcion":null,"longitud":-17.772424,"latitud":28.619104,"wheelchair_boarding":"2"},"geometry":{"type":"Point","coordinates":[-17.772424,28.619104]}},{"type":"Feature","properties":{"stop_id":"183","stop_code":"183","nombre":"Hoyo De Mazo","descripcion":null,"longitud":-17.770832,"latitud":28.614781,"wheelchair_boarding":"2"},"geometry":{"type":"Point","coordinates":[-17.770832,28.614781]}},{"type":"Feature","properties":{"stop_id":"184","stop_code":"184","nombre":"El Molino","descripcion":null,"longitud":-17.771971,"latitud":28.611009,"wheelchair_boarding":"2"},"geometry":{"type":"Point","coordinates":[-17.771971,28.611009]}},{"type":"Feature","properties":{"stop_id":"185","stop_code":"185","nombre":"La Vinicola","descripcion":null,"longitud":-17.770562,"latitud":28.60721,"wheelchair_boarding":"2"},"geometry":{"type":"Point","coordinates":[-17.770562,28.60721]}},{"type":"Feature","properties":{"stop_id":"186","stop_code":"186","nombre":"Casa Eliseo","descripcion":null,"longitud":-17.7724,"latitud":28.602969,"wheelchair_boarding":"2"},"geometry":{"type":"Point","coordinates":[-17.7724,28.602969]}},{"type":"Feature","properties":{"stop_id":"187","stop_code":"187","nombre":"Taller Horpa","descripcion":null,"longitud":-17.773745,"latitud":28.602422,"wheelchair_boarding":"2"},"geometry":{"type":"Point","coordinates":[-17.773745,28.602422]}},{"type":"Feature","properties":{"stop_id":"188","stop_code":"188","nombre":"Mercadillo Mazo","descripcion":null,"longitud":-17.776583,"latitud":28.605033,"wheelchair_boarding":"2"},"geometry":{"type":"Point","coordinates":[-17.776583,28.605033]}},{"type":"Feature","properties":{"stop_id":"189","stop_code":"189","nombre":"Institulo Mazo","descripcion":null,"longitud":-17.77855,"latitud":28.604533,"wheelchair_boarding":"2"},"geometry":{"type":"Point","coordinates":[-17.77855,28.604533]}},{"type":"Feature","properties":{"stop_id":"19","stop_code":"19","nombre":"El Partido A","descripcion":null,"longitud":-17.751176,"latitud":28.749855,"wheelchair_boarding":"2"},"geometry":{"type":"Point","coordinates":[-17.751176,28.749855]}},{"type":"Feature","properties":{"stop_id":"190","stop_code":"190","nombre":"Mercadillo Mazo B","descripcion":null,"longitud":-17.776517,"latitud":28.604967,"wheelchair_boarding":"2"},"geometry":{"type":"Point","coordinates":[-17.776517,28.604967]}},{"type":"Feature","properties":{"stop_id":"191","stop_code":"191","nombre":"Taller Horpa B","descripcion":null,"longitud":-17.773817,"latitud":28.602417,"wheelchair_boarding":"2"},"geometry":{"type":"Point","coordinates":[-17.773817,28.602417]}},{"type":"Feature","properties":{"stop_id":"192","stop_code":"192","nombre":"Casa Eliseo B","descripcion":null,"longitud":-17.772262,"latitud":28.602991,"wheelchair_boarding":"2"},"geometry":{"type":"Point","coordinates":[-17.772262,28.602991]}},{"type":"Feature","properties":{"stop_id":"193","stop_code":"193","nombre":"Bajada Salemera","descripcion":null,"longitud":-17.770515,"latitud":28.603864,"wheelchair_boarding":"2"},"geometry":{"type":"Point","coordinates":[-17.770515,28.603864]}},{"type":"Feature","properties":{"stop_id":"194","stop_code":"194","nombre":"Las Costoneras","descripcion":null,"longitud":-17.770832,"latitud":28.594776,"wheelchair_boarding":"2"},"geometry":{"type":"Point","coordinates":[-17.770832,28.594776]}},{"type":"Feature","properties":{"stop_id":"195","stop_code":"195","nombre":"Casa Jalisco","descripcion":null,"longitud":-17.771534,"latitud":28.588176,"wheelchair_boarding":"2"},"geometry":{"type":"Point","coordinates":[-17.771534,28.588176]}},{"type":"Feature","properties":{"stop_id":"196","stop_code":"196","nombre":"La Cabaña","descripcion":null,"longitud":-17.773396,"latitud":28.584289,"wheelchair_boarding":"2"},"geometry":{"type":"Point","coordinates":[-17.773396,28.584289]}},{"type":"Feature","properties":{"stop_id":"197","stop_code":"197","nombre":"Belmaco","descripcion":null,"longitud":-17.774917,"latitud":28.5809,"wheelchair_boarding":"2"},"geometry":{"type":"Point","coordinates":[-17.774917,28.5809]}},{"type":"Feature","properties":{"stop_id":"199","stop_code":"199","nombre":"Concha Canela","descripcion":null,"longitud":-17.778167,"latitud":28.573667,"wheelchair_boarding":"2"},"geometry":{"type":"Point","coordinates":[-17.778167,28.573667]}},{"type":"Feature","properties":{"stop_id":"2","stop_code":"2","nombre":"Antiguo Parador A","descripcion":null,"longitud":-17.763301,"latitud":28.683774,"wheelchair_boarding":"2"},"geometry":{"type":"Point","coordinates":[-17.763301,28.683774]}},{"type":"Feature","properties":{"stop_id":"20","stop_code":"20","nombre":"Curvacheo A","descripcion":null,"longitud":-17.753001,"latitud":28.75448,"wheelchair_boarding":"2"},"geometry":{"type":"Point","coordinates":[-17.753001,28.75448]}},{"type":"Feature","properties":{"stop_id":"200","stop_code":"200","nombre":"La Cruz","descripcion":null,"longitud":-17.781059,"latitud":28.570387,"wheelchair_boarding":"2"},"geometry":{"type":"Point","coordinates":[-17.781059,28.570387]}},{"type":"Feature","properties":{"stop_id":"201","stop_code":"201","nombre":"Manuel Crispín","descripcion":null,"longitud":-17.783331,"latitud":28.567585,"wheelchair_boarding":"2"},"geometry":{"type":"Point","coordinates":[-17.783331,28.567585]}},{"type":"Feature","properties":{"stop_id":"203","stop_code":"203","nombre":"Colegio Tiguerorte","descripcion":null,"longitud":-17.792471,"latitud":28.558071,"wheelchair_boarding":"2"},"geometry":{"type":"Point","coordinates":[-17.792471,28.558071]}},{"type":"Feature","properties":{"stop_id":"204","stop_code":"204","nombre":"Casa Zapata","descripcion":null,"longitud":-17.79599,"latitud":28.55312,"wheelchair_boarding":"2"},"geometry":{"type":"Point","coordinates":[-17.79599,28.55312]}},{"type":"Feature","properties":{"stop_id":"205","stop_code":"205","nombre":"Casa Zapata 1","descripcion":null,"longitud":-17.798915,"latitud":28.551805,"wheelchair_boarding":"2"},"geometry":{"type":"Point","coordinates":[-17.798915,28.551805]}},{"type":"Feature","properties":{"stop_id":"206","stop_code":"206","nombre":"Iglesia Tigalate","descripcion":null,"longitud":-17.803041,"latitud":28.550078,"wheelchair_boarding":"2"},"geometry":{"type":"Point","coordinates":[-17.803041,28.550078]}},{"type":"Feature","properties":{"stop_id":"207","stop_code":"207","nombre":"Puente Roto","descripcion":null,"longitud":-17.806737,"latitud":28.548158,"wheelchair_boarding":"2"},"geometry":{"type":"Point","coordinates":[-17.806737,28.548158]}},{"type":"Feature","properties":{"stop_id":"208","stop_code":"208","nombre":"Domingo El Cojo","descripcion":null,"longitud":-17.81126,"latitud":28.543682,"wheelchair_boarding":"2"},"geometry":{"type":"Point","coordinates":[-17.81126,28.543682]}},{"type":"Feature","properties":{"stop_id":"209","stop_code":"209","nombre":"Casa Manolo Cruz","descripcion":null,"longitud":-17.812267,"latitud":28.541306,"wheelchair_boarding":"2"},"geometry":{"type":"Point","coordinates":[-17.812267,28.541306]}},{"type":"Feature","properties":{"stop_id":"21","stop_code":"21","nombre":"Casa El Pollo","descripcion":null,"longitud":-17.755533,"latitud":28.7576,"wheelchair_boarding":"2"},"geometry":{"type":"Point","coordinates":[-17.755533,28.7576]}},{"type":"Feature","properties":{"stop_id":"210","stop_code":"210","nombre":"Casa Amado","descripcion":null,"longitud":-17.814148,"latitud":28.538221,"wheelchair_boarding":"2"},"geometry":{"type":"Point","coordinates":[-17.814148,28.538221]}},{"type":"Feature","properties":{"stop_id":"212","stop_code":"212","nombre":"Casa Augusto","descripcion":null,"longitud":-17.815255,"latitud":28.536055,"wheelchair_boarding":"2"},"geometry":{"type":"Point","coordinates":[-17.815255,28.536055]}},{"type":"Feature","properties":{"stop_id":"213","stop_code":"213","nombre":"Casa Pestana","descripcion":null,"longitud":-17.81586,"latitud":28.531847,"wheelchair_boarding":"2"},"geometry":{"type":"Point","coordinates":[-17.81586,28.531847]}},{"type":"Feature","properties":{"stop_id":"214","stop_code":"214","nombre":"Pino De La Virgen","descripcion":null,"longitud":-17.825743,"latitud":28.509564,"wheelchair_boarding":"2"},"geometry":{"type":"Point","coordinates":[-17.825743,28.509564]}},{"type":"Feature","properties":{"stop_id":"215","stop_code":"215","nombre":"Estación Fuencaliente","descripcion":null,"longitud":-17.840472,"latitud":28.496295,"wheelchair_boarding":"2"},"geometry":{"type":"Point","coordinates":[-17.840472,28.496295]}},{"type":"Feature","properties":{"stop_id":"216","stop_code":"216","nombre":"Los Canarios","descripcion":null,"longitud":-17.843044,"latitud":28.493835,"wheelchair_boarding":"2"},"geometry":{"type":"Point","coordinates":[-17.843044,28.493835]}},{"type":"Feature","properties":{"stop_id":"217","stop_code":"217","nombre":"Los Canarios B","descripcion":null,"longitud":-17.843203,"latitud":28.493821,"wheelchair_boarding":"2"},"geometry":{"type":"Point","coordinates":[-17.843203,28.493821]}},{"type":"Feature","properties":{"stop_id":"218","stop_code":"218","nombre":"Estación Fuencaliente B","descripcion":null,"longitud":-17.840363,"latitud":28.496244,"wheelchair_boarding":"2"},"geometry":{"type":"Point","coordinates":[-17.840363,28.496244]}},{"type":"Feature","properties":{"stop_id":"219","stop_code":"219","nombre":"Gasolinera Pecan","descripcion":null,"longitud":-17.838026,"latitud":28.49957,"wheelchair_boarding":"2"},"geometry":{"type":"Point","coordinates":[-17.838026,28.49957]}},{"type":"Feature","properties":{"stop_id":"22","stop_code":"22","nombre":"Casa Ferraz A","descripcion":null,"longitud":-17.759758,"latitud":28.757265,"wheelchair_boarding":"2"},"geometry":{"type":"Point","coordinates":[-17.759758,28.757265]}},{"type":"Feature","properties":{"stop_id":"220","stop_code":"220","nombre":"Pino De La Virgen","descripcion":null,"longitud":-17.825857,"latitud":28.509037,"wheelchair_boarding":"2"},"geometry":{"type":"Point","coordinates":[-17.825857,28.509037]}},{"type":"Feature","properties":{"stop_id":"221","stop_code":"221","nombre":"Casa Pestana B","descripcion":null,"longitud":-17.815534,"latitud":28.531156,"wheelchair_boarding":"2"},"geometry":{"type":"Point","coordinates":[-17.815534,28.531156]}},{"type":"Feature","properties":{"stop_id":"222","stop_code":"222","nombre":"Casa Augusto B","descripcion":null,"longitud":-17.815854,"latitud":28.534278,"wheelchair_boarding":"2"},"geometry":{"type":"Point","coordinates":[-17.815854,28.534278]}},{"type":"Feature","properties":{"stop_id":"224","stop_code":"224","nombre":"Casa Amado B","descripcion":null,"longitud":-17.814244,"latitud":28.537633,"wheelchair_boarding":"2"},"geometry":{"type":"Point","coordinates":[-17.814244,28.537633]}},{"type":"Feature","properties":{"stop_id":"225","stop_code":"225","nombre":"Casa Manolo Cruz B","descripcion":null,"longitud":-17.812479,"latitud":28.540598,"wheelchair_boarding":"2"},"geometry":{"type":"Point","coordinates":[-17.812479,28.540598]}},{"type":"Feature","properties":{"stop_id":"226","stop_code":"226","nombre":"Domingo El Cojo","descripcion":null,"longitud":-17.810235,"latitud":28.544753,"wheelchair_boarding":"2"},"geometry":{"type":"Point","coordinates":[-17.810235,28.544753]}},{"type":"Feature","properties":{"stop_id":"227","stop_code":"227","nombre":"Puente Roto B","descripcion":null,"longitud":-17.806848,"latitud":28.547913,"wheelchair_boarding":"2"},"geometry":{"type":"Point","coordinates":[-17.806848,28.547913]}},{"type":"Feature","properties":{"stop_id":"228","stop_code":"228","nombre":"Iglesia Tigalate B","descripcion":null,"longitud":-17.801645,"latitud":28.550883,"wheelchair_boarding":"2"},"geometry":{"type":"Point","coordinates":[-17.801645,28.550883]}},{"type":"Feature","properties":{"stop_id":"229","stop_code":"229","nombre":"Casa Zapata 1 B","descripcion":null,"longitud":-17.798797,"latitud":28.551747,"wheelchair_boarding":"2"},"geometry":{"type":"Point","coordinates":[-17.798797,28.551747]}},{"type":"Feature","properties":{"stop_id":"23","stop_code":"23","nombre":"Lomo Estrello A","descripcion":null,"longitud":-17.764794,"latitud":28.761368,"wheelchair_boarding":"2"},"geometry":{"type":"Point","coordinates":[-17.764794,28.761368]}},{"type":"Feature","properties":{"stop_id":"230","stop_code":"230","nombre":"Casa Zapata B","descripcion":null,"longitud":-17.795533,"latitud":28.553312,"wheelchair_boarding":"2"},"geometry":{"type":"Point","coordinates":[-17.795533,28.553312]}},{"type":"Feature","properties":{"stop_id":"231","stop_code":"231","nombre":"Colegio Tiguerorte B","descripcion":null,"longitud":-17.792239,"latitud":28.55845,"wheelchair_boarding":"2"},"geometry":{"type":"Point","coordinates":[-17.792239,28.55845]}},{"type":"Feature","properties":{"stop_id":"233","stop_code":"233","nombre":"Manuel Crispín B","descripcion":null,"longitud":-17.78481,"latitud":28.5664,"wheelchair_boarding":"2"},"geometry":{"type":"Point","coordinates":[-17.78481,28.5664]}},{"type":"Feature","properties":{"stop_id":"234","stop_code":"234","nombre":"La Cruz B","descripcion":null,"longitud":-17.781789,"latitud":28.568944,"wheelchair_boarding":"2"},"geometry":{"type":"Point","coordinates":[-17.781789,28.568944]}},{"type":"Feature","properties":{"stop_id":"235","stop_code":"235","nombre":"Concha Canela B","descripcion":null,"longitud":-17.778103,"latitud":28.573636,"wheelchair_boarding":"2"},"geometry":{"type":"Point","coordinates":[-17.778103,28.573636]}},{"type":"Feature","properties":{"stop_id":"236","stop_code":"236","nombre":"Belmaco B","descripcion":null,"longitud":-17.775272,"latitud":28.579558,"wheelchair_boarding":"2"},"geometry":{"type":"Point","coordinates":[-17.775272,28.579558]}},{"type":"Feature","properties":{"stop_id":"237","stop_code":"237","nombre":"La Cabaña B","descripcion":null,"longitud":-17.773266,"latitud":28.584458,"wheelchair_boarding":"2"},"geometry":{"type":"Point","coordinates":[-17.773266,28.584458]}},{"type":"Feature","properties":{"stop_id":"238","stop_code":"238","nombre":"La Casa Jalisco B","descripcion":null,"longitud":-17.771577,"latitud":28.58777,"wheelchair_boarding":"2"},"geometry":{"type":"Point","coordinates":[-17.771577,28.58777]}},{"type":"Feature","properties":{"stop_id":"239","stop_code":"239","nombre":"Las Costoneras B","descripcion":null,"longitud":-17.771081,"latitud":28.596148,"wheelchair_boarding":"2"},"geometry":{"type":"Point","coordinates":[-17.771081,28.596148]}},{"type":"Feature","properties":{"stop_id":"24","stop_code":"24","nombre":"Casa Asterio A","descripcion":null,"longitud":-17.763884,"latitud":28.764552,"wheelchair_boarding":"2"},"geometry":{"type":"Point","coordinates":[-17.763884,28.764552]}},{"type":"Feature","properties":{"stop_id":"240","stop_code":"240","nombre":"Bajada Salemera B","descripcion":null,"longitud":-17.770432,"latitud":28.60387,"wheelchair_boarding":"2"},"geometry":{"type":"Point","coordinates":[-17.770432,28.60387]}},{"type":"Feature","properties":{"stop_id":"241","stop_code":"241","nombre":"La Vinicola B","descripcion":null,"longitud":-17.770724,"latitud":28.60628,"wheelchair_boarding":"2"},"geometry":{"type":"Point","coordinates":[-17.770724,28.60628]}},{"type":"Feature","properties":{"stop_id":"242","stop_code":"242","nombre":"El Molino B","descripcion":null,"longitud":-17.772137,"latitud":28.610982,"wheelchair_boarding":"2"},"geometry":{"type":"Point","coordinates":[-17.772137,28.610982]}},{"type":"Feature","properties":{"stop_id":"243","stop_code":"243","nombre":"Hoyo De Mazo B","descripcion":null,"longitud":-17.77059,"latitud":28.614651,"wheelchair_boarding":"2"},"geometry":{"type":"Point","coordinates":[-17.77059,28.614651]}},{"type":"Feature","properties":{"stop_id":"245","stop_code":"245","nombre":"El Lomo B","descripcion":null,"longitud":-17.770132,"latitud":28.620666,"wheelchair_boarding":"2"},"geometry":{"type":"Point","coordinates":[-17.770132,28.620666]}},{"type":"Feature","properties":{"stop_id":"247","stop_code":"247","nombre":"Santa Rosalía 2 B","descripcion":null,"longitud":-17.770936,"latitud":28.629687,"wheelchair_boarding":"2"},"geometry":{"type":"Point","coordinates":[-17.770936,28.629687]}},{"type":"Feature","properties":{"stop_id":"248","stop_code":"248","nombre":"Santa Rosalía 1 B","descripcion":null,"longitud":-17.770497,"latitud":28.628068,"wheelchair_boarding":"2"},"geometry":{"type":"Point","coordinates":[-17.770497,28.628068]}},{"type":"Feature","properties":{"stop_id":"249","stop_code":"249","nombre":"Casa Pancho B","descripcion":null,"longitud":-17.770606,"latitud":28.634588,"wheelchair_boarding":"2"},"geometry":{"type":"Point","coordinates":[-17.770606,28.634588]}},{"type":"Feature","properties":{"stop_id":"25","stop_code":"25","nombre":"San Bartolo A","descripcion":null,"longitud":-17.762249,"latitud":28.767484,"wheelchair_boarding":"2"},"geometry":{"type":"Point","coordinates":[-17.762249,28.767484]}},{"type":"Feature","properties":{"stop_id":"250","stop_code":"250","nombre":"La Molina B","descripcion":null,"longitud":-17.769478,"latitud":28.63744,"wheelchair_boarding":"2"},"geometry":{"type":"Point","coordinates":[-17.769478,28.63744]}},{"type":"Feature","properties":{"stop_id":"251","stop_code":"251","nombre":"Vista Alegre B","descripcion":null,"longitud":-17.767193,"latitud":28.641897,"wheelchair_boarding":"2"},"geometry":{"type":"Point","coordinates":[-17.767193,28.641897]}},{"type":"Feature","properties":{"stop_id":"252","stop_code":"252","nombre":"Churrería B","descripcion":null,"longitud":-17.767766,"latitud":28.645766,"wheelchair_boarding":"2"},"geometry":{"type":"Point","coordinates":[-17.767766,28.645766]}},{"type":"Feature","properties":{"stop_id":"253","stop_code":"253","nombre":"Cruce Aeropuerto","descripcion":null,"longitud":-17.767065,"latitud":28.648242,"wheelchair_boarding":"2"},"geometry":{"type":"Point","coordinates":[-17.767065,28.648242]}},{"type":"Feature","properties":{"stop_id":"254","stop_code":"254","nombre":"El Caletón B","descripcion":null,"longitud":-17.767431,"latitud":28.653182,"wheelchair_boarding":"2"},"geometry":{"type":"Point","coordinates":[-17.767431,28.653182]}},{"type":"Feature","properties":{"stop_id":"255","stop_code":"255","nombre":"El Drago B","descripcion":null,"longitud":-17.765173,"latitud":28.65608,"wheelchair_boarding":"2"},"geometry":{"type":"Point","coordinates":[-17.765173,28.65608]}},{"type":"Feature","properties":{"stop_id":"258","stop_code":"258","nombre":"Represa Rebato","descripcion":null,"longitud":-17.778079,"latitud":28.656723,"wheelchair_boarding":"2"},"geometry":{"type":"Point","coordinates":[-17.778079,28.656723]}},{"type":"Feature","properties":{"stop_id":"259","stop_code":"259","nombre":"Laja Del Barranco","descripcion":null,"longitud":-17.781434,"latitud":28.658765,"wheelchair_boarding":"2"},"geometry":{"type":"Point","coordinates":[-17.781434,28.658765]}},{"type":"Feature","properties":{"stop_id":"26","stop_code":"26","nombre":"Cubo La Galga A","descripcion":null,"longitud":-17.769549,"latitud":28.766983,"wheelchair_boarding":"2"},"geometry":{"type":"Point","coordinates":[-17.769549,28.766983]}},{"type":"Feature","properties":{"stop_id":"260","stop_code":"260","nombre":" Centro Salud","descripcion":null,"longitud":-17.782224,"latitud":28.662581,"wheelchair_boarding":"2"},"geometry":{"type":"Point","coordinates":[-17.782224,28.662581]}},{"type":"Feature","properties":{"stop_id":"261","stop_code":"261","nombre":"Baltavida","descripcion":null,"longitud":-17.783151,"latitud":28.664174,"wheelchair_boarding":"2"},"geometry":{"type":"Point","coordinates":[-17.783151,28.664174]}},{"type":"Feature","properties":{"stop_id":"262","stop_code":"262","nombre":"Centro San Pedro","descripcion":null,"longitud":-17.787141,"latitud":28.663642,"wheelchair_boarding":"2"},"geometry":{"type":"Point","coordinates":[-17.787141,28.663642]}},{"type":"Feature","properties":{"stop_id":"263","stop_code":"263","nombre":"Los Álamos","descripcion":null,"longitud":-17.787009,"latitud":28.667092,"wheelchair_boarding":"2"},"geometry":{"type":"Point","coordinates":[-17.787009,28.667092]}},{"type":"Feature","properties":{"stop_id":"264","stop_code":"264","nombre":"Casa Silvestre","descripcion":null,"longitud":-17.784121,"latitud":28.670537,"wheelchair_boarding":"2"},"geometry":{"type":"Point","coordinates":[-17.784121,28.670537]}},{"type":"Feature","properties":{"stop_id":"265","stop_code":"265","nombre":"La Concepción","descripcion":null,"longitud":-17.782065,"latitud":28.673252,"wheelchair_boarding":"2"},"geometry":{"type":"Point","coordinates":[-17.782065,28.673252]}},{"type":"Feature","properties":{"stop_id":"266","stop_code":"266","nombre":"Aeropuerto Viejo","descripcion":null,"longitud":-17.787453,"latitud":28.672718,"wheelchair_boarding":"2"},"geometry":{"type":"Point","coordinates":[-17.787453,28.672718]}},{"type":"Feature","properties":{"stop_id":"268","stop_code":"268","nombre":"Hospital","descripcion":null,"longitud":-17.790287,"latitud":28.674103,"wheelchair_boarding":"2"},"geometry":{"type":"Point","coordinates":[-17.790287,28.674103]}},{"type":"Feature","properties":{"stop_id":"269","stop_code":"269","nombre":"Colegio Botazo","descripcion":null,"longitud":-17.79359,"latitud":28.667418,"wheelchair_boarding":"2"},"geometry":{"type":"Point","coordinates":[-17.79359,28.667418]}},{"type":"Feature","properties":{"stop_id":"27","stop_code":"27","nombre":"Curva De La Viña A","descripcion":null,"longitud":-17.765589,"latitud":28.774063,"wheelchair_boarding":"2"},"geometry":{"type":"Point","coordinates":[-17.765589,28.774063]}},{"type":"Feature","properties":{"stop_id":"270","stop_code":"270","nombre":"Recta Botazo","descripcion":null,"longitud":-17.794181,"latitud":28.668714,"wheelchair_boarding":"2"},"geometry":{"type":"Point","coordinates":[-17.794181,28.668714]}},{"type":"Feature","properties":{"stop_id":"278","stop_code":"278","nombre":"Los Mimbres","descripcion":null,"longitud":-17.79768,"latitud":28.672139,"wheelchair_boarding":"2"},"geometry":{"type":"Point","coordinates":[-17.79768,28.672139]}},{"type":"Feature","properties":{"stop_id":"28","stop_code":"28","nombre":"Rest. Los Roques A","descripcion":null,"longitud":-17.764358,"latitud":28.776541,"wheelchair_boarding":"2"},"geometry":{"type":"Point","coordinates":[-17.764358,28.776541]}},{"type":"Feature","properties":{"stop_id":"281","stop_code":"281","nombre":"Cruz Botazo","descripcion":null,"longitud":-17.798131,"latitud":28.670329,"wheelchair_boarding":"2"},"geometry":{"type":"Point","coordinates":[-17.798131,28.670329]}},{"type":"Feature","properties":{"stop_id":"282","stop_code":"282","nombre":"Entrada Túnel Nuevo","descripcion":null,"longitud":-17.809543,"latitud":28.659342,"wheelchair_boarding":"2"},"geometry":{"type":"Point","coordinates":[-17.809543,28.659342]}},{"type":"Feature","properties":{"stop_id":"283","stop_code":"283","nombre":"Mirador La Cumbre","descripcion":null,"longitud":-17.813304,"latitud":28.659135,"wheelchair_boarding":"2"},"geometry":{"type":"Point","coordinates":[-17.813304,28.659135]}},{"type":"Feature","properties":{"stop_id":"284","stop_code":"284","nombre":"Túnel Viejo","descripcion":null,"longitud":-17.819001,"latitud":28.654473,"wheelchair_boarding":"2"},"geometry":{"type":"Point","coordinates":[-17.819001,28.654473]}},{"type":"Feature","properties":{"stop_id":"285","stop_code":"285","nombre":"Refugio Pilar","descripcion":null,"longitud":-17.832419,"latitud":28.644585,"wheelchair_boarding":"2"},"geometry":{"type":"Point","coordinates":[-17.832419,28.644585]}},{"type":"Feature","properties":{"stop_id":"286","stop_code":"286","nombre":"Las Piedras","descripcion":null,"longitud":-17.852035,"latitud":28.653714,"wheelchair_boarding":"2"},"geometry":{"type":"Point","coordinates":[-17.852035,28.653714]}},{"type":"Feature","properties":{"stop_id":"287","stop_code":"287","nombre":"Matadero","descripcion":null,"longitud":-17.856618,"latitud":28.652836,"wheelchair_boarding":"2"},"geometry":{"type":"Point","coordinates":[-17.856618,28.652836]}},{"type":"Feature","properties":{"stop_id":"288","stop_code":"288","nombre":"La Cascada","descripcion":null,"longitud":-17.862339,"latitud":28.651612,"wheelchair_boarding":"2"},"geometry":{"type":"Point","coordinates":[-17.862339,28.651612]}},{"type":"Feature","properties":{"stop_id":"289","stop_code":"289","nombre":"Recta Padrón","descripcion":null,"longitud":-17.869686,"latitud":28.650518,"wheelchair_boarding":"2"},"geometry":{"type":"Point","coordinates":[-17.869686,28.650518]}},{"type":"Feature","properties":{"stop_id":"29","stop_code":"29","nombre":"Correos Galguitos A","descripcion":null,"longitud":-17.764011,"latitud":28.780386,"wheelchair_boarding":"2"},"geometry":{"type":"Point","coordinates":[-17.764011,28.780386]}},{"type":"Feature","properties":{"stop_id":"290","stop_code":"290","nombre":"Fábrica Reynolds","descripcion":null,"longitud":-17.873983,"latitud":28.648464,"wheelchair_boarding":"2"},"geometry":{"type":"Point","coordinates":[-17.873983,28.648464]}},{"type":"Feature","properties":{"stop_id":"293","stop_code":"293","nombre":"Centro Paso","descripcion":null,"longitud":-17.880759,"latitud":28.651468,"wheelchair_boarding":"2"},"geometry":{"type":"Point","coordinates":[-17.880759,28.651468]}},{"type":"Feature","properties":{"stop_id":"295","stop_code":"295","nombre":"Panadero","descripcion":null,"longitud":-17.88639,"latitud":28.645278,"wheelchair_boarding":"2"},"geometry":{"type":"Point","coordinates":[-17.88639,28.645278]}},{"type":"Feature","properties":{"stop_id":"297","stop_code":"297","nombre":"Juan Pérez","descripcion":null,"longitud":-17.888575,"latitud":28.639562,"wheelchair_boarding":"2"},"geometry":{"type":"Point","coordinates":[-17.888575,28.639562]}},{"type":"Feature","properties":{"stop_id":"299","stop_code":"299","nombre":"Cruce Tajuya","descripcion":null,"longitud":-17.888855,"latitud":28.633402,"wheelchair_boarding":"2"},"geometry":{"type":"Point","coordinates":[-17.888855,28.633402]}},{"type":"Feature","properties":{"stop_id":"30","stop_code":"30","nombre":"Casa Perestelo A","descripcion":null,"longitud":-17.764053,"latitud":28.783626,"wheelchair_boarding":"2"},"geometry":{"type":"Point","coordinates":[-17.764053,28.783626]}},{"type":"Feature","properties":{"stop_id":"300","stop_code":"300","nombre":"El Badén","descripcion":null,"longitud":-17.893931,"latitud":28.636027,"wheelchair_boarding":"2"},"geometry":{"type":"Point","coordinates":[-17.893931,28.636027]}},{"type":"Feature","properties":{"stop_id":"301","stop_code":"301","nombre":"Fábrica Nik","descripcion":null,"longitud":-17.895772,"latitud":28.639538,"wheelchair_boarding":"2"},"geometry":{"type":"Point","coordinates":[-17.895772,28.639538]}},{"type":"Feature","properties":{"stop_id":"302","stop_code":"302","nombre":"Colegio Tendiña","descripcion":null,"longitud":-17.897191,"latitud":28.642171,"wheelchair_boarding":"2"},"geometry":{"type":"Point","coordinates":[-17.897191,28.642171]}},{"type":"Feature","properties":{"stop_id":"303","stop_code":"303","nombre":"Urb. Celtas","descripcion":null,"longitud":-17.899401,"latitud":28.64622,"wheelchair_boarding":"2"},"geometry":{"type":"Point","coordinates":[-17.899401,28.64622]}},{"type":"Feature","properties":{"stop_id":"304","stop_code":"304","nombre":"Dos Pinos","descripcion":null,"longitud":-17.9001,"latitud":28.648264,"wheelchair_boarding":"2"},"geometry":{"type":"Point","coordinates":[-17.9001,28.648264]}},{"type":"Feature","properties":{"stop_id":"305","stop_code":"305","nombre":"La Rotonda","descripcion":null,"longitud":-17.901299,"latitud":28.651894,"wheelchair_boarding":"2"},"geometry":{"type":"Point","coordinates":[-17.901299,28.651894]}},{"type":"Feature","properties":{"stop_id":"308","stop_code":"308","nombre":"Vultesa","descripcion":null,"longitud":-17.906749,"latitud":28.656862,"wheelchair_boarding":"2"},"geometry":{"type":"Point","coordinates":[-17.906749,28.656862]}},{"type":"Feature","properties":{"stop_id":"309","stop_code":"309","nombre":"El Chino","descripcion":null,"longitud":-17.911577,"latitud":28.656687,"wheelchair_boarding":"2"},"geometry":{"type":"Point","coordinates":[-17.911577,28.656687]}},{"type":"Feature","properties":{"stop_id":"31","stop_code":"31","nombre":"Iglesia San Juan A","descripcion":null,"longitud":-17.764229,"latitud":28.78654,"wheelchair_boarding":"2"},"geometry":{"type":"Point","coordinates":[-17.764229,28.78654]}},{"type":"Feature","properties":{"stop_id":"310","stop_code":"310","nombre":"Estación Los Llanos","descripcion":null,"longitud":-17.91595,"latitud":28.66045,"wheelchair_boarding":"2"},"geometry":{"type":"Point","coordinates":[-17.91595,28.66045]}},{"type":"Feature","properties":{"stop_id":"311","stop_code":"311","nombre":"El Chino B","descripcion":null,"longitud":-17.911575,"latitud":28.656519,"wheelchair_boarding":"2"},"geometry":{"type":"Point","coordinates":[-17.911575,28.656519]}},{"type":"Feature","properties":{"stop_id":"312","stop_code":"312","nombre":"Vultesa B","descripcion":null,"longitud":-17.906694,"latitud":28.65671,"wheelchair_boarding":"2"},"geometry":{"type":"Point","coordinates":[-17.906694,28.65671]}},{"type":"Feature","properties":{"stop_id":"315","stop_code":"315","nombre":"Rotonda B","descripcion":null,"longitud":-17.901363,"latitud":28.651802,"wheelchair_boarding":"2"},"geometry":{"type":"Point","coordinates":[-17.901363,28.651802]}},{"type":"Feature","properties":{"stop_id":"316","stop_code":"316","nombre":"Dos Pinos B","descripcion":null,"longitud":-17.900455,"latitud":28.648406,"wheelchair_boarding":"2"},"geometry":{"type":"Point","coordinates":[-17.900455,28.648406]}},{"type":"Feature","properties":{"stop_id":"317","stop_code":"317","nombre":"Urb. Celtas B","descripcion":null,"longitud":-17.899885,"latitud":28.646396,"wheelchair_boarding":"2"},"geometry":{"type":"Point","coordinates":[-17.899885,28.646396]}},{"type":"Feature","properties":{"stop_id":"318","stop_code":"318","nombre":"Colegio Tendiña B","descripcion":null,"longitud":-17.897271,"latitud":28.641939,"wheelchair_boarding":"2"},"geometry":{"type":"Point","coordinates":[-17.897271,28.641939]}},{"type":"Feature","properties":{"stop_id":"319","stop_code":"319","nombre":"Fábrica Nik B","descripcion":null,"longitud":-17.896267,"latitud":28.640017,"wheelchair_boarding":"2"},"geometry":{"type":"Point","coordinates":[-17.896267,28.640017]}},{"type":"Feature","properties":{"stop_id":"32","stop_code":"32","nombre":"Las Lomadas 1 A","descripcion":null,"longitud":-17.768986,"latitud":28.791387,"wheelchair_boarding":"2"},"geometry":{"type":"Point","coordinates":[-17.768986,28.791387]}},{"type":"Feature","properties":{"stop_id":"320","stop_code":"320","nombre":"El Badén B","descripcion":null,"longitud":-17.893759,"latitud":28.635698,"wheelchair_boarding":"2"},"geometry":{"type":"Point","coordinates":[-17.893759,28.635698]}},{"type":"Feature","properties":{"stop_id":"321","stop_code":"321","nombre":"Cruce Tajuya B","descripcion":null,"longitud":-17.888634,"latitud":28.632937,"wheelchair_boarding":"2"},"geometry":{"type":"Point","coordinates":[-17.888634,28.632937]}},{"type":"Feature","properties":{"stop_id":"322","stop_code":"322","nombre":"Iglesia Tajuya B","descripcion":null,"longitud":-17.889524,"latitud":28.634641,"wheelchair_boarding":"2"},"geometry":{"type":"Point","coordinates":[-17.889524,28.634641]}},{"type":"Feature","properties":{"stop_id":"323","stop_code":"323","nombre":"Juan Pérez B","descripcion":null,"longitud":-17.888217,"latitud":28.639972,"wheelchair_boarding":"2"},"geometry":{"type":"Point","coordinates":[-17.888217,28.639972]}},{"type":"Feature","properties":{"stop_id":"324","stop_code":"324","nombre":"Gamez B","descripcion":null,"longitud":-17.887003,"latitud":28.643232,"wheelchair_boarding":"2"},"geometry":{"type":"Point","coordinates":[-17.887003,28.643232]}},{"type":"Feature","properties":{"stop_id":"325","stop_code":"325","nombre":"Campo Fútbol B","descripcion":null,"longitud":-17.885267,"latitud":28.646833,"wheelchair_boarding":"2"},"geometry":{"type":"Point","coordinates":[-17.885267,28.646833]}},{"type":"Feature","properties":{"stop_id":"327","stop_code":"327","nombre":"Fábrica Reynolds B","descripcion":null,"longitud":-17.873968,"latitud":28.648354,"wheelchair_boarding":"2"},"geometry":{"type":"Point","coordinates":[-17.873968,28.648354]}},{"type":"Feature","properties":{"stop_id":"328","stop_code":"328","nombre":"Recta Padrón B","descripcion":null,"longitud":-17.869201,"latitud":28.650478,"wheelchair_boarding":"2"},"geometry":{"type":"Point","coordinates":[-17.869201,28.650478]}},{"type":"Feature","properties":{"stop_id":"329","stop_code":"329","nombre":"La Cascada B","descripcion":null,"longitud":-17.862182,"latitud":28.651544,"wheelchair_boarding":"2"},"geometry":{"type":"Point","coordinates":[-17.862182,28.651544]}},{"type":"Feature","properties":{"stop_id":"33","stop_code":"33","nombre":"Rest. Los Nacientes A","descripcion":null,"longitud":-17.770668,"latitud":28.794966,"wheelchair_boarding":"2"},"geometry":{"type":"Point","coordinates":[-17.770668,28.794966]}},{"type":"Feature","properties":{"stop_id":"330","stop_code":"330","nombre":"Cruce Matadero B","descripcion":null,"longitud":-17.857208,"latitud":28.652332,"wheelchair_boarding":"2"},"geometry":{"type":"Point","coordinates":[-17.857208,28.652332]}},{"type":"Feature","properties":{"stop_id":"331","stop_code":"331","nombre":"Las Piedras B","descripcion":null,"longitud":-17.85229,"latitud":28.653574,"wheelchair_boarding":"2"},"geometry":{"type":"Point","coordinates":[-17.85229,28.653574]}},{"type":"Feature","properties":{"stop_id":"333","stop_code":"333","nombre":"Salida Túnel Nuevo B","descripcion":null,"longitud":-17.809441,"latitud":28.658979,"wheelchair_boarding":"2"},"geometry":{"type":"Point","coordinates":[-17.809441,28.658979]}},{"type":"Feature","properties":{"stop_id":"334","stop_code":"334","nombre":"Cruz Botazo B","descripcion":null,"longitud":-17.797806,"latitud":28.6705,"wheelchair_boarding":"2"},"geometry":{"type":"Point","coordinates":[-17.797806,28.6705]}},{"type":"Feature","properties":{"stop_id":"335","stop_code":"335","nombre":"Recta Botazo B","descripcion":null,"longitud":-17.794258,"latitud":28.66947,"wheelchair_boarding":"2"},"geometry":{"type":"Point","coordinates":[-17.794258,28.66947]}},{"type":"Feature","properties":{"stop_id":"336","stop_code":"336","nombre":"Colegio Botazo B","descripcion":null,"longitud":-17.793412,"latitud":28.667514,"wheelchair_boarding":"2"},"geometry":{"type":"Point","coordinates":[-17.793412,28.667514]}},{"type":"Feature","properties":{"stop_id":"337","stop_code":"337","nombre":"Aeropuerto Viejo B","descripcion":null,"longitud":-17.787498,"latitud":28.67256,"wheelchair_boarding":"2"},"geometry":{"type":"Point","coordinates":[-17.787498,28.67256]}},{"type":"Feature","properties":{"stop_id":"338","stop_code":"338","nombre":"La Concepción B","descripcion":null,"longitud":-17.78236,"latitud":28.672883,"wheelchair_boarding":"2"},"geometry":{"type":"Point","coordinates":[-17.78236,28.672883]}},{"type":"Feature","properties":{"stop_id":"339","stop_code":"339","nombre":"Casa Silvestre B","descripcion":null,"longitud":-17.784312,"latitud":28.670515,"wheelchair_boarding":"2"},"geometry":{"type":"Point","coordinates":[-17.784312,28.670515]}},{"type":"Feature","properties":{"stop_id":"34","stop_code":"34","nombre":"Bar Las Tejas A","descripcion":null,"longitud":-17.772866,"latitud":28.80165,"wheelchair_boarding":"2"},"geometry":{"type":"Point","coordinates":[-17.772866,28.80165]}},{"type":"Feature","properties":{"stop_id":"341","stop_code":"341","nombre":"Los Álamos B","descripcion":null,"longitud":-17.78698,"latitud":28.66626,"wheelchair_boarding":"2"},"geometry":{"type":"Point","coordinates":[-17.78698,28.66626]}},{"type":"Feature","properties":{"stop_id":"342","stop_code":"342","nombre":"Centro San Pedro B Pol. Local","descripcion":null,"longitud":-17.786471,"latitud":28.662573,"wheelchair_boarding":"2"},"geometry":{"type":"Point","coordinates":[-17.786471,28.662573]}},{"type":"Feature","properties":{"stop_id":"343","stop_code":"343","nombre":"Baltavida B","descripcion":null,"longitud":-17.783118,"latitud":28.664097,"wheelchair_boarding":"2"},"geometry":{"type":"Point","coordinates":[-17.783118,28.664097]}},{"type":"Feature","properties":{"stop_id":"344","stop_code":"344","nombre":"Centro Salud B","descripcion":null,"longitud":-17.782308,"latitud":28.661995,"wheelchair_boarding":"2"},"geometry":{"type":"Point","coordinates":[-17.782308,28.661995]}},{"type":"Feature","properties":{"stop_id":"345","stop_code":"345","nombre":"Laja Del Barranco B","descripcion":null,"longitud":-17.781602,"latitud":28.658776,"wheelchair_boarding":"2"},"geometry":{"type":"Point","coordinates":[-17.781602,28.658776]}},{"type":"Feature","properties":{"stop_id":"346","stop_code":"346","nombre":"Represa Rebato B","descripcion":null,"longitud":-17.778079,"latitud":28.656603,"wheelchair_boarding":"2"},"geometry":{"type":"Point","coordinates":[-17.778079,28.656603]}},{"type":"Feature","properties":{"stop_id":"349","stop_code":"349","nombre":"Barriada Barlovento","descripcion":null,"longitud":-17.805961,"latitud":28.82654,"wheelchair_boarding":"2"},"geometry":{"type":"Point","coordinates":[-17.805961,28.82654]}},{"type":"Feature","properties":{"stop_id":"35","stop_code":"35","nombre":"Iglesia Monserrat A","descripcion":null,"longitud":-17.774142,"latitud":28.804719,"wheelchair_boarding":"2"},"geometry":{"type":"Point","coordinates":[-17.774142,28.804719]}},{"type":"Feature","properties":{"stop_id":"350","stop_code":"350","nombre":"Barriada Barlovento","descripcion":null,"longitud":-17.805821,"latitud":28.82639,"wheelchair_boarding":"2"},"geometry":{"type":"Point","coordinates":[-17.805821,28.82639]}},{"type":"Feature","properties":{"stop_id":"352","stop_code":"352","nombre":"Los Catalanes B","descripcion":null,"longitud":-17.811114,"latitud":28.826598,"wheelchair_boarding":"2"},"geometry":{"type":"Point","coordinates":[-17.811114,28.826598]}},{"type":"Feature","properties":{"stop_id":"353","stop_code":"353","nombre":"La Tosca","descripcion":null,"longitud":-17.814353,"latitud":28.827399,"wheelchair_boarding":"2"},"geometry":{"type":"Point","coordinates":[-17.814353,28.827399]}},{"type":"Feature","properties":{"stop_id":"354","stop_code":"354","nombre":"Topaciegas","descripcion":null,"longitud":-17.822503,"latitud":28.825701,"wheelchair_boarding":"2"},"geometry":{"type":"Point","coordinates":[-17.822503,28.825701]}},{"type":"Feature","properties":{"stop_id":"355","stop_code":"355","nombre":"La Palmita","descripcion":null,"longitud":-17.827096,"latitud":28.824972,"wheelchair_boarding":"2"},"geometry":{"type":"Point","coordinates":[-17.827096,28.824972]}},{"type":"Feature","properties":{"stop_id":"356","stop_code":"356","nombre":"La Crucita","descripcion":null,"longitud":-17.836264,"latitud":28.821782,"wheelchair_boarding":"2"},"geometry":{"type":"Point","coordinates":[-17.836264,28.821782]}},{"type":"Feature","properties":{"stop_id":"357","stop_code":"357","nombre":"La Cancela","descripcion":null,"longitud":-17.838236,"latitud":28.829041,"wheelchair_boarding":"2"},"geometry":{"type":"Point","coordinates":[-17.838236,28.829041]}},{"type":"Feature","properties":{"stop_id":"358","stop_code":"358","nombre":"La Fuente","descripcion":null,"longitud":-17.841366,"latitud":28.826533,"wheelchair_boarding":"2"},"geometry":{"type":"Point","coordinates":[-17.841366,28.826533]}},{"type":"Feature","properties":{"stop_id":"359","stop_code":"359","nombre":"Centro Gallegos","descripcion":null,"longitud":-17.840155,"latitud":28.828796,"wheelchair_boarding":"2"},"geometry":{"type":"Point","coordinates":[-17.840155,28.828796]}},{"type":"Feature","properties":{"stop_id":"36","stop_code":"36","nombre":"Centro Salud A","descripcion":null,"longitud":-17.772993,"latitud":28.807056,"wheelchair_boarding":"2"},"geometry":{"type":"Point","coordinates":[-17.772993,28.807056]}},{"type":"Feature","properties":{"stop_id":"360","stop_code":"360","nombre":"Los Machines","descripcion":null,"longitud":-17.858415,"latitud":28.827613,"wheelchair_boarding":"2"},"geometry":{"type":"Point","coordinates":[-17.858415,28.827613]}},{"type":"Feature","properties":{"stop_id":"361","stop_code":"361","nombre":"Lomo Los Machos","descripcion":null,"longitud":-17.861895,"latitud":28.827138,"wheelchair_boarding":"2"},"geometry":{"type":"Point","coordinates":[-17.861895,28.827138]}},{"type":"Feature","properties":{"stop_id":"362","stop_code":"362","nombre":"Las Tierras","descripcion":null,"longitud":-17.865731,"latitud":28.825943,"wheelchair_boarding":"2"},"geometry":{"type":"Point","coordinates":[-17.865731,28.825943]}},{"type":"Feature","properties":{"stop_id":"363","stop_code":"363","nombre":"La Montañita","descripcion":null,"longitud":-17.862509,"latitud":28.820171,"wheelchair_boarding":"2"},"geometry":{"type":"Point","coordinates":[-17.862509,28.820171]}},{"type":"Feature","properties":{"stop_id":"364","stop_code":"364","nombre":"Los Pinos Altos","descripcion":null,"longitud":-17.856857,"latitud":28.816749,"wheelchair_boarding":"2"},"geometry":{"type":"Point","coordinates":[-17.856857,28.816749]}},{"type":"Feature","properties":{"stop_id":"365","stop_code":"365","nombre":"Los Valles","descripcion":null,"longitud":-17.863303,"latitud":28.8147,"wheelchair_boarding":"2"},"geometry":{"type":"Point","coordinates":[-17.863303,28.8147]}},{"type":"Feature","properties":{"stop_id":"366","stop_code":"366","nombre":"Cruz Del Castillo","descripcion":null,"longitud":-17.8715,"latitud":28.802933,"wheelchair_boarding":"2"},"geometry":{"type":"Point","coordinates":[-17.8715,28.802933]}},{"type":"Feature","properties":{"stop_id":"367","stop_code":"367","nombre":"Roque Faro","descripcion":null,"longitud":-17.87937,"latitud":28.803257,"wheelchair_boarding":"2"},"geometry":{"type":"Point","coordinates":[-17.87937,28.803257]}},{"type":"Feature","properties":{"stop_id":"368","stop_code":"368","nombre":"Casa Forestal","descripcion":null,"longitud":-17.886249,"latitud":28.797566,"wheelchair_boarding":"2"},"geometry":{"type":"Point","coordinates":[-17.886249,28.797566]}},{"type":"Feature","properties":{"stop_id":"369","stop_code":"369","nombre":"Machín","descripcion":null,"longitud":-17.893791,"latitud":28.796401,"wheelchair_boarding":"2"},"geometry":{"type":"Point","coordinates":[-17.893791,28.796401]}},{"type":"Feature","properties":{"stop_id":"37","stop_code":"37","nombre":"El Morro A","descripcion":null,"longitud":-17.772054,"latitud":28.80875,"wheelchair_boarding":"2"},"geometry":{"type":"Point","coordinates":[-17.772054,28.80875]}},{"type":"Feature","properties":{"stop_id":"370","stop_code":"370","nombre":"La Mata","descripcion":null,"longitud":-17.902273,"latitud":28.803743,"wheelchair_boarding":"2"},"geometry":{"type":"Point","coordinates":[-17.902273,28.803743]}},{"type":"Feature","properties":{"stop_id":"371","stop_code":"371","nombre":"Cruce Don Pedro","descripcion":null,"longitud":-17.905005,"latitud":28.807742,"wheelchair_boarding":"2"},"geometry":{"type":"Point","coordinates":[-17.905005,28.807742]}},{"type":"Feature","properties":{"stop_id":"372","stop_code":"372","nombre":"La Zarza","descripcion":null,"longitud":-17.907653,"latitud":28.80661,"wheelchair_boarding":"2"},"geometry":{"type":"Point","coordinates":[-17.907653,28.80661]}},{"type":"Feature","properties":{"stop_id":"373","stop_code":"373","nombre":"San Antonio","descripcion":null,"longitud":-17.913817,"latitud":28.808165,"wheelchair_boarding":"2"},"geometry":{"type":"Point","coordinates":[-17.913817,28.808165]}},{"type":"Feature","properties":{"stop_id":"374","stop_code":"374","nombre":"Llano Negro","descripcion":null,"longitud":-17.925931,"latitud":28.805738,"wheelchair_boarding":"2"},"geometry":{"type":"Point","coordinates":[-17.925931,28.805738]}},{"type":"Feature","properties":{"stop_id":"375","stop_code":"375","nombre":"Las Llanadas 2","descripcion":null,"longitud":-17.931803,"latitud":28.806447,"wheelchair_boarding":"2"},"geometry":{"type":"Point","coordinates":[-17.931803,28.806447]}},{"type":"Feature","properties":{"stop_id":"376","stop_code":"376","nombre":"Las Llanadas 1","descripcion":null,"longitud":-17.93608,"latitud":28.814581,"wheelchair_boarding":"2"},"geometry":{"type":"Point","coordinates":[-17.93608,28.814581]}},{"type":"Feature","properties":{"stop_id":"377","stop_code":"377","nombre":"La Piedra 3","descripcion":null,"longitud":-17.944217,"latitud":28.817941,"wheelchair_boarding":"2"},"geometry":{"type":"Point","coordinates":[-17.944217,28.817941]}},{"type":"Feature","properties":{"stop_id":"378","stop_code":"378","nombre":"La Piedra 2","descripcion":null,"longitud":-17.948016,"latitud":28.820927,"wheelchair_boarding":"2"},"geometry":{"type":"Point","coordinates":[-17.948016,28.820927]}},{"type":"Feature","properties":{"stop_id":"379","stop_code":"379","nombre":"La Piedra 1","descripcion":null,"longitud":-17.9505,"latitud":28.821216,"wheelchair_boarding":"2"},"geometry":{"type":"Point","coordinates":[-17.9505,28.821216]}},{"type":"Feature","properties":{"stop_id":"38","stop_code":"38","nombre":"Bajamar A","descripcion":null,"longitud":-17.773106,"latitud":28.811692,"wheelchair_boarding":"2"},"geometry":{"type":"Point","coordinates":[-17.773106,28.811692]}},{"type":"Feature","properties":{"stop_id":"380","stop_code":"380","nombre":"Santo Domingo","descripcion":null,"longitud":-17.94634,"latitud":28.829365,"wheelchair_boarding":"2"},"geometry":{"type":"Point","coordinates":[-17.94634,28.829365]}},{"type":"Feature","properties":{"stop_id":"381","stop_code":"381","nombre":"El Calvario","descripcion":null,"longitud":-17.953054,"latitud":28.822613,"wheelchair_boarding":"2"},"geometry":{"type":"Point","coordinates":[-17.953054,28.822613]}},{"type":"Feature","properties":{"stop_id":"382","stop_code":"382","nombre":"Cueva De Agua","descripcion":null,"longitud":-17.956894,"latitud":28.816862,"wheelchair_boarding":"2"},"geometry":{"type":"Point","coordinates":[-17.956894,28.816862]}},{"type":"Feature","properties":{"stop_id":"383","stop_code":"383","nombre":"Bajada Callejoncitos","descripcion":null,"longitud":-17.962102,"latitud":28.814958,"wheelchair_boarding":"2"},"geometry":{"type":"Point","coordinates":[-17.962102,28.814958]}},{"type":"Feature","properties":{"stop_id":"385","stop_code":"385","nombre":"Lomada Grande","descripcion":null,"longitud":-17.968837,"latitud":28.805335,"wheelchair_boarding":"2"},"geometry":{"type":"Point","coordinates":[-17.968837,28.805335]}},{"type":"Feature","properties":{"stop_id":"386","stop_code":"386","nombre":"Cruce El Castillo","descripcion":null,"longitud":-17.967715,"latitud":28.792255,"wheelchair_boarding":"2"},"geometry":{"type":"Point","coordinates":[-17.967715,28.792255]}},{"type":"Feature","properties":{"stop_id":"387","stop_code":"387","nombre":"Casa Cherche","descripcion":null,"longitud":-17.970019,"latitud":28.789582,"wheelchair_boarding":"2"},"geometry":{"type":"Point","coordinates":[-17.970019,28.789582]}},{"type":"Feature","properties":{"stop_id":"388","stop_code":"388","nombre":"Entrada Buracas","descripcion":null,"longitud":-17.966273,"latitud":28.781993,"wheelchair_boarding":"2"},"geometry":{"type":"Point","coordinates":[-17.966273,28.781993]}},{"type":"Feature","properties":{"stop_id":"389","stop_code":"389","nombre":"Entrada El Molino","descripcion":null,"longitud":-17.962866,"latitud":28.780386,"wheelchair_boarding":"2"},"geometry":{"type":"Point","coordinates":[-17.962866,28.780386]}},{"type":"Feature","properties":{"stop_id":"39","stop_code":"39","nombre":"Barranco Herradura A","descripcion":null,"longitud":-17.779953,"latitud":28.811355,"wheelchair_boarding":"2"},"geometry":{"type":"Point","coordinates":[-17.779953,28.811355]}},{"type":"Feature","properties":{"stop_id":"390","stop_code":"390","nombre":"Cruce Las Tricias","descripcion":null,"longitud":-17.962698,"latitud":28.775772,"wheelchair_boarding":"2"},"geometry":{"type":"Point","coordinates":[-17.962698,28.775772]}},{"type":"Feature","properties":{"stop_id":"391","stop_code":"391","nombre":"La Rosa","descripcion":null,"longitud":-17.968833,"latitud":28.772737,"wheelchair_boarding":"2"},"geometry":{"type":"Point","coordinates":[-17.968833,28.772737]}},{"type":"Feature","properties":{"stop_id":"392","stop_code":"392","nombre":"El Rellanito","descripcion":null,"longitud":-17.970815,"latitud":28.771487,"wheelchair_boarding":"2"},"geometry":{"type":"Point","coordinates":[-17.970815,28.771487]}},{"type":"Feature","properties":{"stop_id":"393","stop_code":"393","nombre":"Cruce Puntagorda","descripcion":null,"longitud":-17.976223,"latitud":28.765224,"wheelchair_boarding":"2"},"geometry":{"type":"Point","coordinates":[-17.976223,28.765224]}},{"type":"Feature","properties":{"stop_id":"394","stop_code":"394","nombre":"Centro Puntagorda","descripcion":null,"longitud":-17.979523,"latitud":28.766114,"wheelchair_boarding":"2"},"geometry":{"type":"Point","coordinates":[-17.979523,28.766114]}},{"type":"Feature","properties":{"stop_id":"395","stop_code":"395","nombre":"Bda. El Peral","descripcion":null,"longitud":-17.977431,"latitud":28.77147,"wheelchair_boarding":"2"},"geometry":{"type":"Point","coordinates":[-17.977431,28.77147]}},{"type":"Feature","properties":{"stop_id":"396","stop_code":"396","nombre":"Instituto","descripcion":null,"longitud":-17.9765,"latitud":28.774441,"wheelchair_boarding":"2"},"geometry":{"type":"Point","coordinates":[-17.9765,28.774441]}},{"type":"Feature","properties":{"stop_id":"397","stop_code":"397","nombre":"Rotonda El Fayal","descripcion":null,"longitud":-17.975778,"latitud":28.776816,"wheelchair_boarding":"2"},"geometry":{"type":"Point","coordinates":[-17.975778,28.776816]}},{"type":"Feature","properties":{"stop_id":"399","stop_code":"399","nombre":"Cuatro Caminos","descripcion":null,"longitud":-17.978417,"latitud":28.774967,"wheelchair_boarding":"2"},"geometry":{"type":"Point","coordinates":[-17.978417,28.774967]}},{"type":"Feature","properties":{"stop_id":"4","stop_code":"4","nombre":"Explanadas A","descripcion":null,"longitud":-17.760137,"latitud":28.689382,"wheelchair_boarding":"2"},"geometry":{"type":"Point","coordinates":[-17.760137,28.689382]}},{"type":"Feature","properties":{"stop_id":"40","stop_code":"40","nombre":"Oropesa A","descripcion":null,"longitud":-17.775566,"latitud":28.818624,"wheelchair_boarding":"2"},"geometry":{"type":"Point","coordinates":[-17.775566,28.818624]}},{"type":"Feature","properties":{"stop_id":"400","stop_code":"400","nombre":"Instituto B","descripcion":null,"longitud":-17.976481,"latitud":28.774192,"wheelchair_boarding":"2"},"geometry":{"type":"Point","coordinates":[-17.976481,28.774192]}},{"type":"Feature","properties":{"stop_id":"401","stop_code":"401","nombre":"Bda. El Peral B","descripcion":null,"longitud":-17.97734,"latitud":28.771169,"wheelchair_boarding":"2"},"geometry":{"type":"Point","coordinates":[-17.97734,28.771169]}},{"type":"Feature","properties":{"stop_id":"403","stop_code":"403","nombre":"Centro Puntagorda","descripcion":null,"longitud":-17.978937,"latitud":28.7655,"wheelchair_boarding":"2"},"geometry":{"type":"Point","coordinates":[-17.978937,28.7655]}},{"type":"Feature","properties":{"stop_id":"404","stop_code":"404","nombre":"Colmegran","descripcion":null,"longitud":-17.978693,"latitud":28.761907,"wheelchair_boarding":"2"},"geometry":{"type":"Point","coordinates":[-17.978693,28.761907]}},{"type":"Feature","properties":{"stop_id":"405","stop_code":"405","nombre":"El Roque","descripcion":null,"longitud":-17.976486,"latitud":28.758325,"wheelchair_boarding":"2"},"geometry":{"type":"Point","coordinates":[-17.976486,28.758325]}},{"type":"Feature","properties":{"stop_id":"406","stop_code":"406","nombre":"Bco. El Roque","descripcion":null,"longitud":-17.972018,"latitud":28.75305,"wheelchair_boarding":"2"},"geometry":{"type":"Point","coordinates":[-17.972018,28.75305]}},{"type":"Feature","properties":{"stop_id":"407","stop_code":"407","nombre":"Mirador Garome","descripcion":null,"longitud":-17.967536,"latitud":28.747141,"wheelchair_boarding":"2"},"geometry":{"type":"Point","coordinates":[-17.967536,28.747141]}},{"type":"Feature","properties":{"stop_id":"408","stop_code":"408","nombre":"Tinizara","descripcion":null,"longitud":-17.968393,"latitud":28.743908,"wheelchair_boarding":"2"},"geometry":{"type":"Point","coordinates":[-17.968393,28.743908]}},{"type":"Feature","properties":{"stop_id":"409","stop_code":"409","nombre":"Bellido","descripcion":null,"longitud":-17.96851,"latitud":28.742417,"wheelchair_boarding":"2"},"geometry":{"type":"Point","coordinates":[-17.96851,28.742417]}},{"type":"Feature","properties":{"stop_id":"41","stop_code":"41","nombre":"La Lomada A","descripcion":null,"longitud":-17.779829,"latitud":28.820541,"wheelchair_boarding":"2"},"geometry":{"type":"Point","coordinates":[-17.779829,28.820541]}},{"type":"Feature","properties":{"stop_id":"410","stop_code":"410","nombre":"Bar El Níspero","descripcion":null,"longitud":-17.965111,"latitud":28.733045,"wheelchair_boarding":"2"},"geometry":{"type":"Point","coordinates":[-17.965111,28.733045]}},{"type":"Feature","properties":{"stop_id":"411","stop_code":"411","nombre":"Rte. La Muralla","descripcion":null,"longitud":-17.963152,"latitud":28.728709,"wheelchair_boarding":"2"},"geometry":{"type":"Point","coordinates":[-17.963152,28.728709]}},{"type":"Feature","properties":{"stop_id":"412","stop_code":"412","nombre":"Bar La Guagua","descripcion":null,"longitud":-17.961166,"latitud":28.72665,"wheelchair_boarding":"2"},"geometry":{"type":"Point","coordinates":[-17.961166,28.72665]}},{"type":"Feature","properties":{"stop_id":"413","stop_code":"413","nombre":"Plaza Aguatavar","descripcion":null,"longitud":-17.95924,"latitud":28.724392,"wheelchair_boarding":"2"},"geometry":{"type":"Point","coordinates":[-17.95924,28.724392]}},{"type":"Feature","properties":{"stop_id":"414","stop_code":"414","nombre":"La Carpintería","descripcion":null,"longitud":-17.956458,"latitud":28.718585,"wheelchair_boarding":"2"},"geometry":{"type":"Point","coordinates":[-17.956458,28.718585]}},{"type":"Feature","properties":{"stop_id":"415","stop_code":"415","nombre":"Bda. Tijarafe","descripcion":null,"longitud":-17.956307,"latitud":28.714297,"wheelchair_boarding":"2"},"geometry":{"type":"Point","coordinates":[-17.956307,28.714297]}},{"type":"Feature","properties":{"stop_id":"416","stop_code":"416","nombre":"Centro Tijarafe","descripcion":null,"longitud":-17.955552,"latitud":28.710476,"wheelchair_boarding":"2"},"geometry":{"type":"Point","coordinates":[-17.955552,28.710476]}},{"type":"Feature","properties":{"stop_id":"418","stop_code":"418","nombre":"Cementerio Tijarafe","descripcion":null,"longitud":-17.953214,"latitud":28.707907,"wheelchair_boarding":"2"},"geometry":{"type":"Point","coordinates":[-17.953214,28.707907]}},{"type":"Feature","properties":{"stop_id":"42","stop_code":"42","nombre":"La Cadena 1 A","descripcion":null,"longitud":-17.781436,"latitud":28.82205,"wheelchair_boarding":"2"},"geometry":{"type":"Point","coordinates":[-17.781436,28.82205]}},{"type":"Feature","properties":{"stop_id":"420","stop_code":"420","nombre":"Plaza El Jesús","descripcion":null,"longitud":-17.951055,"latitud":28.701232,"wheelchair_boarding":"2"},"geometry":{"type":"Point","coordinates":[-17.951055,28.701232]}},{"type":"Feature","properties":{"stop_id":"421","stop_code":"421","nombre":"Bar El Perro","descripcion":null,"longitud":-17.950238,"latitud":28.696788,"wheelchair_boarding":"2"},"geometry":{"type":"Point","coordinates":[-17.950238,28.696788]}},{"type":"Feature","properties":{"stop_id":"422","stop_code":"422","nombre":"Recta El Casino","descripcion":null,"longitud":-17.948592,"latitud":28.688989,"wheelchair_boarding":"2"},"geometry":{"type":"Point","coordinates":[-17.948592,28.688989]}},{"type":"Feature","properties":{"stop_id":"423","stop_code":"423","nombre":"La Hoya De Don Pablo","descripcion":null,"longitud":-17.945405,"latitud":28.681866,"wheelchair_boarding":"2"},"geometry":{"type":"Point","coordinates":[-17.945405,28.681866]}},{"type":"Feature","properties":{"stop_id":"424","stop_code":"424","nombre":"La Molina","descripcion":null,"longitud":-17.944408,"latitud":28.680329,"wheelchair_boarding":"2"},"geometry":{"type":"Point","coordinates":[-17.944408,28.680329]}},{"type":"Feature","properties":{"stop_id":"425","stop_code":"425","nombre":"La Punta","descripcion":null,"longitud":-17.943586,"latitud":28.676033,"wheelchair_boarding":"2"},"geometry":{"type":"Point","coordinates":[-17.943586,28.676033]}},{"type":"Feature","properties":{"stop_id":"426","stop_code":"426","nombre":"Casa Baldomero","descripcion":null,"longitud":-17.943318,"latitud":28.673225,"wheelchair_boarding":"2"},"geometry":{"type":"Point","coordinates":[-17.943318,28.673225]}},{"type":"Feature","properties":{"stop_id":"427","stop_code":"427","nombre":"El Time","descripcion":null,"longitud":-17.942385,"latitud":28.664039,"wheelchair_boarding":"2"},"geometry":{"type":"Point","coordinates":[-17.942385,28.664039]}},{"type":"Feature","properties":{"stop_id":"428","stop_code":"428","nombre":"Amagar 3","descripcion":null,"longitud":-17.932514,"latitud":28.672048,"wheelchair_boarding":"2"},"geometry":{"type":"Point","coordinates":[-17.932514,28.672048]}},{"type":"Feature","properties":{"stop_id":"429","stop_code":"429","nombre":"Amagar 2","descripcion":null,"longitud":-17.934883,"latitud":28.667161,"wheelchair_boarding":"2"},"geometry":{"type":"Point","coordinates":[-17.934883,28.667161]}},{"type":"Feature","properties":{"stop_id":"43","stop_code":"43","nombre":"La Cadena 2 A","descripcion":null,"longitud":-17.78291,"latitud":28.823782,"wheelchair_boarding":"2"},"geometry":{"type":"Point","coordinates":[-17.78291,28.823782]}},{"type":"Feature","properties":{"stop_id":"430","stop_code":"430","nombre":"Iglesia Las Angustias","descripcion":null,"longitud":-17.934532,"latitud":28.661719,"wheelchair_boarding":"2"},"geometry":{"type":"Point","coordinates":[-17.934532,28.661719]}},{"type":"Feature","properties":{"stop_id":"431","stop_code":"431","nombre":"Monterrio","descripcion":null,"longitud":-17.940873,"latitud":28.654713,"wheelchair_boarding":"2"},"geometry":{"type":"Point","coordinates":[-17.940873,28.654713]}},{"type":"Feature","properties":{"stop_id":"432","stop_code":"432","nombre":"Casa Del Mar","descripcion":null,"longitud":-17.945565,"latitud":28.651269,"wheelchair_boarding":"2"},"geometry":{"type":"Point","coordinates":[-17.945565,28.651269]}},{"type":"Feature","properties":{"stop_id":"433","stop_code":"433","nombre":"Tarajales","descripcion":null,"longitud":-17.944253,"latitud":28.648259,"wheelchair_boarding":"2"},"geometry":{"type":"Point","coordinates":[-17.944253,28.648259]}},{"type":"Feature","properties":{"stop_id":"434","stop_code":"434","nombre":"Curva Herradura 2","descripcion":null,"longitud":-17.940123,"latitud":28.647246,"wheelchair_boarding":"2"},"geometry":{"type":"Point","coordinates":[-17.940123,28.647246]}},{"type":"Feature","properties":{"stop_id":"435","stop_code":"435","nombre":"Curva Herradura 1","descripcion":null,"longitud":-17.938255,"latitud":28.646766,"wheelchair_boarding":"2"},"geometry":{"type":"Point","coordinates":[-17.938255,28.646766]}},{"type":"Feature","properties":{"stop_id":"436","stop_code":"436","nombre":"Iglesia San Miguel","descripcion":null,"longitud":-17.933731,"latitud":28.644012,"wheelchair_boarding":"2"},"geometry":{"type":"Point","coordinates":[-17.933731,28.644012]}},{"type":"Feature","properties":{"stop_id":"437","stop_code":"437","nombre":"La Avenidal","descripcion":null,"longitud":-17.933861,"latitud":28.642595,"wheelchair_boarding":"2"},"geometry":{"type":"Point","coordinates":[-17.933861,28.642595]}},{"type":"Feature","properties":{"stop_id":"438","stop_code":"438","nombre":"Tazacorte","descripcion":null,"longitud":-17.933103,"latitud":28.640697,"wheelchair_boarding":"2"},"geometry":{"type":"Point","coordinates":[-17.933103,28.640697]}},{"type":"Feature","properties":{"stop_id":"439","stop_code":"439","nombre":"La Marina","descripcion":null,"longitud":-17.931115,"latitud":28.638884,"wheelchair_boarding":"2"},"geometry":{"type":"Point","coordinates":[-17.931115,28.638884]}},{"type":"Feature","properties":{"stop_id":"44","stop_code":"44","nombre":"Pista Rosales A","descripcion":null,"longitud":-17.785767,"latitud":28.82574,"wheelchair_boarding":"2"},"geometry":{"type":"Point","coordinates":[-17.785767,28.82574]}},{"type":"Feature","properties":{"stop_id":"440","stop_code":"440","nombre":"Casa Hipólito","descripcion":null,"longitud":-17.929854,"latitud":28.643659,"wheelchair_boarding":"2"},"geometry":{"type":"Point","coordinates":[-17.929854,28.643659]}},{"type":"Feature","properties":{"stop_id":"441","stop_code":"441","nombre":"La Cruz","descripcion":null,"longitud":-17.930024,"latitud":28.64511,"wheelchair_boarding":"2"},"geometry":{"type":"Point","coordinates":[-17.930024,28.64511]}},{"type":"Feature","properties":{"stop_id":"442","stop_code":"442","nombre":"Arenero","descripcion":null,"longitud":-17.928455,"latitud":28.647252,"wheelchair_boarding":"2"},"geometry":{"type":"Point","coordinates":[-17.928455,28.647252]}},{"type":"Feature","properties":{"stop_id":"443","stop_code":"443","nombre":"Casa Cariaco","descripcion":null,"longitud":-17.927221,"latitud":28.64995,"wheelchair_boarding":"2"},"geometry":{"type":"Point","coordinates":[-17.927221,28.64995]}},{"type":"Feature","properties":{"stop_id":"444","stop_code":"444","nombre":"Cupalma","descripcion":null,"longitud":-17.927738,"latitud":28.654605,"wheelchair_boarding":"2"},"geometry":{"type":"Point","coordinates":[-17.927738,28.654605]}},{"type":"Feature","properties":{"stop_id":"445","stop_code":"445","nombre":"Farmacia Argual B","descripcion":null,"longitud":-17.921438,"latitud":28.65848,"wheelchair_boarding":"2"},"geometry":{"type":"Point","coordinates":[-17.921438,28.65848]}},{"type":"Feature","properties":{"stop_id":"446","stop_code":"446","nombre":"Colegio Benahoare","descripcion":null,"longitud":-17.7701,"latitud":28.689067,"wheelchair_boarding":"2"},"geometry":{"type":"Point","coordinates":[-17.7701,28.689067]}},{"type":"Feature","properties":{"stop_id":"449","stop_code":"449","nombre":"Valle De La Luna","descripcion":null,"longitud":-17.776867,"latitud":28.67795,"wheelchair_boarding":"2"},"geometry":{"type":"Point","coordinates":[-17.776867,28.67795]}},{"type":"Feature","properties":{"stop_id":"45","stop_code":"45","nombre":"Pista Rosales A","descripcion":null,"longitud":-17.786625,"latitud":28.829907,"wheelchair_boarding":"2"},"geometry":{"type":"Point","coordinates":[-17.786625,28.829907]}},{"type":"Feature","properties":{"stop_id":"450","stop_code":"450","nombre":"Colegio Ap B","descripcion":null,"longitud":-17.77151,"latitud":28.680581,"wheelchair_boarding":"2"},"geometry":{"type":"Point","coordinates":[-17.77151,28.680581]}},{"type":"Feature","properties":{"stop_id":"451","stop_code":"451","nombre":"Taller Ramón","descripcion":null,"longitud":-17.76909,"latitud":28.681616,"wheelchair_boarding":"2"},"geometry":{"type":"Point","coordinates":[-17.76909,28.681616]}},{"type":"Feature","properties":{"stop_id":"452","stop_code":"452","nombre":"Curva Serviana","descripcion":null,"longitud":-17.767809,"latitud":28.684129,"wheelchair_boarding":"2"},"geometry":{"type":"Point","coordinates":[-17.767809,28.684129]}},{"type":"Feature","properties":{"stop_id":"453","stop_code":"453","nombre":"Super Calsinas","descripcion":null,"longitud":-17.769543,"latitud":28.684198,"wheelchair_boarding":"2"},"geometry":{"type":"Point","coordinates":[-17.769543,28.684198]}},{"type":"Feature","properties":{"stop_id":"454","stop_code":"454","nombre":"Calsinas","descripcion":null,"longitud":-17.769168,"latitud":28.685171,"wheelchair_boarding":"2"},"geometry":{"type":"Point","coordinates":[-17.769168,28.685171]}},{"type":"Feature","properties":{"stop_id":"455","stop_code":"455","nombre":"El Topo","descripcion":null,"longitud":-17.771454,"latitud":28.68519,"wheelchair_boarding":"2"},"geometry":{"type":"Point","coordinates":[-17.771454,28.68519]}},{"type":"Feature","properties":{"stop_id":"456","stop_code":"456","nombre":"El Gurugu","descripcion":null,"longitud":-17.772147,"latitud":28.68542,"wheelchair_boarding":"2"},"geometry":{"type":"Point","coordinates":[-17.772147,28.68542]}},{"type":"Feature","properties":{"stop_id":"457","stop_code":"457","nombre":"La Barriada","descripcion":null,"longitud":-17.773071,"latitud":28.684986,"wheelchair_boarding":"2"},"geometry":{"type":"Point","coordinates":[-17.773071,28.684986]}},{"type":"Feature","properties":{"stop_id":"458","stop_code":"458","nombre":"La Fábrica","descripcion":null,"longitud":-17.773977,"latitud":28.685766,"wheelchair_boarding":"2"},"geometry":{"type":"Point","coordinates":[-17.773977,28.685766]}},{"type":"Feature","properties":{"stop_id":"459","stop_code":"459","nombre":"Pedro Lico","descripcion":null,"longitud":-17.777231,"latitud":28.683944,"wheelchair_boarding":"2"},"geometry":{"type":"Point","coordinates":[-17.777231,28.683944]}},{"type":"Feature","properties":{"stop_id":"46","stop_code":"46","nombre":"Curva Charamba A","descripcion":null,"longitud":-17.789574,"latitud":28.83126,"wheelchair_boarding":"2"},"geometry":{"type":"Point","coordinates":[-17.789574,28.83126]}},{"type":"Feature","properties":{"stop_id":"460","stop_code":"460","nombre":"Maroparque","descripcion":null,"longitud":-17.778774,"latitud":28.682818,"wheelchair_boarding":"2"},"geometry":{"type":"Point","coordinates":[-17.778774,28.682818]}},{"type":"Feature","properties":{"stop_id":"461","stop_code":"461","nombre":"Caballo Blanco","descripcion":null,"longitud":-17.780182,"latitud":28.683283,"wheelchair_boarding":"2"},"geometry":{"type":"Point","coordinates":[-17.780182,28.683283]}},{"type":"Feature","properties":{"stop_id":"462","stop_code":"462","nombre":"La Estrella","descripcion":null,"longitud":-17.780774,"latitud":28.680687,"wheelchair_boarding":"2"},"geometry":{"type":"Point","coordinates":[-17.780774,28.680687]}},{"type":"Feature","properties":{"stop_id":"463","stop_code":"463","nombre":"Casa Osmunda","descripcion":null,"longitud":-17.781667,"latitud":28.674528,"wheelchair_boarding":"2"},"geometry":{"type":"Point","coordinates":[-17.781667,28.674528]}},{"type":"Feature","properties":{"stop_id":"464","stop_code":"464","nombre":"Jardín Tropical B","descripcion":null,"longitud":-17.779638,"latitud":28.668369,"wheelchair_boarding":"2"},"geometry":{"type":"Point","coordinates":[-17.779638,28.668369]}},{"type":"Feature","properties":{"stop_id":"465","stop_code":"465","nombre":"Estrella Bl","descripcion":null,"longitud":-17.780294,"latitud":28.68113,"wheelchair_boarding":"2"},"geometry":{"type":"Point","coordinates":[-17.780294,28.68113]}},{"type":"Feature","properties":{"stop_id":"466","stop_code":"466","nombre":"Caballo Blanco B","descripcion":null,"longitud":-17.779891,"latitud":28.682796,"wheelchair_boarding":"2"},"geometry":{"type":"Point","coordinates":[-17.779891,28.682796]}},{"type":"Feature","properties":{"stop_id":"467","stop_code":"467","nombre":"Maroparque B","descripcion":null,"longitud":-17.77894,"latitud":28.682608,"wheelchair_boarding":"2"},"geometry":{"type":"Point","coordinates":[-17.77894,28.682608]}},{"type":"Feature","properties":{"stop_id":"468","stop_code":"468","nombre":"Pedro Lico B","descripcion":null,"longitud":-17.777008,"latitud":28.68357,"wheelchair_boarding":"2"},"geometry":{"type":"Point","coordinates":[-17.777008,28.68357]}},{"type":"Feature","properties":{"stop_id":"469","stop_code":"469","nombre":"La Fábrica B","descripcion":null,"longitud":-17.774244,"latitud":28.685069,"wheelchair_boarding":"2"},"geometry":{"type":"Point","coordinates":[-17.774244,28.685069]}},{"type":"Feature","properties":{"stop_id":"47","stop_code":"47","nombre":"Buenavista A","descripcion":null,"longitud":-17.790976,"latitud":28.829485,"wheelchair_boarding":"2"},"geometry":{"type":"Point","coordinates":[-17.790976,28.829485]}},{"type":"Feature","properties":{"stop_id":"470","stop_code":"470","nombre":"La Barriada B","descripcion":null,"longitud":-17.773046,"latitud":28.68488,"wheelchair_boarding":"2"},"geometry":{"type":"Point","coordinates":[-17.773046,28.68488]}},{"type":"Feature","properties":{"stop_id":"471","stop_code":"471","nombre":"El Gurugu B","descripcion":null,"longitud":-17.772231,"latitud":28.685478,"wheelchair_boarding":"2"},"geometry":{"type":"Point","coordinates":[-17.772231,28.685478]}},{"type":"Feature","properties":{"stop_id":"472","stop_code":"472","nombre":"El Topo B","descripcion":null,"longitud":-17.771494,"latitud":28.684909,"wheelchair_boarding":"2"},"geometry":{"type":"Point","coordinates":[-17.771494,28.684909]}},{"type":"Feature","properties":{"stop_id":"473","stop_code":"473","nombre":"Calsinas B","descripcion":null,"longitud":-17.770061,"latitud":28.68455,"wheelchair_boarding":"2"},"geometry":{"type":"Point","coordinates":[-17.770061,28.68455]}},{"type":"Feature","properties":{"stop_id":"475","stop_code":"475","nombre":"Curva Serviana B","descripcion":null,"longitud":-17.767897,"latitud":28.684122,"wheelchair_boarding":"2"},"geometry":{"type":"Point","coordinates":[-17.767897,28.684122]}},{"type":"Feature","properties":{"stop_id":"476","stop_code":"476","nombre":"Cruce Harinera","descripcion":null,"longitud":-17.769927,"latitud":28.681148,"wheelchair_boarding":"2"},"geometry":{"type":"Point","coordinates":[-17.769927,28.681148]}},{"type":"Feature","properties":{"stop_id":"478","stop_code":"478","nombre":"Bda. Pescadores B","descripcion":null,"longitud":-17.764387,"latitud":28.689118,"wheelchair_boarding":"2"},"geometry":{"type":"Point","coordinates":[-17.764387,28.689118]}},{"type":"Feature","properties":{"stop_id":"479","stop_code":"479","nombre":"Banahoar E Bajo B","descripcion":null,"longitud":-17.767327,"latitud":28.689046,"wheelchair_boarding":"2"},"geometry":{"type":"Point","coordinates":[-17.767327,28.689046]}},{"type":"Feature","properties":{"stop_id":"48","stop_code":"48","nombre":"Llano Abreu A","descripcion":null,"longitud":-17.791362,"latitud":28.827184,"wheelchair_boarding":"2"},"geometry":{"type":"Point","coordinates":[-17.791362,28.827184]}},{"type":"Feature","properties":{"stop_id":"480","stop_code":"480","nombre":"Colegio Benahoare B","descripcion":null,"longitud":-17.770096,"latitud":28.689167,"wheelchair_boarding":"2"},"geometry":{"type":"Point","coordinates":[-17.770096,28.689167]}},{"type":"Feature","properties":{"stop_id":"481","stop_code":"481","nombre":"La Recova","descripcion":null,"longitud":-17.764881,"latitud":28.684665,"wheelchair_boarding":"2"},"geometry":{"type":"Point","coordinates":[-17.764881,28.684665]}},{"type":"Feature","properties":{"stop_id":"483","stop_code":"483","nombre":"Guardería","descripcion":null,"longitud":-17.766494,"latitud":28.686191,"wheelchair_boarding":"2"},"geometry":{"type":"Point","coordinates":[-17.766494,28.686191]}},{"type":"Feature","properties":{"stop_id":"484","stop_code":"484","nombre":"C. José López","descripcion":null,"longitud":-17.765049,"latitud":28.686186,"wheelchair_boarding":"2"},"geometry":{"type":"Point","coordinates":[-17.765049,28.686186]}},{"type":"Feature","properties":{"stop_id":"485","stop_code":"485","nombre":"Hospital Dolores","descripcion":null,"longitud":-17.764027,"latitud":28.685357,"wheelchair_boarding":"2"},"geometry":{"type":"Point","coordinates":[-17.764027,28.685357]}},{"type":"Feature","properties":{"stop_id":"486","stop_code":"486","nombre":"Inst. Luis Cobiella","descripcion":null,"longitud":-17.765085,"latitud":28.686493,"wheelchair_boarding":"2"},"geometry":{"type":"Point","coordinates":[-17.765085,28.686493]}},{"type":"Feature","properties":{"stop_id":"487","stop_code":"487","nombre":"Urb. Santiago","descripcion":null,"longitud":-17.765673,"latitud":28.687343,"wheelchair_boarding":"2"},"geometry":{"type":"Point","coordinates":[-17.765673,28.687343]}},{"type":"Feature","properties":{"stop_id":"488","stop_code":"488","nombre":"El Pilar","descripcion":null,"longitud":-17.767442,"latitud":28.687565,"wheelchair_boarding":"2"},"geometry":{"type":"Point","coordinates":[-17.767442,28.687565]}},{"type":"Feature","properties":{"stop_id":"489","stop_code":"489","nombre":"Urb. Santiago B","descripcion":null,"longitud":-17.765744,"latitud":28.687443,"wheelchair_boarding":"2"},"geometry":{"type":"Point","coordinates":[-17.765744,28.687443]}},{"type":"Feature","properties":{"stop_id":"49","stop_code":"49","nombre":"Las Paredes A","descripcion":null,"longitud":-17.797684,"latitud":28.829054,"wheelchair_boarding":"2"},"geometry":{"type":"Point","coordinates":[-17.797684,28.829054]}},{"type":"Feature","properties":{"stop_id":"490","stop_code":"490","nombre":"Inst. Luis Cobiella B","descripcion":null,"longitud":-17.765193,"latitud":28.686606,"wheelchair_boarding":"2"},"geometry":{"type":"Point","coordinates":[-17.765193,28.686606]}},{"type":"Feature","properties":{"stop_id":"491","stop_code":"491","nombre":"Hospital Dolores","descripcion":null,"longitud":-17.764282,"latitud":28.685545,"wheelchair_boarding":"2"},"geometry":{"type":"Point","coordinates":[-17.764282,28.685545]}},{"type":"Feature","properties":{"stop_id":"492","stop_code":"492","nombre":"C. José López B","descripcion":null,"longitud":-17.764959,"latitud":28.686056,"wheelchair_boarding":"2"},"geometry":{"type":"Point","coordinates":[-17.764959,28.686056]}},{"type":"Feature","properties":{"stop_id":"493","stop_code":"493","nombre":"Col. El Puente","descripcion":null,"longitud":-17.767787,"latitud":28.68582,"wheelchair_boarding":"2"},"geometry":{"type":"Point","coordinates":[-17.767787,28.68582]}},{"type":"Feature","properties":{"stop_id":"494","stop_code":"494","nombre":"Casas Rojas","descripcion":null,"longitud":-17.771063,"latitud":28.687147,"wheelchair_boarding":"2"},"geometry":{"type":"Point","coordinates":[-17.771063,28.687147]}},{"type":"Feature","properties":{"stop_id":"495","stop_code":"495","nombre":"Gasolinera La Grama","descripcion":null,"longitud":-17.770835,"latitud":28.659679,"wheelchair_boarding":"2"},"geometry":{"type":"Point","coordinates":[-17.770835,28.659679]}},{"type":"Feature","properties":{"stop_id":"496","stop_code":"496","nombre":"Urb. La Grama","descripcion":null,"longitud":-17.773823,"latitud":28.666591,"wheelchair_boarding":"2"},"geometry":{"type":"Point","coordinates":[-17.773823,28.666591]}},{"type":"Feature","properties":{"stop_id":"498","stop_code":"498","nombre":"Casa Osmunda B","descripcion":null,"longitud":-17.781541,"latitud":28.674516,"wheelchair_boarding":"2"},"geometry":{"type":"Point","coordinates":[-17.781541,28.674516]}},{"type":"Feature","properties":{"stop_id":"499","stop_code":"499","nombre":"La Graja","descripcion":null,"longitud":-17.784441,"latitud":28.678981,"wheelchair_boarding":"2"},"geometry":{"type":"Point","coordinates":[-17.784441,28.678981]}},{"type":"Feature","properties":{"stop_id":"5","stop_code":"5","nombre":"Barranco Del Carmen A","descripcion":null,"longitud":-17.763883,"latitud":28.695113,"wheelchair_boarding":"2"},"geometry":{"type":"Point","coordinates":[-17.763883,28.695113]}},{"type":"Feature","properties":{"stop_id":"500","stop_code":"500","nombre":"Bco. Juan Mayor","descripcion":null,"longitud":-17.786308,"latitud":28.681712,"wheelchair_boarding":"2"},"geometry":{"type":"Point","coordinates":[-17.786308,28.681712]}},{"type":"Feature","properties":{"stop_id":"502","stop_code":"502","nombre":"Javier Concepción","descripcion":null,"longitud":-17.785918,"latitud":28.683448,"wheelchair_boarding":"2"},"geometry":{"type":"Point","coordinates":[-17.785918,28.683448]}},{"type":"Feature","properties":{"stop_id":"503","stop_code":"503","nombre":"Bco. Espino","descripcion":null,"longitud":-17.786375,"latitud":28.686225,"wheelchair_boarding":"2"},"geometry":{"type":"Point","coordinates":[-17.786375,28.686225]}},{"type":"Feature","properties":{"stop_id":"504","stop_code":"504","nombre":"San Vicente","descripcion":null,"longitud":-17.7842,"latitud":28.690268,"wheelchair_boarding":"2"},"geometry":{"type":"Point","coordinates":[-17.7842,28.690268]}},{"type":"Feature","properties":{"stop_id":"506","stop_code":"506","nombre":"Las Tierritas","descripcion":null,"longitud":-17.780031,"latitud":28.691376,"wheelchair_boarding":"2"},"geometry":{"type":"Point","coordinates":[-17.780031,28.691376]}},{"type":"Feature","properties":{"stop_id":"507","stop_code":"507","nombre":"Las Nieves","descripcion":null,"longitud":-17.785067,"latitud":28.692956,"wheelchair_boarding":"2"},"geometry":{"type":"Point","coordinates":[-17.785067,28.692956]}},{"type":"Feature","properties":{"stop_id":"508","stop_code":"508","nombre":"Bco. La Madera","descripcion":null,"longitud":-17.780913,"latitud":28.695643,"wheelchair_boarding":"2"},"geometry":{"type":"Point","coordinates":[-17.780913,28.695643]}},{"type":"Feature","properties":{"stop_id":"509","stop_code":"509","nombre":"Llano De La Cruz","descripcion":null,"longitud":-17.775762,"latitud":28.695296,"wheelchair_boarding":"2"},"geometry":{"type":"Point","coordinates":[-17.775762,28.695296]}},{"type":"Feature","properties":{"stop_id":"51","stop_code":"51","nombre":"Centro Barlovento A","descripcion":null,"longitud":-17.803275,"latitud":28.828993,"wheelchair_boarding":"2"},"geometry":{"type":"Point","coordinates":[-17.803275,28.828993]}},{"type":"Feature","properties":{"stop_id":"510","stop_code":"510","nombre":"Llano De La Cruz B","descripcion":null,"longitud":-17.775496,"latitud":28.696226,"wheelchair_boarding":"2"},"geometry":{"type":"Point","coordinates":[-17.775496,28.696226]}},{"type":"Feature","properties":{"stop_id":"511","stop_code":"511","nombre":"Bco. La Madera B","descripcion":null,"longitud":-17.780921,"latitud":28.695831,"wheelchair_boarding":"2"},"geometry":{"type":"Point","coordinates":[-17.780921,28.695831]}},{"type":"Feature","properties":{"stop_id":"512","stop_code":"512","nombre":"Bco. El Rio","descripcion":null,"longitud":-17.785415,"latitud":28.693793,"wheelchair_boarding":"2"},"geometry":{"type":"Point","coordinates":[-17.785415,28.693793]}},{"type":"Feature","properties":{"stop_id":"513","stop_code":"513","nombre":"Las Nieves B","descripcion":null,"longitud":-17.782647,"latitud":28.694075,"wheelchair_boarding":"2"},"geometry":{"type":"Point","coordinates":[-17.782647,28.694075]}},{"type":"Feature","properties":{"stop_id":"514","stop_code":"514","nombre":"Las Tierritas B","descripcion":null,"longitud":-17.780508,"latitud":28.690733,"wheelchair_boarding":"2"},"geometry":{"type":"Point","coordinates":[-17.780508,28.690733]}},{"type":"Feature","properties":{"stop_id":"515","stop_code":"515","nombre":"Los Almendros B","descripcion":null,"longitud":-17.783422,"latitud":28.690946,"wheelchair_boarding":"2"},"geometry":{"type":"Point","coordinates":[-17.783422,28.690946]}},{"type":"Feature","properties":{"stop_id":"516","stop_code":"516","nombre":"San Vicente B","descripcion":null,"longitud":-17.784793,"latitud":28.689752,"wheelchair_boarding":"2"},"geometry":{"type":"Point","coordinates":[-17.784793,28.689752]}},{"type":"Feature","properties":{"stop_id":"517","stop_code":"517","nombre":"Bco. Espino B","descripcion":null,"longitud":-17.787094,"latitud":28.686772,"wheelchair_boarding":"2"},"geometry":{"type":"Point","coordinates":[-17.787094,28.686772]}},{"type":"Feature","properties":{"stop_id":"518","stop_code":"518","nombre":"Javier Concepción B","descripcion":null,"longitud":-17.785933,"latitud":28.683938,"wheelchair_boarding":"2"},"geometry":{"type":"Point","coordinates":[-17.785933,28.683938]}},{"type":"Feature","properties":{"stop_id":"519","stop_code":"519","nombre":"Chipi Chipi B","descripcion":null,"longitud":-17.78636,"latitud":28.682096,"wheelchair_boarding":"2"},"geometry":{"type":"Point","coordinates":[-17.78636,28.682096]}},{"type":"Feature","properties":{"stop_id":"52","stop_code":"52","nombre":"Centro Barlovento B","descripcion":null,"longitud":-17.803673,"latitud":28.828663,"wheelchair_boarding":"2"},"geometry":{"type":"Point","coordinates":[-17.803673,28.828663]}},{"type":"Feature","properties":{"stop_id":"520","stop_code":"520","nombre":"Bco. Juan Mayor B","descripcion":null,"longitud":-17.787567,"latitud":28.680117,"wheelchair_boarding":"2"},"geometry":{"type":"Point","coordinates":[-17.787567,28.680117]}},{"type":"Feature","properties":{"stop_id":"521","stop_code":"521","nombre":"La Graja B","descripcion":null,"longitud":-17.784362,"latitud":28.678734,"wheelchair_boarding":"2"},"geometry":{"type":"Point","coordinates":[-17.784362,28.678734]}},{"type":"Feature","properties":{"stop_id":"523","stop_code":"523","nombre":"Lidl","descripcion":null,"longitud":-17.773014,"latitud":28.667073,"wheelchair_boarding":"2"},"geometry":{"type":"Point","coordinates":[-17.773014,28.667073]}},{"type":"Feature","properties":{"stop_id":"524","stop_code":"524","nombre":"Bco. El Socorro","descripcion":null,"longitud":-17.770153,"latitud":28.658706,"wheelchair_boarding":"2"},"geometry":{"type":"Point","coordinates":[-17.770153,28.658706]}},{"type":"Feature","properties":{"stop_id":"525","stop_code":"525","nombre":"Los Cuarteles","descripcion":null,"longitud":-17.764659,"latitud":28.659197,"wheelchair_boarding":"2"},"geometry":{"type":"Point","coordinates":[-17.764659,28.659197]}},{"type":"Feature","properties":{"stop_id":"526","stop_code":"526","nombre":"Zona Industrial","descripcion":null,"longitud":-17.764532,"latitud":28.662495,"wheelchair_boarding":"2"},"geometry":{"type":"Point","coordinates":[-17.764532,28.662495]}},{"type":"Feature","properties":{"stop_id":"527","stop_code":"527","nombre":"Inst. Las Breñas","descripcion":null,"longitud":-17.772344,"latitud":28.64439,"wheelchair_boarding":"2"},"geometry":{"type":"Point","coordinates":[-17.772344,28.64439]}},{"type":"Feature","properties":{"stop_id":"528","stop_code":"528","nombre":"Cementerio San José","descripcion":null,"longitud":-17.775134,"latitud":28.644886,"wheelchair_boarding":"2"},"geometry":{"type":"Point","coordinates":[-17.775134,28.644886]}},{"type":"Feature","properties":{"stop_id":"53","stop_code":"53","nombre":"Las Paredes B","descripcion":null,"longitud":-17.797054,"latitud":28.828449,"wheelchair_boarding":"2"},"geometry":{"type":"Point","coordinates":[-17.797054,28.828449]}},{"type":"Feature","properties":{"stop_id":"531","stop_code":"531","nombre":"Entrada Parador","descripcion":null,"longitud":-17.776161,"latitud":28.651633,"wheelchair_boarding":"2"},"geometry":{"type":"Point","coordinates":[-17.776161,28.651633]}},{"type":"Feature","properties":{"stop_id":"532","stop_code":"532","nombre":"Correos San Pedro","descripcion":null,"longitud":-17.788406,"latitud":28.662463,"wheelchair_boarding":"2"},"geometry":{"type":"Point","coordinates":[-17.788406,28.662463]}},{"type":"Feature","properties":{"stop_id":"534","stop_code":"534","nombre":"Viveros Las Breñas 2","descripcion":null,"longitud":-17.790664,"latitud":28.661053,"wheelchair_boarding":"2"},"geometry":{"type":"Point","coordinates":[-17.790664,28.661053]}},{"type":"Feature","properties":{"stop_id":"535","stop_code":"535","nombre":"El Llanito","descripcion":null,"longitud":-17.789671,"latitud":28.654725,"wheelchair_boarding":"2"},"geometry":{"type":"Point","coordinates":[-17.789671,28.654725]}},{"type":"Feature","properties":{"stop_id":"536","stop_code":"536","nombre":"Cruce San Isidro","descripcion":null,"longitud":-17.788783,"latitud":28.652953,"wheelchair_boarding":"2"},"geometry":{"type":"Point","coordinates":[-17.788783,28.652953]}},{"type":"Feature","properties":{"stop_id":"537","stop_code":"537","nombre":"Curva El Pienso","descripcion":null,"longitud":-17.788498,"latitud":28.648618,"wheelchair_boarding":"2"},"geometry":{"type":"Point","coordinates":[-17.788498,28.648618]}},{"type":"Feature","properties":{"stop_id":"538","stop_code":"538","nombre":"Curva Leoncio","descripcion":null,"longitud":-17.792177,"latitud":28.650697,"wheelchair_boarding":"2"},"geometry":{"type":"Point","coordinates":[-17.792177,28.650697]}},{"type":"Feature","properties":{"stop_id":"539","stop_code":"539","nombre":"Vuelta Susana","descripcion":null,"longitud":-17.791249,"latitud":28.645541,"wheelchair_boarding":"2"},"geometry":{"type":"Point","coordinates":[-17.791249,28.645541]}},{"type":"Feature","properties":{"stop_id":"54","stop_code":"54","nombre":"Llano Abreu B","descripcion":null,"longitud":-17.791325,"latitud":28.827005,"wheelchair_boarding":"2"},"geometry":{"type":"Point","coordinates":[-17.791325,28.827005]}},{"type":"Feature","properties":{"stop_id":"540","stop_code":"540","nombre":"La Panadería","descripcion":null,"longitud":-17.794851,"latitud":28.646617,"wheelchair_boarding":"2"},"geometry":{"type":"Point","coordinates":[-17.794851,28.646617]}},{"type":"Feature","properties":{"stop_id":"541","stop_code":"541","nombre":"La Sociedad","descripcion":null,"longitud":-17.797546,"latitud":28.646881,"wheelchair_boarding":"2"},"geometry":{"type":"Point","coordinates":[-17.797546,28.646881]}},{"type":"Feature","properties":{"stop_id":"542","stop_code":"542","nombre":"Casa Lucio","descripcion":null,"longitud":-17.796504,"latitud":28.642621,"wheelchair_boarding":"2"},"geometry":{"type":"Point","coordinates":[-17.796504,28.642621]}},{"type":"Feature","properties":{"stop_id":"543","stop_code":"543","nombre":"La Laguna","descripcion":null,"longitud":-17.798597,"latitud":28.639281,"wheelchair_boarding":"2"},"geometry":{"type":"Point","coordinates":[-17.798597,28.639281]}},{"type":"Feature","properties":{"stop_id":"544","stop_code":"544","nombre":"La Pavona","descripcion":null,"longitud":-17.797867,"latitud":28.635957,"wheelchair_boarding":"2"},"geometry":{"type":"Point","coordinates":[-17.797867,28.635957]}},{"type":"Feature","properties":{"stop_id":"545","stop_code":"545","nombre":"El Morro 1","descripcion":null,"longitud":-17.795535,"latitud":28.640971,"wheelchair_boarding":"2"},"geometry":{"type":"Point","coordinates":[-17.795535,28.640971]}},{"type":"Feature","properties":{"stop_id":"546","stop_code":"546","nombre":"El Morro 2","descripcion":null,"longitud":-17.794241,"latitud":28.641717,"wheelchair_boarding":"2"},"geometry":{"type":"Point","coordinates":[-17.794241,28.641717]}},{"type":"Feature","properties":{"stop_id":"547","stop_code":"547","nombre":"El Puente","descripcion":null,"longitud":-17.787053,"latitud":28.635521,"wheelchair_boarding":"2"},"geometry":{"type":"Point","coordinates":[-17.787053,28.635521]}},{"type":"Feature","properties":{"stop_id":"548","stop_code":"548","nombre":"Amargavinos","descripcion":null,"longitud":-17.786173,"latitud":28.636715,"wheelchair_boarding":"2"},"geometry":{"type":"Point","coordinates":[-17.786173,28.636715]}},{"type":"Feature","properties":{"stop_id":"55","stop_code":"55","nombre":"Buenavista B","descripcion":null,"longitud":-17.790384,"latitud":28.829174,"wheelchair_boarding":"2"},"geometry":{"type":"Point","coordinates":[-17.790384,28.829174]}},{"type":"Feature","properties":{"stop_id":"550","stop_code":"550","nombre":"Teleclub Las Ledas","descripcion":null,"longitud":-17.78199,"latitud":28.641035,"wheelchair_boarding":"2"},"geometry":{"type":"Point","coordinates":[-17.78199,28.641035]}},{"type":"Feature","properties":{"stop_id":"551","stop_code":"551","nombre":"Taller Manolo Díaz","descripcion":null,"longitud":-17.782726,"latitud":28.643695,"wheelchair_boarding":"2"},"geometry":{"type":"Point","coordinates":[-17.782726,28.643695]}},{"type":"Feature","properties":{"stop_id":"552","stop_code":"552","nombre":"Nina Jaubert","descripcion":null,"longitud":-17.785391,"latitud":28.646223,"wheelchair_boarding":"2"},"geometry":{"type":"Point","coordinates":[-17.785391,28.646223]}},{"type":"Feature","properties":{"stop_id":"553","stop_code":"553","nombre":"Panadería","descripcion":null,"longitud":-17.78652,"latitud":28.648791,"wheelchair_boarding":"2"},"geometry":{"type":"Point","coordinates":[-17.78652,28.648791]}},{"type":"Feature","properties":{"stop_id":"554","stop_code":"554","nombre":"Cruce San Isidro B","descripcion":null,"longitud":-17.788929,"latitud":28.65345,"wheelchair_boarding":"2"},"geometry":{"type":"Point","coordinates":[-17.788929,28.65345]}},{"type":"Feature","properties":{"stop_id":"555","stop_code":"555","nombre":"El Llanito B","descripcion":null,"longitud":-17.789682,"latitud":28.654958,"wheelchair_boarding":"2"},"geometry":{"type":"Point","coordinates":[-17.789682,28.654958]}},{"type":"Feature","properties":{"stop_id":"556","stop_code":"556","nombre":"Bco. Aguacencio","descripcion":null,"longitud":-17.790414,"latitud":28.657273,"wheelchair_boarding":"2"},"geometry":{"type":"Point","coordinates":[-17.790414,28.657273]}},{"type":"Feature","properties":{"stop_id":"557","stop_code":"557","nombre":"Viveros Las Breñas 1 B","descripcion":null,"longitud":-17.790627,"latitud":28.661158,"wheelchair_boarding":"2"},"geometry":{"type":"Point","coordinates":[-17.790627,28.661158]}},{"type":"Feature","properties":{"stop_id":"558","stop_code":"558","nombre":"Cuatro Caminos B","descripcion":null,"longitud":-17.775837,"latitud":28.654843,"wheelchair_boarding":"2"},"geometry":{"type":"Point","coordinates":[-17.775837,28.654843]}},{"type":"Feature","properties":{"stop_id":"559","stop_code":"559","nombre":"Entrada Parador B","descripcion":null,"longitud":-17.776253,"latitud":28.651818,"wheelchair_boarding":"2"},"geometry":{"type":"Point","coordinates":[-17.776253,28.651818]}},{"type":"Feature","properties":{"stop_id":"56","stop_code":"56","nombre":"Curva Charamba B","descripcion":null,"longitud":-17.789641,"latitud":28.83118,"wheelchair_boarding":"2"},"geometry":{"type":"Point","coordinates":[-17.789641,28.83118]}},{"type":"Feature","properties":{"stop_id":"561","stop_code":"561","nombre":"Entrada Norte San José B","descripcion":null,"longitud":-17.775887,"latitud":28.64726,"wheelchair_boarding":"2"},"geometry":{"type":"Point","coordinates":[-17.775887,28.64726]}},{"type":"Feature","properties":{"stop_id":"562","stop_code":"562","nombre":"Cementerio B","descripcion":null,"longitud":-17.775183,"latitud":28.644717,"wheelchair_boarding":"2"},"geometry":{"type":"Point","coordinates":[-17.775183,28.644717]}},{"type":"Feature","properties":{"stop_id":"563","stop_code":"563","nombre":"Inst. Las Breñas B","descripcion":null,"longitud":-17.77082,"latitud":28.643505,"wheelchair_boarding":"2"},"geometry":{"type":"Point","coordinates":[-17.77082,28.643505]}},{"type":"Feature","properties":{"stop_id":"564","stop_code":"564","nombre":"Cruce San Antonio B","descripcion":null,"longitud":-17.768163,"latitud":28.646711,"wheelchair_boarding":"2"},"geometry":{"type":"Point","coordinates":[-17.768163,28.646711]}},{"type":"Feature","properties":{"stop_id":"566","stop_code":"566","nombre":"El Parque","descripcion":null,"longitud":-17.913629,"latitud":28.653731,"wheelchair_boarding":"2"},"geometry":{"type":"Point","coordinates":[-17.913629,28.653731]}},{"type":"Feature","properties":{"stop_id":"567","stop_code":"567","nombre":"Bloquera Raul","descripcion":null,"longitud":-17.914156,"latitud":28.650471,"wheelchair_boarding":"2"},"geometry":{"type":"Point","coordinates":[-17.914156,28.650471]}},{"type":"Feature","properties":{"stop_id":"568","stop_code":"568","nombre":"Cruce Rotonda","descripcion":null,"longitud":-17.912858,"latitud":28.645666,"wheelchair_boarding":"2"},"geometry":{"type":"Point","coordinates":[-17.912858,28.645666]}},{"type":"Feature","properties":{"stop_id":"569","stop_code":"569","nombre":"Las Martelas 1","descripcion":null,"longitud":-17.912128,"latitud":28.643622,"wheelchair_boarding":"2"},"geometry":{"type":"Point","coordinates":[-17.912128,28.643622]}},{"type":"Feature","properties":{"stop_id":"57","stop_code":"57","nombre":"Cruce Fajana B","descripcion":null,"longitud":-17.786857,"latitud":28.830028,"wheelchair_boarding":"2"},"geometry":{"type":"Point","coordinates":[-17.786857,28.830028]}},{"type":"Feature","properties":{"stop_id":"570","stop_code":"570","nombre":"Las Martelas 2","descripcion":null,"longitud":-17.910079,"latitud":28.642426,"wheelchair_boarding":"2"},"geometry":{"type":"Point","coordinates":[-17.910079,28.642426]}},{"type":"Feature","properties":{"stop_id":"571","stop_code":"571","nombre":"La Arepera","descripcion":null,"longitud":-17.907507,"latitud":28.640076,"wheelchair_boarding":"2"},"geometry":{"type":"Point","coordinates":[-17.907507,28.640076]}},{"type":"Feature","properties":{"stop_id":"572","stop_code":"572","nombre":"El Laurel","descripcion":null,"longitud":-17.908459,"latitud":28.634472,"wheelchair_boarding":"2"},"geometry":{"type":"Point","coordinates":[-17.908459,28.634472]}},{"type":"Feature","properties":{"stop_id":"573","stop_code":"573","nombre":"La Laguna","descripcion":null,"longitud":-17.908582,"latitud":28.632879,"wheelchair_boarding":"2"},"geometry":{"type":"Point","coordinates":[-17.908582,28.632879]}},{"type":"Feature","properties":{"stop_id":"579","stop_code":"579","nombre":"Mariposa","descripcion":null,"longitud":-17.907019,"latitud":28.607877,"wheelchair_boarding":"2"},"geometry":{"type":"Point","coordinates":[-17.907019,28.607877]}},{"type":"Feature","properties":{"stop_id":"58","stop_code":"58","nombre":"Pista Rosales B","descripcion":null,"longitud":-17.785821,"latitud":28.826508,"wheelchair_boarding":"2"},"geometry":{"type":"Point","coordinates":[-17.785821,28.826508]}},{"type":"Feature","properties":{"stop_id":"580","stop_code":"580","nombre":"Las Norias","descripcion":null,"longitud":-17.907458,"latitud":28.605036,"wheelchair_boarding":"2"},"geometry":{"type":"Point","coordinates":[-17.907458,28.605036]}},{"type":"Feature","properties":{"stop_id":"581","stop_code":"581","nombre":"Canchas Tenis","descripcion":null,"longitud":-17.910029,"latitud":28.598984,"wheelchair_boarding":"2"},"geometry":{"type":"Point","coordinates":[-17.910029,28.598984]}},{"type":"Feature","properties":{"stop_id":"582","stop_code":"582","nombre":"Mirador La Muralla","descripcion":null,"longitud":-17.910537,"latitud":28.592017,"wheelchair_boarding":"2"},"geometry":{"type":"Point","coordinates":[-17.910537,28.592017]}},{"type":"Feature","properties":{"stop_id":"583","stop_code":"583","nombre":"Cruce La Bombilla","descripcion":null,"longitud":-17.91148,"latitud":28.589307,"wheelchair_boarding":"2"},"geometry":{"type":"Point","coordinates":[-17.91148,28.589307]}},{"type":"Feature","properties":{"stop_id":"584","stop_code":"584","nombre":"Puerto Naos","descripcion":null,"longitud":-17.909868,"latitud":28.587833,"wheelchair_boarding":"2"},"geometry":{"type":"Point","coordinates":[-17.909868,28.587833]}},{"type":"Feature","properties":{"stop_id":"585","stop_code":"585","nombre":"Hotel Sol","descripcion":null,"longitud":-17.90564,"latitud":28.583131,"wheelchair_boarding":"2"},"geometry":{"type":"Point","coordinates":[-17.90564,28.583131]}},{"type":"Feature","properties":{"stop_id":"586","stop_code":"586","nombre":"Playa Las Monjas","descripcion":null,"longitud":-17.904435,"latitud":28.576666,"wheelchair_boarding":"2"},"geometry":{"type":"Point","coordinates":[-17.904435,28.576666]}},{"type":"Feature","properties":{"stop_id":"587","stop_code":"587","nombre":"Charco Verde","descripcion":null,"longitud":-17.90017,"latitud":28.573582,"wheelchair_boarding":"2"},"geometry":{"type":"Point","coordinates":[-17.90017,28.573582]}},{"type":"Feature","properties":{"stop_id":"588","stop_code":"588","nombre":"Playa Las Monjas B","descripcion":null,"longitud":-17.904165,"latitud":28.57651,"wheelchair_boarding":"2"},"geometry":{"type":"Point","coordinates":[-17.904165,28.57651]}},{"type":"Feature","properties":{"stop_id":"589","stop_code":"589","nombre":"Hotel Sol B","descripcion":null,"longitud":-17.90554,"latitud":28.583063,"wheelchair_boarding":"2"},"geometry":{"type":"Point","coordinates":[-17.90554,28.583063]}},{"type":"Feature","properties":{"stop_id":"59","stop_code":"59","nombre":"La Cadena 2 B","descripcion":null,"longitud":-17.782956,"latitud":28.823625,"wheelchair_boarding":"2"},"geometry":{"type":"Point","coordinates":[-17.782956,28.823625]}},{"type":"Feature","properties":{"stop_id":"590","stop_code":"590","nombre":"Cruce La Bombilla B","descripcion":null,"longitud":-17.910527,"latitud":28.589356,"wheelchair_boarding":"2"},"geometry":{"type":"Point","coordinates":[-17.910527,28.589356]}},{"type":"Feature","properties":{"stop_id":"591","stop_code":"591","nombre":"La Muralla B","descripcion":null,"longitud":-17.9103,"latitud":28.59195,"wheelchair_boarding":"2"},"geometry":{"type":"Point","coordinates":[-17.9103,28.59195]}},{"type":"Feature","properties":{"stop_id":"592","stop_code":"592","nombre":"Canchas De Tenis B","descripcion":null,"longitud":-17.909751,"latitud":28.598631,"wheelchair_boarding":"2"},"geometry":{"type":"Point","coordinates":[-17.909751,28.598631]}},{"type":"Feature","properties":{"stop_id":"593","stop_code":"593","nombre":"Las Norias B","descripcion":null,"longitud":-17.907365,"latitud":28.605,"wheelchair_boarding":"2"},"geometry":{"type":"Point","coordinates":[-17.907365,28.605]}},{"type":"Feature","properties":{"stop_id":"594","stop_code":"594","nombre":"Mariposa B","descripcion":null,"longitud":-17.906738,"latitud":28.607417,"wheelchair_boarding":"2"},"geometry":{"type":"Point","coordinates":[-17.906738,28.607417]}},{"type":"Feature","properties":{"stop_id":"6","stop_code":"6","nombre":"Barriada Mirca A","descripcion":null,"longitud":-17.760128,"latitud":28.698834,"wheelchair_boarding":"2"},"geometry":{"type":"Point","coordinates":[-17.760128,28.698834]}},{"type":"Feature","properties":{"stop_id":"60","stop_code":"60","nombre":"La Cadena 1 B","descripcion":null,"longitud":-17.782031,"latitud":28.822328,"wheelchair_boarding":"2"},"geometry":{"type":"Point","coordinates":[-17.782031,28.822328]}},{"type":"Feature","properties":{"stop_id":"600","stop_code":"600","nombre":"La Laguna B","descripcion":null,"longitud":-17.90832,"latitud":28.632353,"wheelchair_boarding":"2"},"geometry":{"type":"Point","coordinates":[-17.90832,28.632353]}},{"type":"Feature","properties":{"stop_id":"601","stop_code":"601","nombre":"El Laurel B","descripcion":null,"longitud":-17.908298,"latitud":28.635527,"wheelchair_boarding":"2"},"geometry":{"type":"Point","coordinates":[-17.908298,28.635527]}},{"type":"Feature","properties":{"stop_id":"602","stop_code":"602","nombre":"La Arepera B","descripcion":null,"longitud":-17.907407,"latitud":28.640058,"wheelchair_boarding":"2"},"geometry":{"type":"Point","coordinates":[-17.907407,28.640058]}},{"type":"Feature","properties":{"stop_id":"603","stop_code":"603","nombre":"Las Martelas 2 B","descripcion":null,"longitud":-17.910084,"latitud":28.642503,"wheelchair_boarding":"2"},"geometry":{"type":"Point","coordinates":[-17.910084,28.642503]}},{"type":"Feature","properties":{"stop_id":"604","stop_code":"604","nombre":"Cruce Rotonda B","descripcion":null,"longitud":-17.912791,"latitud":28.645873,"wheelchair_boarding":"2"},"geometry":{"type":"Point","coordinates":[-17.912791,28.645873]}},{"type":"Feature","properties":{"stop_id":"605","stop_code":"605","nombre":"Bloquera Raul B","descripcion":null,"longitud":-17.914088,"latitud":28.650637,"wheelchair_boarding":"2"},"geometry":{"type":"Point","coordinates":[-17.914088,28.650637]}},{"type":"Feature","properties":{"stop_id":"606","stop_code":"606","nombre":"Anra","descripcion":null,"longitud":-17.912587,"latitud":28.654955,"wheelchair_boarding":"2"},"geometry":{"type":"Point","coordinates":[-17.912587,28.654955]}},{"type":"Feature","properties":{"stop_id":"607","stop_code":"607","nombre":"Cruce Pto. Naos B","descripcion":null,"longitud":-17.912977,"latitud":28.656703,"wheelchair_boarding":"2"},"geometry":{"type":"Point","coordinates":[-17.912977,28.656703]}},{"type":"Feature","properties":{"stop_id":"608","stop_code":"608","nombre":"Casa Cultura","descripcion":null,"longitud":-17.846628,"latitud":28.49456,"wheelchair_boarding":"2"},"geometry":{"type":"Point","coordinates":[-17.846628,28.49456]}},{"type":"Feature","properties":{"stop_id":"609","stop_code":"609","nombre":"La Fajana","descripcion":null,"longitud":-17.851336,"latitud":28.496474,"wheelchair_boarding":"2"},"geometry":{"type":"Point","coordinates":[-17.851336,28.496474]}},{"type":"Feature","properties":{"stop_id":"61","stop_code":"61","nombre":"La Lomada B","descripcion":null,"longitud":-17.780386,"latitud":28.820569,"wheelchair_boarding":"2"},"geometry":{"type":"Point","coordinates":[-17.780386,28.820569]}},{"type":"Feature","properties":{"stop_id":"610","stop_code":"610","nombre":"Mirador Las Indias","descripcion":null,"longitud":-17.853659,"latitud":28.502643,"wheelchair_boarding":"2"},"geometry":{"type":"Point","coordinates":[-17.853659,28.502643]}},{"type":"Feature","properties":{"stop_id":"611","stop_code":"611","nombre":"La Castellana","descripcion":null,"longitud":-17.855762,"latitud":28.510439,"wheelchair_boarding":"2"},"geometry":{"type":"Point","coordinates":[-17.855762,28.510439]}},{"type":"Feature","properties":{"stop_id":"612","stop_code":"612","nombre":"Mirador El Charco","descripcion":null,"longitud":-17.865749,"latitud":28.535065,"wheelchair_boarding":"2"},"geometry":{"type":"Point","coordinates":[-17.865749,28.535065]}},{"type":"Feature","properties":{"stop_id":"613","stop_code":"613","nombre":"Casa Camineros","descripcion":null,"longitud":-17.866507,"latitud":28.539391,"wheelchair_boarding":"2"},"geometry":{"type":"Point","coordinates":[-17.866507,28.539391]}},{"type":"Feature","properties":{"stop_id":"614","stop_code":"614","nombre":"Casa Las Manuelas","descripcion":null,"longitud":-17.867778,"latitud":28.554732,"wheelchair_boarding":"2"},"geometry":{"type":"Point","coordinates":[-17.867778,28.554732]}},{"type":"Feature","properties":{"stop_id":"615","stop_code":"615","nombre":"Dos De Copas","descripcion":null,"longitud":-17.87247,"latitud":28.56859,"wheelchair_boarding":"2"},"geometry":{"type":"Point","coordinates":[-17.87247,28.56859]}},{"type":"Feature","properties":{"stop_id":"62","stop_code":"62","nombre":"Oropesa B","descripcion":null,"longitud":-17.776198,"latitud":28.818866,"wheelchair_boarding":"2"},"geometry":{"type":"Point","coordinates":[-17.776198,28.818866]}},{"type":"Feature","properties":{"stop_id":"621","stop_code":"621","nombre":"Casa Santos","descripcion":null,"longitud":-17.878619,"latitud":28.57969,"wheelchair_boarding":"2"},"geometry":{"type":"Point","coordinates":[-17.878619,28.57969]}},{"type":"Feature","properties":{"stop_id":"622","stop_code":"622","nombre":"Jedey","descripcion":null,"longitud":-17.880441,"latitud":28.585633,"wheelchair_boarding":"2"},"geometry":{"type":"Point","coordinates":[-17.880441,28.585633]}},{"type":"Feature","properties":{"stop_id":"623","stop_code":"623","nombre":"El Muro","descripcion":null,"longitud":-17.879649,"latitud":28.591136,"wheelchair_boarding":"2"},"geometry":{"type":"Point","coordinates":[-17.879649,28.591136]}},{"type":"Feature","properties":{"stop_id":"624","stop_code":"624","nombre":"Bodegón Tamanca","descripcion":null,"longitud":-17.879039,"latitud":28.596011,"wheelchair_boarding":"2"},"geometry":{"type":"Point","coordinates":[-17.879039,28.596011]}},{"type":"Feature","properties":{"stop_id":"626","stop_code":"626","nombre":"La Molina","descripcion":null,"longitud":-17.880682,"latitud":28.599634,"wheelchair_boarding":"2"},"geometry":{"type":"Point","coordinates":[-17.880682,28.599634]}},{"type":"Feature","properties":{"stop_id":"627","stop_code":"627","nombre":"San Nicolás","descripcion":null,"longitud":-17.88099,"latitud":28.602436,"wheelchair_boarding":"2"},"geometry":{"type":"Point","coordinates":[-17.88099,28.602436]}},{"type":"Feature","properties":{"stop_id":"63","stop_code":"63","nombre":"Barranco Herradura B","descripcion":null,"longitud":-17.779737,"latitud":28.811878,"wheelchair_boarding":"2"},"geometry":{"type":"Point","coordinates":[-17.779737,28.811878]}},{"type":"Feature","properties":{"stop_id":"638","stop_code":"638","nombre":"San Nicolás B","descripcion":null,"longitud":-17.881094,"latitud":28.602443,"wheelchair_boarding":"2"},"geometry":{"type":"Point","coordinates":[-17.881094,28.602443]}},{"type":"Feature","properties":{"stop_id":"639","stop_code":"639","nombre":"La Molina B","descripcion":null,"longitud":-17.880755,"latitud":28.599643,"wheelchair_boarding":"2"},"geometry":{"type":"Point","coordinates":[-17.880755,28.599643]}},{"type":"Feature","properties":{"stop_id":"64","stop_code":"64","nombre":"Bajamar B","descripcion":null,"longitud":-17.772799,"latitud":28.811245,"wheelchair_boarding":"2"},"geometry":{"type":"Point","coordinates":[-17.772799,28.811245]}},{"type":"Feature","properties":{"stop_id":"640","stop_code":"640","nombre":"Bodegón Tamanca B","descripcion":null,"longitud":-17.880351,"latitud":28.596721,"wheelchair_boarding":"2"},"geometry":{"type":"Point","coordinates":[-17.880351,28.596721]}},{"type":"Feature","properties":{"stop_id":"641","stop_code":"641","nombre":"Casa Del Mudo","descripcion":null,"longitud":-17.8797,"latitud":28.590714,"wheelchair_boarding":"2"},"geometry":{"type":"Point","coordinates":[-17.8797,28.590714]}},{"type":"Feature","properties":{"stop_id":"642","stop_code":"642","nombre":"Jedey B","descripcion":null,"longitud":-17.880515,"latitud":28.585348,"wheelchair_boarding":"2"},"geometry":{"type":"Point","coordinates":[-17.880515,28.585348]}},{"type":"Feature","properties":{"stop_id":"643","stop_code":"643","nombre":"Casa Santos B","descripcion":null,"longitud":-17.878512,"latitud":28.58029,"wheelchair_boarding":"2"},"geometry":{"type":"Point","coordinates":[-17.878512,28.58029]}},{"type":"Feature","properties":{"stop_id":"645","stop_code":"645","nombre":"Dos De Copas B","descripcion":null,"longitud":-17.873063,"latitud":28.570149,"wheelchair_boarding":"2"},"geometry":{"type":"Point","coordinates":[-17.873063,28.570149]}},{"type":"Feature","properties":{"stop_id":"646","stop_code":"646","nombre":"Casa Las Manuelas B","descripcion":null,"longitud":-17.867905,"latitud":28.554561,"wheelchair_boarding":"2"},"geometry":{"type":"Point","coordinates":[-17.867905,28.554561]}},{"type":"Feature","properties":{"stop_id":"647","stop_code":"647","nombre":"Casa Camineros B","descripcion":null,"longitud":-17.866762,"latitud":28.539799,"wheelchair_boarding":"2"},"geometry":{"type":"Point","coordinates":[-17.866762,28.539799]}},{"type":"Feature","properties":{"stop_id":"648","stop_code":"648","nombre":"Miracor El Charco B","descripcion":null,"longitud":-17.865879,"latitud":28.534944,"wheelchair_boarding":"2"},"geometry":{"type":"Point","coordinates":[-17.865879,28.534944]}},{"type":"Feature","properties":{"stop_id":"649","stop_code":"649","nombre":"La Castellana B","descripcion":null,"longitud":-17.855861,"latitud":28.510388,"wheelchair_boarding":"2"},"geometry":{"type":"Point","coordinates":[-17.855861,28.510388]}},{"type":"Feature","properties":{"stop_id":"65","stop_code":"65","nombre":"El Morro B","descripcion":null,"longitud":-17.772217,"latitud":28.808932,"wheelchair_boarding":"2"},"geometry":{"type":"Point","coordinates":[-17.772217,28.808932]}},{"type":"Feature","properties":{"stop_id":"650","stop_code":"650","nombre":"Mirador Las Indias B","descripcion":null,"longitud":-17.853579,"latitud":28.501349,"wheelchair_boarding":"2"},"geometry":{"type":"Point","coordinates":[-17.853579,28.501349]}},{"type":"Feature","properties":{"stop_id":"651","stop_code":"651","nombre":"La Fajana B","descripcion":null,"longitud":-17.851204,"latitud":28.496267,"wheelchair_boarding":"2"},"geometry":{"type":"Point","coordinates":[-17.851204,28.496267]}},{"type":"Feature","properties":{"stop_id":"653","stop_code":"653","nombre":"Casa Nolasco","descripcion":null,"longitud":-17.77185,"latitud":28.634223,"wheelchair_boarding":"2"},"geometry":{"type":"Point","coordinates":[-17.77185,28.634223]}},{"type":"Feature","properties":{"stop_id":"654","stop_code":"654","nombre":"Recta Eufracio","descripcion":null,"longitud":-17.773636,"latitud":28.63779,"wheelchair_boarding":"2"},"geometry":{"type":"Point","coordinates":[-17.773636,28.63779]}},{"type":"Feature","properties":{"stop_id":"655","stop_code":"655","nombre":"Entrada Sur San José","descripcion":null,"longitud":-17.774781,"latitud":28.641368,"wheelchair_boarding":"2"},"geometry":{"type":"Point","coordinates":[-17.774781,28.641368]}},{"type":"Feature","properties":{"stop_id":"656","stop_code":"656","nombre":"Teleclub Las Ledas B","descripcion":null,"longitud":-17.782093,"latitud":28.641029,"wheelchair_boarding":"2"},"geometry":{"type":"Point","coordinates":[-17.782093,28.641029]}},{"type":"Feature","properties":{"stop_id":"657","stop_code":"657","nombre":"Taller La Montaña","descripcion":null,"longitud":-17.7797,"latitud":28.637774,"wheelchair_boarding":"2"},"geometry":{"type":"Point","coordinates":[-17.7797,28.637774]}},{"type":"Feature","properties":{"stop_id":"658","stop_code":"658","nombre":"Cruce La Montaña","descripcion":null,"longitud":-17.778923,"latitud":28.632296,"wheelchair_boarding":"2"},"geometry":{"type":"Point","coordinates":[-17.778923,28.632296]}},{"type":"Feature","properties":{"stop_id":"659","stop_code":"659","nombre":"La Rosa 1","descripcion":null,"longitud":-17.778954,"latitud":28.629175,"wheelchair_boarding":"2"},"geometry":{"type":"Point","coordinates":[-17.778954,28.629175]}},{"type":"Feature","properties":{"stop_id":"66","stop_code":"66","nombre":"Centro Salud B","descripcion":null,"longitud":-17.773061,"latitud":28.807107,"wheelchair_boarding":"2"},"geometry":{"type":"Point","coordinates":[-17.773061,28.807107]}},{"type":"Feature","properties":{"stop_id":"660","stop_code":"660","nombre":"La Rosa 2","descripcion":null,"longitud":-17.781184,"latitud":28.624259,"wheelchair_boarding":"2"},"geometry":{"type":"Point","coordinates":[-17.781184,28.624259]}},{"type":"Feature","properties":{"stop_id":"661","stop_code":"661","nombre":"La Mantequillera","descripcion":null,"longitud":-17.781169,"latitud":28.620938,"wheelchair_boarding":"2"},"geometry":{"type":"Point","coordinates":[-17.781169,28.620938]}},{"type":"Feature","properties":{"stop_id":"662","stop_code":"662","nombre":"Taller Luis","descripcion":null,"longitud":-17.780204,"latitud":28.615973,"wheelchair_boarding":"2"},"geometry":{"type":"Point","coordinates":[-17.780204,28.615973]}},{"type":"Feature","properties":{"stop_id":"663","stop_code":"663","nombre":"Entrada Norte Mazo","descripcion":null,"longitud":-17.779259,"latitud":28.608381,"wheelchair_boarding":"2"},"geometry":{"type":"Point","coordinates":[-17.779259,28.608381]}},{"type":"Feature","properties":{"stop_id":"664","stop_code":"664","nombre":"Correos Mazo","descripcion":null,"longitud":-17.780235,"latitud":28.60622,"wheelchair_boarding":"2"},"geometry":{"type":"Point","coordinates":[-17.780235,28.60622]}},{"type":"Feature","properties":{"stop_id":"666","stop_code":"666","nombre":"El Calvario 1","descripcion":null,"longitud":-17.780623,"latitud":28.597777,"wheelchair_boarding":"2"},"geometry":{"type":"Point","coordinates":[-17.780623,28.597777]}},{"type":"Feature","properties":{"stop_id":"667","stop_code":"667","nombre":"El Calvario 2","descripcion":null,"longitud":-17.780712,"latitud":28.597483,"wheelchair_boarding":"2"},"geometry":{"type":"Point","coordinates":[-17.780712,28.597483]}},{"type":"Feature","properties":{"stop_id":"668","stop_code":"668","nombre":"Casa Hermogenes","descripcion":null,"longitud":-17.781995,"latitud":28.589308,"wheelchair_boarding":"2"},"geometry":{"type":"Point","coordinates":[-17.781995,28.589308]}},{"type":"Feature","properties":{"stop_id":"669","stop_code":"669","nombre":"La Sabina","descripcion":null,"longitud":-17.783722,"latitud":28.584265,"wheelchair_boarding":"2"},"geometry":{"type":"Point","coordinates":[-17.783722,28.584265]}},{"type":"Feature","properties":{"stop_id":"67","stop_code":"67","nombre":"Iglesia Monserrat B","descripcion":null,"longitud":-17.774013,"latitud":28.804244,"wheelchair_boarding":"2"},"geometry":{"type":"Point","coordinates":[-17.774013,28.804244]}},{"type":"Feature","properties":{"stop_id":"670","stop_code":"670","nombre":"El Canario","descripcion":null,"longitud":-17.785677,"latitud":28.577465,"wheelchair_boarding":"2"},"geometry":{"type":"Point","coordinates":[-17.785677,28.577465]}},{"type":"Feature","properties":{"stop_id":"671","stop_code":"671","nombre":"Casa Marcelo","descripcion":null,"longitud":-17.787317,"latitud":28.575183,"wheelchair_boarding":"2"},"geometry":{"type":"Point","coordinates":[-17.787317,28.575183]}},{"type":"Feature","properties":{"stop_id":"672","stop_code":"672","nombre":"Molino Pérez Guerra","descripcion":null,"longitud":-17.788486,"latitud":28.572963,"wheelchair_boarding":"2"},"geometry":{"type":"Point","coordinates":[-17.788486,28.572963]}},{"type":"Feature","properties":{"stop_id":"673","stop_code":"673","nombre":"La Lava","descripcion":null,"longitud":-17.791501,"latitud":28.569338,"wheelchair_boarding":"2"},"geometry":{"type":"Point","coordinates":[-17.791501,28.569338]}},{"type":"Feature","properties":{"stop_id":"674","stop_code":"674","nombre":"Casa Esperanza","descripcion":null,"longitud":-17.7985,"latitud":28.56285,"wheelchair_boarding":"2"},"geometry":{"type":"Point","coordinates":[-17.7985,28.56285]}},{"type":"Feature","properties":{"stop_id":"675","stop_code":"675","nombre":"Tiguerorte Arriba","descripcion":null,"longitud":-17.799146,"latitud":28.560183,"wheelchair_boarding":"2"},"geometry":{"type":"Point","coordinates":[-17.799146,28.560183]}},{"type":"Feature","properties":{"stop_id":"676","stop_code":"676","nombre":"El Molino","descripcion":null,"longitud":-17.799553,"latitud":28.556103,"wheelchair_boarding":"2"},"geometry":{"type":"Point","coordinates":[-17.799553,28.556103]}},{"type":"Feature","properties":{"stop_id":"677","stop_code":"677","nombre":"Tigalate Arriba","descripcion":null,"longitud":-17.801267,"latitud":28.554083,"wheelchair_boarding":"2"},"geometry":{"type":"Point","coordinates":[-17.801267,28.554083]}},{"type":"Feature","properties":{"stop_id":"678","stop_code":"678","nombre":"Casa Lolo","descripcion":null,"longitud":-17.807035,"latitud":28.549798,"wheelchair_boarding":"2"},"geometry":{"type":"Point","coordinates":[-17.807035,28.549798]}},{"type":"Feature","properties":{"stop_id":"679","stop_code":"679","nombre":"Entrada Bodega Teneguía","descripcion":null,"longitud":-17.846623,"latitud":28.492136,"wheelchair_boarding":"2"},"geometry":{"type":"Point","coordinates":[-17.846623,28.492136]}},{"type":"Feature","properties":{"stop_id":"68","stop_code":"68","nombre":"Bar Las Tejas B","descripcion":null,"longitud":-17.772966,"latitud":28.801766,"wheelchair_boarding":"2"},"geometry":{"type":"Point","coordinates":[-17.772966,28.801766]}},{"type":"Feature","properties":{"stop_id":"680","stop_code":"680","nombre":"La Panadería","descripcion":null,"longitud":-17.844456,"latitud":28.490285,"wheelchair_boarding":"2"},"geometry":{"type":"Point","coordinates":[-17.844456,28.490285]}},{"type":"Feature","properties":{"stop_id":"681","stop_code":"681","nombre":"Volcán San Antonio","descripcion":null,"longitud":-17.847201,"latitud":28.48944,"wheelchair_boarding":"2"},"geometry":{"type":"Point","coordinates":[-17.847201,28.48944]}},{"type":"Feature","properties":{"stop_id":"682","stop_code":"682","nombre":"Cruce Los Quemados","descripcion":null,"longitud":-17.856076,"latitud":28.497054,"wheelchair_boarding":"2"},"geometry":{"type":"Point","coordinates":[-17.856076,28.497054]}},{"type":"Feature","properties":{"stop_id":"683","stop_code":"683","nombre":"Las Cabezadas","descripcion":null,"longitud":-17.857348,"latitud":28.502426,"wheelchair_boarding":"2"},"geometry":{"type":"Point","coordinates":[-17.857348,28.502426]}},{"type":"Feature","properties":{"stop_id":"684","stop_code":"684","nombre":" Taller Motos","descripcion":null,"longitud":-17.858804,"latitud":28.502309,"wheelchair_boarding":"2"},"geometry":{"type":"Point","coordinates":[-17.858804,28.502309]}},{"type":"Feature","properties":{"stop_id":"685","stop_code":"685","nombre":"Iglesia Las Indias","descripcion":null,"longitud":-17.858647,"latitud":28.499906,"wheelchair_boarding":"2"},"geometry":{"type":"Point","coordinates":[-17.858647,28.499906]}},{"type":"Feature","properties":{"stop_id":"686","stop_code":"686","nombre":"Casa Cultural Las Indias","descripcion":null,"longitud":-17.861117,"latitud":28.5022,"wheelchair_boarding":"2"},"geometry":{"type":"Point","coordinates":[-17.861117,28.5022]}},{"type":"Feature","properties":{"stop_id":"687","stop_code":"687","nombre":"Aptos. Los Laureles","descripcion":null,"longitud":-17.863048,"latitud":28.505354,"wheelchair_boarding":"2"},"geometry":{"type":"Point","coordinates":[-17.863048,28.505354]}},{"type":"Feature","properties":{"stop_id":"688","stop_code":"688","nombre":"Fondo De Las Indias","descripcion":null,"longitud":-17.86373,"latitud":28.502033,"wheelchair_boarding":"2"},"geometry":{"type":"Point","coordinates":[-17.86373,28.502033]}},{"type":"Feature","properties":{"stop_id":"689","stop_code":"689","nombre":"Cruce La Zamora","descripcion":null,"longitud":-17.87185,"latitud":28.50715,"wheelchair_boarding":"2"},"geometry":{"type":"Point","coordinates":[-17.87185,28.50715]}},{"type":"Feature","properties":{"stop_id":"69","stop_code":"69","nombre":"Rest. Los Nacientes B","descripcion":null,"longitud":-17.770622,"latitud":28.796245,"wheelchair_boarding":"2"},"geometry":{"type":"Point","coordinates":[-17.770622,28.796245]}},{"type":"Feature","properties":{"stop_id":"690","stop_code":"690","nombre":"Cruce Hotel Princess","descripcion":null,"longitud":-17.870827,"latitud":28.503924,"wheelchair_boarding":"2"},"geometry":{"type":"Point","coordinates":[-17.870827,28.503924]}},{"type":"Feature","properties":{"stop_id":"691","stop_code":"691","nombre":"Puntalarga","descripcion":null,"longitud":-17.867323,"latitud":28.483124,"wheelchair_boarding":"2"},"geometry":{"type":"Point","coordinates":[-17.867323,28.483124]}},{"type":"Feature","properties":{"stop_id":"692","stop_code":"692","nombre":"Playa Echentive","descripcion":null,"longitud":-17.850542,"latitud":28.460569,"wheelchair_boarding":"2"},"geometry":{"type":"Point","coordinates":[-17.850542,28.460569]}},{"type":"Feature","properties":{"stop_id":"693","stop_code":"693","nombre":"El Faro","descripcion":null,"longitud":-17.843094,"latitud":28.455775,"wheelchair_boarding":"2"},"geometry":{"type":"Point","coordinates":[-17.843094,28.455775]}},{"type":"Feature","properties":{"stop_id":"695","stop_code":"695","nombre":"Puntalarga B","descripcion":null,"longitud":-17.867167,"latitud":28.482933,"wheelchair_boarding":"2"},"geometry":{"type":"Point","coordinates":[-17.867167,28.482933]}},{"type":"Feature","properties":{"stop_id":"696","stop_code":"696","nombre":"Cruce Hotel Princess B","descripcion":null,"longitud":-17.870706,"latitud":28.503626,"wheelchair_boarding":"2"},"geometry":{"type":"Point","coordinates":[-17.870706,28.503626]}},{"type":"Feature","properties":{"stop_id":"697","stop_code":"697","nombre":"Cruce La Zamora B","descripcion":null,"longitud":-17.871827,"latitud":28.506327,"wheelchair_boarding":"2"},"geometry":{"type":"Point","coordinates":[-17.871827,28.506327]}},{"type":"Feature","properties":{"stop_id":"698","stop_code":"698","nombre":"Fondo De Las Indias B","descripcion":null,"longitud":-17.86366,"latitud":28.502056,"wheelchair_boarding":"2"},"geometry":{"type":"Point","coordinates":[-17.86366,28.502056]}},{"type":"Feature","properties":{"stop_id":"699","stop_code":"699","nombre":"Apto.S Los Laureles B","descripcion":null,"longitud":-17.863136,"latitud":28.505351,"wheelchair_boarding":"2"},"geometry":{"type":"Point","coordinates":[-17.863136,28.505351]}},{"type":"Feature","properties":{"stop_id":"7","stop_code":"7","nombre":"Cruce Mirca A","descripcion":null,"longitud":-17.759017,"latitud":28.700997,"wheelchair_boarding":"2"},"geometry":{"type":"Point","coordinates":[-17.759017,28.700997]}},{"type":"Feature","properties":{"stop_id":"70","stop_code":"70","nombre":"Las Lomadas B","descripcion":null,"longitud":-17.768964,"latitud":28.791059,"wheelchair_boarding":"2"},"geometry":{"type":"Point","coordinates":[-17.768964,28.791059]}},{"type":"Feature","properties":{"stop_id":"700","stop_code":"700","nombre":"Casa Cultural B","descripcion":null,"longitud":-17.861183,"latitud":28.502217,"wheelchair_boarding":"2"},"geometry":{"type":"Point","coordinates":[-17.861183,28.502217]}},{"type":"Feature","properties":{"stop_id":"701","stop_code":"701","nombre":"Iglesia Las Indias","descripcion":null,"longitud":-17.858557,"latitud":28.499927,"wheelchair_boarding":"2"},"geometry":{"type":"Point","coordinates":[-17.858557,28.499927]}},{"type":"Feature","properties":{"stop_id":"702","stop_code":"702","nombre":"Taller Motos B","descripcion":null,"longitud":-17.858746,"latitud":28.502317,"wheelchair_boarding":"2"},"geometry":{"type":"Point","coordinates":[-17.858746,28.502317]}},{"type":"Feature","properties":{"stop_id":"703","stop_code":"703","nombre":"Las Cabezadas B","descripcion":null,"longitud":-17.857391,"latitud":28.502409,"wheelchair_boarding":"2"},"geometry":{"type":"Point","coordinates":[-17.857391,28.502409]}},{"type":"Feature","properties":{"stop_id":"704","stop_code":"704","nombre":"Cruce Los Quemados B","descripcion":null,"longitud":-17.855254,"latitud":28.495491,"wheelchair_boarding":"2"},"geometry":{"type":"Point","coordinates":[-17.855254,28.495491]}},{"type":"Feature","properties":{"stop_id":"705","stop_code":"705","nombre":"Volcán San Antonio B","descripcion":null,"longitud":-17.848169,"latitud":28.489887,"wheelchair_boarding":"2"},"geometry":{"type":"Point","coordinates":[-17.848169,28.489887]}},{"type":"Feature","properties":{"stop_id":"706","stop_code":"706","nombre":"La Panadería B","descripcion":null,"longitud":-17.844442,"latitud":28.490924,"wheelchair_boarding":"2"},"geometry":{"type":"Point","coordinates":[-17.844442,28.490924]}},{"type":"Feature","properties":{"stop_id":"708","stop_code":"708","nombre":"Casa Lolo B","descripcion":null,"longitud":-17.806925,"latitud":28.549863,"wheelchair_boarding":"2"},"geometry":{"type":"Point","coordinates":[-17.806925,28.549863]}},{"type":"Feature","properties":{"stop_id":"71","stop_code":"71","nombre":"Iglesia San Juan B","descripcion":null,"longitud":-17.763713,"latitud":28.784913,"wheelchair_boarding":"2"},"geometry":{"type":"Point","coordinates":[-17.763713,28.784913]}},{"type":"Feature","properties":{"stop_id":"710","stop_code":"710","nombre":"El Molino B","descripcion":null,"longitud":-17.799458,"latitud":28.556044,"wheelchair_boarding":"2"},"geometry":{"type":"Point","coordinates":[-17.799458,28.556044]}},{"type":"Feature","properties":{"stop_id":"711","stop_code":"711","nombre":"Tiguerorte Arriba B","descripcion":null,"longitud":-17.7991,"latitud":28.560233,"wheelchair_boarding":"2"},"geometry":{"type":"Point","coordinates":[-17.7991,28.560233]}},{"type":"Feature","properties":{"stop_id":"712","stop_code":"712","nombre":"Casa Esperanza B","descripcion":null,"longitud":-17.798629,"latitud":28.562576,"wheelchair_boarding":"2"},"geometry":{"type":"Point","coordinates":[-17.798629,28.562576]}},{"type":"Feature","properties":{"stop_id":"713","stop_code":"713","nombre":"La Lava B","descripcion":null,"longitud":-17.791466,"latitud":28.569264,"wheelchair_boarding":"2"},"geometry":{"type":"Point","coordinates":[-17.791466,28.569264]}},{"type":"Feature","properties":{"stop_id":"714","stop_code":"714","nombre":"Molino Pérez Guerra B","descripcion":null,"longitud":-17.7885,"latitud":28.572835,"wheelchair_boarding":"2"},"geometry":{"type":"Point","coordinates":[-17.7885,28.572835]}},{"type":"Feature","properties":{"stop_id":"715","stop_code":"715","nombre":"Casa Marcelo B","descripcion":null,"longitud":-17.787257,"latitud":28.575038,"wheelchair_boarding":"2"},"geometry":{"type":"Point","coordinates":[-17.787257,28.575038]}},{"type":"Feature","properties":{"stop_id":"716","stop_code":"716","nombre":"El Canario B","descripcion":null,"longitud":-17.785377,"latitud":28.577854,"wheelchair_boarding":"2"},"geometry":{"type":"Point","coordinates":[-17.785377,28.577854]}},{"type":"Feature","properties":{"stop_id":"717","stop_code":"717","nombre":"La Sabina 1 B","descripcion":null,"longitud":-17.783375,"latitud":28.583997,"wheelchair_boarding":"2"},"geometry":{"type":"Point","coordinates":[-17.783375,28.583997]}},{"type":"Feature","properties":{"stop_id":"72","stop_code":"72","nombre":"Casa Perestelo B","descripcion":null,"longitud":-17.764166,"latitud":28.783115,"wheelchair_boarding":"2"},"geometry":{"type":"Point","coordinates":[-17.764166,28.783115]}},{"type":"Feature","properties":{"stop_id":"722","stop_code":"722","nombre":"Correos Mazo B","descripcion":null,"longitud":-17.779995,"latitud":28.605728,"wheelchair_boarding":"2"},"geometry":{"type":"Point","coordinates":[-17.779995,28.605728]}},{"type":"Feature","properties":{"stop_id":"723","stop_code":"723","nombre":"Entrada Norte Mazo B","descripcion":null,"longitud":-17.779309,"latitud":28.609513,"wheelchair_boarding":"2"},"geometry":{"type":"Point","coordinates":[-17.779309,28.609513]}},{"type":"Feature","properties":{"stop_id":"724","stop_code":"724","nombre":"Taller Luis B","descripcion":null,"longitud":-17.780638,"latitud":28.615203,"wheelchair_boarding":"2"},"geometry":{"type":"Point","coordinates":[-17.780638,28.615203]}},{"type":"Feature","properties":{"stop_id":"725","stop_code":"725","nombre":"La Mantequillera B","descripcion":null,"longitud":-17.781012,"latitud":28.620739,"wheelchair_boarding":"2"},"geometry":{"type":"Point","coordinates":[-17.781012,28.620739]}},{"type":"Feature","properties":{"stop_id":"726","stop_code":"726","nombre":"La Rosa B","descripcion":null,"longitud":-17.781203,"latitud":28.624422,"wheelchair_boarding":"2"},"geometry":{"type":"Point","coordinates":[-17.781203,28.624422]}},{"type":"Feature","properties":{"stop_id":"727","stop_code":"727","nombre":"La Rosa 1 B","descripcion":null,"longitud":-17.779787,"latitud":28.628314,"wheelchair_boarding":"2"},"geometry":{"type":"Point","coordinates":[-17.779787,28.628314]}},{"type":"Feature","properties":{"stop_id":"728","stop_code":"728","nombre":"La Montaña B","descripcion":null,"longitud":-17.778825,"latitud":28.632322,"wheelchair_boarding":"2"},"geometry":{"type":"Point","coordinates":[-17.778825,28.632322]}},{"type":"Feature","properties":{"stop_id":"729","stop_code":"729","nombre":"Taller La Montaña B","descripcion":null,"longitud":-17.77964,"latitud":28.6378,"wheelchair_boarding":"2"},"geometry":{"type":"Point","coordinates":[-17.77964,28.6378]}},{"type":"Feature","properties":{"stop_id":"73","stop_code":"73","nombre":"Correos Galguitos","descripcion":null,"longitud":-17.764196,"latitud":28.780666,"wheelchair_boarding":"2"},"geometry":{"type":"Point","coordinates":[-17.764196,28.780666]}},{"type":"Feature","properties":{"stop_id":"731","stop_code":"731","nombre":"Entrada Sur San José","descripcion":null,"longitud":-17.774844,"latitud":28.641356,"wheelchair_boarding":"2"},"geometry":{"type":"Point","coordinates":[-17.774844,28.641356]}},{"type":"Feature","properties":{"stop_id":"732","stop_code":"732","nombre":"Recta Eufracio B","descripcion":null,"longitud":-17.77374,"latitud":28.63778,"wheelchair_boarding":"2"},"geometry":{"type":"Point","coordinates":[-17.77374,28.63778]}},{"type":"Feature","properties":{"stop_id":"733","stop_code":"733","nombre":"Casa Nolasco B","descripcion":null,"longitud":-17.771944,"latitud":28.634247,"wheelchair_boarding":"2"},"geometry":{"type":"Point","coordinates":[-17.771944,28.634247]}},{"type":"Feature","properties":{"stop_id":"735","stop_code":"735","nombre":"Hermosilla Alto B","descripcion":null,"longitud":-17.885927,"latitud":28.653145,"wheelchair_boarding":"2"},"geometry":{"type":"Point","coordinates":[-17.885927,28.653145]}},{"type":"Feature","properties":{"stop_id":"736","stop_code":"736","nombre":"Colegio Cajita Del Agua","descripcion":null,"longitud":-17.888717,"latitud":28.654667,"wheelchair_boarding":"2"},"geometry":{"type":"Point","coordinates":[-17.888717,28.654667]}},{"type":"Feature","properties":{"stop_id":"737","stop_code":"737","nombre":"Hermosilla Bajo B","descripcion":null,"longitud":-17.893975,"latitud":28.65713,"wheelchair_boarding":"2"},"geometry":{"type":"Point","coordinates":[-17.893975,28.65713]}},{"type":"Feature","properties":{"stop_id":"738","stop_code":"738","nombre":"Barriada El Roque B","descripcion":null,"longitud":-17.90283,"latitud":28.65777,"wheelchair_boarding":"2"},"geometry":{"type":"Point","coordinates":[-17.90283,28.65777]}},{"type":"Feature","properties":{"stop_id":"739","stop_code":"739","nombre":"La Vera","descripcion":null,"longitud":-17.926414,"latitud":28.659945,"wheelchair_boarding":"2"},"geometry":{"type":"Point","coordinates":[-17.926414,28.659945]}},{"type":"Feature","properties":{"stop_id":"74","stop_code":"74","nombre":"Rest. Los Roques","descripcion":null,"longitud":-17.764413,"latitud":28.777055,"wheelchair_boarding":"2"},"geometry":{"type":"Point","coordinates":[-17.764413,28.777055]}},{"type":"Feature","properties":{"stop_id":"742","stop_code":"742","nombre":"Triana","descripcion":null,"longitud":-17.909817,"latitud":28.6501,"wheelchair_boarding":"2"},"geometry":{"type":"Point","coordinates":[-17.909817,28.6501]}},{"type":"Feature","properties":{"stop_id":"743","stop_code":"743","nombre":"Cuatro Caminos","descripcion":null,"longitud":-17.912908,"latitud":28.646718,"wheelchair_boarding":"2"},"geometry":{"type":"Point","coordinates":[-17.912908,28.646718]}},{"type":"Feature","properties":{"stop_id":"744","stop_code":"744","nombre":"Las Rosas","descripcion":null,"longitud":-17.922801,"latitud":28.650055,"wheelchair_boarding":"2"},"geometry":{"type":"Point","coordinates":[-17.922801,28.650055]}},{"type":"Feature","properties":{"stop_id":"745","stop_code":"745","nombre":"Palomares","descripcion":null,"longitud":-17.919767,"latitud":28.64325,"wheelchair_boarding":"2"},"geometry":{"type":"Point","coordinates":[-17.919767,28.64325]}},{"type":"Feature","properties":{"stop_id":"746","stop_code":"746","nombre":"Cruce Nicolás Brito","descripcion":null,"longitud":-17.907342,"latitud":28.640381,"wheelchair_boarding":"2"},"geometry":{"type":"Point","coordinates":[-17.907342,28.640381]}},{"type":"Feature","properties":{"stop_id":"747","stop_code":"747","nombre":"Nicolás Brito","descripcion":null,"longitud":-17.905286,"latitud":28.639883,"wheelchair_boarding":"2"},"geometry":{"type":"Point","coordinates":[-17.905286,28.639883]}},{"type":"Feature","properties":{"stop_id":"75","stop_code":"75","nombre":"Curva La Viña B","descripcion":null,"longitud":-17.765534,"latitud":28.77365,"wheelchair_boarding":"2"},"geometry":{"type":"Point","coordinates":[-17.765534,28.77365]}},{"type":"Feature","properties":{"stop_id":"76","stop_code":"76","nombre":"Cubo La Galga B","descripcion":null,"longitud":-17.769701,"latitud":28.767049,"wheelchair_boarding":"2"},"geometry":{"type":"Point","coordinates":[-17.769701,28.767049]}},{"type":"Feature","properties":{"stop_id":"766","stop_code":"766","nombre":"Nicolás Brito B","descripcion":null,"longitud":-17.905315,"latitud":28.639969,"wheelchair_boarding":"2"},"geometry":{"type":"Point","coordinates":[-17.905315,28.639969]}},{"type":"Feature","properties":{"stop_id":"767","stop_code":"767","nombre":"Cruce Nicolás Brito B","descripcion":null,"longitud":-17.907311,"latitud":28.640443,"wheelchair_boarding":"2"},"geometry":{"type":"Point","coordinates":[-17.907311,28.640443]}},{"type":"Feature","properties":{"stop_id":"768","stop_code":"768","nombre":"Lomares B","descripcion":null,"longitud":-17.919627,"latitud":28.643284,"wheelchair_boarding":"2"},"geometry":{"type":"Point","coordinates":[-17.919627,28.643284]}},{"type":"Feature","properties":{"stop_id":"769","stop_code":"769","nombre":"Las Rosas B","descripcion":null,"longitud":-17.92284,"latitud":28.64995,"wheelchair_boarding":"2"},"geometry":{"type":"Point","coordinates":[-17.92284,28.64995]}},{"type":"Feature","properties":{"stop_id":"77","stop_code":"77","nombre":"San Bartolo B","descripcion":null,"longitud":-17.762486,"latitud":28.767885,"wheelchair_boarding":"2"},"geometry":{"type":"Point","coordinates":[-17.762486,28.767885]}},{"type":"Feature","properties":{"stop_id":"770","stop_code":"770","nombre":"Barriada El Roque B","descripcion":null,"longitud":-17.90273,"latitud":28.6577,"wheelchair_boarding":"2"},"geometry":{"type":"Point","coordinates":[-17.90273,28.6577]}},{"type":"Feature","properties":{"stop_id":"771","stop_code":"771","nombre":"Hermosilla Bajo B","descripcion":null,"longitud":-17.892501,"latitud":28.656571,"wheelchair_boarding":"2"},"geometry":{"type":"Point","coordinates":[-17.892501,28.656571]}},{"type":"Feature","properties":{"stop_id":"772","stop_code":"772","nombre":"Colegio Cajita Del Agua B","descripcion":null,"longitud":-17.88776,"latitud":28.654149,"wheelchair_boarding":"2"},"geometry":{"type":"Point","coordinates":[-17.88776,28.654149]}},{"type":"Feature","properties":{"stop_id":"773","stop_code":"773","nombre":"Hermosilla Alto B","descripcion":null,"longitud":-17.885889,"latitud":28.653211,"wheelchair_boarding":"2"},"geometry":{"type":"Point","coordinates":[-17.885889,28.653211]}},{"type":"Feature","properties":{"stop_id":"774","stop_code":"774","nombre":"La Itv B","descripcion":null,"longitud":-17.87774,"latitud":28.647791,"wheelchair_boarding":"2"},"geometry":{"type":"Point","coordinates":[-17.87774,28.647791]}},{"type":"Feature","properties":{"stop_id":"775","stop_code":"775","nombre":"Barrial Alto","descripcion":null,"longitud":-17.854573,"latitud":28.661584,"wheelchair_boarding":"2"},"geometry":{"type":"Point","coordinates":[-17.854573,28.661584]}},{"type":"Feature","properties":{"stop_id":"776","stop_code":"776","nombre":"Barrial Bajo","descripcion":null,"longitud":-17.857917,"latitud":28.65975,"wheelchair_boarding":"2"},"geometry":{"type":"Point","coordinates":[-17.857917,28.65975]}},{"type":"Feature","properties":{"stop_id":"777","stop_code":"777","nombre":"Casa Ladrillos Rojos","descripcion":null,"longitud":-17.862233,"latitud":28.656817,"wheelchair_boarding":"2"},"geometry":{"type":"Point","coordinates":[-17.862233,28.656817]}},{"type":"Feature","properties":{"stop_id":"778","stop_code":"778","nombre":"Colegio La Rosa","descripcion":null,"longitud":-17.863742,"latitud":28.656111,"wheelchair_boarding":"2"},"geometry":{"type":"Point","coordinates":[-17.863742,28.656111]}},{"type":"Feature","properties":{"stop_id":"779","stop_code":"779","nombre":"Camino Viejo","descripcion":null,"longitud":-17.86323,"latitud":28.653836,"wheelchair_boarding":"2"},"geometry":{"type":"Point","coordinates":[-17.86323,28.653836]}},{"type":"Feature","properties":{"stop_id":"78","stop_code":"78","nombre":"Casa Asterio B","descripcion":null,"longitud":-17.764273,"latitud":28.764184,"wheelchair_boarding":"2"},"geometry":{"type":"Point","coordinates":[-17.764273,28.764184]}},{"type":"Feature","properties":{"stop_id":"780","stop_code":"780","nombre":"San Andrés","descripcion":null,"longitud":-17.760912,"latitud":28.799169,"wheelchair_boarding":"2"},"geometry":{"type":"Point","coordinates":[-17.760912,28.799169]}},{"type":"Feature","properties":{"stop_id":"781","stop_code":"781","nombre":"El Tablado","descripcion":null,"longitud":-17.87632,"latitud":28.831866,"wheelchair_boarding":"2"},"geometry":{"type":"Point","coordinates":[-17.87632,28.831866]}},{"type":"Feature","properties":{"stop_id":"782","stop_code":"782","nombre":"Restaurante El Bailadero","descripcion":null,"longitud":-17.919463,"latitud":28.794016,"wheelchair_boarding":"2"},"geometry":{"type":"Point","coordinates":[-17.919463,28.794016]}},{"type":"Feature","properties":{"stop_id":"783","stop_code":"783","nombre":"Hoya Grande","descripcion":null,"longitud":-17.922072,"latitud":28.791777,"wheelchair_boarding":"2"},"geometry":{"type":"Point","coordinates":[-17.922072,28.791777]}},{"type":"Feature","properties":{"stop_id":"784","stop_code":"784","nombre":"Briestas","descripcion":null,"longitud":-17.93476,"latitud":28.781282,"wheelchair_boarding":"2"},"geometry":{"type":"Point","coordinates":[-17.93476,28.781282]}},{"type":"Feature","properties":{"stop_id":"786","stop_code":"786","nombre":"Cruce El Castillo","descripcion":null,"longitud":-17.943786,"latitud":28.778407,"wheelchair_boarding":"2"},"geometry":{"type":"Point","coordinates":[-17.943786,28.778407]}},{"type":"Feature","properties":{"stop_id":"787","stop_code":"787","nombre":"La Rueda","descripcion":null,"longitud":-17.955303,"latitud":28.777148,"wheelchair_boarding":"2"},"geometry":{"type":"Point","coordinates":[-17.955303,28.777148]}},{"type":"Feature","properties":{"stop_id":"788","stop_code":"788","nombre":"Hotel Princess","descripcion":null,"longitud":-17.873587,"latitud":28.502281,"wheelchair_boarding":"2"},"geometry":{"type":"Point","coordinates":[-17.873587,28.502281]}},{"type":"Feature","properties":{"stop_id":"789","stop_code":"789","nombre":"Amagar","descripcion":null,"longitud":-17.937258,"latitud":28.664254,"wheelchair_boarding":"0"},"geometry":{"type":"Point","coordinates":[-17.937258,28.664254]}},{"type":"Feature","properties":{"stop_id":"79","stop_code":"79","nombre":"Lomo Estrello B","descripcion":null,"longitud":-17.76492,"latitud":28.761556,"wheelchair_boarding":"2"},"geometry":{"type":"Point","coordinates":[-17.76492,28.761556]}},{"type":"Feature","properties":{"stop_id":"790","stop_code":"790","nombre":"La Cruz B","descripcion":null,"longitud":-17.929687,"latitud":28.645389,"wheelchair_boarding":"0"},"geometry":{"type":"Point","coordinates":[-17.929687,28.645389]}},{"type":"Feature","properties":{"stop_id":"791","stop_code":"791","nombre":"Arenero B","descripcion":null,"longitud":-17.928144,"latitud":28.647598,"wheelchair_boarding":"0"},"geometry":{"type":"Point","coordinates":[-17.928144,28.647598]}},{"type":"Feature","properties":{"stop_id":"792","stop_code":"792","nombre":"Casa Cariaco B","descripcion":null,"longitud":-17.928059,"latitud":28.650009,"wheelchair_boarding":"0"},"geometry":{"type":"Point","coordinates":[-17.928059,28.650009]}},{"type":"Feature","properties":{"stop_id":"793","stop_code":"793","nombre":"Cupalma B","descripcion":null,"longitud":-17.927663,"latitud":28.655181,"wheelchair_boarding":"0"},"geometry":{"type":"Point","coordinates":[-17.927663,28.655181]}},{"type":"Feature","properties":{"stop_id":"794","stop_code":"794","nombre":"La Rueda B","descripcion":null,"longitud":-17.955309,"latitud":28.77764,"wheelchair_boarding":"0"},"geometry":{"type":"Point","coordinates":[-17.955309,28.77764]}},{"type":"Feature","properties":{"stop_id":"795","stop_code":"795","nombre":"Cruce El Castillo B","descripcion":null,"longitud":-17.943928,"latitud":28.778465,"wheelchair_boarding":"0"},"geometry":{"type":"Point","coordinates":[-17.943928,28.778465]}},{"type":"Feature","properties":{"stop_id":"796","stop_code":"796","nombre":"Briesta B","descripcion":null,"longitud":-17.934737,"latitud":28.78139,"wheelchair_boarding":"0"},"geometry":{"type":"Point","coordinates":[-17.934737,28.78139]}},{"type":"Feature","properties":{"stop_id":"797","stop_code":"797","nombre":"Caseta Cabildo B","descripcion":null,"longitud":-17.933251,"latitud":28.784076,"wheelchair_boarding":"0"},"geometry":{"type":"Point","coordinates":[-17.933251,28.784076]}},{"type":"Feature","properties":{"stop_id":"798","stop_code":"798","nombre":"Hoya Grande B","descripcion":null,"longitud":-17.921906,"latitud":28.791875,"wheelchair_boarding":"0"},"geometry":{"type":"Point","coordinates":[-17.921906,28.791875]}},{"type":"Feature","properties":{"stop_id":"799","stop_code":"799","nombre":"Restaurante El Bailadero B","descripcion":null,"longitud":-17.9196,"latitud":28.794065,"wheelchair_boarding":"0"},"geometry":{"type":"Point","coordinates":[-17.9196,28.794065]}},{"type":"Feature","properties":{"stop_id":"8","stop_code":"8","nombre":"Barranco Seco A","descripcion":null,"longitud":-17.756597,"latitud":28.708418,"wheelchair_boarding":"2"},"geometry":{"type":"Point","coordinates":[-17.756597,28.708418]}},{"type":"Feature","properties":{"stop_id":"80","stop_code":"80","nombre":"Casa Ferraz","descripcion":null,"longitud":-17.759513,"latitud":28.757001,"wheelchair_boarding":"2"},"geometry":{"type":"Point","coordinates":[-17.759513,28.757001]}},{"type":"Feature","properties":{"stop_id":"800","stop_code":"800","nombre":"Neno B","descripcion":null,"longitud":-17.921091,"latitud":28.797637,"wheelchair_boarding":"0"},"geometry":{"type":"Point","coordinates":[-17.921091,28.797637]}},{"type":"Feature","properties":{"stop_id":"801","stop_code":"801","nombre":"Cruz De Machín","descripcion":null,"longitud":-17.897029,"latitud":28.795812,"wheelchair_boarding":"0"},"geometry":{"type":"Point","coordinates":[-17.897029,28.795812]}},{"type":"Feature","properties":{"stop_id":"802","stop_code":"802","nombre":"Casa Forestal D","descripcion":null,"longitud":-17.886419,"latitud":28.79778,"wheelchair_boarding":"0"},"geometry":{"type":"Point","coordinates":[-17.886419,28.79778]}},{"type":"Feature","properties":{"stop_id":"803","stop_code":"803","nombre":"Casa Forestal C","descripcion":null,"longitud":-17.886322,"latitud":28.797813,"wheelchair_boarding":"0"},"geometry":{"type":"Point","coordinates":[-17.886322,28.797813]}},{"type":"Feature","properties":{"stop_id":"804","stop_code":"804","nombre":"Neno","descripcion":null,"longitud":-17.921047,"latitud":28.797761,"wheelchair_boarding":"0"},"geometry":{"type":"Point","coordinates":[-17.921047,28.797761]}},{"type":"Feature","properties":{"stop_id":"805","stop_code":"805","nombre":"Julia Paula B","descripcion":null,"longitud":-17.926166,"latitud":28.789123,"wheelchair_boarding":"0"},"geometry":{"type":"Point","coordinates":[-17.926166,28.789123]}},{"type":"Feature","properties":{"stop_id":"806","stop_code":"806","nombre":"Casa Gloria B","descripcion":null,"longitud":-17.911039,"latitud":28.631585,"wheelchair_boarding":"0"},"geometry":{"type":"Point","coordinates":[-17.911039,28.631585]}},{"type":"Feature","properties":{"stop_id":"807","stop_code":"807","nombre":"Almacén San Juan","descripcion":null,"longitud":-17.912802,"latitud":28.632215,"wheelchair_boarding":"0"},"geometry":{"type":"Point","coordinates":[-17.912802,28.632215]}},{"type":"Feature","properties":{"stop_id":"808","stop_code":"808","nombre":"Casa Verde B","descripcion":null,"longitud":-17.924195,"latitud":28.63395,"wheelchair_boarding":"0"},"geometry":{"type":"Point","coordinates":[-17.924195,28.63395]}},{"type":"Feature","properties":{"stop_id":"809","stop_code":"809","nombre":"Campo Fútbol B","descripcion":null,"longitud":-17.929944,"latitud":28.631943,"wheelchair_boarding":"0"},"geometry":{"type":"Point","coordinates":[-17.929944,28.631943]}},{"type":"Feature","properties":{"stop_id":"81","stop_code":"81","nombre":"Casa El Pollo B","descripcion":null,"longitud":-17.755308,"latitud":28.756992,"wheelchair_boarding":"2"},"geometry":{"type":"Point","coordinates":[-17.755308,28.756992]}},{"type":"Feature","properties":{"stop_id":"810","stop_code":"810","nombre":"San Borondón B","descripcion":null,"longitud":-17.932053,"latitud":28.636152,"wheelchair_boarding":"0"},"geometry":{"type":"Point","coordinates":[-17.932053,28.636152]}},{"type":"Feature","properties":{"stop_id":"811","stop_code":"811","nombre":"Ayuntamiento Tazacorte B","descripcion":null,"longitud":-17.933495,"latitud":28.64067,"wheelchair_boarding":"0"},"geometry":{"type":"Point","coordinates":[-17.933495,28.64067]}},{"type":"Feature","properties":{"stop_id":"812","stop_code":"812","nombre":"Tarajales B","descripcion":null,"longitud":-17.944309,"latitud":28.648222,"wheelchair_boarding":"0"},"geometry":{"type":"Point","coordinates":[-17.944309,28.648222]}},{"type":"Feature","properties":{"stop_id":"813","stop_code":"813","nombre":"Monterrío B","descripcion":null,"longitud":-17.942033,"latitud":28.653349,"wheelchair_boarding":"0"},"geometry":{"type":"Point","coordinates":[-17.942033,28.653349]}},{"type":"Feature","properties":{"stop_id":"814","stop_code":"814","nombre":"Marina Alta B","descripcion":null,"longitud":-17.921184,"latitud":28.635539,"wheelchair_boarding":"0"},"geometry":{"type":"Point","coordinates":[-17.921184,28.635539]}},{"type":"Feature","properties":{"stop_id":"815","stop_code":"815","nombre":"Casa Gloria","descripcion":null,"longitud":-17.911771,"latitud":28.631926,"wheelchair_boarding":"0"},"geometry":{"type":"Point","coordinates":[-17.911771,28.631926]}},{"type":"Feature","properties":{"stop_id":"816","stop_code":"816","nombre":"Bco. La Lava B","descripcion":null,"longitud":-17.786733,"latitud":28.565873,"wheelchair_boarding":"0"},"geometry":{"type":"Point","coordinates":[-17.786733,28.565873]}},{"type":"Feature","properties":{"stop_id":"817","stop_code":"817","nombre":"Bco. La Lava","descripcion":null,"longitud":-17.787587,"latitud":28.565727,"wheelchair_boarding":"0"},"geometry":{"type":"Point","coordinates":[-17.787587,28.565727]}},{"type":"Feature","properties":{"stop_id":"818","stop_code":"818","nombre":"Colegio El Roque B","descripcion":null,"longitud":-17.899506,"latitud":28.658603,"wheelchair_boarding":"0"},"geometry":{"type":"Point","coordinates":[-17.899506,28.658603]}},{"type":"Feature","properties":{"stop_id":"819","stop_code":"819","nombre":"El Chorro B","descripcion":null,"longitud":-17.890113,"latitud":28.655028,"wheelchair_boarding":"0"},"geometry":{"type":"Point","coordinates":[-17.890113,28.655028]}},{"type":"Feature","properties":{"stop_id":"82","stop_code":"82","nombre":"Curva Cheo B","descripcion":null,"longitud":-17.75254,"latitud":28.753944,"wheelchair_boarding":"2"},"geometry":{"type":"Point","coordinates":[-17.75254,28.753944]}},{"type":"Feature","properties":{"stop_id":"820","stop_code":"820","nombre":"Centro Salud","descripcion":null,"longitud":-17.880018,"latitud":28.653942,"wheelchair_boarding":"0"},"geometry":{"type":"Point","coordinates":[-17.880018,28.653942]}},{"type":"Feature","properties":{"stop_id":"821","stop_code":"821","nombre":"Tenerra 2","descripcion":null,"longitud":-17.877229,"latitud":28.654342,"wheelchair_boarding":"0"},"geometry":{"type":"Point","coordinates":[-17.877229,28.654342]}},{"type":"Feature","properties":{"stop_id":"822","stop_code":"822","nombre":"Tenerra","descripcion":null,"longitud":-17.875317,"latitud":28.654229,"wheelchair_boarding":"0"},"geometry":{"type":"Point","coordinates":[-17.875317,28.654229]}},{"type":"Feature","properties":{"stop_id":"823","stop_code":"823","nombre":"Las Laderitas","descripcion":null,"longitud":-17.873271,"latitud":28.653966,"wheelchair_boarding":"0"},"geometry":{"type":"Point","coordinates":[-17.873271,28.653966]}},{"type":"Feature","properties":{"stop_id":"824","stop_code":"824","nombre":"Cruz Grande","descripcion":null,"longitud":-17.870309,"latitud":28.654453,"wheelchair_boarding":"0"},"geometry":{"type":"Point","coordinates":[-17.870309,28.654453]}},{"type":"Feature","properties":{"stop_id":"825","stop_code":"825","nombre":"Cruce Virgen Del Pino","descripcion":null,"longitud":-17.86812,"latitud":28.657472,"wheelchair_boarding":"0"},"geometry":{"type":"Point","coordinates":[-17.86812,28.657472]}},{"type":"Feature","properties":{"stop_id":"826","stop_code":"826","nombre":"Cruce El Rincón","descripcion":null,"longitud":-17.865374,"latitud":28.657701,"wheelchair_boarding":"0"},"geometry":{"type":"Point","coordinates":[-17.865374,28.657701]}},{"type":"Feature","properties":{"stop_id":"827","stop_code":"827","nombre":"Tienda Las Canales","descripcion":null,"longitud":-17.861763,"latitud":28.659422,"wheelchair_boarding":"0"},"geometry":{"type":"Point","coordinates":[-17.861763,28.659422]}},{"type":"Feature","properties":{"stop_id":"828","stop_code":"828","nombre":"El Merendero","descripcion":null,"longitud":-17.854173,"latitud":28.660728,"wheelchair_boarding":"0"},"geometry":{"type":"Point","coordinates":[-17.854173,28.660728]}},{"type":"Feature","properties":{"stop_id":"829","stop_code":"829","nombre":"El Rosal","descripcion":null,"longitud":-17.858302,"latitud":28.658579,"wheelchair_boarding":"0"},"geometry":{"type":"Point","coordinates":[-17.858302,28.658579]}},{"type":"Feature","properties":{"stop_id":"83","stop_code":"83","nombre":"El Partido B","descripcion":null,"longitud":-17.752088,"latitud":28.750778,"wheelchair_boarding":"2"},"geometry":{"type":"Point","coordinates":[-17.752088,28.750778]}},{"type":"Feature","properties":{"stop_id":"830","stop_code":"830","nombre":"La Rosa","descripcion":null,"longitud":-17.860884,"latitud":28.657682,"wheelchair_boarding":"0"},"geometry":{"type":"Point","coordinates":[-17.860884,28.657682]}},{"type":"Feature","properties":{"stop_id":"831","stop_code":"831","nombre":"Bejenao","descripcion":null,"longitud":-17.865059,"latitud":28.652836,"wheelchair_boarding":"0"},"geometry":{"type":"Point","coordinates":[-17.865059,28.652836]}},{"type":"Feature","properties":{"stop_id":"832","stop_code":"832","nombre":"El Chorro A","descripcion":null,"longitud":-17.890212,"latitud":28.654971,"wheelchair_boarding":"0"},"geometry":{"type":"Point","coordinates":[-17.890212,28.654971]}},{"type":"Feature","properties":{"stop_id":"833","stop_code":"833","nombre":"Hermosilla A","descripcion":null,"longitud":-17.892131,"latitud":28.655993,"wheelchair_boarding":"0"},"geometry":{"type":"Point","coordinates":[-17.892131,28.655993]}},{"type":"Feature","properties":{"stop_id":"834","stop_code":"834","nombre":"Colegio El Roque","descripcion":null,"longitud":-17.900839,"latitud":28.658176,"wheelchair_boarding":"0"},"geometry":{"type":"Point","coordinates":[-17.900839,28.658176]}},{"type":"Feature","properties":{"stop_id":"835","stop_code":"835","nombre":"Ies Eusebio Barreto","descripcion":null,"longitud":-17.905077,"latitud":28.657081,"wheelchair_boarding":"0"},"geometry":{"type":"Point","coordinates":[-17.905077,28.657081]}},{"type":"Feature","properties":{"stop_id":"836","stop_code":"836","nombre":"Centro Salud","descripcion":null,"longitud":-17.917242,"latitud":28.658543,"wheelchair_boarding":"0"},"geometry":{"type":"Point","coordinates":[-17.917242,28.658543]}},{"type":"Feature","properties":{"stop_id":"837","stop_code":"837","nombre":"Plaza Argual","descripcion":null,"longitud":-17.923802,"latitud":28.658734,"wheelchair_boarding":"0"},"geometry":{"type":"Point","coordinates":[-17.923802,28.658734]}},{"type":"Feature","properties":{"stop_id":"838","stop_code":"838","nombre":"Enrique Mederos B","descripcion":null,"longitud":-17.923768,"latitud":28.660714,"wheelchair_boarding":"0"},"geometry":{"type":"Point","coordinates":[-17.923768,28.660714]}},{"type":"Feature","properties":{"stop_id":"839","stop_code":"839","nombre":"Fondo La Vera","descripcion":null,"longitud":-17.928123,"latitud":28.661188,"wheelchair_boarding":"0"},"geometry":{"type":"Point","coordinates":[-17.928123,28.661188]}},{"type":"Feature","properties":{"stop_id":"840","stop_code":"840","nombre":"Enrique Mederos 3","descripcion":null,"longitud":-17.927253,"latitud":28.661313,"wheelchair_boarding":"0"},"geometry":{"type":"Point","coordinates":[-17.927253,28.661313]}},{"type":"Feature","properties":{"stop_id":"841","stop_code":"841","nombre":"Enrique Mederos 2","descripcion":null,"longitud":-17.925842,"latitud":28.66111,"wheelchair_boarding":"0"},"geometry":{"type":"Point","coordinates":[-17.925842,28.66111]}},{"type":"Feature","properties":{"stop_id":"842","stop_code":"842","nombre":"Enrique Mederos","descripcion":null,"longitud":-17.923726,"latitud":28.660805,"wheelchair_boarding":"0"},"geometry":{"type":"Point","coordinates":[-17.923726,28.660805]}},{"type":"Feature","properties":{"stop_id":"843","stop_code":"843","nombre":"El Arenero B","descripcion":null,"longitud":-17.924891,"latitud":28.644985,"wheelchair_boarding":"0"},"geometry":{"type":"Point","coordinates":[-17.924891,28.644985]}},{"type":"Feature","properties":{"stop_id":"844","stop_code":"844","nombre":"El Tanque","descripcion":null,"longitud":-17.914195,"latitud":28.64506,"wheelchair_boarding":"0"},"geometry":{"type":"Point","coordinates":[-17.914195,28.64506]}},{"type":"Feature","properties":{"stop_id":"845","stop_code":"845","nombre":"Nicolás Brito 2 B","descripcion":null,"longitud":-17.901468,"latitud":28.636754,"wheelchair_boarding":"0"},"geometry":{"type":"Point","coordinates":[-17.901468,28.636754]}},{"type":"Feature","properties":{"stop_id":"846","stop_code":"846","nombre":"Cruz Chica B","descripcion":null,"longitud":-17.903786,"latitud":28.632631,"wheelchair_boarding":"0"},"geometry":{"type":"Point","coordinates":[-17.903786,28.632631]}},{"type":"Feature","properties":{"stop_id":"847","stop_code":"847","nombre":"Cruz Chica","descripcion":null,"longitud":-17.903839,"latitud":28.632709,"wheelchair_boarding":"0"},"geometry":{"type":"Point","coordinates":[-17.903839,28.632709]}},{"type":"Feature","properties":{"stop_id":"848","stop_code":"848","nombre":"Nicolás Brito 2","descripcion":null,"longitud":-17.901546,"latitud":28.636742,"wheelchair_boarding":"0"},"geometry":{"type":"Point","coordinates":[-17.901546,28.636742]}},{"type":"Feature","properties":{"stop_id":"849","stop_code":"849","nombre":"El Arenero","descripcion":null,"longitud":-17.924907,"latitud":28.645018,"wheelchair_boarding":"0"},"geometry":{"type":"Point","coordinates":[-17.924907,28.645018]}},{"type":"Feature","properties":{"stop_id":"85","stop_code":"85","nombre":"Fleitas B","descripcion":null,"longitud":-17.750643,"latitud":28.744578,"wheelchair_boarding":"2"},"geometry":{"type":"Point","coordinates":[-17.750643,28.744578]}},{"type":"Feature","properties":{"stop_id":"850","stop_code":"850","nombre":"Gasolinera Pcan B","descripcion":null,"longitud":-17.838139,"latitud":28.499376,"wheelchair_boarding":"0"},"geometry":{"type":"Point","coordinates":[-17.838139,28.499376]}},{"type":"Feature","properties":{"stop_id":"851","stop_code":"851","nombre":"Finca Amado B","descripcion":null,"longitud":-17.776211,"latitud":28.637551,"wheelchair_boarding":"0"},"geometry":{"type":"Point","coordinates":[-17.776211,28.637551]}},{"type":"Feature","properties":{"stop_id":"852","stop_code":"852","nombre":"Casa Hermógenes B","descripcion":null,"longitud":-17.782173,"latitud":28.589075,"wheelchair_boarding":"0"},"geometry":{"type":"Point","coordinates":[-17.782173,28.589075]}},{"type":"Feature","properties":{"stop_id":"853","stop_code":"853","nombre":"Finca Amado 2","descripcion":null,"longitud":-17.778439,"latitud":28.635883,"wheelchair_boarding":"0"},"geometry":{"type":"Point","coordinates":[-17.778439,28.635883]}},{"type":"Feature","properties":{"stop_id":"854","stop_code":"854","nombre":"La Molina","descripcion":null,"longitud":-17.769662,"latitud":28.637304,"wheelchair_boarding":"0"},"geometry":{"type":"Point","coordinates":[-17.769662,28.637304]}},{"type":"Feature","properties":{"stop_id":"855","stop_code":"855","nombre":"Centro Salud","descripcion":null,"longitud":-17.844867,"latitud":28.493214,"wheelchair_boarding":"0"},"geometry":{"type":"Point","coordinates":[-17.844867,28.493214]}},{"type":"Feature","properties":{"stop_id":"856","stop_code":"856","nombre":"Almacén Cupalma 2 B","descripcion":null,"longitud":-17.870396,"latitud":28.496123,"wheelchair_boarding":"0"},"geometry":{"type":"Point","coordinates":[-17.870396,28.496123]}},{"type":"Feature","properties":{"stop_id":"857","stop_code":"857","nombre":"Almacén Cupalma 2","descripcion":null,"longitud":-17.870493,"latitud":28.496072,"wheelchair_boarding":"0"},"geometry":{"type":"Point","coordinates":[-17.870493,28.496072]}},{"type":"Feature","properties":{"stop_id":"858","stop_code":"858","nombre":"La Caldereta B","descripcion":null,"longitud":-17.867166,"latitud":28.508409,"wheelchair_boarding":"0"},"geometry":{"type":"Point","coordinates":[-17.867166,28.508409]}},{"type":"Feature","properties":{"stop_id":"859","stop_code":"859","nombre":"La Caldereta","descripcion":null,"longitud":-17.86693,"latitud":28.508196,"wheelchair_boarding":"0"},"geometry":{"type":"Point","coordinates":[-17.86693,28.508196]}},{"type":"Feature","properties":{"stop_id":"860","stop_code":"860","nombre":"Lomada Grande 3 B","descripcion":null,"longitud":-17.967838,"latitud":28.802964,"wheelchair_boarding":"0"},"geometry":{"type":"Point","coordinates":[-17.967838,28.802964]}},{"type":"Feature","properties":{"stop_id":"861","stop_code":"861","nombre":"Spar Barlovento B","descripcion":null,"longitud":-17.805327,"latitud":28.828307,"wheelchair_boarding":"0"},"geometry":{"type":"Point","coordinates":[-17.805327,28.828307]}},{"type":"Feature","properties":{"stop_id":"862","stop_code":"862","nombre":"La Tosca B","descripcion":null,"longitud":-17.814563,"latitud":28.826964,"wheelchair_boarding":"0"},"geometry":{"type":"Point","coordinates":[-17.814563,28.826964]}},{"type":"Feature","properties":{"stop_id":"863","stop_code":"863","nombre":"La Palmita B","descripcion":null,"longitud":-17.826682,"latitud":28.824335,"wheelchair_boarding":"0"},"geometry":{"type":"Point","coordinates":[-17.826682,28.824335]}},{"type":"Feature","properties":{"stop_id":"864","stop_code":"864","nombre":"La Crucita B","descripcion":null,"longitud":-17.835998,"latitud":28.821756,"wheelchair_boarding":"0"},"geometry":{"type":"Point","coordinates":[-17.835998,28.821756]}},{"type":"Feature","properties":{"stop_id":"865","stop_code":"865","nombre":"Kiosko Gallegos B","descripcion":null,"longitud":-17.838109,"latitud":28.821996,"wheelchair_boarding":"0"},"geometry":{"type":"Point","coordinates":[-17.838109,28.821996]}},{"type":"Feature","properties":{"stop_id":"866","stop_code":"866","nombre":"Cruce Franceses B","descripcion":null,"longitud":-17.852606,"latitud":28.822584,"wheelchair_boarding":"0"},"geometry":{"type":"Point","coordinates":[-17.852606,28.822584]}},{"type":"Feature","properties":{"stop_id":"867","stop_code":"867","nombre":"Los Herreros B","descripcion":null,"longitud":-17.852493,"latitud":28.824746,"wheelchair_boarding":"0"},"geometry":{"type":"Point","coordinates":[-17.852493,28.824746]}},{"type":"Feature","properties":{"stop_id":"868","stop_code":"868","nombre":"Los Castro B","descripcion":null,"longitud":-17.854193,"latitud":28.8266,"wheelchair_boarding":"0"},"geometry":{"type":"Point","coordinates":[-17.854193,28.8266]}},{"type":"Feature","properties":{"stop_id":"869","stop_code":"869","nombre":"Casa Blanca B","descripcion":null,"longitud":-17.855268,"latitud":28.827444,"wheelchair_boarding":"0"},"geometry":{"type":"Point","coordinates":[-17.855268,28.827444]}},{"type":"Feature","properties":{"stop_id":"87","stop_code":"87","nombre":"Los Molinos B","descripcion":null,"longitud":-17.745144,"latitud":28.735193,"wheelchair_boarding":"2"},"geometry":{"type":"Point","coordinates":[-17.745144,28.735193]}},{"type":"Feature","properties":{"stop_id":"870","stop_code":"870","nombre":"Los Machines B","descripcion":null,"longitud":-17.858546,"latitud":28.82762,"wheelchair_boarding":"0"},"geometry":{"type":"Point","coordinates":[-17.858546,28.82762]}},{"type":"Feature","properties":{"stop_id":"871","stop_code":"871","nombre":"Los Machines 2 B","descripcion":null,"longitud":-17.860878,"latitud":28.825409,"wheelchair_boarding":"0"},"geometry":{"type":"Point","coordinates":[-17.860878,28.825409]}},{"type":"Feature","properties":{"stop_id":"872","stop_code":"872","nombre":"Lomo Los Machos B","descripcion":null,"longitud":-17.861984,"latitud":28.827075,"wheelchair_boarding":"0"},"geometry":{"type":"Point","coordinates":[-17.861984,28.827075]}},{"type":"Feature","properties":{"stop_id":"873","stop_code":"873","nombre":"Cancha B","descripcion":null,"longitud":-17.862715,"latitud":28.82509,"wheelchair_boarding":"0"},"geometry":{"type":"Point","coordinates":[-17.862715,28.82509]}},{"type":"Feature","properties":{"stop_id":"874","stop_code":"874","nombre":"Las Tierras B","descripcion":null,"longitud":-17.865636,"latitud":28.825972,"wheelchair_boarding":"0"},"geometry":{"type":"Point","coordinates":[-17.865636,28.825972]}},{"type":"Feature","properties":{"stop_id":"875","stop_code":"875","nombre":"La Montañita B","descripcion":null,"longitud":-17.862304,"latitud":28.820225,"wheelchair_boarding":"0"},"geometry":{"type":"Point","coordinates":[-17.862304,28.820225]}},{"type":"Feature","properties":{"stop_id":"876","stop_code":"876","nombre":"Los Pinos Altos B","descripcion":null,"longitud":-17.856866,"latitud":28.816887,"wheelchair_boarding":"0"},"geometry":{"type":"Point","coordinates":[-17.856866,28.816887]}},{"type":"Feature","properties":{"stop_id":"877","stop_code":"877","nombre":"Medianias B","descripcion":null,"longitud":-17.858715,"latitud":28.813929,"wheelchair_boarding":"0"},"geometry":{"type":"Point","coordinates":[-17.858715,28.813929]}},{"type":"Feature","properties":{"stop_id":"878","stop_code":"878","nombre":"Los Valles B","descripcion":null,"longitud":-17.863254,"latitud":28.814668,"wheelchair_boarding":"0"},"geometry":{"type":"Point","coordinates":[-17.863254,28.814668]}},{"type":"Feature","properties":{"stop_id":"879","stop_code":"879","nombre":"Cruz Del Castillo B","descripcion":null,"longitud":-17.871407,"latitud":28.802929,"wheelchair_boarding":"0"},"geometry":{"type":"Point","coordinates":[-17.871407,28.802929]}},{"type":"Feature","properties":{"stop_id":"88","stop_code":"88","nombre":"Santa Lucía 2 B","descripcion":null,"longitud":-17.74574,"latitud":28.730213,"wheelchair_boarding":"2"},"geometry":{"type":"Point","coordinates":[-17.74574,28.730213]}},{"type":"Feature","properties":{"stop_id":"880","stop_code":"880","nombre":"Casa Forestal B","descripcion":null,"longitud":-17.886389,"latitud":28.797544,"wheelchair_boarding":"0"},"geometry":{"type":"Point","coordinates":[-17.886389,28.797544]}},{"type":"Feature","properties":{"stop_id":"881","stop_code":"881","nombre":"Machín B","descripcion":null,"longitud":-17.893383,"latitud":28.796483,"wheelchair_boarding":"0"},"geometry":{"type":"Point","coordinates":[-17.893383,28.796483]}},{"type":"Feature","properties":{"stop_id":"882","stop_code":"882","nombre":"Cruce Don Pedro B","descripcion":null,"longitud":-17.904934,"latitud":28.807576,"wheelchair_boarding":"0"},"geometry":{"type":"Point","coordinates":[-17.904934,28.807576]}},{"type":"Feature","properties":{"stop_id":"883","stop_code":"883","nombre":"La Zarza B","descripcion":null,"longitud":-17.907779,"latitud":28.80665,"wheelchair_boarding":"0"},"geometry":{"type":"Point","coordinates":[-17.907779,28.80665]}},{"type":"Feature","properties":{"stop_id":"884","stop_code":"884","nombre":"Las Llanadas 1 B","descripcion":null,"longitud":-17.936063,"latitud":28.814266,"wheelchair_boarding":"0"},"geometry":{"type":"Point","coordinates":[-17.936063,28.814266]}},{"type":"Feature","properties":{"stop_id":"885","stop_code":"885","nombre":"Fuente La Hiedra","descripcion":null,"longitud":-17.938059,"latitud":28.816509,"wheelchair_boarding":"0"},"geometry":{"type":"Point","coordinates":[-17.938059,28.816509]}},{"type":"Feature","properties":{"stop_id":"886","stop_code":"886","nombre":"La Piadra 3 B","descripcion":null,"longitud":-17.944309,"latitud":28.818038,"wheelchair_boarding":"0"},"geometry":{"type":"Point","coordinates":[-17.944309,28.818038]}},{"type":"Feature","properties":{"stop_id":"887","stop_code":"887","nombre":"Calle Piedra","descripcion":null,"longitud":-17.944634,"latitud":28.819849,"wheelchair_boarding":"0"},"geometry":{"type":"Point","coordinates":[-17.944634,28.819849]}},{"type":"Feature","properties":{"stop_id":"888","stop_code":"888","nombre":"Santo Domingo B","descripcion":null,"longitud":-17.946523,"latitud":28.829128,"wheelchair_boarding":"0"},"geometry":{"type":"Point","coordinates":[-17.946523,28.829128]}},{"type":"Feature","properties":{"stop_id":"889","stop_code":"889","nombre":"Centro Salud B","descripcion":null,"longitud":-17.947919,"latitud":28.827872,"wheelchair_boarding":"0"},"geometry":{"type":"Point","coordinates":[-17.947919,28.827872]}},{"type":"Feature","properties":{"stop_id":"89","stop_code":"89","nombre":"Santa Lucía 1 B","descripcion":null,"longitud":-17.747453,"latitud":28.727879,"wheelchair_boarding":"2"},"geometry":{"type":"Point","coordinates":[-17.747453,28.727879]}},{"type":"Feature","properties":{"stop_id":"890","stop_code":"890","nombre":"El Calvario B","descripcion":null,"longitud":-17.952648,"latitud":28.822972,"wheelchair_boarding":"0"},"geometry":{"type":"Point","coordinates":[-17.952648,28.822972]}},{"type":"Feature","properties":{"stop_id":"891","stop_code":"891","nombre":"Cueva De Agua B","descripcion":null,"longitud":-17.956997,"latitud":28.816767,"wheelchair_boarding":"0"},"geometry":{"type":"Point","coordinates":[-17.956997,28.816767]}},{"type":"Feature","properties":{"stop_id":"892","stop_code":"892","nombre":"Bajada Callejoncitos B","descripcion":null,"longitud":-17.961781,"latitud":28.815088,"wheelchair_boarding":"0"},"geometry":{"type":"Point","coordinates":[-17.961781,28.815088]}},{"type":"Feature","properties":{"stop_id":"893","stop_code":"893","nombre":"Lomada Grande B","descripcion":null,"longitud":-17.968762,"latitud":28.805278,"wheelchair_boarding":"0"},"geometry":{"type":"Point","coordinates":[-17.968762,28.805278]}},{"type":"Feature","properties":{"stop_id":"894","stop_code":"894","nombre":"Lomada Grande 2","descripcion":null,"longitud":-17.967388,"latitud":28.803648,"wheelchair_boarding":"0"},"geometry":{"type":"Point","coordinates":[-17.967388,28.803648]}},{"type":"Feature","properties":{"stop_id":"895","stop_code":"895","nombre":"Lomada Grande 3","descripcion":null,"longitud":-17.967712,"latitud":28.803028,"wheelchair_boarding":"0"},"geometry":{"type":"Point","coordinates":[-17.967712,28.803028]}},{"type":"Feature","properties":{"stop_id":"896","stop_code":"896","nombre":"Finca Tierra","descripcion":null,"longitud":-17.969635,"latitud":28.796592,"wheelchair_boarding":"0"},"geometry":{"type":"Point","coordinates":[-17.969635,28.796592]}},{"type":"Feature","properties":{"stop_id":"897","stop_code":"897","nombre":"Cruce El Castillo B","descripcion":null,"longitud":-17.967551,"latitud":28.79225,"wheelchair_boarding":"0"},"geometry":{"type":"Point","coordinates":[-17.967551,28.79225]}},{"type":"Feature","properties":{"stop_id":"898","stop_code":"898","nombre":"Casa Cheche B","descripcion":null,"longitud":-17.969969,"latitud":28.789409,"wheelchair_boarding":"0"},"geometry":{"type":"Point","coordinates":[-17.969969,28.789409]}},{"type":"Feature","properties":{"stop_id":"899","stop_code":"899","nombre":"La Estrechez","descripcion":null,"longitud":-17.967565,"latitud":28.783642,"wheelchair_boarding":"0"},"geometry":{"type":"Point","coordinates":[-17.967565,28.783642]}},{"type":"Feature","properties":{"stop_id":"90","stop_code":"90","nombre":"La Lomadita B","descripcion":null,"longitud":-17.74643,"latitud":28.720859,"wheelchair_boarding":"2"},"geometry":{"type":"Point","coordinates":[-17.74643,28.720859]}},{"type":"Feature","properties":{"stop_id":"900","stop_code":"900","nombre":"Entrada Buracas B","descripcion":null,"longitud":-17.9662,"latitud":28.782205,"wheelchair_boarding":"0"},"geometry":{"type":"Point","coordinates":[-17.9662,28.782205]}},{"type":"Feature","properties":{"stop_id":"901","stop_code":"901","nombre":"Los Barreros B","descripcion":null,"longitud":-17.963039,"latitud":28.780562,"wheelchair_boarding":"0"},"geometry":{"type":"Point","coordinates":[-17.963039,28.780562]}},{"type":"Feature","properties":{"stop_id":"902","stop_code":"902","nombre":"Cruce Las Tricias B","descripcion":null,"longitud":-17.962471,"latitud":28.77561,"wheelchair_boarding":"0"},"geometry":{"type":"Point","coordinates":[-17.962471,28.77561]}},{"type":"Feature","properties":{"stop_id":"903","stop_code":"903","nombre":"La Rosa B","descripcion":null,"longitud":-17.969799,"latitud":28.772027,"wheelchair_boarding":"0"},"geometry":{"type":"Point","coordinates":[-17.969799,28.772027]}},{"type":"Feature","properties":{"stop_id":"905","stop_code":"905","nombre":"Cruce Puntagorda B","descripcion":null,"longitud":-17.976047,"latitud":28.765309,"wheelchair_boarding":"0"},"geometry":{"type":"Point","coordinates":[-17.976047,28.765309]}},{"type":"Feature","properties":{"stop_id":"906","stop_code":"906","nombre":"La Estrechez B","descripcion":null,"longitud":-17.967794,"latitud":28.783667,"wheelchair_boarding":"0"},"geometry":{"type":"Point","coordinates":[-17.967794,28.783667]}},{"type":"Feature","properties":{"stop_id":"907","stop_code":"907","nombre":"Finca Tierra B","descripcion":null,"longitud":-17.969715,"latitud":28.796635,"wheelchair_boarding":"0"},"geometry":{"type":"Point","coordinates":[-17.969715,28.796635]}},{"type":"Feature","properties":{"stop_id":"908","stop_code":"908","nombre":"Lomada Grande 2 B","descripcion":null,"longitud":-17.967669,"latitud":28.803868,"wheelchair_boarding":"0"},"geometry":{"type":"Point","coordinates":[-17.967669,28.803868]}},{"type":"Feature","properties":{"stop_id":"909","stop_code":"909","nombre":"Campo Fútbol","descripcion":null,"longitud":-17.949436,"latitud":28.826528,"wheelchair_boarding":"0"},"geometry":{"type":"Point","coordinates":[-17.949436,28.826528]}},{"type":"Feature","properties":{"stop_id":"91","stop_code":"91","nombre":"Parrilla Julio B","descripcion":null,"longitud":-17.747208,"latitud":28.717739,"wheelchair_boarding":"2"},"geometry":{"type":"Point","coordinates":[-17.747208,28.717739]}},{"type":"Feature","properties":{"stop_id":"910","stop_code":"910","nombre":"Centro Salud","descripcion":null,"longitud":-17.948019,"latitud":28.827877,"wheelchair_boarding":"0"},"geometry":{"type":"Point","coordinates":[-17.948019,28.827877]}},{"type":"Feature","properties":{"stop_id":"911","stop_code":"911","nombre":"La Piedra 1 B","descripcion":null,"longitud":-17.950438,"latitud":28.821413,"wheelchair_boarding":"0"},"geometry":{"type":"Point","coordinates":[-17.950438,28.821413]}},{"type":"Feature","properties":{"stop_id":"912","stop_code":"912","nombre":"La Piedra 2 B","descripcion":null,"longitud":-17.948063,"latitud":28.82046,"wheelchair_boarding":"0"},"geometry":{"type":"Point","coordinates":[-17.948063,28.82046]}},{"type":"Feature","properties":{"stop_id":"913","stop_code":"913","nombre":"Calle Piedra B","descripcion":null,"longitud":-17.94439,"latitud":28.820309,"wheelchair_boarding":"0"},"geometry":{"type":"Point","coordinates":[-17.94439,28.820309]}},{"type":"Feature","properties":{"stop_id":"914","stop_code":"914","nombre":"Fuente La Hiedra B","descripcion":null,"longitud":-17.937878,"latitud":28.816272,"wheelchair_boarding":"0"},"geometry":{"type":"Point","coordinates":[-17.937878,28.816272]}},{"type":"Feature","properties":{"stop_id":"915","stop_code":"915","nombre":"Las Llanadas 2 B","descripcion":null,"longitud":-17.931691,"latitud":28.806512,"wheelchair_boarding":"0"},"geometry":{"type":"Point","coordinates":[-17.931691,28.806512]}},{"type":"Feature","properties":{"stop_id":"916","stop_code":"916","nombre":"San Antonio B","descripcion":null,"longitud":-17.913827,"latitud":28.808276,"wheelchair_boarding":"0"},"geometry":{"type":"Point","coordinates":[-17.913827,28.808276]}},{"type":"Feature","properties":{"stop_id":"917","stop_code":"917","nombre":"La Mata B","descripcion":null,"longitud":-17.902176,"latitud":28.804009,"wheelchair_boarding":"0"},"geometry":{"type":"Point","coordinates":[-17.902176,28.804009]}},{"type":"Feature","properties":{"stop_id":"918","stop_code":"918","nombre":"Roque Faro B","descripcion":null,"longitud":-17.879428,"latitud":28.803335,"wheelchair_boarding":"0"},"geometry":{"type":"Point","coordinates":[-17.879428,28.803335]}},{"type":"Feature","properties":{"stop_id":"919","stop_code":"919","nombre":"Medianias","descripcion":null,"longitud":-17.858624,"latitud":28.813994,"wheelchair_boarding":"0"},"geometry":{"type":"Point","coordinates":[-17.858624,28.813994]}},{"type":"Feature","properties":{"stop_id":"92","stop_code":"92","nombre":"El Chicharro B","descripcion":null,"longitud":-17.751026,"latitud":28.71222,"wheelchair_boarding":"2"},"geometry":{"type":"Point","coordinates":[-17.751026,28.71222]}},{"type":"Feature","properties":{"stop_id":"920","stop_code":"920","nombre":"Cancha","descripcion":null,"longitud":-17.863111,"latitud":28.825269,"wheelchair_boarding":"0"},"geometry":{"type":"Point","coordinates":[-17.863111,28.825269]}},{"type":"Feature","properties":{"stop_id":"921","stop_code":"921","nombre":"Los Machines 2","descripcion":null,"longitud":-17.860807,"latitud":28.82559,"wheelchair_boarding":"0"},"geometry":{"type":"Point","coordinates":[-17.860807,28.82559]}},{"type":"Feature","properties":{"stop_id":"922","stop_code":"922","nombre":"Casa Blanca","descripcion":null,"longitud":-17.855135,"latitud":28.82744,"wheelchair_boarding":"0"},"geometry":{"type":"Point","coordinates":[-17.855135,28.82744]}},{"type":"Feature","properties":{"stop_id":"923","stop_code":"923","nombre":"Los Castro","descripcion":null,"longitud":-17.854113,"latitud":28.826526,"wheelchair_boarding":"0"},"geometry":{"type":"Point","coordinates":[-17.854113,28.826526]}},{"type":"Feature","properties":{"stop_id":"924","stop_code":"924","nombre":"Los Herreros","descripcion":null,"longitud":-17.852436,"latitud":28.824838,"wheelchair_boarding":"0"},"geometry":{"type":"Point","coordinates":[-17.852436,28.824838]}},{"type":"Feature","properties":{"stop_id":"925","stop_code":"925","nombre":"Cruce Franceses","descripcion":null,"longitud":-17.852559,"latitud":28.822504,"wheelchair_boarding":"0"},"geometry":{"type":"Point","coordinates":[-17.852559,28.822504]}},{"type":"Feature","properties":{"stop_id":"926","stop_code":"926","nombre":"Kiosko Gallegos","descripcion":null,"longitud":-17.838216,"latitud":28.822418,"wheelchair_boarding":"0"},"geometry":{"type":"Point","coordinates":[-17.838216,28.822418]}},{"type":"Feature","properties":{"stop_id":"927","stop_code":"927","nombre":"Spar Barlovento","descripcion":null,"longitud":-17.80527,"latitud":28.82839,"wheelchair_boarding":"0"},"geometry":{"type":"Point","coordinates":[-17.80527,28.82839]}},{"type":"Feature","properties":{"stop_id":"928","stop_code":"928","nombre":"Taller Manolo Díaz B","descripcion":null,"longitud":-17.782851,"latitud":28.643737,"wheelchair_boarding":"0"},"geometry":{"type":"Point","coordinates":[-17.782851,28.643737]}},{"type":"Feature","properties":{"stop_id":"929","stop_code":"929","nombre":"Nina Jaubert B","descripcion":null,"longitud":-17.78559,"latitud":28.646437,"wheelchair_boarding":"0"},"geometry":{"type":"Point","coordinates":[-17.78559,28.646437]}},{"type":"Feature","properties":{"stop_id":"93","stop_code":"93","nombre":"San Juanito B","descripcion":null,"longitud":-17.752645,"latitud":28.70949,"wheelchair_boarding":"2"},"geometry":{"type":"Point","coordinates":[-17.752645,28.70949]}},{"type":"Feature","properties":{"stop_id":"930","stop_code":"930","nombre":"Panadería Dragos Gemelos B","descripcion":null,"longitud":-17.786242,"latitud":28.647932,"wheelchair_boarding":"0"},"geometry":{"type":"Point","coordinates":[-17.786242,28.647932]}},{"type":"Feature","properties":{"stop_id":"931","stop_code":"931","nombre":"Charco Verde B","descripcion":null,"longitud":-17.900295,"latitud":28.573706,"wheelchair_boarding":"0"},"geometry":{"type":"Point","coordinates":[-17.900295,28.573706]}},{"type":"Feature","properties":{"stop_id":"932","stop_code":"932","nombre":"Manos De Oro B","descripcion":null,"longitud":-17.767156,"latitud":28.808431,"wheelchair_boarding":"0"},"geometry":{"type":"Point","coordinates":[-17.767156,28.808431]}},{"type":"Feature","properties":{"stop_id":"933","stop_code":"933","nombre":"Quinta Zoca B","descripcion":null,"longitud":-17.766992,"latitud":28.806989,"wheelchair_boarding":"0"},"geometry":{"type":"Point","coordinates":[-17.766992,28.806989]}},{"type":"Feature","properties":{"stop_id":"934","stop_code":"934","nombre":"El Cardal 1 B","descripcion":null,"longitud":-17.765979,"latitud":28.805535,"wheelchair_boarding":"0"},"geometry":{"type":"Point","coordinates":[-17.765979,28.805535]}},{"type":"Feature","properties":{"stop_id":"935","stop_code":"935","nombre":"El Cardal 2 B","descripcion":null,"longitud":-17.764782,"latitud":28.805204,"wheelchair_boarding":"0"},"geometry":{"type":"Point","coordinates":[-17.764782,28.805204]}},{"type":"Feature","properties":{"stop_id":"936","stop_code":"936","nombre":"Curva El Valle B","descripcion":null,"longitud":-17.76346,"latitud":28.803049,"wheelchair_boarding":"0"},"geometry":{"type":"Point","coordinates":[-17.76346,28.803049]}},{"type":"Feature","properties":{"stop_id":"937","stop_code":"937","nombre":"Charco Azul","descripcion":null,"longitud":-17.763185,"latitud":28.806853,"wheelchair_boarding":"0"},"geometry":{"type":"Point","coordinates":[-17.763185,28.806853]}},{"type":"Feature","properties":{"stop_id":"938","stop_code":"938","nombre":"Cruz Grande B","descripcion":null,"longitud":-17.761919,"latitud":28.801625,"wheelchair_boarding":"0"},"geometry":{"type":"Point","coordinates":[-17.761919,28.801625]}},{"type":"Feature","properties":{"stop_id":"939","stop_code":"939","nombre":"Cruz Grande","descripcion":null,"longitud":-17.762025,"latitud":28.801711,"wheelchair_boarding":"0"},"geometry":{"type":"Point","coordinates":[-17.762025,28.801711]}},{"type":"Feature","properties":{"stop_id":"94","stop_code":"94","nombre":"Barranco Seco B","descripcion":null,"longitud":-17.756744,"latitud":28.708792,"wheelchair_boarding":"2"},"geometry":{"type":"Point","coordinates":[-17.756744,28.708792]}},{"type":"Feature","properties":{"stop_id":"940","stop_code":"940","nombre":"Curva El Valle","descripcion":null,"longitud":-17.763359,"latitud":28.80269,"wheelchair_boarding":"0"},"geometry":{"type":"Point","coordinates":[-17.763359,28.80269]}},{"type":"Feature","properties":{"stop_id":"941","stop_code":"941","nombre":"El Cardal 2","descripcion":null,"longitud":-17.764799,"latitud":28.805103,"wheelchair_boarding":"0"},"geometry":{"type":"Point","coordinates":[-17.764799,28.805103]}},{"type":"Feature","properties":{"stop_id":"942","stop_code":"942","nombre":"El Cardal 1","descripcion":null,"longitud":-17.765909,"latitud":28.805466,"wheelchair_boarding":"0"},"geometry":{"type":"Point","coordinates":[-17.765909,28.805466]}},{"type":"Feature","properties":{"stop_id":"943","stop_code":"943","nombre":"Quinta Zoca","descripcion":null,"longitud":-17.767276,"latitud":28.806662,"wheelchair_boarding":"0"},"geometry":{"type":"Point","coordinates":[-17.767276,28.806662]}},{"type":"Feature","properties":{"stop_id":"944","stop_code":"944","nombre":"Manos De Oro","descripcion":null,"longitud":-17.76727,"latitud":28.808595,"wheelchair_boarding":"0"},"geometry":{"type":"Point","coordinates":[-17.76727,28.808595]}},{"type":"Feature","properties":{"stop_id":"945","stop_code":"945","nombre":"Correos San Pedro B","descripcion":null,"longitud":-17.788343,"latitud":28.662499,"wheelchair_boarding":"0"},"geometry":{"type":"Point","coordinates":[-17.788343,28.662499]}},{"type":"Feature","properties":{"stop_id":"946","stop_code":"946","nombre":"La Palmera","descripcion":null,"longitud":-17.789748,"latitud":28.63982,"wheelchair_boarding":"0"},"geometry":{"type":"Point","coordinates":[-17.789748,28.63982]}},{"type":"Feature","properties":{"stop_id":"947","stop_code":"947","nombre":"La Fuente","descripcion":null,"longitud":-17.792971,"latitud":28.642181,"wheelchair_boarding":"0"},"geometry":{"type":"Point","coordinates":[-17.792971,28.642181]}},{"type":"Feature","properties":{"stop_id":"948","stop_code":"948","nombre":"Aguacate","descripcion":null,"longitud":-17.771068,"latitud":28.685406,"wheelchair_boarding":"0"},"geometry":{"type":"Point","coordinates":[-17.771068,28.685406]}},{"type":"Feature","properties":{"stop_id":"949","stop_code":"949","nombre":"Aguacate B","descripcion":null,"longitud":-17.771125,"latitud":28.685412,"wheelchair_boarding":"0"},"geometry":{"type":"Point","coordinates":[-17.771125,28.685412]}},{"type":"Feature","properties":{"stop_id":"95","stop_code":"95","nombre":"Cruce Mirca B","descripcion":null,"longitud":-17.759417,"latitud":28.700647,"wheelchair_boarding":"2"},"geometry":{"type":"Point","coordinates":[-17.759417,28.700647]}},{"type":"Feature","properties":{"stop_id":"950","stop_code":"950","nombre":"El Pilar 1","descripcion":null,"longitud":-17.767069,"latitud":28.687133,"wheelchair_boarding":"0"},"geometry":{"type":"Point","coordinates":[-17.767069,28.687133]}},{"type":"Feature","properties":{"stop_id":"951","stop_code":"951","nombre":"Las Tierritas 1","descripcion":null,"longitud":-17.780944,"latitud":28.690086,"wheelchair_boarding":"0"},"geometry":{"type":"Point","coordinates":[-17.780944,28.690086]}},{"type":"Feature","properties":{"stop_id":"952","stop_code":"952","nombre":"San Juanito A","descripcion":null,"longitud":-17.752629,"latitud":28.709834,"wheelchair_boarding":"0"},"geometry":{"type":"Point","coordinates":[-17.752629,28.709834]}},{"type":"Feature","properties":{"stop_id":"953","stop_code":"953","nombre":"Cuatro Caminos A","descripcion":null,"longitud":-17.775734,"latitud":28.654773,"wheelchair_boarding":"0"},"geometry":{"type":"Point","coordinates":[-17.775734,28.654773]}},{"type":"Feature","properties":{"stop_id":"954","stop_code":"954","nombre":"Canchas De Pádel","descripcion":null,"longitud":-17.769725,"latitud":28.793769,"wheelchair_boarding":"0"},"geometry":{"type":"Point","coordinates":[-17.769725,28.793769]}},{"type":"Feature","properties":{"stop_id":"955","stop_code":"955","nombre":"Puente Roto","descripcion":null,"longitud":-17.807787,"latitud":28.548287,"wheelchair_boarding":"0"},"geometry":{"type":"Point","coordinates":[-17.807787,28.548287]}},{"type":"Feature","properties":{"stop_id":"956","stop_code":"956","nombre":"Puente Roto B","descripcion":null,"longitud":-17.807686,"latitud":28.548214,"wheelchair_boarding":"0"},"geometry":{"type":"Point","coordinates":[-17.807686,28.548214]}},{"type":"Feature","properties":{"stop_id":"957","stop_code":"957","nombre":"Risco Alto","descripcion":null,"longitud":-17.760288,"latitud":28.642528,"wheelchair_boarding":"0"},"geometry":{"type":"Point","coordinates":[-17.760288,28.642528]}},{"type":"Feature","properties":{"stop_id":"958","stop_code":"958","nombre":"Cruce Machuqueras","descripcion":null,"longitud":-17.853605,"latitud":28.490114,"wheelchair_boarding":"0"},"geometry":{"type":"Point","coordinates":[-17.853605,28.490114]}},{"type":"Feature","properties":{"stop_id":"959","stop_code":"959","nombre":"Los Quemados","descripcion":null,"longitud":-17.856318,"latitud":28.492718,"wheelchair_boarding":"0"},"geometry":{"type":"Point","coordinates":[-17.856318,28.492718]}},{"type":"Feature","properties":{"stop_id":"96","stop_code":"96","nombre":"Barriada Mirca B","descripcion":null,"longitud":-17.76058,"latitud":28.697804,"wheelchair_boarding":"2"},"geometry":{"type":"Point","coordinates":[-17.76058,28.697804]}},{"type":"Feature","properties":{"stop_id":"961","stop_code":"961","nombre":"La Montaña","descripcion":null,"longitud":-17.917491,"latitud":28.656284,"wheelchair_boarding":"0"},"geometry":{"type":"Point","coordinates":[-17.917491,28.656284]}},{"type":"Feature","properties":{"stop_id":"962","stop_code":"962","nombre":"Curva La Marina","descripcion":null,"longitud":-17.930369,"latitud":28.639492,"wheelchair_boarding":"0"},"geometry":{"type":"Point","coordinates":[-17.930369,28.639492]}},{"type":"Feature","properties":{"stop_id":"963","stop_code":"963","nombre":"Tigalate Arriba B","descripcion":null,"longitud":-17.801186,"latitud":28.553988,"wheelchair_boarding":"0"},"geometry":{"type":"Point","coordinates":[-17.801186,28.553988]}},{"type":"Feature","properties":{"stop_id":"964","stop_code":"964","nombre":"Playa Echentive B","descripcion":null,"longitud":-17.850383,"latitud":28.460633,"wheelchair_boarding":"2"},"geometry":{"type":"Point","coordinates":[-17.850383,28.460633]}},{"type":"Feature","properties":{"stop_id":"965","stop_code":"965","nombre":"Puerto Espindola","descripcion":null,"longitud":-17.763148,"latitud":28.808652,"wheelchair_boarding":"2"},"geometry":{"type":"Point","coordinates":[-17.763148,28.808652]}},{"type":"Feature","properties":{"stop_id":"966","stop_code":"966","nombre":"El Remo","descripcion":null,"longitud":-17.888785,"latitud":28.552793,"wheelchair_boarding":"2"},"geometry":{"type":"Point","coordinates":[-17.888785,28.552793]}},{"type":"Feature","properties":{"stop_id":"967","stop_code":"967","nombre":"Marina Alta","descripcion":null,"longitud":-17.921499,"latitud":28.635712,"wheelchair_boarding":"2"},"geometry":{"type":"Point","coordinates":[-17.921499,28.635712]}},{"type":"Feature","properties":{"stop_id":"968","stop_code":"968","nombre":"Casa Verde","descripcion":null,"longitud":-17.924266,"latitud":28.633813,"wheelchair_boarding":"2"},"geometry":{"type":"Point","coordinates":[-17.924266,28.633813]}},{"type":"Feature","properties":{"stop_id":"969","stop_code":"969","nombre":"Campo Fútbol","descripcion":null,"longitud":-17.930124,"latitud":28.632312,"wheelchair_boarding":"2"},"geometry":{"type":"Point","coordinates":[-17.930124,28.632312]}},{"type":"Feature","properties":{"stop_id":"97","stop_code":"97","nombre":"Barranco Del Carmen B","descripcion":null,"longitud":-17.764285,"latitud":28.69507,"wheelchair_boarding":"2"},"geometry":{"type":"Point","coordinates":[-17.764285,28.69507]}},{"type":"Feature","properties":{"stop_id":"970","stop_code":"970","nombre":"San Borondón","descripcion":null,"longitud":-17.931809,"latitud":28.636025,"wheelchair_boarding":"2"},"geometry":{"type":"Point","coordinates":[-17.931809,28.636025]}},{"type":"Feature","properties":{"stop_id":"971","stop_code":"971","nombre":"Ayuntamiento Tazacorte","descripcion":null,"longitud":-17.933302,"latitud":28.640581,"wheelchair_boarding":"2"},"geometry":{"type":"Point","coordinates":[-17.933302,28.640581]}},{"type":"Feature","properties":{"stop_id":"972","stop_code":"972","nombre":"Cruce Los Aguilares","descripcion":null,"longitud":-17.800614,"latitud":28.830633,"wheelchair_boarding":"2"},"geometry":{"type":"Point","coordinates":[-17.800614,28.830633]}},{"type":"Feature","properties":{"stop_id":"973","stop_code":"973","nombre":"Finca Amado","descripcion":null,"longitud":-17.776191,"latitud":28.635419,"wheelchair_boarding":"2"},"geometry":{"type":"Point","coordinates":[-17.776191,28.635419]}},{"type":"Feature","properties":{"stop_id":"975","stop_code":"975","nombre":"Caseta Cabildo","descripcion":null,"longitud":-17.933123,"latitud":28.783808,"wheelchair_boarding":"2"},"geometry":{"type":"Point","coordinates":[-17.933123,28.783808]}},{"type":"Feature","properties":{"stop_id":"976","stop_code":"976","nombre":"Julia Paula","descripcion":null,"longitud":-17.926653,"latitud":28.789169,"wheelchair_boarding":"2"},"geometry":{"type":"Point","coordinates":[-17.926653,28.789169]}},{"type":"Feature","properties":{"stop_id":"977","stop_code":"977","nombre":"Cruce Los Aguilares B","descripcion":null,"longitud":-17.800821,"latitud":28.830689,"wheelchair_boarding":"2"},"geometry":{"type":"Point","coordinates":[-17.800821,28.830689]}},{"type":"Feature","properties":{"stop_id":"979","stop_code":"979","nombre":"La Marina B","descripcion":null,"longitud":-17.930973,"latitud":28.638855,"wheelchair_boarding":"2"},"geometry":{"type":"Point","coordinates":[-17.930973,28.638855]}},{"type":"Feature","properties":{"stop_id":"98","stop_code":"98","nombre":"Explanadas B","descripcion":null,"longitud":-17.760207,"latitud":28.689303,"wheelchair_boarding":"2"},"geometry":{"type":"Point","coordinates":[-17.760207,28.689303]}},{"type":"Feature","properties":{"stop_id":"980","stop_code":"980","nombre":"Los Catalanes","descripcion":null,"longitud":-17.811147,"latitud":28.826742,"wheelchair_boarding":"2"},"geometry":{"type":"Point","coordinates":[-17.811147,28.826742]}},{"type":"Feature","properties":{"stop_id":"981","stop_code":"981","nombre":"Farmacia Argual","descripcion":null,"longitud":-17.921425,"latitud":28.658564,"wheelchair_boarding":"2"},"geometry":{"type":"Point","coordinates":[-17.921425,28.658564]}},{"type":"Feature","properties":{"stop_id":"982","stop_code":"982","nombre":"Jardín Tropical","descripcion":null,"longitud":-17.77948,"latitud":28.668428,"wheelchair_boarding":"2"},"geometry":{"type":"Point","coordinates":[-17.77948,28.668428]}},{"type":"Feature","properties":{"stop_id":"983","stop_code":"983","nombre":"Centro Paso B","descripcion":null,"longitud":-17.880689,"latitud":28.650262,"wheelchair_boarding":"0"},"geometry":{"type":"Point","coordinates":[-17.880689,28.650262]}},{"type":"Feature","properties":{"stop_id":"984","stop_code":"984","nombre":"C.I.F.P. Virgen De Las Nieves","descripcion":null,"longitud":-17.766337,"latitud":28.695179,"wheelchair_boarding":"0"},"geometry":{"type":"Point","coordinates":[-17.766337,28.695179]}},{"type":"Feature","properties":{"stop_id":"985","stop_code":"985","nombre":"E. A. Manolo Blahnik","descripcion":null,"longitud":-17.771811,"latitud":28.680341,"wheelchair_boarding":"0"},"geometry":{"type":"Point","coordinates":[-17.771811,28.680341]}},{"type":"Feature","properties":{"stop_id":"987","stop_code":"987","nombre":"Urb. Los Nacientes A","descripcion":null,"longitud":-17.77031,"latitud":28.686791,"wheelchair_boarding":"0"},"geometry":{"type":"Point","coordinates":[-17.77031,28.686791]}},{"type":"Feature","properties":{"stop_id":"988","stop_code":"988","nombre":"Kiosco Eliseo","descripcion":null,"longitud":-17.765541,"latitud":28.685027,"wheelchair_boarding":"0"},"geometry":{"type":"Point","coordinates":[-17.765541,28.685027]}},{"type":"Feature","properties":{"stop_id":"989","stop_code":"989","nombre":"Puente Chatarra A","descripcion":null,"longitud":-17.762285,"latitud":28.688368,"wheelchair_boarding":"0"},"geometry":{"type":"Point","coordinates":[-17.762285,28.688368]}},{"type":"Feature","properties":{"stop_id":"99","stop_code":"99","nombre":"Castillete B","descripcion":null,"longitud":-17.759857,"latitud":28.68703,"wheelchair_boarding":"2"},"geometry":{"type":"Point","coordinates":[-17.759857,28.68703]}},{"type":"Feature","properties":{"stop_id":"990","stop_code":"990","nombre":"Puente Chatarra B","descripcion":null,"longitud":-17.762209,"latitud":28.688297,"wheelchair_boarding":"0"},"geometry":{"type":"Point","coordinates":[-17.762209,28.688297]}},{"type":"Feature","properties":{"stop_id":"991","stop_code":"991","nombre":"Mercado","descripcion":null,"longitud":-17.916927,"latitud":28.659042,"wheelchair_boarding":"0"},"geometry":{"type":"Point","coordinates":[-17.916927,28.659042]}},{"type":"Feature","properties":{"stop_id":"992","stop_code":"992","nombre":"Centro Paso A","descripcion":null,"longitud":-17.881952,"latitud":28.651222,"wheelchair_boarding":"0"},"geometry":{"type":"Point","coordinates":[-17.881952,28.651222]}},{"type":"Feature","properties":{"stop_id":"993","stop_code":"993","nombre":"Plaza Aguatavar A","descripcion":null,"longitud":-17.959146,"latitud":28.724421,"wheelchair_boarding":"0"},"geometry":{"type":"Point","coordinates":[-17.959146,28.724421]}},{"type":"Feature","properties":{"stop_id":"994","stop_code":"994","nombre":"Centro Tijarafe A","descripcion":null,"longitud":-17.954633,"latitud":28.710203,"wheelchair_boarding":"0"},"geometry":{"type":"Point","coordinates":[-17.954633,28.710203]}},{"type":"Feature","properties":{"stop_id":"995","stop_code":"995","nombre":"Valle De La Luna 1","descripcion":null,"longitud":-17.775108,"latitud":28.677499,"wheelchair_boarding":"0"},"geometry":{"type":"Point","coordinates":[-17.775108,28.677499]}},{"type":"Feature","properties":{"stop_id":"996","stop_code":"996","nombre":"El Rellanito B","descripcion":null,"longitud":-17.972189,"latitud":28.769084,"wheelchair_boarding":"0"},"geometry":{"type":"Point","coordinates":[-17.972189,28.769084]}},{"type":"Feature","properties":{"stop_id":"997","stop_code":"997","nombre":"Mirador Garome A","descripcion":null,"longitud":-17.966685,"latitud":28.746798,"wheelchair_boarding":"0"},"geometry":{"type":"Point","coordinates":[-17.966685,28.746798]}},{"type":"Feature","properties":{"stop_id":"998","stop_code":"998","nombre":"La Punta B","descripcion":null,"longitud":-17.943484,"latitud":28.676223,"wheelchair_boarding":"0"},"geometry":{"type":"Point","coordinates":[-17.943484,28.676223]}}]}