{"type":"FeatureCollection","name":"puntos-interes-senderos-la-palma-20140101","crs":{"type":"name","properties":{"name":"urn:ogc:def:crs:OGC:1.3:CRS84"}},"features":[{"type":"Feature","properties":{"id_punto":1,"codigo":"PDI-GR1301-00013","tipo":"Servicios","subtipo":"Viveres_Bar_Rest","descripcion":"Restaurante Sanavadit"},"geometry":{"type":"Point","coordinates":[-17.759504,28.701376]}},{"type":"Feature","properties":{"id_punto":2,"codigo":"PDI-GR1301-00012","tipo":"Servicios","subtipo":"Viveres_Bar_Rest","descripcion":"Kiosko Mirca"},"geometry":{"type":"Point","coordinates":[-17.760653,28.698448]}},{"type":"Feature","properties":{"id_punto":3,"codigo":"PDI-GR1301-00007","tipo":"Servicios","subtipo":"Viveres_Bar_Rest","descripcion":"Kiosko La Alameda"},"geometry":{"type":"Point","coordinates":[-17.761145,28.687917]}},{"type":"Feature","properties":{"id_punto":4,"codigo":"PDI-GR1301-00006","tipo":"Servicios","subtipo":"Viveres_Bar_Rest","descripcion":"Bar Arepera El Encuentro La Alameda"},"geometry":{"type":"Point","coordinates":[-17.76121,28.687552]}},{"type":"Feature","properties":{"id_punto":5,"codigo":"PDI-GR1301-00005","tipo":"Servicios","subtipo":"Viveres_Tienda","descripcion":"Supermercado Spar"},"geometry":{"type":"Point","coordinates":[-17.761556,28.686897]}},{"type":"Feature","properties":{"id_punto":6,"codigo":"PDI-GR1301-00003","tipo":"Servicios","subtipo":"Aloj_Otros","descripcion":"Apartamentos La Fuente"},"geometry":{"type":"Point","coordinates":[-17.762619,28.685562]}},{"type":"Feature","properties":{"id_punto":7,"codigo":"PDI-GR1301-00002","tipo":"Servicios","subtipo":"Viveres_Bar_Rest","descripcion":"Restaurante La Placeta"},"geometry":{"type":"Point","coordinates":[-17.763181,28.684732]}},{"type":"Feature","properties":{"id_punto":8,"codigo":"PDI-GR1301-00001","tipo":"Servicios","subtipo":"Viveres_Bar_Rest","descripcion":"Café Restaurante Mandarina Blue"},"geometry":{"type":"Point","coordinates":[-17.763343,28.684613]}},{"type":"Feature","properties":{"id_punto":9,"codigo":"PDI-GR1301-00014","tipo":"Servicios","subtipo":"Otros","descripcion":"Mirador de Los Gomeros"},"geometry":{"type":"Point","coordinates":[-17.755133,28.703487]}},{"type":"Feature","properties":{"id_punto":10,"codigo":"PDI-GR1301-00008","tipo":"Cultural","subtipo":"Arq_Civil","descripcion":"Barco de la Virgen (Museo Naval)"},"geometry":{"type":"Point","coordinates":[-17.761144,28.688187]}},{"type":"Feature","properties":{"id_punto":11,"codigo":"PDI-GR1301-00010","tipo":"Cultural","subtipo":"Arq_Civil","descripcion":"Castillo de San Gerardo"},"geometry":{"type":"Point","coordinates":[-17.760016,28.689363]}},{"type":"Feature","properties":{"id_punto":12,"codigo":"PDI-GR1301-00004","tipo":"Cultural","subtipo":"Arq_Civil","descripcion":"Acera Ancha"},"geometry":{"type":"Point","coordinates":[-17.7625,28.685699]}},{"type":"Feature","properties":{"id_punto":13,"codigo":"PDI-GR1301-00011","tipo":"Natural","subtipo":"Geol_Barranco","descripcion":"Barranco del Carmen"},"geometry":{"type":"Point","coordinates":[-17.763559,28.694517]}},{"type":"Feature","properties":{"id_punto":14,"codigo":"PDI-GR1301-00020","tipo":"Natural","subtipo":"Geol_Barranco","descripcion":"Barranco del Agua"},"geometry":{"type":"Point","coordinates":[-17.750238,28.724648]}},{"type":"Feature","properties":{"id_punto":15,"codigo":"PDI-GR1301-00015","tipo":"Natural","subtipo":"Geol_Barranco","descripcion":"Barranco de Los Gomeros"},"geometry":{"type":"Point","coordinates":[-17.757355,28.705553]}},{"type":"Feature","properties":{"id_punto":16,"codigo":"PDI-GR1301-00024","tipo":"Cultural","subtipo":"Arq_Civil","descripcion":"Antiguo molino de viento"},"geometry":{"type":"Point","coordinates":[-17.745232,28.73057]}},{"type":"Feature","properties":{"id_punto":17,"codigo":"PDI-GR1301-00009","tipo":"Natural","subtipo":"Geol_Barranco","descripcion":"Barranco de Las Nieves"},"geometry":{"type":"Point","coordinates":[-17.759734,28.688608]}},{"type":"Feature","properties":{"id_punto":18,"codigo":"PDI-GR1301-00030","tipo":"Cultural","subtipo":"Arq_Religiosa","descripcion":"Iglesia de San Juan de Puntallana"},"geometry":{"type":"Point","coordinates":[-17.744695,28.740424]}},{"type":"Feature","properties":{"id_punto":19,"codigo":"PDI-GR1301-00023","tipo":"Cultural","subtipo":"Etnog_Otros","descripcion":"Calvario"},"geometry":{"type":"Point","coordinates":[-17.748055,28.728632]}},{"type":"Feature","properties":{"id_punto":20,"codigo":"PDI-GR1301-00025","tipo":"Servicios","subtipo":"Otros","descripcion":"Chorro de agua potable"},"geometry":{"type":"Point","coordinates":[-17.7457,28.737067]}},{"type":"Feature","properties":{"id_punto":21,"codigo":"PDI-GR1301-00018","tipo":"Cultural","subtipo":"Etnog_Otros","descripcion":"Cruz votiva"},"geometry":{"type":"Point","coordinates":[-17.74647,28.721231]}},{"type":"Feature","properties":{"id_punto":22,"codigo":"PDI-GR1301-00017","tipo":"Cultural","subtipo":"Etnog_Otros","descripcion":"Cruz votiva"},"geometry":{"type":"Point","coordinates":[-17.750788,28.715607]}},{"type":"Feature","properties":{"id_punto":23,"codigo":"PDI-GR1301-00028","tipo":"Servicios","subtipo":"Viveres_Bar_Rest","descripcion":"Bar Halley"},"geometry":{"type":"Point","coordinates":[-17.74454,28.739096]}},{"type":"Feature","properties":{"id_punto":24,"codigo":"PDI-GR1301-00029","tipo":"Servicios","subtipo":"Viveres_Tienda","descripcion":"Supermercado Spar"},"geometry":{"type":"Point","coordinates":[-17.745458,28.740164]}},{"type":"Feature","properties":{"id_punto":25,"codigo":"PDI-GR1301-00021","tipo":"Cultural","subtipo":"Arq_Civil","descripcion":"Portada rehabilitada"},"geometry":{"type":"Point","coordinates":[-17.750253,28.726611]}},{"type":"Feature","properties":{"id_punto":26,"codigo":"PDI-GR1301-00019","tipo":"Natural","subtipo":"Biol_Botanica","descripcion":"Ladera cubierta de rabo de gato (Pennisetum setaceum)"},"geometry":{"type":"Point","coordinates":[-17.748932,28.724401]}},{"type":"Feature","properties":{"id_punto":27,"codigo":"PDI-GR1301-00022","tipo":"Cultural","subtipo":"Arq_Religiosa","descripcion":"Ermita de Santa Lucía (s. XVI)"},"geometry":{"type":"Point","coordinates":[-17.750178,28.726542]}},{"type":"Feature","properties":{"id_punto":28,"codigo":"PDI-GR1301-00026","tipo":"Cultural","subtipo":"Arq_Civil","descripcion":"Vivienda tradicional con tinglado"},"geometry":{"type":"Point","coordinates":[-17.745346,28.737384]}},{"type":"Feature","properties":{"id_punto":29,"codigo":"PDI-GR1301-00027","tipo":"Servicios","subtipo":"Otros","descripcion":"Camino El Tejal"},"geometry":{"type":"Point","coordinates":[-17.74526,28.737925]}},{"type":"Feature","properties":{"id_punto":30,"codigo":"PDI-GR1301-00016","tipo":"Natural","subtipo":"Geol_Barranco","descripcion":"Barranco Seco"},"geometry":{"type":"Point","coordinates":[-17.75727,28.709832]}},{"type":"Feature","properties":{"id_punto":31,"codigo":"PDI-GR1302-00014","tipo":"Cultural","subtipo":"Etnog_Otros","descripcion":"Horno de cal (siglo XVII)"},"geometry":{"type":"Point","coordinates":[-17.75984,28.801339]}},{"type":"Feature","properties":{"id_punto":32,"codigo":"PDI-GR1302-00009","tipo":"Cultural","subtipo":"Arq_Religiosa","descripcion":"Calvario amurallado"},"geometry":{"type":"Point","coordinates":[-17.760944,28.794603]}},{"type":"Feature","properties":{"id_punto":33,"codigo":"PDI-GR1302-00003","tipo":"Servicios","subtipo":"Otros","descripcion":"Punto en el que el GR 130 abandona la carretera de El Granel"},"geometry":{"type":"Point","coordinates":[-17.74383,28.75813]}},{"type":"Feature","properties":{"id_punto":34,"codigo":"PDI-GR1302-00012","tipo":"Servicios","subtipo":"Aloj_Otros","descripcion":"Pensión Martín"},"geometry":{"type":"Point","coordinates":[-17.761095,28.799262]}},{"type":"Feature","properties":{"id_punto":35,"codigo":"PDI-GR1302-00011","tipo":"Servicios","subtipo":"Aloj_Otros","descripcion":"Pensión Las Lonjas"},"geometry":{"type":"Point","coordinates":[-17.760871,28.798569]}},{"type":"Feature","properties":{"id_punto":36,"codigo":"PDI-GR1302-00013","tipo":"Cultural","subtipo":"Arq_Religiosa","descripcion":"Iglesia de San Andrés"},"geometry":{"type":"Point","coordinates":[-17.760753,28.799599]}},{"type":"Feature","properties":{"id_punto":37,"codigo":"PDI-GR1302-00010","tipo":"Cultural","subtipo":"Arq_Religiosa","descripcion":"Iglesia de San Sebastián"},"geometry":{"type":"Point","coordinates":[-17.760154,28.796993]}},{"type":"Feature","properties":{"id_punto":38,"codigo":"PDI-GR1302-00008","tipo":"Natural","subtipo":"Geol_Barranco","descripcion":"Barranco de San Juan"},"geometry":{"type":"Point","coordinates":[-17.761222,28.791]}},{"type":"Feature","properties":{"id_punto":39,"codigo":"PDI-GR1302-00007","tipo":"Natural","subtipo":"Biol_Botanica","descripcion":"Vegetación de costa (Tamarix canariensis, Astydamia latifolia y Argyranthemum sp.)"},"geometry":{"type":"Point","coordinates":[-17.758583,28.791611]}},{"type":"Feature","properties":{"id_punto":40,"codigo":"PDI-GR1302-00006","tipo":"Natural","subtipo":"Geol_Barranco","descripcion":"Barranco de La Galga"},"geometry":{"type":"Point","coordinates":[-17.755306,28.781556]}},{"type":"Feature","properties":{"id_punto":41,"codigo":"PDI-GR1302-00005","tipo":"Natural","subtipo":"Geol_Barranco","descripcion":"Barranco de Nogales"},"geometry":{"type":"Point","coordinates":[-17.748361,28.766639]}},{"type":"Feature","properties":{"id_punto":42,"codigo":"PDI-GR1302-00004","tipo":"Natural","subtipo":"Geol_Otros","descripcion":"Vista de la Playa de Nogales"},"geometry":{"type":"Point","coordinates":[-17.744861,28.764083]}},{"type":"Feature","properties":{"id_punto":43,"codigo":"PDI-GR1302-00024","tipo":"Cultural","subtipo":"Toponimo","descripcion":"Lomo Romero"},"geometry":{"type":"Point","coordinates":[-17.79395,28.81595]}},{"type":"Feature","properties":{"id_punto":44,"codigo":"PDI-GR1302-00021","tipo":"Cultural","subtipo":"Etnog_Otros","descripcion":"Cruz de Aparicio"},"geometry":{"type":"Point","coordinates":[-17.782218,28.813281]}},{"type":"Feature","properties":{"id_punto":45,"codigo":"PDI-GR1302-00027","tipo":"Servicios","subtipo":"Otros","descripcion":"Camino Barranquito del Rey"},"geometry":{"type":"Point","coordinates":[-17.804139,28.826278]}},{"type":"Feature","properties":{"id_punto":46,"codigo":"PDI-GR1302-00026","tipo":"Servicios","subtipo":"Otros","descripcion":"Punto de contacto del GR 130 con la carretera LP-107"},"geometry":{"type":"Point","coordinates":[-17.799361,28.820917]}},{"type":"Feature","properties":{"id_punto":47,"codigo":"PDI-GR1302-00025","tipo":"Servicios","subtipo":"Otros","descripcion":"Punto de contacto del GR 130 con la carretera LP-107"},"geometry":{"type":"Point","coordinates":[-17.796583,28.816639]}},{"type":"Feature","properties":{"id_punto":48,"codigo":"PDI-GR1302-00020","tipo":"Cultural","subtipo":"Etnog_Otros","descripcion":"Cruz votiva de pequeño tamaño"},"geometry":{"type":"Point","coordinates":[-17.780028,28.812528]}},{"type":"Feature","properties":{"id_punto":49,"codigo":"PDI-GR1302-00019","tipo":"Servicios","subtipo":"Otros","descripcion":"Carretera LP-1 (Circunvalación Norte)"},"geometry":{"type":"Point","coordinates":[-17.778556,28.812889]}},{"type":"Feature","properties":{"id_punto":50,"codigo":"PDI-GR1302-00018","tipo":"Servicios","subtipo":"Otros","descripcion":"Mirador sobre el Barranco de La Herradura"},"geometry":{"type":"Point","coordinates":[-17.778833,28.809139]}},{"type":"Feature","properties":{"id_punto":51,"codigo":"PDI-GR1302-00015","tipo":"Cultural","subtipo":"Arq_Religiosa","descripcion":"Iglesia de Nuestra Señora de Montserrat"},"geometry":{"type":"Point","coordinates":[-17.773916,28.804629]}},{"type":"Feature","properties":{"id_punto":52,"codigo":"PDI-GR1302-00017","tipo":"Servicios","subtipo":"Viveres_Tienda","descripcion":"Panadería"},"geometry":{"type":"Point","coordinates":[-17.776722,28.806028]}},{"type":"Feature","properties":{"id_punto":53,"codigo":"PDI-GR1302-00016","tipo":"Cultural","subtipo":"Arq_Civil","descripcion":"Ayuntamiento de San Andrés y Sauces"},"geometry":{"type":"Point","coordinates":[-17.774272,28.804422]}},{"type":"Feature","properties":{"id_punto":54,"codigo":"PDI-GR1302-00002","tipo":"Natural","subtipo":"Geol_Barranco","descripcion":"Barranco de Los Tanques"},"geometry":{"type":"Point","coordinates":[-17.743499,28.752551]}},{"type":"Feature","properties":{"id_punto":55,"codigo":"PDI-GR1302-00001","tipo":"Servicios","subtipo":"Aloj_Albergue","descripcion":"Albergue de Puntallana"},"geometry":{"type":"Point","coordinates":[-17.744558,28.742131]}},{"type":"Feature","properties":{"id_punto":56,"codigo":"PDI-GR1302-00023","tipo":"Cultural","subtipo":"Etnog_Otros","descripcion":"Fuente de La Gallega"},"geometry":{"type":"Point","coordinates":[-17.790538,28.814965]}},{"type":"Feature","properties":{"id_punto":57,"codigo":"PDI-GR1302-00022","tipo":"Servicios","subtipo":"Aloj_Casa_Rural","descripcion":"Alojamiento de turismo rural"},"geometry":{"type":"Point","coordinates":[-17.787496,28.813739]}},{"type":"Feature","properties":{"id_punto":58,"codigo":"PDI-GR1303-00069","tipo":"Natural","subtipo":"Geol_Barranco","descripcion":"Barranco de Magdalena o Magdaletín"},"geometry":{"type":"Point","coordinates":[-17.900667,28.832861]}},{"type":"Feature","properties":{"id_punto":59,"codigo":"PDI-GR1303-00070","tipo":"Cultural","subtipo":"Etnog_Otros","descripcion":"Cruz votiva"},"geometry":{"type":"Point","coordinates":[-17.903222,28.834556]}},{"type":"Feature","properties":{"id_punto":60,"codigo":"PDI-GR1303-00071","tipo":"Cultural","subtipo":"Arq_Civil","descripcion":"Parque Eólico de Garafía"},"geometry":{"type":"Point","coordinates":[-17.90935,28.83785]}},{"type":"Feature","properties":{"id_punto":61,"codigo":"PDI-GR1303-00072","tipo":"Cultural","subtipo":"Etnog_Otros","descripcion":"Cancela de uso ganadero"},"geometry":{"type":"Point","coordinates":[-17.912194,28.838444]}},{"type":"Feature","properties":{"id_punto":62,"codigo":"PDI-GR1303-00076","tipo":"Natural","subtipo":"Biol_Botanica","descripcion":"Límite inferior del monteverde"},"geometry":{"type":"Point","coordinates":[-17.916972,28.8405]}},{"type":"Feature","properties":{"id_punto":63,"codigo":"PDI-GR1303-00077","tipo":"Servicios","subtipo":"Otros","descripcion":"Desvío hacia el caserío de El Mudo"},"geometry":{"type":"Point","coordinates":[-17.917819,28.840911]}},{"type":"Feature","properties":{"id_punto":64,"codigo":"PDI-GR1303-00078","tipo":"Natural","subtipo":"Biol_Botanica","descripcion":"Brezos (Erica arborea) achaparrados por el viento"},"geometry":{"type":"Point","coordinates":[-17.922,28.840805]}},{"type":"Feature","properties":{"id_punto":65,"codigo":"PDI-GR1303-00081","tipo":"Servicios","subtipo":"Otros_Agua_Pot","descripcion":"Fuente de El Palmar"},"geometry":{"type":"Point","coordinates":[-17.926997,28.839692]}},{"type":"Feature","properties":{"id_punto":66,"codigo":"PDI-GR1303-00082","tipo":"Servicios","subtipo":"Otros","descripcion":"Fuente del Lomo de Salvatierra"},"geometry":{"type":"Point","coordinates":[-17.942139,28.833861]}},{"type":"Feature","properties":{"id_punto":67,"codigo":"PDI-GR1303-00089","tipo":"Cultural","subtipo":"Arq_Religiosa","descripcion":"Iglesia de Nuestra Señora de la Luz (BIC)"},"geometry":{"type":"Point","coordinates":[-17.944886,28.830672]}},{"type":"Feature","properties":{"id_punto":68,"codigo":"PDI-GR1303-00073","tipo":"Natural","subtipo":"Geol_Barranco","descripcion":"Barranco de Domingo Díaz"},"geometry":{"type":"Point","coordinates":[-17.913551,28.838517]}},{"type":"Feature","properties":{"id_punto":69,"codigo":"PDI-GR1303-00087","tipo":"Servicios","subtipo":"Otros_Agua_Pot","descripcion":"Chorro de agua potable"},"geometry":{"type":"Point","coordinates":[-17.944124,28.830924]}},{"type":"Feature","properties":{"id_punto":70,"codigo":"PDI-GR1303-00086","tipo":"Cultural","subtipo":"Etnog_Otros","descripcion":"Cruz votiva"},"geometry":{"type":"Point","coordinates":[-17.943499,28.830884]}},{"type":"Feature","properties":{"id_punto":71,"codigo":"PDI-GR1303-00074","tipo":"Cultural","subtipo":"Etnog_Otros","descripcion":"Cueva antropizada"},"geometry":{"type":"Point","coordinates":[-17.913759,28.838553]}},{"type":"Feature","properties":{"id_punto":72,"codigo":"PDI-GR1303-00080","tipo":"Cultural","subtipo":"Etnog_Otros","descripcion":"Cueva antropizada"},"geometry":{"type":"Point","coordinates":[-17.92632,28.840024]}},{"type":"Feature","properties":{"id_punto":73,"codigo":"PDI-GR1303-00068","tipo":"Natural","subtipo":"Biol_Botanica","descripcion":"Drago (Dracaena draco)"},"geometry":{"type":"Point","coordinates":[-17.898436,28.833564]}},{"type":"Feature","properties":{"id_punto":74,"codigo":"PDI-GR1303-00085","tipo":"Natural","subtipo":"Biol_Botanica","descripcion":"Dragos (Dracaena draco)"},"geometry":{"type":"Point","coordinates":[-17.942824,28.831625]}},{"type":"Feature","properties":{"id_punto":75,"codigo":"PDI-GR1303-00079","tipo":"Cultural","subtipo":"Etnog_Otros","descripcion":"Tramo de camino empedrado"},"geometry":{"type":"Point","coordinates":[-17.926021,28.83997]}},{"type":"Feature","properties":{"id_punto":76,"codigo":"PDI-GR1303-00083","tipo":"Cultural","subtipo":"Arq_Civil","descripcion":"Construcción de estilo tradicional"},"geometry":{"type":"Point","coordinates":[-17.942477,28.833067]}},{"type":"Feature","properties":{"id_punto":77,"codigo":"PDI-GR1303-00075","tipo":"Servicios","subtipo":"Otros_Agua_Pot","descripcion":"Fuente de caudal irregular"},"geometry":{"type":"Point","coordinates":[-17.916205,28.840172]}},{"type":"Feature","properties":{"id_punto":78,"codigo":"PDI-GR1303-00084","tipo":"Natural","subtipo":"Geol_Barranco","descripcion":"Barranco de la Luz"},"geometry":{"type":"Point","coordinates":[-17.942349,28.831793]}},{"type":"Feature","properties":{"id_punto":79,"codigo":"PDI-GR1303-00088","tipo":"Servicios","subtipo":"Viveres_Bar_Rest","descripcion":"Cafetería La Plaza"},"geometry":{"type":"Point","coordinates":[-17.944647,28.830714]}},{"type":"Feature","properties":{"id_punto":80,"codigo":"PDI-GR1303-00040","tipo":"Natural","subtipo":"Otros","descripcion":"Mirador natural hacia el Barranco de Franceses"},"geometry":{"type":"Point","coordinates":[-17.849292,28.83294]}},{"type":"Feature","properties":{"id_punto":81,"codigo":"PDI-GR1303-00009","tipo":"Cultural","subtipo":"Etnog_Otros","descripcion":"Albaricoque"},"geometry":{"type":"Point","coordinates":[-17.817928,28.827867]}},{"type":"Feature","properties":{"id_punto":82,"codigo":"PDI-GR1303-00038","tipo":"Natural","subtipo":"Geol_Barranco","descripcion":"Barranco de Franceses"},"geometry":{"type":"Point","coordinates":[-17.847407,28.83353]}},{"type":"Feature","properties":{"id_punto":83,"codigo":"PDI-GR1303-00001","tipo":"Cultural","subtipo":"Arq_Civil","descripcion":"Vivienda tradicional con balcón"},"geometry":{"type":"Point","coordinates":[-17.807906,28.826276]}},{"type":"Feature","properties":{"id_punto":84,"codigo":"PDI-GR1303-00017","tipo":"Natural","subtipo":"Geol_Barranco","descripcion":"Barranco de la Vica"},"geometry":{"type":"Point","coordinates":[-17.824284,28.824635]}},{"type":"Feature","properties":{"id_punto":85,"codigo":"PDI-GR1303-00024","tipo":"Natural","subtipo":"Geol_Barranco","descripcion":"Barranco de Gallegos"},"geometry":{"type":"Point","coordinates":[-17.834277,28.824437]}},{"type":"Feature","properties":{"id_punto":86,"codigo":"PDI-GR1303-00034","tipo":"Cultural","subtipo":"Etnog_Otros","descripcion":"Caña de azúcar"},"geometry":{"type":"Point","coordinates":[-17.842042,28.833144]}},{"type":"Feature","properties":{"id_punto":87,"codigo":"PDI-GR1303-00004","tipo":"Cultural","subtipo":"Arq_Civil","descripcion":"Canal hidráulico"},"geometry":{"type":"Point","coordinates":[-17.813882,28.828635]}},{"type":"Feature","properties":{"id_punto":88,"codigo":"PDI-GR1303-00025","tipo":"Cultural","subtipo":"Etnog_Otros","descripcion":"Cancela de uso ganadero"},"geometry":{"type":"Point","coordinates":[-17.835694,28.826343]}},{"type":"Feature","properties":{"id_punto":89,"codigo":"PDI-GR1303-00023","tipo":"Natural","subtipo":"Geol_Otros","descripcion":"Coladas volcánicas superpuestas"},"geometry":{"type":"Point","coordinates":[-17.833918,28.82436]}},{"type":"Feature","properties":{"id_punto":90,"codigo":"PDI-GR1303-00037","tipo":"Natural","subtipo":"Biol_Botanica","descripcion":"Cardón (Euphorbia canariensis)"},"geometry":{"type":"Point","coordinates":[-17.845359,28.83349]}},{"type":"Feature","properties":{"id_punto":91,"codigo":"PDI-GR1303-00002","tipo":"Cultural","subtipo":"Etnog_Otros","descripcion":"Cruz de Los Catalanes"},"geometry":{"type":"Point","coordinates":[-17.812005,28.827779]}},{"type":"Feature","properties":{"id_punto":92,"codigo":"PDI-GR1303-00028","tipo":"Cultural","subtipo":"Arq_Civil","descripcion":"Vivienda de estilo tradicional"},"geometry":{"type":"Point","coordinates":[-17.836657,28.827972]}},{"type":"Feature","properties":{"id_punto":93,"codigo":"PDI-GR1303-00047","tipo":"Servicios","subtipo":"Otros_Agua_Pot","descripcion":"Chorro de agua potable"},"geometry":{"type":"Point","coordinates":[-17.854262,28.827972]}},{"type":"Feature","properties":{"id_punto":94,"codigo":"PDI-GR1303-00049","tipo":"Servicios","subtipo":"Otros","descripcion":"Chorro de agua potable"},"geometry":{"type":"Point","coordinates":[-17.855138,28.827496]}},{"type":"Feature","properties":{"id_punto":95,"codigo":"PDI-GR1303-00020","tipo":"Cultural","subtipo":"Etnog_Otros","descripcion":"Antiguo corral de ganado"},"geometry":{"type":"Point","coordinates":[-17.826376,28.826492]}},{"type":"Feature","properties":{"id_punto":96,"codigo":"PDI-GR1303-00039","tipo":"Natural","subtipo":"Geol_Otros","descripcion":"Acantilados costeros"},"geometry":{"type":"Point","coordinates":[-17.848279,28.83383]}},{"type":"Feature","properties":{"id_punto":97,"codigo":"PDI-GR1303-00013","tipo":"Cultural","subtipo":"Etnog_Otros","descripcion":"Cruz de madera"},"geometry":{"type":"Point","coordinates":[-17.82136,28.826898]}},{"type":"Feature","properties":{"id_punto":98,"codigo":"PDI-GR1303-00015","tipo":"Cultural","subtipo":"Etnog_Otros","descripcion":"Cruz votiva"},"geometry":{"type":"Point","coordinates":[-17.824019,28.826105]}},{"type":"Feature","properties":{"id_punto":99,"codigo":"PDI-GR1303-00021","tipo":"Cultural","subtipo":"Etnog_Otros","descripcion":"Cruz votiva"},"geometry":{"type":"Point","coordinates":[-17.828931,28.827103]}},{"type":"Feature","properties":{"id_punto":100,"codigo":"PDI-GR1303-00026","tipo":"Cultural","subtipo":"Etnog_Otros","descripcion":"Cruz votiva de madera tallada"},"geometry":{"type":"Point","coordinates":[-17.83574,28.826429]}},{"type":"Feature","properties":{"id_punto":101,"codigo":"PDI-GR1303-00027","tipo":"Cultural","subtipo":"Etnog_Otros","descripcion":"Cruz votiva"},"geometry":{"type":"Point","coordinates":[-17.835705,28.826551]}},{"type":"Feature","properties":{"id_punto":102,"codigo":"PDI-GR1303-00030","tipo":"Cultural","subtipo":"Etnog_Otros","descripcion":"Cruz votiva"},"geometry":{"type":"Point","coordinates":[-17.837454,28.828411]}},{"type":"Feature","properties":{"id_punto":103,"codigo":"PDI-GR1303-00046","tipo":"Cultural","subtipo":"Etnog_Otros","descripcion":"Cruz votiva"},"geometry":{"type":"Point","coordinates":[-17.853138,28.828712]}},{"type":"Feature","properties":{"id_punto":104,"codigo":"PDI-GR1303-00050","tipo":"Cultural","subtipo":"Etnog_Otros","descripcion":"Cruz votiva"},"geometry":{"type":"Point","coordinates":[-17.859305,28.827903]}},{"type":"Feature","properties":{"id_punto":105,"codigo":"PDI-GR1303-00029","tipo":"Cultural","subtipo":"Etnog_Otros","descripcion":"Cuevas antiguamente habitadas"},"geometry":{"type":"Point","coordinates":[-17.83691,28.828145]}},{"type":"Feature","properties":{"id_punto":106,"codigo":"PDI-GR1303-00010","tipo":"Cultural","subtipo":"Etnog_Otros","descripcion":"Cuevas antropizadas"},"geometry":{"type":"Point","coordinates":[-17.819644,28.827134]}},{"type":"Feature","properties":{"id_punto":107,"codigo":"PDI-GR1303-00012","tipo":"Cultural","subtipo":"Etnog_Otros","descripcion":"Cueva antropizada"},"geometry":{"type":"Point","coordinates":[-17.821156,28.826577]}},{"type":"Feature","properties":{"id_punto":108,"codigo":"PDI-GR1303-00042","tipo":"Cultural","subtipo":"Etnog_Otros","descripcion":"Antiguas terrazas de cultivo"},"geometry":{"type":"Point","coordinates":[-17.849871,28.832566]}},{"type":"Feature","properties":{"id_punto":109,"codigo":"PDI-GR1303-00019","tipo":"Cultural","subtipo":"Etnog_Otros","descripcion":"Cruz votiva"},"geometry":{"type":"Point","coordinates":[-17.826174,28.826048]}},{"type":"Feature","properties":{"id_punto":110,"codigo":"PDI-GR1303-00006","tipo":"Natural","subtipo":"Biol_Botanica","descripcion":"Dragos (Dracaena draco)"},"geometry":{"type":"Point","coordinates":[-17.815868,28.828744]}},{"type":"Feature","properties":{"id_punto":111,"codigo":"PDI-GR1303-00008","tipo":"Natural","subtipo":"Biol_Botanica","descripcion":"Dragos (Dracaena draco)"},"geometry":{"type":"Point","coordinates":[-17.816032,28.828125]}},{"type":"Feature","properties":{"id_punto":112,"codigo":"PDI-GR1303-00036","tipo":"Servicios","subtipo":"Otros","descripcion":"Desvío hacia el proís o embarcadero de Gallegos"},"geometry":{"type":"Point","coordinates":[-17.844683,28.834643]}},{"type":"Feature","properties":{"id_punto":113,"codigo":"PDI-GR1303-00011","tipo":"Cultural","subtipo":"Etnog_Otros","descripcion":"Tramo de camino empedrado"},"geometry":{"type":"Point","coordinates":[-17.821087,28.826487]}},{"type":"Feature","properties":{"id_punto":114,"codigo":"PDI-GR1303-00045","tipo":"Cultural","subtipo":"Etnog_Otros","descripcion":"Era cerealista"},"geometry":{"type":"Point","coordinates":[-17.851768,28.831241]}},{"type":"Feature","properties":{"id_punto":115,"codigo":"PDI-GR1303-00041","tipo":"Cultural","subtipo":"Arq_Civil","descripcion":"Estanque de pequeñas dimensiones (abandonado)"},"geometry":{"type":"Point","coordinates":[-17.849748,28.832559]}},{"type":"Feature","properties":{"id_punto":116,"codigo":"PDI-GR1303-00016","tipo":"Natural","subtipo":"Biol_Botanica","descripcion":"Follao (Viburnum rigidum)"},"geometry":{"type":"Point","coordinates":[-17.824011,28.826121]}},{"type":"Feature","properties":{"id_punto":117,"codigo":"PDI-GR1303-00018","tipo":"Natural","subtipo":"Fuente_Natural","descripcion":"Fuente (caudal irregular)"},"geometry":{"type":"Point","coordinates":[-17.825597,28.825394]}},{"type":"Feature","properties":{"id_punto":118,"codigo":"PDI-GR1303-00031","tipo":"Cultural","subtipo":"Arq_Civil","descripcion":"Caserío de Gallegos"},"geometry":{"type":"Point","coordinates":[-17.838139,28.828935]}},{"type":"Feature","properties":{"id_punto":119,"codigo":"PDI-GR1303-00044","tipo":"Servicios","subtipo":"Otros","descripcion":"Mirador hacia la Fajana de Franceses"},"geometry":{"type":"Point","coordinates":[-17.850859,28.832354]}},{"type":"Feature","properties":{"id_punto":120,"codigo":"PDI-GR1303-00035","tipo":"Servicios","subtipo":"Otros","descripcion":"Mirador sobre el proís o embarcadero de Gallegos"},"geometry":{"type":"Point","coordinates":[-17.843119,28.833773]}},{"type":"Feature","properties":{"id_punto":121,"codigo":"PDI-GR1303-00033","tipo":"Cultural","subtipo":"Etnog_Otros","descripcion":"Ñameras (Colocasia esculenta)"},"geometry":{"type":"Point","coordinates":[-17.839202,28.830949]}},{"type":"Feature","properties":{"id_punto":122,"codigo":"PDI-GR1303-00005","tipo":"Cultural","subtipo":"Etnog_Otros","descripcion":"Espantapájaros"},"geometry":{"type":"Point","coordinates":[-17.814624,28.8287]}},{"type":"Feature","properties":{"id_punto":123,"codigo":"PDI-GR1303-00048","tipo":"Cultural","subtipo":"Arq_Civil","descripcion":"Pajero de estilo tradicional"},"geometry":{"type":"Point","coordinates":[-17.854942,28.828169]}},{"type":"Feature","properties":{"id_punto":124,"codigo":"PDI-GR1303-00014","tipo":"Natural","subtipo":"Biol_Botanica","descripcion":"Faya (Morella faya)"},"geometry":{"type":"Point","coordinates":[-17.823456,28.825637]}},{"type":"Feature","properties":{"id_punto":125,"codigo":"PDI-GR1303-00043","tipo":"Cultural","subtipo":"Arq_Civil","descripcion":"Antiguas conducciones de agua"},"geometry":{"type":"Point","coordinates":[-17.849929,28.832579]}},{"type":"Feature","properties":{"id_punto":126,"codigo":"PDI-GR1303-00007","tipo":"Cultural","subtipo":"Arq_Civil","descripcion":"Barrio de La Tosca"},"geometry":{"type":"Point","coordinates":[-17.816196,28.828601]}},{"type":"Feature","properties":{"id_punto":127,"codigo":"PDI-GR1303-00022","tipo":"Natural","subtipo":"Otros","descripcion":"Mirador natural hacia el Barranco y el caserío de Gallegos"},"geometry":{"type":"Point","coordinates":[-17.832717,28.826906]}},{"type":"Feature","properties":{"id_punto":128,"codigo":"PDI-GR1303-00032","tipo":"Servicios","subtipo":"Viveres_Tienda","descripcion":"Víveres Gallegos"},"geometry":{"type":"Point","coordinates":[-17.838162,28.82937]}},{"type":"Feature","properties":{"id_punto":129,"codigo":"PDI-GR1303-00003","tipo":"Cultural","subtipo":"Arq_Civil","descripcion":"Vivienda tradicional (abandonada)"},"geometry":{"type":"Point","coordinates":[-17.812141,28.827974]}},{"type":"Feature","properties":{"id_punto":130,"codigo":"PDI-GR1303-00067","tipo":"Cultural","subtipo":"Toponimo","descripcion":"Don Pedro"},"geometry":{"type":"Point","coordinates":[-17.895037,28.833641]}},{"type":"Feature","properties":{"id_punto":131,"codigo":"PDI-GR1303-00057","tipo":"Cultural","subtipo":"Arqueologico","descripcion":"Estación de grabados rupestres vecina al GR 130"},"geometry":{"type":"Point","coordinates":[-17.874313,28.832144]}},{"type":"Feature","properties":{"id_punto":132,"codigo":"PDI-GR1303-00065","tipo":"Servicios","subtipo":"Otros_Area_Recr","descripcion":"Pequeña área recreativa con vistas hacia El Tablado"},"geometry":{"type":"Point","coordinates":[-17.884188,28.835218]}},{"type":"Feature","properties":{"id_punto":133,"codigo":"PDI-GR1303-00061","tipo":"Cultural","subtipo":"Toponimo","descripcion":"El Tablado"},"geometry":{"type":"Point","coordinates":[-17.877348,28.833599]}},{"type":"Feature","properties":{"id_punto":134,"codigo":"PDI-GR1303-00066","tipo":"Natural","subtipo":"Biol_Botanica","descripcion":"Ejemplar solitario de drago (Dracaena draco), anexo a una vivienda tradicional"},"geometry":{"type":"Point","coordinates":[-17.886865,28.835746]}},{"type":"Feature","properties":{"id_punto":135,"codigo":"PDI-GR1303-00064","tipo":"Natural","subtipo":"Geol_Barranco","descripcion":"Barranco de Fagundo"},"geometry":{"type":"Point","coordinates":[-17.880528,28.835083]}},{"type":"Feature","properties":{"id_punto":136,"codigo":"PDI-GR1303-00063","tipo":"Natural","subtipo":"Otros","descripcion":"Límite de la Reserva Natural Especial de Guelguén"},"geometry":{"type":"Point","coordinates":[-17.877833,28.836056]}},{"type":"Feature","properties":{"id_punto":137,"codigo":"PDI-GR1303-00056","tipo":"Cultural","subtipo":"Etnog_Otros","descripcion":"Pequeña cruz votiva, protegida con una hornacina"},"geometry":{"type":"Point","coordinates":[-17.872889,28.831528]}},{"type":"Feature","properties":{"id_punto":138,"codigo":"PDI-GR1303-00055","tipo":"Natural","subtipo":"Geol_Barranco","descripcion":"Barranco de Los Hombres"},"geometry":{"type":"Point","coordinates":[-17.871556,28.831389]}},{"type":"Feature","properties":{"id_punto":139,"codigo":"PDI-GR1303-00051","tipo":"Servicios","subtipo":"Otros_Agua_Pot","descripcion":"Chorro de Los Machines"},"geometry":{"type":"Point","coordinates":[-17.85975,28.827639]}},{"type":"Feature","properties":{"id_punto":140,"codigo":"PDI-GR1303-00054","tipo":"Natural","subtipo":"Biol_Botanica","descripcion":"Cardonal (Euphorbia canariensis)"},"geometry":{"type":"Point","coordinates":[-17.870804,28.834575]}},{"type":"Feature","properties":{"id_punto":141,"codigo":"PDI-GR1303-00053","tipo":"Servicios","subtipo":"Otros","descripcion":"Mirador de la Fajana de Franceses"},"geometry":{"type":"Point","coordinates":[-17.86673,28.831155]}},{"type":"Feature","properties":{"id_punto":142,"codigo":"PDI-GR1303-00052","tipo":"Natural","subtipo":"Otros","descripcion":"Límite de la Reserva Natural Especial de Guelguén"},"geometry":{"type":"Point","coordinates":[-17.862342,28.827147]}},{"type":"Feature","properties":{"id_punto":143,"codigo":"PDI-GR1303-00062","tipo":"Servicios","subtipo":"Aloj_Casa_Rural","descripcion":"Casa Fema"},"geometry":{"type":"Point","coordinates":[-17.877533,28.834506]}},{"type":"Feature","properties":{"id_punto":144,"codigo":"PDI-GR1303-00060","tipo":"Servicios","subtipo":"Otros_Agua_Pot","descripcion":"Chorro con agua potable"},"geometry":{"type":"Point","coordinates":[-17.87728,28.833347]}},{"type":"Feature","properties":{"id_punto":145,"codigo":"PDI-GR1303-00059","tipo":"Servicios","subtipo":"Viveres_Tienda","descripcion":"Pequeña tienda de víveres"},"geometry":{"type":"Point","coordinates":[-17.877178,28.833057]}},{"type":"Feature","properties":{"id_punto":146,"codigo":"PDI-GR1303-00058","tipo":"Servicios","subtipo":"Aloj_Albergue","descripcion":"Albergue de El Tablado (antigua escuela)"},"geometry":{"type":"Point","coordinates":[-17.877278,28.832066]}},{"type":"Feature","properties":{"id_punto":147,"codigo":"PDI-GR1304-00051","tipo":"Natural","subtipo":"Geol_Barranco","descripcion":"Barranco de La Baranda"},"geometry":{"type":"Point","coordinates":[-17.970245,28.737255]}},{"type":"Feature","properties":{"id_punto":148,"codigo":"PDI-GR1304-00056","tipo":"Cultural","subtipo":"Etnog_Otros","descripcion":"Falúa atunera"},"geometry":{"type":"Point","coordinates":[-17.954096,28.712502]}},{"type":"Feature","properties":{"id_punto":149,"codigo":"PDI-GR1304-00053","tipo":"Natural","subtipo":"Geol_Barranco","descripcion":"Barranco de la Cueva Grande"},"geometry":{"type":"Point","coordinates":[-17.956962,28.720421]}},{"type":"Feature","properties":{"id_punto":150,"codigo":"PDI-GR1304-00054","tipo":"Natural","subtipo":"Geol_Barranco","descripcion":"Barranco del Aserradero"},"geometry":{"type":"Point","coordinates":[-17.958778,28.717028]}},{"type":"Feature","properties":{"id_punto":151,"codigo":"PDI-GR1304-00052","tipo":"Natural","subtipo":"Geol_Barranco","descripcion":"Barranco del Pinillo"},"geometry":{"type":"Point","coordinates":[-17.960722,28.724111]}},{"type":"Feature","properties":{"id_punto":152,"codigo":"PDI-GR1304-00050","tipo":"Cultural","subtipo":"Arq_Religiosa","descripcion":"Iglesia de Tinizara"},"geometry":{"type":"Point","coordinates":[-17.969083,28.744389]}},{"type":"Feature","properties":{"id_punto":153,"codigo":"PDI-GR1304-00058","tipo":"Cultural","subtipo":"Arq_Religiosa","descripcion":"Iglesia de Nuestra Señora de Candelaria (BIC)"},"geometry":{"type":"Point","coordinates":[-17.955011,28.711131]}},{"type":"Feature","properties":{"id_punto":154,"codigo":"PDI-GR1304-00004","tipo":"Servicios","subtipo":"Viveres_Bar_Rest","descripcion":"Restaurante El Bernegal"},"geometry":{"type":"Point","coordinates":[-17.948146,28.82761]}},{"type":"Feature","properties":{"id_punto":155,"codigo":"PDI-GR1304-00009","tipo":"Natural","subtipo":"Geol_Barranco","descripcion":"Barranco de Fernando Porto"},"geometry":{"type":"Point","coordinates":[-17.953756,28.815283]}},{"type":"Feature","properties":{"id_punto":156,"codigo":"PDI-GR1304-00010","tipo":"Cultural","subtipo":"Arq_Religiosa","descripcion":"Plaza y ermita de Cueva de Agua"},"geometry":{"type":"Point","coordinates":[-17.959552,28.812458]}},{"type":"Feature","properties":{"id_punto":157,"codigo":"PDI-GR1304-00011","tipo":"Natural","subtipo":"Geol_Barranco","descripcion":"Barranco del Atajo"},"geometry":{"type":"Point","coordinates":[-17.959361,28.809528]}},{"type":"Feature","properties":{"id_punto":158,"codigo":"PDI-GR1304-00002","tipo":"Cultural","subtipo":"Arq_Civil","descripcion":"Ayuntamiento de la Villa de Garafía"},"geometry":{"type":"Point","coordinates":[-17.945366,28.830172]}},{"type":"Feature","properties":{"id_punto":159,"codigo":"PDI-GR1304-00005","tipo":"Cultural","subtipo":"Etnog_Otros","descripcion":"Cruz votiva"},"geometry":{"type":"Point","coordinates":[-17.948487,28.827347]}},{"type":"Feature","properties":{"id_punto":160,"codigo":"PDI-GR1304-00006","tipo":"Servicios","subtipo":"Otros_Agua_Pot","descripcion":"Chorro de agua potable"},"geometry":{"type":"Point","coordinates":[-17.948642,28.827199]}},{"type":"Feature","properties":{"id_punto":161,"codigo":"PDI-GR1304-00007","tipo":"Cultural","subtipo":"Etnog_Otros","descripcion":"Cruz votiva"},"geometry":{"type":"Point","coordinates":[-17.952559,28.823154]}},{"type":"Feature","properties":{"id_punto":162,"codigo":"PDI-GR1304-00008","tipo":"Cultural","subtipo":"Arq_Civil","descripcion":"Molino tradicional"},"geometry":{"type":"Point","coordinates":[-17.953152,28.822536]}},{"type":"Feature","properties":{"id_punto":163,"codigo":"PDI-GR1304-00001","tipo":"Servicios","subtipo":"Viveres_Bar_Rest","descripcion":"Restaurante Santo Domingo"},"geometry":{"type":"Point","coordinates":[-17.944974,28.830323]}},{"type":"Feature","properties":{"id_punto":164,"codigo":"PDI-GR1304-00003","tipo":"Servicios","subtipo":"Viveres_Tienda","descripcion":"Spar Santo Domingo"},"geometry":{"type":"Point","coordinates":[-17.945942,28.829776]}},{"type":"Feature","properties":{"id_punto":165,"codigo":"PDI-GR1304-00022","tipo":"Servicios","subtipo":"Aloj_Casa_Rural","descripcion":"Alojamiento de turismo rural"},"geometry":{"type":"Point","coordinates":[-17.96641,28.781265]}},{"type":"Feature","properties":{"id_punto":166,"codigo":"PDI-GR1304-00017","tipo":"Natural","subtipo":"Geol_Barranco","descripcion":"Barranco del Corchete"},"geometry":{"type":"Point","coordinates":[-17.972443,28.789109]}},{"type":"Feature","properties":{"id_punto":167,"codigo":"PDI-GR1304-00016","tipo":"Natural","subtipo":"Geol_Barranco","descripcion":"Barranquera que forma parte de la cuenca del Barranco las Megeras"},"geometry":{"type":"Point","coordinates":[-17.97187,28.792712]}},{"type":"Feature","properties":{"id_punto":168,"codigo":"PDI-GR1304-00015","tipo":"Natural","subtipo":"Geol_Barranco","descripcion":"Barranco las Megeras"},"geometry":{"type":"Point","coordinates":[-17.970801,28.793687]}},{"type":"Feature","properties":{"id_punto":169,"codigo":"PDI-GR1304-00014","tipo":"Servicios","subtipo":"Viveres_Bar_Rest","descripcion":"Cafetería / heladería"},"geometry":{"type":"Point","coordinates":[-17.971043,28.797583]}},{"type":"Feature","properties":{"id_punto":170,"codigo":"PDI-GR1304-00026","tipo":"Servicios","subtipo":"Otros","descripcion":"Cruce entre el Camino Real Rellanito y el Camino Real Barranquito Hondo"},"geometry":{"type":"Point","coordinates":[-17.971139,28.768972]}},{"type":"Feature","properties":{"id_punto":171,"codigo":"PDI-GR1304-00025","tipo":"Servicios","subtipo":"Aloj_Otros","descripcion":"Centro de Naturaleza La Rosa (Asociación Aire Libre)"},"geometry":{"type":"Point","coordinates":[-17.967619,28.7716]}},{"type":"Feature","properties":{"id_punto":172,"codigo":"PDI-GR1304-00013","tipo":"Servicios","subtipo":"Otros","descripcion":"Carretera LP-114 (Las Tricias - Santo Domingo)"},"geometry":{"type":"Point","coordinates":[-17.969608,28.798704]}},{"type":"Feature","properties":{"id_punto":173,"codigo":"PDI-GR1304-00027","tipo":"Servicios","subtipo":"Otros","descripcion":"Avenida de la Constitución"},"geometry":{"type":"Point","coordinates":[-17.977345,28.765153]}},{"type":"Feature","properties":{"id_punto":174,"codigo":"PDI-GR1304-00019","tipo":"Cultural","subtipo":"Etnog_Otros","descripcion":"Era cerealista"},"geometry":{"type":"Point","coordinates":[-17.972763,28.786567]}},{"type":"Feature","properties":{"id_punto":175,"codigo":"PDI-GR1304-00024","tipo":"Natural","subtipo":"Geol_Barranco","descripcion":"Barranco de Izcagua"},"geometry":{"type":"Point","coordinates":[-17.964472,28.774139]}},{"type":"Feature","properties":{"id_punto":176,"codigo":"PDI-GR1304-00023","tipo":"Natural","subtipo":"Geol_Barranco","descripcion":"Barranquera que forma parte de la cuenca del Barranco de Izcagua"},"geometry":{"type":"Point","coordinates":[-17.966083,28.780333]}},{"type":"Feature","properties":{"id_punto":177,"codigo":"PDI-GR1304-00021","tipo":"Cultural","subtipo":"Arq_Civil","descripcion":"Vivienda tradicional con aljibe y baño independiente"},"geometry":{"type":"Point","coordinates":[-17.968361,28.783917]}},{"type":"Feature","properties":{"id_punto":178,"codigo":"PDI-GR1304-00020","tipo":"Cultural","subtipo":"Arq_Civil","descripcion":"Alpendre, tinglado o voladizo"},"geometry":{"type":"Point","coordinates":[-17.969389,28.784639]}},{"type":"Feature","properties":{"id_punto":179,"codigo":"PDI-GR1304-00018","tipo":"Natural","subtipo":"Biol_Botanica","descripcion":"Drago (Dracaena draco) de gran tamaño"},"geometry":{"type":"Point","coordinates":[-17.972944,28.787861]}},{"type":"Feature","properties":{"id_punto":180,"codigo":"PDI-GR1304-00012","tipo":"Natural","subtipo":"Geol_Barranco","descripcion":"Barranco de Briestas"},"geometry":{"type":"Point","coordinates":[-17.965194,28.803667]}},{"type":"Feature","properties":{"id_punto":181,"codigo":"PDI-GR1304-00038","tipo":"Cultural","subtipo":"Etnog_Otros","descripcion":"Algibe de estilo tradicional"},"geometry":{"type":"Point","coordinates":[-17.973889,28.755261]}},{"type":"Feature","properties":{"id_punto":182,"codigo":"PDI-GR1304-00040","tipo":"Cultural","subtipo":"Etnog_Otros","descripcion":"Algibe de estilo tradicional"},"geometry":{"type":"Point","coordinates":[-17.972877,28.754522]}},{"type":"Feature","properties":{"id_punto":183,"codigo":"PDI-GR1304-00039","tipo":"Cultural","subtipo":"Etnog_Otros","descripcion":"Algibe de estilo tradicional"},"geometry":{"type":"Point","coordinates":[-17.973301,28.754831]}},{"type":"Feature","properties":{"id_punto":184,"codigo":"PDI-GR1304-00037","tipo":"Cultural","subtipo":"Etnog_Otros","descripcion":"Algibe de estilo tradicional"},"geometry":{"type":"Point","coordinates":[-17.975744,28.755807]}},{"type":"Feature","properties":{"id_punto":185,"codigo":"PDI-GR1304-00029","tipo":"Cultural","subtipo":"Etnog_Otros","descripcion":"Algibe de estilo tradicional"},"geometry":{"type":"Point","coordinates":[-17.978695,28.763749]}},{"type":"Feature","properties":{"id_punto":186,"codigo":"PDI-GR1304-00034","tipo":"Cultural","subtipo":"Arq_Civil","descripcion":"Centro Cultural El Roque"},"geometry":{"type":"Point","coordinates":[-17.97726,28.758918]}},{"type":"Feature","properties":{"id_punto":187,"codigo":"PDI-GR1304-00043","tipo":"Natural","subtipo":"Geol_Barranco","descripcion":"Inicio del tramo por el Barranco de Garome"},"geometry":{"type":"Point","coordinates":[-17.965546,28.750855]}},{"type":"Feature","properties":{"id_punto":188,"codigo":"PDI-GR1304-00044","tipo":"Natural","subtipo":"Geol_Barranco","descripcion":"Final del tramo por el Barranco de Garome"},"geometry":{"type":"Point","coordinates":[-17.963187,28.749847]}},{"type":"Feature","properties":{"id_punto":189,"codigo":"PDI-GR1304-00042","tipo":"Natural","subtipo":"Otros","descripcion":"Mirador natural hacia los altos del Barranco de Garome"},"geometry":{"type":"Point","coordinates":[-17.967212,28.750507]}},{"type":"Feature","properties":{"id_punto":190,"codigo":"PDI-GR1304-00041","tipo":"Natural","subtipo":"Biol_Botanica","descripcion":"Pino canario (Pinus canariensis) de grandes dimensiones"},"geometry":{"type":"Point","coordinates":[-17.967992,28.750087]}},{"type":"Feature","properties":{"id_punto":191,"codigo":"PDI-GR1304-00031","tipo":"Natural","subtipo":"Biol_Botanica","descripcion":"Sabina (Juniperus turbinata canariensis)"},"geometry":{"type":"Point","coordinates":[-17.978324,28.760506]}},{"type":"Feature","properties":{"id_punto":192,"codigo":"PDI-GR1304-00047","tipo":"Cultural","subtipo":"Etnog_Otros","descripcion":"Algibe de estilo tradicional"},"geometry":{"type":"Point","coordinates":[-17.968328,28.745185]}},{"type":"Feature","properties":{"id_punto":193,"codigo":"PDI-GR1304-00036","tipo":"Servicios","subtipo":"Otros","descripcion":"Mirador del Barranco de Fagundo"},"geometry":{"type":"Point","coordinates":[-17.975611,28.756018]}},{"type":"Feature","properties":{"id_punto":194,"codigo":"PDI-GR1304-00030","tipo":"Servicios","subtipo":"Otros","descripcion":"Camino de La Romana"},"geometry":{"type":"Point","coordinates":[-17.978382,28.761307]}},{"type":"Feature","properties":{"id_punto":195,"codigo":"PDI-GR1304-00046","tipo":"Servicios","subtipo":"Otros","descripcion":"Mirador del Barranco de Garome"},"geometry":{"type":"Point","coordinates":[-17.967614,28.747201]}},{"type":"Feature","properties":{"id_punto":196,"codigo":"PDI-GR1304-00045","tipo":"Natural","subtipo":"Biol_Botanica","descripcion":"Ladera dominada por los amagantes (Cistus symphitifolius)"},"geometry":{"type":"Point","coordinates":[-17.965917,28.749028]}},{"type":"Feature","properties":{"id_punto":197,"codigo":"PDI-GR1304-00035","tipo":"Cultural","subtipo":"Etnog_Otros","descripcion":"San Roque"},"geometry":{"type":"Point","coordinates":[-17.977221,28.758869]}},{"type":"Feature","properties":{"id_punto":198,"codigo":"PDI-GR1304-00033","tipo":"Servicios","subtipo":"Viveres_Tienda","descripcion":"Víveres El Roque"},"geometry":{"type":"Point","coordinates":[-17.977611,28.759667]}},{"type":"Feature","properties":{"id_punto":199,"codigo":"PDI-GR1304-00032","tipo":"Cultural","subtipo":"Arq_Civil","descripcion":"Molino tradicional"},"geometry":{"type":"Point","coordinates":[-17.978278,28.760444]}},{"type":"Feature","properties":{"id_punto":200,"codigo":"PDI-GR1304-00028","tipo":"Servicios","subtipo":"Otros","descripcion":"Camino Pino de la Virgen"},"geometry":{"type":"Point","coordinates":[-17.978583,28.763917]}},{"type":"Feature","properties":{"id_punto":201,"codigo":"PDI-GR1304-00055","tipo":"Servicios","subtipo":"Viveres_Tienda","descripcion":"Multitienda Minimarket Tijarafe"},"geometry":{"type":"Point","coordinates":[-17.956656,28.713888]}},{"type":"Feature","properties":{"id_punto":202,"codigo":"PDI-GR1304-00057","tipo":"Servicios","subtipo":"Viveres_Tienda","descripcion":"Supermercado"},"geometry":{"type":"Point","coordinates":[-17.954919,28.711477]}},{"type":"Feature","properties":{"id_punto":203,"codigo":"PDI-GR1304-00048","tipo":"Servicios","subtipo":"Viveres_Bar_Rest","descripcion":"Cafetería Garome"},"geometry":{"type":"Point","coordinates":[-17.968571,28.744836]}},{"type":"Feature","properties":{"id_punto":204,"codigo":"PDI-GR1304-00049","tipo":"Servicios","subtipo":"Viveres_Tienda","descripcion":"Supermercado Teresa"},"geometry":{"type":"Point","coordinates":[-17.968574,28.744703]}},{"type":"Feature","properties":{"id_punto":205,"codigo":"PDI-GR1306-00019","tipo":"Cultural","subtipo":"Etnog_Otros","descripcion":"Tramo del GR 130 que conserva el empedrado original"},"geometry":{"type":"Point","coordinates":[-17.930413,28.65971]}},{"type":"Feature","properties":{"id_punto":206,"codigo":"PDI-GR1306-00014","tipo":"Servicios","subtipo":"Otros_Area_Recr","descripcion":"Pequeña zona de descanso con bancos de madera"},"geometry":{"type":"Point","coordinates":[-17.941015,28.667913]}},{"type":"Feature","properties":{"id_punto":207,"codigo":"PDI-GR1306-00020","tipo":"Servicios","subtipo":"Viveres_Bar_Rest","descripcion":"Bar El Chiche"},"geometry":{"type":"Point","coordinates":[-17.923846,28.658791]}},{"type":"Feature","properties":{"id_punto":208,"codigo":"PDI-GR1306-00006","tipo":"Servicios","subtipo":"Aloj_Casa_Rural","descripcion":"Vivienda de turismo rural"},"geometry":{"type":"Point","coordinates":[-17.948889,28.696376]}},{"type":"Feature","properties":{"id_punto":209,"codigo":"PDI-GR1306-00023","tipo":"Servicios","subtipo":"Viveres_Bar_Rest","descripcion":"Bar Idafe"},"geometry":{"type":"Point","coordinates":[-17.92128,28.658558]}},{"type":"Feature","properties":{"id_punto":210,"codigo":"PDI-GR1306-00002","tipo":"Natural","subtipo":"Geol_Barranco","descripcion":"Barranco del Jurado o Jorado (Monumento Natural)"},"geometry":{"type":"Point","coordinates":[-17.949766,28.70667]}},{"type":"Feature","properties":{"id_punto":211,"codigo":"PDI-GR1306-00024","tipo":"Servicios","subtipo":"Viveres_Bar_Rest","descripcion":"Restaurante Salta Si Puedes"},"geometry":{"type":"Point","coordinates":[-17.92021,28.658385]}},{"type":"Feature","properties":{"id_punto":212,"codigo":"PDI-GR1306-00012","tipo":"Servicios","subtipo":"Viveres_Tienda","descripcion":"Supermercado Spar"},"geometry":{"type":"Point","coordinates":[-17.943974,28.676162]}},{"type":"Feature","properties":{"id_punto":213,"codigo":"PDI-GR1306-00025","tipo":"Servicios","subtipo":"Viveres_Bar_Rest","descripcion":"Palacio del Vino, el Jamón y el Queso"},"geometry":{"type":"Point","coordinates":[-17.919706,28.658407]}},{"type":"Feature","properties":{"id_punto":214,"codigo":"PDI-GR1306-00001","tipo":"Servicios","subtipo":"Otros_Area_Recr","descripcion":"Pequeña zona de descanso con bancos de madera"},"geometry":{"type":"Point","coordinates":[-17.952521,28.707982]}},{"type":"Feature","properties":{"id_punto":215,"codigo":"PDI-GR1305-00018","tipo":"Cultural","subtipo":"Arq_Civil","descripcion":"Puente metálico sobre el cauce del Barranco de Las Angustias"},"geometry":{"type":"Point","coordinates":[-17.937134,28.659727]}},{"type":"Feature","properties":{"id_punto":216,"codigo":"PDI-GR1305-00015","tipo":"Servicios","subtipo":"Otros_Area_Recr","descripcion":"Pequeña zona de descanso con vistas sobre el Valle de Aridane"},"geometry":{"type":"Point","coordinates":[-17.939627,28.666698]}},{"type":"Feature","properties":{"id_punto":217,"codigo":"PDI-GR1305-00008","tipo":"Servicios","subtipo":"Otros_Agua_Pot","descripcion":"Fuente de Arecida"},"geometry":{"type":"Point","coordinates":[-17.948664,28.689562]}},{"type":"Feature","properties":{"id_punto":218,"codigo":"PDI-GR1305-00005","tipo":"Servicios","subtipo":"Otros_Area_Recr","descripcion":"Área Recreativa de la Fuente del Toro"},"geometry":{"type":"Point","coordinates":[-17.949352,28.699356]}},{"type":"Feature","properties":{"id_punto":219,"codigo":"PDI-GR1305-00003","tipo":"Cultural","subtipo":"Arq_Religiosa","descripcion":"Ermita de El Jesús (BIC)"},"geometry":{"type":"Point","coordinates":[-17.953842,28.702408]}},{"type":"Feature","properties":{"id_punto":220,"codigo":"PDI-GR1305-00017","tipo":"Servicios","subtipo":"Otros","descripcion":"Punto de contacto entre la carretera LP-1 (Circunvalación Norte) y el GR 130"},"geometry":{"type":"Point","coordinates":[-17.937777,28.66081]}},{"type":"Feature","properties":{"id_punto":221,"codigo":"PDI-GR1305-00013","tipo":"Servicios","subtipo":"Otros","descripcion":"Punto de contacto entre la carretera LP-1 (Circunvalación Norte) y el GR 130"},"geometry":{"type":"Point","coordinates":[-17.943665,28.67568]}},{"type":"Feature","properties":{"id_punto":222,"codigo":"PDI-GR1305-00026","tipo":"Servicios","subtipo":"Viveres_Tienda","descripcion":"Mercado Municipal de Los Llanos de Aridane"},"geometry":{"type":"Point","coordinates":[-17.916632,28.6591]}},{"type":"Feature","properties":{"id_punto":223,"codigo":"PDI-GR1305-00022","tipo":"Cultural","subtipo":"Etnog_Otros","descripcion":"Monumento al calabazo"},"geometry":{"type":"Point","coordinates":[-17.92135,28.658583]}},{"type":"Feature","properties":{"id_punto":224,"codigo":"PDI-GR1305-00021","tipo":"Cultural","subtipo":"Arq_Civil","descripcion":"Plaza de Argual"},"geometry":{"type":"Point","coordinates":[-17.923695,28.658705]}},{"type":"Feature","properties":{"id_punto":225,"codigo":"PDI-GR1305-00016","tipo":"Cultural","subtipo":"Toponimo","descripcion":"Llanos de Amagar"},"geometry":{"type":"Point","coordinates":[-17.937086,28.664709]}},{"type":"Feature","properties":{"id_punto":226,"codigo":"PDI-GR1305-00007","tipo":"Natural","subtipo":"Geol_Barranco","descripcion":"Barranco de Los Gomeros"},"geometry":{"type":"Point","coordinates":[-17.946913,28.694572]}},{"type":"Feature","properties":{"id_punto":227,"codigo":"PDI-GR1305-00010","tipo":"Natural","subtipo":"Geol_Barranco","descripcion":"Barranco de La Molina"},"geometry":{"type":"Point","coordinates":[-17.945075,28.680296]}},{"type":"Feature","properties":{"id_punto":228,"codigo":"PDI-GR1305-00009","tipo":"Cultural","subtipo":"Etnog_Otros","descripcion":"Cuevas para secar pasto y encerrar animales"},"geometry":{"type":"Point","coordinates":[-17.948498,28.685099]}},{"type":"Feature","properties":{"id_punto":229,"codigo":"PDI-GR1305-00004","tipo":"Cultural","subtipo":"Arq_Civil","descripcion":"Plaza del Jesús"},"geometry":{"type":"Point","coordinates":[-17.95113,28.700939]}},{"type":"Feature","properties":{"id_punto":230,"codigo":"PDI-GR1306-00011","tipo":"Servicios","subtipo":"Viveres_Bar_Rest","descripcion":"Bar La Punta"},"geometry":{"type":"Point","coordinates":[-17.944076,28.676098]}},{"type":"Feature","properties":{"id_punto":231,"codigo":"PDI-GR1306-00027","tipo":"Servicios","subtipo":"Otros","descripcion":"Oficina de Información Turística de Los Llanos de Aridane"},"geometry":{"type":"Point","coordinates":[-17.914059,28.658932]}},{"type":"Feature","properties":{"id_punto":232,"codigo":"PDI-GR1306-00028","tipo":"Cultural","subtipo":"Arq_Religiosa","descripcion":"Iglesia de Nuestra Señora de Los Remedios"},"geometry":{"type":"Point","coordinates":[-17.913182,28.659062]}},{"type":"Feature","properties":{"id_punto":233,"codigo":"PDI-GR1306-00004","tipo":"Servicios","subtipo":"Viveres_Tienda","descripcion":"Supermercado Andrea"},"geometry":{"type":"Point","coordinates":[-17.911678,28.658465]}},{"type":"Feature","properties":{"id_punto":234,"codigo":"PDI-GR1306-00019","tipo":"Servicios","subtipo":"Otros","descripcion":"Cruce entre el Camino Los Campitos y el Camino Cumplido"},"geometry":{"type":"Point","coordinates":[-17.894666,28.627208]}},{"type":"Feature","properties":{"id_punto":235,"codigo":"PDI-GR1306-00007","tipo":"Servicios","subtipo":"Aloj_Otros","descripcion":"Hotel Trocadero Plaza **"},"geometry":{"type":"Point","coordinates":[-17.910821,28.656729]}},{"type":"Feature","properties":{"id_punto":236,"codigo":"PDI-GR1306-00008","tipo":"Cultural","subtipo":"Arqueologico","descripcion":"Museo Arqueologico Benahoarita"},"geometry":{"type":"Point","coordinates":[-17.91043,28.656826]}},{"type":"Feature","properties":{"id_punto":237,"codigo":"PDI-GR1306-00047","tipo":"Natural","subtipo":"Otros","descripcion":"Límite del Paisaje Protegido de Tamanca"},"geometry":{"type":"Point","coordinates":[-17.847716,28.503151]}},{"type":"Feature","properties":{"id_punto":238,"codigo":"PDI-GR1306-00044","tipo":"Cultural","subtipo":"Arq_Civil","descripcion":"Vivienda tradicional abandonada"},"geometry":{"type":"Point","coordinates":[-17.867715,28.543602]}},{"type":"Feature","properties":{"id_punto":239,"codigo":"PDI-GR1306-00042","tipo":"Natural","subtipo":"Geol_Otros","descripcion":"Kipuka (área no sepultada por lavas recientes)"},"geometry":{"type":"Point","coordinates":[-17.872596,28.552088]}},{"type":"Feature","properties":{"id_punto":240,"codigo":"PDI-GR1306-00035","tipo":"Servicios","subtipo":"Viveres_Bar_Rest","descripcion":"Pizzería Casa Evangelina"},"geometry":{"type":"Point","coordinates":[-17.880744,28.584086]}},{"type":"Feature","properties":{"id_punto":241,"codigo":"PDI-GR1306-00034","tipo":"Servicios","subtipo":"Viveres_Tienda","descripcion":"Víveres Lalá"},"geometry":{"type":"Point","coordinates":[-17.880593,28.58451]}},{"type":"Feature","properties":{"id_punto":242,"codigo":"PDI-GR1306-00033","tipo":"Servicios","subtipo":"Viveres_Bar_Rest","descripcion":"Bar Jedey"},"geometry":{"type":"Point","coordinates":[-17.880531,28.585722]}},{"type":"Feature","properties":{"id_punto":243,"codigo":"PDI-GR1306-00013","tipo":"Servicios","subtipo":"Viveres_Tienda","descripcion":"Supermercado GAMA"},"geometry":{"type":"Point","coordinates":[-17.911209,28.652828]}},{"type":"Feature","properties":{"id_punto":244,"codigo":"PDI-GR1306-00016","tipo":"Servicios","subtipo":"Viveres_Bar_Rest","descripcion":"Café Vitoria"},"geometry":{"type":"Point","coordinates":[-17.909954,28.650271]}},{"type":"Feature","properties":{"id_punto":245,"codigo":"PDI-GR1306-00011","tipo":"Servicios","subtipo":"Viveres_Bar_Rest","descripcion":"Cafe Bar Castillo"},"geometry":{"type":"Point","coordinates":[-17.911374,28.653115]}},{"type":"Feature","properties":{"id_punto":246,"codigo":"PDI-GR1306-00015","tipo":"Servicios","subtipo":"Otros_Agua_Pot","descripcion":"Chorro de la plaza de Triana"},"geometry":{"type":"Point","coordinates":[-17.91012,28.650577]}},{"type":"Feature","properties":{"id_punto":247,"codigo":"PDI-GR1306-00014","tipo":"Servicios","subtipo":"Viveres_Tienda","descripcion":"Tahona Fabe"},"geometry":{"type":"Point","coordinates":[-17.910534,28.65161]}},{"type":"Feature","properties":{"id_punto":248,"codigo":"PDI-GR1306-00012","tipo":"Servicios","subtipo":"Aloj_Otros","descripcion":"Apartamentos Adjovimar"},"geometry":{"type":"Point","coordinates":[-17.91126,28.652938]}},{"type":"Feature","properties":{"id_punto":249,"codigo":"PDI-GR1306-00045","tipo":"Servicios","subtipo":"Aloj_Albergue","descripcion":"Albergue de El Charco (antigua Casa de Camineros)"},"geometry":{"type":"Point","coordinates":[-17.866642,28.539803]}},{"type":"Feature","properties":{"id_punto":250,"codigo":"PDI-GR1306-00046","tipo":"Natural","subtipo":"Biol_Botanica","descripcion":"Castaños (Castanea sativa)"},"geometry":{"type":"Point","coordinates":[-17.860312,28.527912]}},{"type":"Feature","properties":{"id_punto":251,"codigo":"PDI-GR1306-00041","tipo":"Cultural","subtipo":"Etnog_Otros","descripcion":"Cruz de madera"},"geometry":{"type":"Point","coordinates":[-17.874594,28.555248]}},{"type":"Feature","properties":{"id_punto":252,"codigo":"PDI-GR1306-00018","tipo":"Cultural","subtipo":"Etnog_Otros","descripcion":"Cruz Chica"},"geometry":{"type":"Point","coordinates":[-17.897668,28.633075]}},{"type":"Feature","properties":{"id_punto":253,"codigo":"PDI-GR1306-00043","tipo":"Natural","subtipo":"Biol_Botanica","descripcion":"Límite del pinar de Sotomayor"},"geometry":{"type":"Point","coordinates":[-17.871828,28.551279]}},{"type":"Feature","properties":{"id_punto":254,"codigo":"PDI-GR1306-00036","tipo":"Cultural","subtipo":"Toponimo","descripcion":"Jedey"},"geometry":{"type":"Point","coordinates":[-17.880465,28.583607]}},{"type":"Feature","properties":{"id_punto":255,"codigo":"PDI-GR1306-00037","tipo":"Natural","subtipo":"Biol_Botanica","descripcion":"Palmeral del Dos de Copas"},"geometry":{"type":"Point","coordinates":[-17.877783,28.572231]}},{"type":"Feature","properties":{"id_punto":256,"codigo":"PDI-GR1306-00048","tipo":"Natural","subtipo":"Biol_Botanica","descripcion":"Pino de Santo Domingo"},"geometry":{"type":"Point","coordinates":[-17.847681,28.502913]}},{"type":"Feature","properties":{"id_punto":257,"codigo":"PDI-GR1306-00021","tipo":"Cultural","subtipo":"Arq_Civil","descripcion":"Portada de Juan  Cogote (siglo XVIII)"},"geometry":{"type":"Point","coordinates":[-17.88434,28.611035]}},{"type":"Feature","properties":{"id_punto":258,"codigo":"PDI-GR1306-00038","tipo":"Natural","subtipo":"Biol_Botanica","descripcion":"Ombú o bella sombra (Phytolacca dioica)"},"geometry":{"type":"Point","coordinates":[-17.876909,28.56608]}},{"type":"Feature","properties":{"id_punto":259,"codigo":"PDI-GR1306-00040","tipo":"Servicios","subtipo":"Otros","descripcion":"Desvío del sendero hacia El Remo (no homologado)"},"geometry":{"type":"Point","coordinates":[-17.876103,28.562597]}},{"type":"Feature","properties":{"id_punto":260,"codigo":"PDI-GR1306-00022","tipo":"Cultural","subtipo":"Arq_Civil","descripcion":"Terrero municipal de lucha de San Nicolás"},"geometry":{"type":"Point","coordinates":[-17.8808,28.603938]}},{"type":"Feature","properties":{"id_punto":261,"codigo":"PDI-GR1306-00039","tipo":"Cultural","subtipo":"Etnog_Otros","descripcion":"Explotación de ganado caprino"},"geometry":{"type":"Point","coordinates":[-17.875778,28.564194]}},{"type":"Feature","properties":{"id_punto":262,"codigo":"PDI-GR1306-00032","tipo":"Natural","subtipo":"Geol_Barranco","descripcion":"Barranco de Los Hombres"},"geometry":{"type":"Point","coordinates":[-17.880056,28.586889]}},{"type":"Feature","properties":{"id_punto":263,"codigo":"PDI-GR1306-00031","tipo":"Cultural","subtipo":"Etnog_Otros","descripcion":"Cruz votiva de madera de tea"},"geometry":{"type":"Point","coordinates":[-17.880422,28.594116]}},{"type":"Feature","properties":{"id_punto":264,"codigo":"PDI-GR1306-00030","tipo":"Servicios","subtipo":"Otros","descripcion":"Desvío hacia el Museo del Vino de Las Manchas"},"geometry":{"type":"Point","coordinates":[-17.880556,28.598194]}},{"type":"Feature","properties":{"id_punto":265,"codigo":"PDI-GR1306-00020","tipo":"Servicios","subtipo":"Otros","descripcion":"Cruce entre el Camino Los Campitos y el Camino Pastelero"},"geometry":{"type":"Point","coordinates":[-17.888,28.615472]}},{"type":"Feature","properties":{"id_punto":266,"codigo":"PDI-GR1306-00017","tipo":"Servicios","subtipo":"Otros","descripcion":"Incorporación al Camino Malpaís de Triana"},"geometry":{"type":"Point","coordinates":[-17.9055,28.644806]}},{"type":"Feature","properties":{"id_punto":267,"codigo":"PDI-GR1306-00009","tipo":"Servicios","subtipo":"Otros","descripcion":"Cruce entre la Avenida Pedro Miguel Hernández Camacho y la Calle Tenisca"},"geometry":{"type":"Point","coordinates":[-17.912361,28.655444]}},{"type":"Feature","properties":{"id_punto":268,"codigo":"PDI-GR1306-00006","tipo":"Servicios","subtipo":"Otros_Agua_Pot","descripcion":"Chorro de El Trocadero"},"geometry":{"type":"Point","coordinates":[-17.911056,28.65725]}},{"type":"Feature","properties":{"id_punto":269,"codigo":"PDI-GR1306-00005","tipo":"Servicios","subtipo":"Viveres_Tienda","descripcion":"Calle Real"},"geometry":{"type":"Point","coordinates":[-17.911611,28.658472]}},{"type":"Feature","properties":{"id_punto":270,"codigo":"PDI-GR1306-00001","tipo":"Cultural","subtipo":"Arq_Civil","descripcion":"Ayuntamiento de Los Llanos de Aridane"},"geometry":{"type":"Point","coordinates":[-17.913222,28.658778]}},{"type":"Feature","properties":{"id_punto":271,"codigo":"PDI-GR1306-00024","tipo":"Servicios","subtipo":"Otros_Agua_Pot","descripcion":"Fuente municipal de agua potable"},"geometry":{"type":"Point","coordinates":[-17.880891,28.602096]}},{"type":"Feature","properties":{"id_punto":272,"codigo":"PDI-GR1306-00029","tipo":"Cultural","subtipo":"Arq_Religiosa","descripcion":"Calvario acristalado"},"geometry":{"type":"Point","coordinates":[-17.880705,28.598365]}},{"type":"Feature","properties":{"id_punto":273,"codigo":"PDI-GR1306-00027","tipo":"Servicios","subtipo":"Viveres_Tienda","descripcion":"Víveres San Nicolás"},"geometry":{"type":"Point","coordinates":[-17.880862,28.601464]}},{"type":"Feature","properties":{"id_punto":274,"codigo":"PDI-GR1306-00023","tipo":"Servicios","subtipo":"Viveres_Bar_Rest","descripcion":"Bar San Nicolás"},"geometry":{"type":"Point","coordinates":[-17.881023,28.602153]}},{"type":"Feature","properties":{"id_punto":275,"codigo":"PDI-GR1306-00026","tipo":"Servicios","subtipo":"Viveres_Bar_Rest","descripcion":"Bar El Americano"},"geometry":{"type":"Point","coordinates":[-17.880946,28.601907]}},{"type":"Feature","properties":{"id_punto":276,"codigo":"PDI-GR1306-00025","tipo":"Cultural","subtipo":"Arq_Religiosa","descripcion":"Iglesia de San Nicolás (BIC)"},"geometry":{"type":"Point","coordinates":[-17.880656,28.602126]}},{"type":"Feature","properties":{"id_punto":277,"codigo":"PDI-GR1306-00028","tipo":"Cultural","subtipo":"Arq_Civil","descripcion":"Casa de Camineros de San Nicolás"},"geometry":{"type":"Point","coordinates":[-17.880735,28.599349]}},{"type":"Feature","properties":{"id_punto":278,"codigo":"PDI-GR1306-00010","tipo":"Servicios","subtipo":"Viveres_Tienda","descripcion":"Supermercado Castillo"},"geometry":{"type":"Point","coordinates":[-17.9114,28.653166]}},{"type":"Feature","properties":{"id_punto":279,"codigo":"PDI-GR1306-00002","tipo":"Servicios","subtipo":"Viveres_Bar_Rest","descripcion":"Kiosko Aridane"},"geometry":{"type":"Point","coordinates":[-17.912617,28.658761]}},{"type":"Feature","properties":{"id_punto":280,"codigo":"PDI-GR1306-00003","tipo":"Servicios","subtipo":"Viveres_Bar_Rest","descripcion":"Cafetería Edén"},"geometry":{"type":"Point","coordinates":[-17.912322,28.658837]}},{"type":"Feature","properties":{"id_punto":281,"codigo":"PDI-GR1307-00025","tipo":"Natural","subtipo":"Biol_Botanica","descripcion":"Palmera canaria (Phoenix canariensis)"},"geometry":{"type":"Point","coordinates":[-17.782319,28.604235]}},{"type":"Feature","properties":{"id_punto":282,"codigo":"PDI-GR1307-00009","tipo":"Natural","subtipo":"Geol_Barranco","descripcion":"Barranco de Mederos"},"geometry":{"type":"Point","coordinates":[-17.811079,28.544035]}},{"type":"Feature","properties":{"id_punto":283,"codigo":"PDI-GR1307-00015","tipo":"Natural","subtipo":"Geol_Barranco","descripcion":"Barranco de La Reja o Salto de Los Pinos"},"geometry":{"type":"Point","coordinates":[-17.798819,28.562492]}},{"type":"Feature","properties":{"id_punto":284,"codigo":"PDI-GR1307-00016","tipo":"Natural","subtipo":"Geol_Barranco","descripcion":"Barranco de La Lava"},"geometry":{"type":"Point","coordinates":[-17.792147,28.568552]}},{"type":"Feature","properties":{"id_punto":285,"codigo":"PDI-GR1307-00023","tipo":"Cultural","subtipo":"Arq_Religiosa","descripcion":"El Calvario"},"geometry":{"type":"Point","coordinates":[-17.782087,28.596413]}},{"type":"Feature","properties":{"id_punto":286,"codigo":"PDI-GR1307-00002","tipo":"Cultural","subtipo":"Etnog_Otros","descripcion":"Pino de la Virgen (Fuencaliente)"},"geometry":{"type":"Point","coordinates":[-17.825392,28.513969]}},{"type":"Feature","properties":{"id_punto":287,"codigo":"PDI-GR1307-00012","tipo":"Cultural","subtipo":"Arq_Civil","descripcion":"Cementerio de Tigalate"},"geometry":{"type":"Point","coordinates":[-17.805446,28.55245]}},{"type":"Feature","properties":{"id_punto":288,"codigo":"PDI-GR1307-00024","tipo":"Cultural","subtipo":"Arq_Civil","descripcion":"Vivienda tradicional decorada con los típicos antepechos geométricos"},"geometry":{"type":"Point","coordinates":[-17.781361,28.599944]}},{"type":"Feature","properties":{"id_punto":289,"codigo":"PDI-GR1307-00022","tipo":"Natural","subtipo":"Geol_Barranco","descripcion":"Barranco de San Simón"},"geometry":{"type":"Point","coordinates":[-17.785,28.589556]}},{"type":"Feature","properties":{"id_punto":290,"codigo":"PDI-GR1307-00021","tipo":"Cultural","subtipo":"Etnog_Otros","descripcion":"Cruz votiva perteneciente al barrio de La Sabina"},"geometry":{"type":"Point","coordinates":[-17.785472,28.589111]}},{"type":"Feature","properties":{"id_punto":291,"codigo":"PDI-GR1307-00020","tipo":"Cultural","subtipo":"Etnog_Otros","descripcion":"Pequeña cruz fechada en 1977"},"geometry":{"type":"Point","coordinates":[-17.786611,28.585722]}},{"type":"Feature","properties":{"id_punto":292,"codigo":"PDI-GR1307-00014","tipo":"Servicios","subtipo":"Aloj_Albergue","descripcion":"Albergue de Tigalate / Tiguerorte"},"geometry":{"type":"Point","coordinates":[-17.799197,28.559834]}},{"type":"Feature","properties":{"id_punto":293,"codigo":"PDI-GR1307-00011","tipo":"Natural","subtipo":"Geol_Barranco","descripcion":"Barranco del Cabrito"},"geometry":{"type":"Point","coordinates":[-17.809167,28.548444]}},{"type":"Feature","properties":{"id_punto":294,"codigo":"PDI-GR1307-00008","tipo":"Natural","subtipo":"Geol_Barranco","descripcion":"Barranco de los Palitos Blancos"},"geometry":{"type":"Point","coordinates":[-17.812139,28.542583]}},{"type":"Feature","properties":{"id_punto":295,"codigo":"PDI-GR1307-00006","tipo":"Cultural","subtipo":"Etnog_Otros","descripcion":"Pequeña cruz votiva"},"geometry":{"type":"Point","coordinates":[-17.81825,28.532139]}},{"type":"Feature","properties":{"id_punto":296,"codigo":"PDI-GR1307-00005","tipo":"Natural","subtipo":"Geol_Otros","descripcion":"Salida del Malpaís de Flores (Volcán de Tigalate o Martín, 1646)"},"geometry":{"type":"Point","coordinates":[-17.820861,28.526694]}},{"type":"Feature","properties":{"id_punto":297,"codigo":"PDI-GR1307-00004","tipo":"Natural","subtipo":"Geol_Otros","descripcion":"Entrada al Malpaís de Flores (Volcán de Tigalate o Martín, 1646)"},"geometry":{"type":"Point","coordinates":[-17.82325,28.519889]}},{"type":"Feature","properties":{"id_punto":298,"codigo":"PDI-GR1307-00003","tipo":"Servicios","subtipo":"Otros","descripcion":"Pista de acceso al Área Recreativa de Fuente de Los Roques"},"geometry":{"type":"Point","coordinates":[-17.823889,28.518583]}},{"type":"Feature","properties":{"id_punto":299,"codigo":"PDI-GR1307-00001","tipo":"Natural","subtipo":"Otros","descripcion":"Límite entre el Parque Natural de Cumbre Vieja y el Paisaje Protegido de Tamanca"},"geometry":{"type":"Point","coordinates":[-17.840806,28.502583]}},{"type":"Feature","properties":{"id_punto":300,"codigo":"PDI-GR1307-00007","tipo":"Cultural","subtipo":"Toponimo","descripcion":"Montes de Luna"},"geometry":{"type":"Point","coordinates":[-17.817667,28.534861]}},{"type":"Feature","properties":{"id_punto":301,"codigo":"PDI-GR1307-00017","tipo":"Cultural","subtipo":"Toponimo","descripcion":"Tirimaga"},"geometry":{"type":"Point","coordinates":[-17.788667,28.572917]}},{"type":"Feature","properties":{"id_punto":302,"codigo":"PDI-GR1307-00010","tipo":"Servicios","subtipo":"Aloj_Casa_Rural","descripcion":"Alojamiento de turismo rural"},"geometry":{"type":"Point","coordinates":[-17.810237,28.546946]}},{"type":"Feature","properties":{"id_punto":303,"codigo":"PDI-GR1307-00018","tipo":"Cultural","subtipo":"Etnog_Otros","descripcion":"Cruz votiva"},"geometry":{"type":"Point","coordinates":[-17.787729,28.577015]}},{"type":"Feature","properties":{"id_punto":304,"codigo":"PDI-GR1307-00019","tipo":"Cultural","subtipo":"Etnog_Otros","descripcion":"Cruz votiva"},"geometry":{"type":"Point","coordinates":[-17.787104,28.58361]}},{"type":"Feature","properties":{"id_punto":305,"codigo":"PDI-GR1307-00013","tipo":"Cultural","subtipo":"Etnog_Otros","descripcion":"Cruz votiva"},"geometry":{"type":"Point","coordinates":[-17.803158,28.553896]}},{"type":"Feature","properties":{"id_punto":306,"codigo":"PDI-GR1308-00043","tipo":"Cultural","subtipo":"Arq_Religiosa","descripcion":"Ermita de San Sebastián"},"geometry":{"type":"Point","coordinates":[-17.76599,28.68349]}},{"type":"Feature","properties":{"id_punto":307,"codigo":"PDI-GR1308-00020","tipo":"Cultural","subtipo":"Etnog_Otros","descripcion":"Cruz de La Calafata"},"geometry":{"type":"Point","coordinates":[-17.785194,28.654558]}},{"type":"Feature","properties":{"id_punto":308,"codigo":"PDI-GR1308-00012","tipo":"Cultural","subtipo":"Arq_Civil","descripcion":"Canal Barlovento - Fuencaliente"},"geometry":{"type":"Point","coordinates":[-17.782522,28.637411]}},{"type":"Feature","properties":{"id_punto":309,"codigo":"PDI-GR1308-00016","tipo":"Servicios","subtipo":"Otros","descripcion":"Carretera LP-202 (Santa Cruz de La Palma - Montaña de La Breña)"},"geometry":{"type":"Point","coordinates":[-17.784771,28.645094]}},{"type":"Feature","properties":{"id_punto":310,"codigo":"PDI-GR1308-00007","tipo":"Servicios","subtipo":"Otros","descripcion":"Punto de Información Ambiental de la Montaña de la Breña"},"geometry":{"type":"Point","coordinates":[-17.782493,28.630159]}},{"type":"Feature","properties":{"id_punto":311,"codigo":"PDI-GR1308-00001","tipo":"Servicios","subtipo":"Otros_Area_Recr","descripcion":"Área Recreativa de Montaña de Las Toscas"},"geometry":{"type":"Point","coordinates":[-17.782871,28.605303]}},{"type":"Feature","properties":{"id_punto":312,"codigo":"PDI-GR1308-00036","tipo":"Cultural","subtipo":"Arq_Civil","descripcion":"Venta de La Estrella"},"geometry":{"type":"Point","coordinates":[-17.780433,28.681067]}},{"type":"Feature","properties":{"id_punto":313,"codigo":"PDI-GR1308-00034","tipo":"Cultural","subtipo":"Etnog_Otros","descripcion":"Cruz de La Glorieta"},"geometry":{"type":"Point","coordinates":[-17.781488,28.67511]}},{"type":"Feature","properties":{"id_punto":314,"codigo":"PDI-GR1308-00025","tipo":"Natural","subtipo":"Geol_Barranco","descripcion":"Barranco de Aguacencio"},"geometry":{"type":"Point","coordinates":[-17.785328,28.659369]}},{"type":"Feature","properties":{"id_punto":315,"codigo":"PDI-GR1308-00031","tipo":"Cultural","subtipo":"Otros","descripcion":"Escultura \"Raíces\", de Facundo Fierro"},"geometry":{"type":"Point","coordinates":[-17.781897,28.673689]}},{"type":"Feature","properties":{"id_punto":316,"codigo":"PDI-GR1308-00030","tipo":"Natural","subtipo":"Geol_Barranco","descripcion":"Barranco de Los Guinchos"},"geometry":{"type":"Point","coordinates":[-17.784237,28.670058]}},{"type":"Feature","properties":{"id_punto":317,"codigo":"PDI-GR1308-00029","tipo":"Natural","subtipo":"Geol_Barranco","descripcion":"Barranco de La Pata"},"geometry":{"type":"Point","coordinates":[-17.786722,28.666472]}},{"type":"Feature","properties":{"id_punto":318,"codigo":"PDI-GR1308-00027","tipo":"Cultural","subtipo":"Arq_Civil","descripcion":"Calle del Cura"},"geometry":{"type":"Point","coordinates":[-17.786849,28.663293]}},{"type":"Feature","properties":{"id_punto":319,"codigo":"PDI-GR1308-00023","tipo":"Cultural","subtipo":"Etnog_Otros","descripcion":"Cruz del Rosal"},"geometry":{"type":"Point","coordinates":[-17.785222,28.657222]}},{"type":"Feature","properties":{"id_punto":320,"codigo":"PDI-GR1308-00019","tipo":"Servicios","subtipo":"Viveres_Bar_Rest","descripcion":"Centro Hípico La Vaquera"},"geometry":{"type":"Point","coordinates":[-17.785556,28.652917]}},{"type":"Feature","properties":{"id_punto":321,"codigo":"PDI-GR1308-00009","tipo":"Servicios","subtipo":"Otros","descripcion":"Desvío al Mirador de Montaña de la Breña"},"geometry":{"type":"Point","coordinates":[-17.783139,28.631444]}},{"type":"Feature","properties":{"id_punto":322,"codigo":"PDI-GR1308-00004","tipo":"Servicios","subtipo":"Otros_Agua_Pot","descripcion":"Pequeña área recreativa (Descanso Cruz del Monte) con fogones y toma de agua"},"geometry":{"type":"Point","coordinates":[-17.783444,28.625556]}},{"type":"Feature","properties":{"id_punto":323,"codigo":"PDI-GR1308-00002","tipo":"Servicios","subtipo":"Otros","descripcion":"Bifurcación: Camino Las Toscas (GR 130, derecha) y Camino Manuel Martel Sangil (izquierda)"},"geometry":{"type":"Point","coordinates":[-17.782694,28.60975]}},{"type":"Feature","properties":{"id_punto":324,"codigo":"PDI-GR1308-00040","tipo":"Cultural","subtipo":"Toponimo","descripcion":"La Cuesta"},"geometry":{"type":"Point","coordinates":[-17.771158,28.68584]}},{"type":"Feature","properties":{"id_punto":325,"codigo":"PDI-GR1308-00038","tipo":"Servicios","subtipo":"Otros","descripcion":"Parque Paraíso de las Aves"},"geometry":{"type":"Point","coordinates":[-17.77839,28.68245]}},{"type":"Feature","properties":{"id_punto":326,"codigo":"PDI-GR1308-00026","tipo":"Cultural","subtipo":"Arq_Religiosa","descripcion":"Iglesia de San Pedro"},"geometry":{"type":"Point","coordinates":[-17.786781,28.662848]}},{"type":"Feature","properties":{"id_punto":327,"codigo":"PDI-GR1308-00006","tipo":"Cultural","subtipo":"Etnog_Otros","descripcion":"Cruz V Centenario de la Evangelización"},"geometry":{"type":"Point","coordinates":[-17.783062,28.628782]}},{"type":"Feature","properties":{"id_punto":328,"codigo":"PDI-GR1308-00010","tipo":"Cultural","subtipo":"Etnog_Otros","descripcion":"Cruz de la Montaña de la Breña"},"geometry":{"type":"Point","coordinates":[-17.783602,28.6345]}},{"type":"Feature","properties":{"id_punto":329,"codigo":"PDI-GR1308-00008","tipo":"Servicios","subtipo":"Otros_Area_Recr","descripcion":"Área Recreativa de Montaña de la Breña"},"geometry":{"type":"Point","coordinates":[-17.782667,28.630333]}},{"type":"Feature","properties":{"id_punto":330,"codigo":"PDI-GR1308-00003","tipo":"Cultural","subtipo":"Etnog_Otros","descripcion":"Cruz de El Poleal"},"geometry":{"type":"Point","coordinates":[-17.782988,28.610765]}},{"type":"Feature","properties":{"id_punto":331,"codigo":"PDI-GR1308-00005","tipo":"Cultural","subtipo":"Etnog_Otros","descripcion":"Cruz de La Rosa"},"geometry":{"type":"Point","coordinates":[-17.783116,28.627404]}},{"type":"Feature","properties":{"id_punto":332,"codigo":"PDI-GR1308-00011","tipo":"Servicios","subtipo":"Otros_Agua_Pot","descripcion":"Chorro con agua potable"},"geometry":{"type":"Point","coordinates":[-17.783455,28.6345]}},{"type":"Feature","properties":{"id_punto":333,"codigo":"PDI-GR1308-00013","tipo":"Cultural","subtipo":"Etnog_Otros","descripcion":"Cruz de Las Breveritas"},"geometry":{"type":"Point","coordinates":[-17.782464,28.639273]}},{"type":"Feature","properties":{"id_punto":334,"codigo":"PDI-GR1308-00014","tipo":"Servicios","subtipo":"Aloj_Casa_Rural","descripcion":"Casa de Turismo Rural El Molinero"},"geometry":{"type":"Point","coordinates":[-17.782568,28.639599]}},{"type":"Feature","properties":{"id_punto":335,"codigo":"PDI-GR1308-00015","tipo":"Natural","subtipo":"Geol_Barranco","descripcion":"Barranco de Amargavinos"},"geometry":{"type":"Point","coordinates":[-17.783019,28.640263]}},{"type":"Feature","properties":{"id_punto":336,"codigo":"PDI-GR1308-00017","tipo":"Cultural","subtipo":"Etnog_Otros","descripcion":"Cruz de Miranda"},"geometry":{"type":"Point","coordinates":[-17.786472,28.650131]}},{"type":"Feature","properties":{"id_punto":337,"codigo":"PDI-GR1308-00018","tipo":"Cultural","subtipo":"Arq_Civil","descripcion":"Portada de hacienda Fierro (siglo XVII)"},"geometry":{"type":"Point","coordinates":[-17.785808,28.652301]}},{"type":"Feature","properties":{"id_punto":338,"codigo":"PDI-GR1308-00022","tipo":"Cultural","subtipo":"Etnog_Otros","descripcion":"Cruz de La Plaza"},"geometry":{"type":"Point","coordinates":[-17.785044,28.656886]}},{"type":"Feature","properties":{"id_punto":339,"codigo":"PDI-GR1308-00021","tipo":"Cultural","subtipo":"Arq_Religiosa","descripcion":"Iglesia de San Miguel"},"geometry":{"type":"Point","coordinates":[-17.785069,28.656904]}},{"type":"Feature","properties":{"id_punto":340,"codigo":"PDI-GR1308-00024","tipo":"Cultural","subtipo":"Arq_Civil","descripcion":"Portada de hacienda"},"geometry":{"type":"Point","coordinates":[-17.785419,28.658495]}},{"type":"Feature","properties":{"id_punto":341,"codigo":"PDI-GR1308-00028","tipo":"Servicios","subtipo":"Viveres_Bar_Rest","descripcion":"Delicias Café"},"geometry":{"type":"Point","coordinates":[-17.786629,28.663746]}},{"type":"Feature","properties":{"id_punto":342,"codigo":"PDI-GR1308-00032","tipo":"Servicios","subtipo":"Viveres_Bar_Rest","descripcion":"Restaurante Casa Osmunda"},"geometry":{"type":"Point","coordinates":[-17.781354,28.674992]}},{"type":"Feature","properties":{"id_punto":343,"codigo":"PDI-GR1308-00033","tipo":"Servicios","subtipo":"Aloj_Casa_Rural","descripcion":"Finca La Principal"},"geometry":{"type":"Point","coordinates":[-17.781512,28.674997]}},{"type":"Feature","properties":{"id_punto":344,"codigo":"PDI-GR1308-00035","tipo":"Servicios","subtipo":"Aloj_Otros","descripcion":"Hotel Rural Buenavista"},"geometry":{"type":"Point","coordinates":[-17.78084,28.679331]}},{"type":"Feature","properties":{"id_punto":345,"codigo":"PDI-GR1308-00037","tipo":"Cultural","subtipo":"Etnog_Otros","descripcion":"Cruz de Los Bolos"},"geometry":{"type":"Point","coordinates":[-17.780165,28.681051]}},{"type":"Feature","properties":{"id_punto":346,"codigo":"PDI-GR1308-00039","tipo":"Cultural","subtipo":"Etnog_Otros","descripcion":"Cruz de Las Ánimas"},"geometry":{"type":"Point","coordinates":[-17.772877,28.684693]}},{"type":"Feature","properties":{"id_punto":347,"codigo":"PDI-GR1308-00041","tipo":"Servicios","subtipo":"Otros_Agua_Pot","descripcion":"Fuente de agua potable (La Cajita Blanca)"},"geometry":{"type":"Point","coordinates":[-17.76731,28.683739]}},{"type":"Feature","properties":{"id_punto":348,"codigo":"PDI-GR1308-00042","tipo":"Servicios","subtipo":"Aloj_Casa_Rural","descripcion":"Casa San Sebastián"},"geometry":{"type":"Point","coordinates":[-17.766428,28.683782]}},{"type":"Feature","properties":{"id_punto":349,"codigo":"PDI-GR1308-00044","tipo":"Cultural","subtipo":"Arq_Civil","descripcion":"Sociedad La Cosmológica"},"geometry":{"type":"Point","coordinates":[-17.765165,28.683353]}},{"type":"Feature","properties":{"id_punto":350,"codigo":"PDI-GR1308-00046","tipo":"Servicios","subtipo":"Otros_Agua_Pot","descripcion":"Fuente de agua potable"},"geometry":{"type":"Point","coordinates":[-17.764997,28.683376]}},{"type":"Feature","properties":{"id_punto":351,"codigo":"PDI-GR1308-00045","tipo":"Cultural","subtipo":"Arq_Religiosa","descripcion":"Iglesia de El Salvador"},"geometry":{"type":"Point","coordinates":[-17.765127,28.683476]}},{"type":"Feature","properties":{"id_punto":352,"codigo":"PDI-GR1311-00007","tipo":"Cultural","subtipo":"Etnog_Otros","descripcion":"Cruz del Time"},"geometry":{"type":"Point","coordinates":[-17.940916,28.668453]}},{"type":"Feature","properties":{"id_punto":353,"codigo":"PDI-GR1311-00010","tipo":"Cultural","subtipo":"Etnog_Otros","descripcion":"Zona de viñedos"},"geometry":{"type":"Point","coordinates":[-17.923029,28.696894]}},{"type":"Feature","properties":{"id_punto":354,"codigo":"PDI-GR1311-00009","tipo":"Servicios","subtipo":"Otros","descripcion":"Mirador y torre de vigilancia forestal de la Torre del Time"},"geometry":{"type":"Point","coordinates":[-17.924189,28.692856]}},{"type":"Feature","properties":{"id_punto":355,"codigo":"PDI-GR1311-00023","tipo":"Cultural","subtipo":"Toponimo","descripcion":"Degollada de Las Palomas"},"geometry":{"type":"Point","coordinates":[-17.900074,28.740893]}},{"type":"Feature","properties":{"id_punto":356,"codigo":"PDI-GR1311-00015","tipo":"Natural","subtipo":"Geol_Otros","descripcion":"Risco de Las Pareditas"},"geometry":{"type":"Point","coordinates":[-17.912801,28.707931]}},{"type":"Feature","properties":{"id_punto":357,"codigo":"PDI-GR1311-00019","tipo":"Cultural","subtipo":"Toponimo","descripcion":"Pinos Gachos"},"geometry":{"type":"Point","coordinates":[-17.903716,28.728286]}},{"type":"Feature","properties":{"id_punto":358,"codigo":"PDI-GR1311-00025","tipo":"Cultural","subtipo":"Arq_Civil","descripcion":"Vista del Gran Telescopio Canarias (GTC) desde el GR 131"},"geometry":{"type":"Point","coordinates":[-17.895863,28.747595]}},{"type":"Feature","properties":{"id_punto":359,"codigo":"PDI-GR1311-00005","tipo":"Cultural","subtipo":"Arq_Civil","descripcion":"Almacén de plátanos de Unipalma (abandonado)"},"geometry":{"type":"Point","coordinates":[-17.948534,28.65485]}},{"type":"Feature","properties":{"id_punto":360,"codigo":"PDI-GR1311-00006","tipo":"Servicios","subtipo":"Viveres_Bar_Rest","descripcion":"Mirador de El Time"},"geometry":{"type":"Point","coordinates":[-17.942373,28.663557]}},{"type":"Feature","properties":{"id_punto":361,"codigo":"PDI-GR1311-00028","tipo":"Cultural","subtipo":"Arq_Civil","descripcion":"Telescopio Nazionale Galileo (TNG)"},"geometry":{"type":"Point","coordinates":[-17.888716,28.753681]}},{"type":"Feature","properties":{"id_punto":362,"codigo":"PDI-GR1311-00001","tipo":"Cultural","subtipo":"Etnog_Otros","descripcion":"Tramo que conserva el empedrado original en el GR 131"},"geometry":{"type":"Point","coordinates":[-17.947056,28.653194]}},{"type":"Feature","properties":{"id_punto":363,"codigo":"PDI-GR1311-00002","tipo":"Natural","subtipo":"Biol_Botanica","descripcion":"Cardonal (Euphorbia canariensis)"},"geometry":{"type":"Point","coordinates":[-17.948111,28.653583]}},{"type":"Feature","properties":{"id_punto":364,"codigo":"PDI-GR1311-00003","tipo":"Natural","subtipo":"Geol_Otros","descripcion":"Acantilado de Juan Graje, con vistas a las explotaciones acuícolas"},"geometry":{"type":"Point","coordinates":[-17.949444,28.653]}},{"type":"Feature","properties":{"id_punto":365,"codigo":"PDI-GR1311-00004","tipo":"Cultural","subtipo":"Etnog_Otros","descripcion":"Cruz votiva"},"geometry":{"type":"Point","coordinates":[-17.949389,28.653889]}},{"type":"Feature","properties":{"id_punto":366,"codigo":"PDI-GR1311-00020","tipo":"Natural","subtipo":"Geol_Barranco","descripcion":"Barrancos de Jieque y Tajodeque"},"geometry":{"type":"Point","coordinates":[-17.9021,28.735025]}},{"type":"Feature","properties":{"id_punto":367,"codigo":"PDI-GR1311-00022","tipo":"Natural","subtipo":"Geol_Barranco","descripcion":"Barranco de Bombas de Agua y Garome"},"geometry":{"type":"Point","coordinates":[-17.900037,28.740686]}},{"type":"Feature","properties":{"id_punto":368,"codigo":"PDI-GR1311-00027","tipo":"Cultural","subtipo":"Toponimo","descripcion":"Roque Chico"},"geometry":{"type":"Point","coordinates":[-17.893829,28.749731]}},{"type":"Feature","properties":{"id_punto":369,"codigo":"PDI-GR1311-00024","tipo":"Cultural","subtipo":"Toponimo","descripcion":"Morro de La Crespa"},"geometry":{"type":"Point","coordinates":[-17.897378,28.744839]}},{"type":"Feature","properties":{"id_punto":370,"codigo":"PDI-GR1311-00017","tipo":"Cultural","subtipo":"Toponimo","descripcion":"Hoya del Estrabito"},"geometry":{"type":"Point","coordinates":[-17.906265,28.723496]}},{"type":"Feature","properties":{"id_punto":371,"codigo":"PDI-GR1311-00013","tipo":"Cultural","subtipo":"Toponimo","descripcion":"Hoya Grande"},"geometry":{"type":"Point","coordinates":[-17.918693,28.700128]}},{"type":"Feature","properties":{"id_punto":372,"codigo":"PDI-GR1311-00026","tipo":"Natural","subtipo":"Geol_Barranco","descripcion":"Barranco de Marangaño"},"geometry":{"type":"Point","coordinates":[-17.894608,28.74792]}},{"type":"Feature","properties":{"id_punto":373,"codigo":"PDI-GR1311-00029","tipo":"Natural","subtipo":"Geol_Otros","descripcion":"Mirador hacia el interior de La Caldera"},"geometry":{"type":"Point","coordinates":[-17.886959,28.753859]}},{"type":"Feature","properties":{"id_punto":374,"codigo":"PDI-GR1311-00030","tipo":"Natural","subtipo":"Geol_Montaña","descripcion":"Roque de Los Muchachos"},"geometry":{"type":"Point","coordinates":[-17.885016,28.754196]}},{"type":"Feature","properties":{"id_punto":375,"codigo":"PDI-GR1311-00016","tipo":"Natural","subtipo":"Otros","descripcion":"Mirador sobre la finca de Tenerra"},"geometry":{"type":"Point","coordinates":[-17.909536,28.717911]}},{"type":"Feature","properties":{"id_punto":376,"codigo":"PDI-GR1311-00021","tipo":"Natural","subtipo":"Otros","descripcion":"Trocha cortafuegos"},"geometry":{"type":"Point","coordinates":[-17.900745,28.737755]}},{"type":"Feature","properties":{"id_punto":377,"codigo":"PDI-GR1311-00014","tipo":"Natural","subtipo":"Biol_Botanica","descripcion":"Ladera cubierta de amagantes"},"geometry":{"type":"Point","coordinates":[-17.916506,28.702738]}},{"type":"Feature","properties":{"id_punto":378,"codigo":"PDI-GR1311-00012","tipo":"Natural","subtipo":"Biol_Botanica","descripcion":"Frontera entre los viñedos y el pinar"},"geometry":{"type":"Point","coordinates":[-17.92102,28.699302]}},{"type":"Feature","properties":{"id_punto":379,"codigo":"PDI-GR1311-00011","tipo":"Natural","subtipo":"Biol_Botanica","descripcion":"Bejeques (Aeonium sp.)"},"geometry":{"type":"Point","coordinates":[-17.922838,28.696991]}},{"type":"Feature","properties":{"id_punto":380,"codigo":"PDI-GR1311-00008","tipo":"Cultural","subtipo":"Arq_Civil","descripcion":"Canal de la Galería de Minaderos"},"geometry":{"type":"Point","coordinates":[-17.933972,28.684467]}},{"type":"Feature","properties":{"id_punto":381,"codigo":"PDI-GR1311-00018","tipo":"Natural","subtipo":"Geol_Otros","descripcion":"Dique de origen volcánico"},"geometry":{"type":"Point","coordinates":[-17.905635,28.724124]}},{"type":"Feature","properties":{"id_punto":382,"codigo":"PDI-GR1312-00001","tipo":"Servicios","subtipo":"Otros","descripcion":"Caseta informativa del Roque de los Muchachos (Parque Nacional de La Caldera de Taburiente)"},"geometry":{"type":"Point","coordinates":[-17.8851,28.754417]}},{"type":"Feature","properties":{"id_punto":383,"codigo":"PDI-GR1312-00002","tipo":"Cultural","subtipo":"Etnog_Ref_Pastoril","descripcion":"Acceso a los refugios pastoriles de la Degollada del Fraile"},"geometry":{"type":"Point","coordinates":[-17.882841,28.758013]}},{"type":"Feature","properties":{"id_punto":384,"codigo":"PDI-GR1312-00004","tipo":"Cultural","subtipo":"Arq_Civil","descripcion":"Jacobus Kapteyn Telescope (JKT)"},"geometry":{"type":"Point","coordinates":[-17.877775,28.761143]}},{"type":"Feature","properties":{"id_punto":385,"codigo":"PDI-GR1312-00005","tipo":"Cultural","subtipo":"Arq_Civil","descripcion":"Isaac Newton Telescope (INT)"},"geometry":{"type":"Point","coordinates":[-17.877369,28.761705]}},{"type":"Feature","properties":{"id_punto":386,"codigo":"PDI-GR1312-00006","tipo":"Servicios","subtipo":"Otros","descripcion":"Acceso al Mirador de Los Andenes"},"geometry":{"type":"Point","coordinates":[-17.87565,28.7621]}},{"type":"Feature","properties":{"id_punto":387,"codigo":"PDI-GR1312-00008","tipo":"Natural","subtipo":"Biol_Botanica","descripcion":"Cedro canario (Juniperus cedrus) suspendido de un risco"},"geometry":{"type":"Point","coordinates":[-17.870278,28.759528]}},{"type":"Feature","properties":{"id_punto":388,"codigo":"PDI-GR1312-00009","tipo":"Natural","subtipo":"Geol_Otros","descripcion":"Pared de Roberto (dique volcánico vinculado a una conocida leyenda)"},"geometry":{"type":"Point","coordinates":[-17.869833,28.759966]}},{"type":"Feature","properties":{"id_punto":389,"codigo":"PDI-GR1312-00013","tipo":"Natural","subtipo":"Geol_Montaña","descripcion":"Pico de la Cruz (2.351 m)"},"geometry":{"type":"Point","coordinates":[-17.853512,28.754257]}},{"type":"Feature","properties":{"id_punto":390,"codigo":"PDI-GR1312-00016","tipo":"Natural","subtipo":"Biol_Botanica","descripcion":"Pensamiento de cumbre (Viola palmensis)"},"geometry":{"type":"Point","coordinates":[-17.838139,28.744972]}},{"type":"Feature","properties":{"id_punto":391,"codigo":"PDI-GR1312-00019","tipo":"Natural","subtipo":"Geol_Montaña","descripcion":"Pico de Piedra Llana (2.321 m)"},"geometry":{"type":"Point","coordinates":[-17.836752,28.742878]}},{"type":"Feature","properties":{"id_punto":392,"codigo":"PDI-GR1312-00022","tipo":"Natural","subtipo":"Geol_Otros","descripcion":"Zona de llamativas arenas anaranjadas (probablemente provocadas por la presencia de óxidos y peróxidos de hierro)"},"geometry":{"type":"Point","coordinates":[-17.835449,28.73937]}},{"type":"Feature","properties":{"id_punto":393,"codigo":"PDI-GR1312-00023","tipo":"Natural","subtipo":"Geol_Barranco","descripcion":"Cabecera de Barranco Hondo y Barranco de Altaguna"},"geometry":{"type":"Point","coordinates":[-17.835586,28.735136]}},{"type":"Feature","properties":{"id_punto":394,"codigo":"PDI-GR1312-00024","tipo":"Natural","subtipo":"Biol_Botanica","descripcion":"Parcela de repoblación de especies autóctonas: retamas, tagasastes, pensamientos de cumbre, etc."},"geometry":{"type":"Point","coordinates":[-17.835528,28.730611]}},{"type":"Feature","properties":{"id_punto":395,"codigo":"PDI-GR1312-00025","tipo":"Cultural","subtipo":"Arq_Civil","descripcion":"Antena de telecomunicaciones"},"geometry":{"type":"Point","coordinates":[-17.835694,28.729778]}},{"type":"Feature","properties":{"id_punto":396,"codigo":"PDI-GR1312-00027","tipo":"Servicios","subtipo":"Otros","descripcion":"Desvío a la Pista del Pico de la Nieve"},"geometry":{"type":"Point","coordinates":[-17.834928,28.726631]}},{"type":"Feature","properties":{"id_punto":397,"codigo":"PDI-GR1312-00028","tipo":"Natural","subtipo":"Geol_Barranco","descripcion":"Cabecera del Barranco de La Madera y el Barranco de Piedra Majorera"},"geometry":{"type":"Point","coordinates":[-17.837044,28.725285]}},{"type":"Feature","properties":{"id_punto":398,"codigo":"PDI-GR1312-00031","tipo":"Cultural","subtipo":"Arqueologico","descripcion":"Tagoror del Pico de La Sabina"},"geometry":{"type":"Point","coordinates":[-17.838005,28.722418]}},{"type":"Feature","properties":{"id_punto":399,"codigo":"PDI-GR1312-00033","tipo":"Cultural","subtipo":"Toponimo","descripcion":"Lomo Corralejo"},"geometry":{"type":"Point","coordinates":[-17.836685,28.718979]}},{"type":"Feature","properties":{"id_punto":400,"codigo":"PDI-GR1312-00034","tipo":"Natural","subtipo":"Geol_Otros","descripcion":"Lugar de arenas blanquecinas"},"geometry":{"type":"Point","coordinates":[-17.838238,28.71645]}},{"type":"Feature","properties":{"id_punto":401,"codigo":"PDI-GR1312-00036","tipo":"Natural","subtipo":"Geol_Otros","descripcion":"Degollada del Río"},"geometry":{"type":"Point","coordinates":[-17.843944,28.710678]}},{"type":"Feature","properties":{"id_punto":402,"codigo":"PDI-GR1312-00037","tipo":"Natural","subtipo":"Fuente_Natural","descripcion":"Fuente del Dornajito (caudal irregular)"},"geometry":{"type":"Point","coordinates":[-17.843872,28.708626]}},{"type":"Feature","properties":{"id_punto":403,"codigo":"PDI-GR1312-00038","tipo":"Natural","subtipo":"Biol_Botanica","descripcion":"Cedro canario (Juniperus cedrus)"},"geometry":{"type":"Point","coordinates":[-17.84581,28.704151]}},{"type":"Feature","properties":{"id_punto":404,"codigo":"PDI-GR1312-00039","tipo":"Servicios","subtipo":"Otros_Refugio","descripcion":"Refugio de la Punta de los Roques"},"geometry":{"type":"Point","coordinates":[-17.846164,28.703731]}},{"type":"Feature","properties":{"id_punto":405,"codigo":"PDI-GR1312-00040","tipo":"Natural","subtipo":"Otros","descripcion":"Mirador natural hacia el Bejenado (hacia el Oeste) y el Pico de la Nieve (Noreste)"},"geometry":{"type":"Point","coordinates":[-17.843561,28.702902]}},{"type":"Feature","properties":{"id_punto":406,"codigo":"PDI-GR1312-00041","tipo":"Natural","subtipo":"Geol_Montaña","descripcion":"Pico Corralejo (2.044 m)"},"geometry":{"type":"Point","coordinates":[-17.839372,28.697739]}},{"type":"Feature","properties":{"id_punto":407,"codigo":"PDI-GR1312-00042","tipo":"Natural","subtipo":"Geol_Montaña","descripcion":"Pico de las Ovejas (1.854 m)"},"geometry":{"type":"Point","coordinates":[-17.832159,28.685013]}},{"type":"Feature","properties":{"id_punto":408,"codigo":"PDI-GR1312-00043","tipo":"Natural","subtipo":"Biol_Botanica","descripcion":"Zona de ecotono (límite) entre el codesar y el monteverde"},"geometry":{"type":"Point","coordinates":[-17.829348,28.681725]}},{"type":"Feature","properties":{"id_punto":409,"codigo":"PDI-GR1312-00044","tipo":"Natural","subtipo":"Geol_Otros","descripcion":"Roques de la Perra"},"geometry":{"type":"Point","coordinates":[-17.829729,28.680809]}},{"type":"Feature","properties":{"id_punto":410,"codigo":"PDI-GR1312-00045","tipo":"Servicios","subtipo":"Otros","descripcion":"Pista de Cumbre Nueva"},"geometry":{"type":"Point","coordinates":[-17.828001,28.673916]}},{"type":"Feature","properties":{"id_punto":411,"codigo":"PDI-GR1312-00046","tipo":"Cultural","subtipo":"Toponimo","descripcion":"El Reventón"},"geometry":{"type":"Point","coordinates":[-17.827148,28.668481]}},{"type":"Feature","properties":{"id_punto":412,"codigo":"PDI-GR1312-00047","tipo":"Cultural","subtipo":"Arq_Civil","descripcion":"Pequeña caseta de servicios, construida en estilo tradicional"},"geometry":{"type":"Point","coordinates":[-17.826637,28.667503]}},{"type":"Feature","properties":{"id_punto":413,"codigo":"PDI-GR1312-00048","tipo":"Cultural","subtipo":"Arq_Civil","descripcion":"Repetidor de televisión"},"geometry":{"type":"Point","coordinates":[-17.825491,28.647987]}},{"type":"Feature","properties":{"id_punto":414,"codigo":"PDI-GR1312-00049","tipo":"Cultural","subtipo":"Arq_Civil","descripcion":"Repetidor de televisión"},"geometry":{"type":"Point","coordinates":[-17.825129,28.647125]}},{"type":"Feature","properties":{"id_punto":415,"codigo":"PDI-GR1312-00050","tipo":"Cultural","subtipo":"Arq_Civil","descripcion":"Estación telefónica"},"geometry":{"type":"Point","coordinates":[-17.825243,28.646347]}},{"type":"Feature","properties":{"id_punto":416,"codigo":"PDI-GR1312-00051","tipo":"Natural","subtipo":"Fuente_Natural","descripcion":"Desvío hacia Fuente Guairín"},"geometry":{"type":"Point","coordinates":[-17.824823,28.644268]}},{"type":"Feature","properties":{"id_punto":417,"codigo":"PDI-GR1312-00052","tipo":"Servicios","subtipo":"Otros","descripcion":"Posible enlace hacia el PR LP 18 (no señalizado)"},"geometry":{"type":"Point","coordinates":[-17.831644,28.623325]}},{"type":"Feature","properties":{"id_punto":418,"codigo":"PDI-GR1312-00018","tipo":"Natural","subtipo":"Biol_Botanica","descripcion":"Alhelí de cumbre (Erysimum scoparium)"},"geometry":{"type":"Point","coordinates":[-17.838058,28.744664]}},{"type":"Feature","properties":{"id_punto":419,"codigo":"PDI-GR1312-00010","tipo":"Natural","subtipo":"Otros","descripcion":"Mirador natural del Paso de los Andenes"},"geometry":{"type":"Point","coordinates":[-17.867448,28.761094]}},{"type":"Feature","properties":{"id_punto":420,"codigo":"PDI-GR1312-00011","tipo":"Natural","subtipo":"Geol_Barranco","descripcion":"Cabecera de los Barrancos de Gallegos y El Diablo"},"geometry":{"type":"Point","coordinates":[-17.860619,28.759714]}},{"type":"Feature","properties":{"id_punto":421,"codigo":"PDI-GR1312-00015","tipo":"Natural","subtipo":"Otros","descripcion":"Mirador natural hacia el municipio de Barlovento"},"geometry":{"type":"Point","coordinates":[-17.8418,28.748378]}},{"type":"Feature","properties":{"id_punto":422,"codigo":"PDI-GR1312-00014","tipo":"Natural","subtipo":"Biol_Botanica","descripcion":"Joven ejemplar de cedro canario (Juniperus cedrus)"},"geometry":{"type":"Point","coordinates":[-17.846277,28.749632]}},{"type":"Feature","properties":{"id_punto":423,"codigo":"PDI-GR1312-00012","tipo":"Cultural","subtipo":"Etnog_Ref_Pastoril","descripcion":"Desvío al refugio pastoril de Cueva de La Cebolla"},"geometry":{"type":"Point","coordinates":[-17.860368,28.759528]}},{"type":"Feature","properties":{"id_punto":424,"codigo":"PDI-GR1312-00026","tipo":"Natural","subtipo":"Geol_Montaña","descripcion":"Desvío al Pico de la Nieve (2.239 m)"},"geometry":{"type":"Point","coordinates":[-17.834862,28.729654]}},{"type":"Feature","properties":{"id_punto":425,"codigo":"PDI-GR1312-00030","tipo":"Cultural","subtipo":"Arqueologico","descripcion":"Desvío al Tagoror del Pico de La Sabina"},"geometry":{"type":"Point","coordinates":[-17.838024,28.723204]}},{"type":"Feature","properties":{"id_punto":426,"codigo":"PDI-GR1312-00032","tipo":"Cultural","subtipo":"Arqueologico","descripcion":"Desvío al Tagoror del Pico de La Sabina"},"geometry":{"type":"Point","coordinates":[-17.837599,28.720908]}},{"type":"Feature","properties":{"id_punto":427,"codigo":"PDI-GR1312-00017","tipo":"Natural","subtipo":"Geol_Barranco","descripcion":"Cabecera del Barranco de Los Guanches y del Barranco de la Fuente de Vizcaíno"},"geometry":{"type":"Point","coordinates":[-17.838125,28.744778]}},{"type":"Feature","properties":{"id_punto":428,"codigo":"PDI-GR1312-00035","tipo":"Natural","subtipo":"Biol_Botanica","descripcion":"Amagantes (Cistus symphityfolius)"},"geometry":{"type":"Point","coordinates":[-17.838303,28.71602]}},{"type":"Feature","properties":{"id_punto":429,"codigo":"PDI-GR1312-00003","tipo":"Natural","subtipo":"Geol_Montaña","descripcion":"Pico Fuente Nueva (2.366 m)"},"geometry":{"type":"Point","coordinates":[-17.8781,28.760788]}},{"type":"Feature","properties":{"id_punto":430,"codigo":"PDI-GR1312-00029","tipo":"Cultural","subtipo":"Etnog_Ref_Pastoril","descripcion":"Refugio pastoril del Pico de la Sabina, que incluye un corralito anexo para el ganado (no señalizado)"},"geometry":{"type":"Point","coordinates":[-17.838197,28.723444]}},{"type":"Feature","properties":{"id_punto":431,"codigo":"PDI-GR1312-00021","tipo":"Natural","subtipo":"Biol_Botanica","descripcion":"Tajinaste rosado (Echium wildpretii ssp. trichosiphon)"},"geometry":{"type":"Point","coordinates":[-17.83489,28.741678]}},{"type":"Feature","properties":{"id_punto":432,"codigo":"PDI-GR1312-00020","tipo":"Natural","subtipo":"Biol_Botanica","descripcion":"Tajinaste azul de cumbre (Echium gentianoides)"},"geometry":{"type":"Point","coordinates":[-17.834842,28.741884]}},{"type":"Feature","properties":{"id_punto":433,"codigo":"PDI-GR1312-00007","tipo":"Cultural","subtipo":"Arqueologico","descripcion":"Dique volcánico cubierto de petroglifos"},"geometry":{"type":"Point","coordinates":[-17.870361,28.759385]}},{"type":"Feature","properties":{"id_punto":434,"codigo":"PDI-GR1313-00014","tipo":"Servicios","subtipo":"Viveres_Bar_Rest","descripcion":"Bar Parada"},"geometry":{"type":"Point","coordinates":[-17.845231,28.494105]}},{"type":"Feature","properties":{"id_punto":435,"codigo":"PDI-GR1313-00017","tipo":"Servicios","subtipo":"Viveres_Bar_Rest","descripcion":"Tasca El Fogón"},"geometry":{"type":"Point","coordinates":[-17.846809,28.490576]}},{"type":"Feature","properties":{"id_punto":436,"codigo":"PDI-GR1313-00019","tipo":"Cultural","subtipo":"Arq_Civil","descripcion":"Canal del Estado"},"geometry":{"type":"Point","coordinates":[-17.849816,28.486431]}},{"type":"Feature","properties":{"id_punto":437,"codigo":"PDI-GR1313-00006","tipo":"Natural","subtipo":"Geol_Otros","descripcion":"Campo de lavas del Duraznero"},"geometry":{"type":"Point","coordinates":[-17.839077,28.576894]}},{"type":"Feature","properties":{"id_punto":438,"codigo":"PDI-GR1313-00003","tipo":"Natural","subtipo":"Geol_Montaña","descripcion":"Montaña del Gallo"},"geometry":{"type":"Point","coordinates":[-17.846279,28.605309]}},{"type":"Feature","properties":{"id_punto":439,"codigo":"PDI-GR1313-00004","tipo":"Natural","subtipo":"Geol_Crater","descripcion":"Hoyo Negro (erupción del Volcán de San Juan)"},"geometry":{"type":"Point","coordinates":[-17.837482,28.583553]}},{"type":"Feature","properties":{"id_punto":440,"codigo":"PDI-GR1313-00008","tipo":"Cultural","subtipo":"Toponimo","descripcion":"Llano de los Guanches"},"geometry":{"type":"Point","coordinates":[-17.835986,28.559579]}},{"type":"Feature","properties":{"id_punto":441,"codigo":"PDI-GR1313-00005","tipo":"Natural","subtipo":"Otros","descripcion":"Mirador natural hacia Las Deseadas"},"geometry":{"type":"Point","coordinates":[-17.837423,28.579187]}},{"type":"Feature","properties":{"id_punto":442,"codigo":"PDI-GR1313-00001","tipo":"Servicios","subtipo":"Otros","descripcion":"Mirador sobre el Llano de los Jables, desde las laderas del Birigoyo"},"geometry":{"type":"Point","coordinates":[-17.839937,28.609743]}},{"type":"Feature","properties":{"id_punto":443,"codigo":"PDI-GR1313-00009","tipo":"Servicios","subtipo":"Otros","descripcion":"Mirador sobre el Volcán de Tigalate o Volcán de Martín (1646)"},"geometry":{"type":"Point","coordinates":[-17.839838,28.543584]}},{"type":"Feature","properties":{"id_punto":444,"codigo":"PDI-GR1313-00002","tipo":"Natural","subtipo":"Geol_Otros","descripcion":"Balcón natural hacia La Caldera"},"geometry":{"type":"Point","coordinates":[-17.844971,28.606394]}},{"type":"Feature","properties":{"id_punto":445,"codigo":"PDI-GR1313-00012","tipo":"Cultural","subtipo":"Arq_Religiosa","descripcion":"Iglesia de San Antonio Abad (BIC)"},"geometry":{"type":"Point","coordinates":[-17.844984,28.495394]}},{"type":"Feature","properties":{"id_punto":446,"codigo":"PDI-GR1313-00013","tipo":"Servicios","subtipo":"Viveres_Bar_Rest","descripcion":"Bar Restaurante Imperial"},"geometry":{"type":"Point","coordinates":[-17.845373,28.494213]}},{"type":"Feature","properties":{"id_punto":447,"codigo":"PDI-GR1313-00021","tipo":"Natural","subtipo":"Geol_Crater","descripcion":"Cráter principal del Volcán Teneguía (1971)"},"geometry":{"type":"Point","coordinates":[-17.851671,28.475458]}},{"type":"Feature","properties":{"id_punto":448,"codigo":"PDI-GR1313-00025","tipo":"Cultural","subtipo":"Etnog_Otros","descripcion":"Salinas de Fuencaliente (Sitio de Interés Científico)"},"geometry":{"type":"Point","coordinates":[-17.842569,28.454778]}},{"type":"Feature","properties":{"id_punto":449,"codigo":"PDI-GR1313-00020","tipo":"Natural","subtipo":"Geol_Otros","descripcion":"Roque Teneguía (BIC)"},"geometry":{"type":"Point","coordinates":[-17.853854,28.481844]}},{"type":"Feature","properties":{"id_punto":450,"codigo":"PDI-GR1313-00023","tipo":"Natural","subtipo":"Otros","descripcion":"Mirador hacia la Playa de Echentive o Playa Nueva"},"geometry":{"type":"Point","coordinates":[-17.846179,28.458705]}},{"type":"Feature","properties":{"id_punto":451,"codigo":"PDI-GR1313-00022","tipo":"Natural","subtipo":"Biol_Botanica","descripcion":"Vinagreras (Rumex lunaria), una de las primeras especies colonizadoras de las coladas volcánicas"},"geometry":{"type":"Point","coordinates":[-17.847245,28.466486]}},{"type":"Feature","properties":{"id_punto":452,"codigo":"PDI-GR1313-00018","tipo":"Servicios","subtipo":"Otros","descripcion":"Centro de Visitantes del San Antonio"},"geometry":{"type":"Point","coordinates":[-17.848394,28.486857]}},{"type":"Feature","properties":{"id_punto":453,"codigo":"PDI-GR1313-00024","tipo":"Cultural","subtipo":"Arq_Civil","descripcion":"Faro de Fuencaliente (Centro de Interpretación de la Reserva Marina)"},"geometry":{"type":"Point","coordinates":[-17.843443,28.455499]}},{"type":"Feature","properties":{"id_punto":454,"codigo":"PDI-GR1313-00007","tipo":"Servicios","subtipo":"Otros_Agua_Pot","descripcion":"Depósito de agua potable, recargado periódicamente mediante cubas."},"geometry":{"type":"Point","coordinates":[-17.836806,28.562285]}},{"type":"Feature","properties":{"id_punto":455,"codigo":"PDI-GR1313-00011","tipo":"Servicios","subtipo":"Otros_Area_Recr","descripcion":"Desvío hacia el Área Recreativa de Fuente de Los Roques"},"geometry":{"type":"Point","coordinates":[-17.834584,28.518768]}},{"type":"Feature","properties":{"id_punto":456,"codigo":"PDI-GR1313-00010","tipo":"Natural","subtipo":"Geol_Crater","descripcion":"Volcán de Tigalate o Volcán Martín"},"geometry":{"type":"Point","coordinates":[-17.839373,28.540347]}},{"type":"Feature","properties":{"id_punto":457,"codigo":"PDI-GR1313-00015","tipo":"Servicios","subtipo":"Viveres_Tienda","descripcion":"Supermercado"},"geometry":{"type":"Point","coordinates":[-17.84541,28.49404]}},{"type":"Feature","properties":{"id_punto":458,"codigo":"PDI-GR1313-00016","tipo":"Servicios","subtipo":"Viveres_Bar_Rest","descripcion":"Bar Parrilla Junonia"},"geometry":{"type":"Point","coordinates":[-17.845283,28.49397]}},{"type":"Feature","properties":{"id_punto":459,"codigo":"PDI-PRLP0100-00004","tipo":"Cultural","subtipo":"Arq_Religiosa","descripcion":"Monasterio de El Císter"},"geometry":{"type":"Point","coordinates":[-17.78775,28.67766]}},{"type":"Feature","properties":{"id_punto":460,"codigo":"PDI-PRLP0100-00014","tipo":"Servicios","subtipo":"Otros_Agua_Pot","descripcion":"Depósito con agua potable"},"geometry":{"type":"Point","coordinates":[-17.827148,28.668481]}},{"type":"Feature","properties":{"id_punto":461,"codigo":"PDI-PRLP0100-00001","tipo":"Servicios","subtipo":"Otros","descripcion":"Camino de La Estrella"},"geometry":{"type":"Point","coordinates":[-17.781241,28.680882]}},{"type":"Feature","properties":{"id_punto":462,"codigo":"PDI-PRLP0100-00006","tipo":"Servicios","subtipo":"Otros","descripcion":"Carretera LP-3 (Los Llanos de Aridane - Santa Cruz de La Palma)"},"geometry":{"type":"Point","coordinates":[-17.797609,28.672177]}},{"type":"Feature","properties":{"id_punto":463,"codigo":"PDI-PRLP0100-00016","tipo":"Cultural","subtipo":"Arq_Religiosa","descripcion":"Ermita de El Pino"},"geometry":{"type":"Point","coordinates":[-17.84145,28.66294]}},{"type":"Feature","properties":{"id_punto":464,"codigo":"PDI-PRLP0100-00022","tipo":"Cultural","subtipo":"Arq_Religiosa","descripcion":"Ermita de Nuestra Señora de Bonanza (BIC)"},"geometry":{"type":"Point","coordinates":[-17.8788,28.651517]}},{"type":"Feature","properties":{"id_punto":465,"codigo":"PDI-PRLP0100-00002","tipo":"Servicios","subtipo":"Viveres_Bar_Rest","descripcion":"Restaurante La Graja"},"geometry":{"type":"Point","coordinates":[-17.784363,28.679164]}},{"type":"Feature","properties":{"id_punto":466,"codigo":"PDI-PRLP0100-00005","tipo":"Natural","subtipo":"Geol_Barranco","descripcion":"Barranco de Juan Mayor (Sitio de Interés Científico)"},"geometry":{"type":"Point","coordinates":[-17.791472,28.677659]}},{"type":"Feature","properties":{"id_punto":467,"codigo":"PDI-PRLP0100-00007","tipo":"Natural","subtipo":"Geol_Barranco","descripcion":"Barranco de La Laja o Barranco de Aguacencio"},"geometry":{"type":"Point","coordinates":[-17.802861,28.668583]}},{"type":"Feature","properties":{"id_punto":468,"codigo":"PDI-PRLP0100-00010","tipo":"Cultural","subtipo":"Arq_Civil","descripcion":"Canal Barlovento - Fuencaliente"},"geometry":{"type":"Point","coordinates":[-17.807333,28.668972]}},{"type":"Feature","properties":{"id_punto":469,"codigo":"PDI-PRLP0100-00013","tipo":"Cultural","subtipo":"Etnog_Otros","descripcion":"Cruz del Consuelo"},"geometry":{"type":"Point","coordinates":[-17.824944,28.670944]}},{"type":"Feature","properties":{"id_punto":470,"codigo":"PDI-PRLP0100-00021","tipo":"Servicios","subtipo":"Aloj_Otros","descripcion":"Pensión La Tienda"},"geometry":{"type":"Point","coordinates":[-17.872614,28.653676]}},{"type":"Feature","properties":{"id_punto":471,"codigo":"PDI-PRLP0100-00023","tipo":"Cultural","subtipo":"Arq_Civil","descripcion":"Ayuntamiento de El Paso"},"geometry":{"type":"Point","coordinates":[-17.880389,28.651917]}},{"type":"Feature","properties":{"id_punto":472,"codigo":"PDI-PRLP0100-00030","tipo":"Servicios","subtipo":"Otros","descripcion":"Carretera LP-3 (Santa Cruz de La Palma - Los Llanos de Aridane)"},"geometry":{"type":"Point","coordinates":[-17.904836,28.654895]}},{"type":"Feature","properties":{"id_punto":473,"codigo":"PDI-PRLP0100-00032","tipo":"Servicios","subtipo":"Otros","descripcion":"Punto de contacto del PR LP 1 con la carretera LP-2"},"geometry":{"type":"Point","coordinates":[-17.929845,28.643505]}},{"type":"Feature","properties":{"id_punto":474,"codigo":"PDI-PRLP0100-00024","tipo":"Cultural","subtipo":"Arqueologico","descripcion":"Acceso a los petroglifos de La Fajana"},"geometry":{"type":"Point","coordinates":[-17.887712,28.654104]}},{"type":"Feature","properties":{"id_punto":475,"codigo":"PDI-PRLP0100-00028","tipo":"Cultural","subtipo":"Arq_Civil","descripcion":"Fielato o Casa de Aduanas de Hermosilla"},"geometry":{"type":"Point","coordinates":[-17.898396,28.657527]}},{"type":"Feature","properties":{"id_punto":476,"codigo":"PDI-PRLP0100-00031","tipo":"Servicios","subtipo":"Otros","descripcion":"Carretera LP-213 (Los Llanos de Aridane - Puerto Naos) y Vía de Circunvalación de Los Llanos de Aridane"},"geometry":{"type":"Point","coordinates":[-17.913023,28.646521]}},{"type":"Feature","properties":{"id_punto":477,"codigo":"PDI-PRLP0100-00026","tipo":"Cultural","subtipo":"Arq_Civil","descripcion":"Tinglado o alpendre tradicional"},"geometry":{"type":"Point","coordinates":[-17.892497,28.656593]}},{"type":"Feature","properties":{"id_punto":478,"codigo":"PDI-PRLP0100-00034","tipo":"Cultural","subtipo":"Arq_Religiosa","descripcion":"Iglesia de San Miguel"},"geometry":{"type":"Point","coordinates":[-17.933575,28.644043]}},{"type":"Feature","properties":{"id_punto":479,"codigo":"PDI-PRLP0100-00037","tipo":"Cultural","subtipo":"Arq_Civil","descripcion":"Puerto de Tazacorte"},"geometry":{"type":"Point","coordinates":[-17.943865,28.647726]}},{"type":"Feature","properties":{"id_punto":480,"codigo":"PDI-PRLP0100-00035","tipo":"Servicios","subtipo":"Otros","descripcion":"Punto de contacto del PR LP 1 con la carretera LP-2"},"geometry":{"type":"Point","coordinates":[-17.933788,28.644188]}},{"type":"Feature","properties":{"id_punto":481,"codigo":"PDI-PRLP0100-00029","tipo":"Natural","subtipo":"Geol_Barranco","descripcion":"Barranco Tenisque"},"geometry":{"type":"Point","coordinates":[-17.900435,28.657012]}},{"type":"Feature","properties":{"id_punto":482,"codigo":"PDI-PRLP0100-00003","tipo":"Servicios","subtipo":"Otros","descripcion":"Carretera LP-101 (La Concepción - Las Nieves)"},"geometry":{"type":"Point","coordinates":[-17.784699,28.679187]}},{"type":"Feature","properties":{"id_punto":483,"codigo":"PDI-PRLP0100-00008","tipo":"Servicios","subtipo":"Otros","descripcion":"Carretera LP-3 (Los Llanos de Aridane - Santa Cruz de La Palma)"},"geometry":{"type":"Point","coordinates":[-17.806686,28.668415]}},{"type":"Feature","properties":{"id_punto":484,"codigo":"PDI-PRLP0100-00020","tipo":"Servicios","subtipo":"Viveres_Tienda","descripcion":"Supermercado Tenerra"},"geometry":{"type":"Point","coordinates":[-17.87226,28.653639]}},{"type":"Feature","properties":{"id_punto":485,"codigo":"PDI-PRLP0100-00038","tipo":"Servicios","subtipo":"Viveres_Bar_Rest","descripcion":"Pizzería Il Tramonto"},"geometry":{"type":"Point","coordinates":[-17.944018,28.648054]}},{"type":"Feature","properties":{"id_punto":486,"codigo":"PDI-PRLP0100-00039","tipo":"Servicios","subtipo":"Viveres_Bar_Rest","descripcion":"Restaurante Playa Mont"},"geometry":{"type":"Point","coordinates":[-17.945379,28.65033]}},{"type":"Feature","properties":{"id_punto":487,"codigo":"PDI-PRLP0100-00040","tipo":"Cultural","subtipo":"Otros","descripcion":"Reloj solar"},"geometry":{"type":"Point","coordinates":[-17.946222,28.651194]}},{"type":"Feature","properties":{"id_punto":488,"codigo":"PDI-PRLP0100-00046","tipo":"Servicios","subtipo":"Viveres_Tienda","descripcion":"Dulce Ciber"},"geometry":{"type":"Point","coordinates":[-17.947026,28.651725]}},{"type":"Feature","properties":{"id_punto":489,"codigo":"PDI-PRLP0100-00045","tipo":"Servicios","subtipo":"Viveres_Bar_Rest","descripcion":"Restaurante La Marina"},"geometry":{"type":"Point","coordinates":[-17.946962,28.651676]}},{"type":"Feature","properties":{"id_punto":490,"codigo":"PDI-PRLP0100-00044","tipo":"Servicios","subtipo":"Viveres_Bar_Rest","descripcion":"La Buhardilla"},"geometry":{"type":"Point","coordinates":[-17.946845,28.651722]}},{"type":"Feature","properties":{"id_punto":491,"codigo":"PDI-PRLP0100-00043","tipo":"Servicios","subtipo":"Viveres_Bar_Rest","descripcion":"Heladería La Dolce Vita"},"geometry":{"type":"Point","coordinates":[-17.946757,28.651771]}},{"type":"Feature","properties":{"id_punto":492,"codigo":"PDI-PRLP0100-00042","tipo":"Servicios","subtipo":"Viveres_Tienda","descripcion":"Supermercado Gama"},"geometry":{"type":"Point","coordinates":[-17.946662,28.651814]}},{"type":"Feature","properties":{"id_punto":493,"codigo":"PDI-PRLP0100-00041","tipo":"Servicios","subtipo":"Aloj_Otros","descripcion":"Apartamentos Luz y Mar"},"geometry":{"type":"Point","coordinates":[-17.946609,28.651842]}},{"type":"Feature","properties":{"id_punto":494,"codigo":"PDI-PRLP0100-00047","tipo":"Servicios","subtipo":"Viveres_Bar_Rest","descripcion":"Taberna del Puerto"},"geometry":{"type":"Point","coordinates":[-17.947315,28.651775]}},{"type":"Feature","properties":{"id_punto":495,"codigo":"PDI-PRLP0100-00048","tipo":"Servicios","subtipo":"Viveres_Bar_Rest","descripcion":"Restaurante El Trébol"},"geometry":{"type":"Point","coordinates":[-17.94757,28.652015]}},{"type":"Feature","properties":{"id_punto":496,"codigo":"PDI-PRLP0100-00049","tipo":"Servicios","subtipo":"Viveres_Bar_Rest","descripcion":"Kiosco Teneguía"},"geometry":{"type":"Point","coordinates":[-17.947736,28.651973]}},{"type":"Feature","properties":{"id_punto":497,"codigo":"PDI-PRLP0100-00050","tipo":"Servicios","subtipo":"Viveres_Bar_Rest","descripcion":"Kiosko Montecarlo"},"geometry":{"type":"Point","coordinates":[-17.948008,28.651959]}},{"type":"Feature","properties":{"id_punto":498,"codigo":"PDI-PRLP0100-00017","tipo":"Servicios","subtipo":"Otros_Agua_Pot","descripcion":"Chorro con agua potable"},"geometry":{"type":"Point","coordinates":[-17.841706,28.6629]}},{"type":"Feature","properties":{"id_punto":499,"codigo":"PDI-PRLP0100-00015","tipo":"Servicios","subtipo":"Otros","descripcion":"Enlace con el sendero Pino de La Virgen - La Cumbrecita (no homologado)"},"geometry":{"type":"Point","coordinates":[-17.834977,28.666818]}},{"type":"Feature","properties":{"id_punto":500,"codigo":"PDI-PRLP0100-00012","tipo":"Servicios","subtipo":"Otros","descripcion":"Pequeña área de descanso"},"geometry":{"type":"Point","coordinates":[-17.813897,28.669225]}},{"type":"Feature","properties":{"id_punto":501,"codigo":"PDI-PRLP0100-00011","tipo":"Servicios","subtipo":"Otros","descripcion":"Mirador del Pino Manzano"},"geometry":{"type":"Point","coordinates":[-17.809822,28.668916]}},{"type":"Feature","properties":{"id_punto":502,"codigo":"PDI-PRLP0100-00009","tipo":"Cultural","subtipo":"Arq_Civil","descripcion":"Túnel hidráulico bajo la carretera LP-3, aprovechado por el sendero para cruzarla"},"geometry":{"type":"Point","coordinates":[-17.80685,28.668228]}},{"type":"Feature","properties":{"id_punto":503,"codigo":"PDI-PRLP0100-00018","tipo":"Natural","subtipo":"Geol_Barranco","descripcion":"Barranco Tenisque"},"geometry":{"type":"Point","coordinates":[-17.868236,28.657457]}},{"type":"Feature","properties":{"id_punto":504,"codigo":"PDI-PRLP0100-00019","tipo":"Servicios","subtipo":"Otros_Agua_Pot","descripcion":"Chorro de agua"},"geometry":{"type":"Point","coordinates":[-17.870002,28.654838]}},{"type":"Feature","properties":{"id_punto":505,"codigo":"PDI-PRLP0100-00025","tipo":"Servicios","subtipo":"Otros_Agua_Pot","descripcion":"Chorro de agua"},"geometry":{"type":"Point","coordinates":[-17.890191,28.654975]}},{"type":"Feature","properties":{"id_punto":506,"codigo":"PDI-PRLP0100-00036","tipo":"Cultural","subtipo":"Etnog_Otros","descripcion":"Cruz votiva"},"geometry":{"type":"Point","coordinates":[-17.938935,28.64671]}},{"type":"Feature","properties":{"id_punto":507,"codigo":"PDI-PRLP0100-00027","tipo":"Cultural","subtipo":"Arq_Civil","descripcion":"Portada de la Hacienda de Hermosilla"},"geometry":{"type":"Point","coordinates":[-17.894169,28.657225]}},{"type":"Feature","properties":{"id_punto":508,"codigo":"PDI-PRLP0100-00033","tipo":"Servicios","subtipo":"Otros","descripcion":"Oficina Municipal de Información Turística"},"geometry":{"type":"Point","coordinates":[-17.933061,28.644348]}},{"type":"Feature","properties":{"id_punto":509,"codigo":"PDI-PRLP0200-00016","tipo":"Cultural","subtipo":"Etnog_Otros","descripcion":"Cruz votiva"},"geometry":{"type":"Point","coordinates":[-17.784857,28.689677]}},{"type":"Feature","properties":{"id_punto":510,"codigo":"PDI-PRLP0200-00017","tipo":"Natural","subtipo":"Biol_Botanica","descripcion":"Naranjero salvaje (Ilex perado)"},"geometry":{"type":"Point","coordinates":[-17.798554,28.690828]}},{"type":"Feature","properties":{"id_punto":511,"codigo":"PDI-PRLP0200-00018","tipo":"Natural","subtipo":"Otros","descripcion":"Mirador natural hacia el núcleo de San Pedro (Breña Alta)"},"geometry":{"type":"Point","coordinates":[-17.806957,28.690436]}},{"type":"Feature","properties":{"id_punto":512,"codigo":"PDI-PRLP0200-00019","tipo":"Cultural","subtipo":"Toponimo","descripcion":"La Tabladita"},"geometry":{"type":"Point","coordinates":[-17.834532,28.691416]}},{"type":"Feature","properties":{"id_punto":513,"codigo":"PDI-PRLP0200-00011","tipo":"Servicios","subtipo":"Viveres_Bar_Rest","descripcion":"Kiosko Batista"},"geometry":{"type":"Point","coordinates":[-17.771553,28.687178]}},{"type":"Feature","properties":{"id_punto":514,"codigo":"PDI-PRLP0200-00010","tipo":"Servicios","subtipo":"Viveres_tienda","descripcion":"Supermercado Hiperdino"},"geometry":{"type":"Point","coordinates":[-17.769156,28.686322]}},{"type":"Feature","properties":{"id_punto":515,"codigo":"PDI-PRLP0200-00009","tipo":"Servicios","subtipo":"Viveres_Bar_Rest","descripcion":"Restaurante Hong Kong"},"geometry":{"type":"Point","coordinates":[-17.768141,28.685882]}},{"type":"Feature","properties":{"id_punto":516,"codigo":"PDI-PRLP0200-00008","tipo":"Servicios","subtipo":"Viveres_Bar_Rest","descripcion":"Cafetería Avenida"},"geometry":{"type":"Point","coordinates":[-17.76778,28.685753]}},{"type":"Feature","properties":{"id_punto":517,"codigo":"PDI-PRLP0200-00007","tipo":"Servicios","subtipo":"Viveres_Bar_Rest","descripcion":"Sport Burguer"},"geometry":{"type":"Point","coordinates":[-17.766537,28.685192]}},{"type":"Feature","properties":{"id_punto":518,"codigo":"PDI-PRLP0200-00006","tipo":"Servicios","subtipo":"Viveres_tienda","descripcion":"Supermercado SPAR"},"geometry":{"type":"Point","coordinates":[-17.766356,28.685123]}},{"type":"Feature","properties":{"id_punto":519,"codigo":"PDI-PRLP0200-00004","tipo":"Servicios","subtipo":"Viveres_Bar_Rest","descripcion":"Cervecería La Posada"},"geometry":{"type":"Point","coordinates":[-17.764907,28.684513]}},{"type":"Feature","properties":{"id_punto":520,"codigo":"PDI-PRLP0200-00013","tipo":"Natural","subtipo":"Geol_Barranco","descripcion":"Barranco de Juan Mayor"},"geometry":{"type":"Point","coordinates":[-17.776557,28.6877]}},{"type":"Feature","properties":{"id_punto":521,"codigo":"PDI-PRLP0200-00012","tipo":"Servicios","subtipo":"Otros","descripcion":"Vía de circunvalación de Santa Cruz de La Palma"},"geometry":{"type":"Point","coordinates":[-17.774607,28.688403]}},{"type":"Feature","properties":{"id_punto":522,"codigo":"PDI-PRLP0200-00005","tipo":"Servicios","subtipo":"Viveres_Bar_Rest","descripcion":"Kiosko Eliseo"},"geometry":{"type":"Point","coordinates":[-17.765362,28.684905]}},{"type":"Feature","properties":{"id_punto":523,"codigo":"PDI-PRLP0200-00014","tipo":"Cultural","subtipo":"Etnog_Otros","descripcion":"Hornacina de carácter religioso"},"geometry":{"type":"Point","coordinates":[-17.777096,28.688466]}},{"type":"Feature","properties":{"id_punto":524,"codigo":"PDI-PRLP0200-00015","tipo":"Natural","subtipo":"Biol_Botanica","descripcion":"Piteras (Agave americana)"},"geometry":{"type":"Point","coordinates":[-17.77794,28.689491]}},{"type":"Feature","properties":{"id_punto":525,"codigo":"PDI-PRLP0200-00003","tipo":"Servicios","subtipo":"Viveres_Bar_Rest","descripcion":"Cafetería Tajurgo"},"geometry":{"type":"Point","coordinates":[-17.764805,28.684334]}},{"type":"Feature","properties":{"id_punto":526,"codigo":"PDI-PRLP0200-00001","tipo":"Servicios","subtipo":"Viveres_tienda","descripcion":"Mercado Municipal de Santa Cruz de La Palma"},"geometry":{"type":"Point","coordinates":[-17.764567,28.684259]}},{"type":"Feature","properties":{"id_punto":527,"codigo":"PDI-PRLP0200-00002","tipo":"Servicios","subtipo":"Viveres_Bar_Rest","descripcion":"Restaurante Mambrino"},"geometry":{"type":"Point","coordinates":[-17.764754,28.684184]}},{"type":"Feature","properties":{"id_punto":528,"codigo":"PDI-PRLP0210-00009","tipo":"Cultural","subtipo":"Arq_Civil","descripcion":"Canal de agua"},"geometry":{"type":"Point","coordinates":[-17.80676,28.679278]}},{"type":"Feature","properties":{"id_punto":529,"codigo":"PDI-PRLP0210-00012","tipo":"Servicios","subtipo":"Otros","descripcion":"Cruce con trocha no señalizada (a la izquierda)"},"geometry":{"type":"Point","coordinates":[-17.818627,28.681066]}},{"type":"Feature","properties":{"id_punto":530,"codigo":"PDI-PRLP0210-00007","tipo":"Natural","subtipo":"Geol_Barranco","descripcion":"El sendero se aparta del cauce del Barranco de Juan Mayor"},"geometry":{"type":"Point","coordinates":[-17.806142,28.680106]}},{"type":"Feature","properties":{"id_punto":531,"codigo":"PDI-PRLP0210-00008","tipo":"Cultural","subtipo":"Arq_Civil","descripcion":"Depósito de agua"},"geometry":{"type":"Point","coordinates":[-17.805809,28.678652]}},{"type":"Feature","properties":{"id_punto":532,"codigo":"PDI-PRLP0210-00015","tipo":"Natural","subtipo":"Biol_Botanica","descripcion":"Zona dominada por las jaras o amagantes (Cistus symphitifolius)"},"geometry":{"type":"Point","coordinates":[-17.821735,28.682221]}},{"type":"Feature","properties":{"id_punto":533,"codigo":"PDI-PRLP0210-00003","tipo":"Natural","subtipo":"Geol_Barranco","descripcion":"Barranco de Juan Mayor"},"geometry":{"type":"Point","coordinates":[-17.793402,28.677271]}},{"type":"Feature","properties":{"id_punto":534,"codigo":"PDI-PRLP0210-00010","tipo":"Natural","subtipo":"Otros","descripcion":"Lugar con buenas vistas panorámicas"},"geometry":{"type":"Point","coordinates":[-17.810224,28.679332]}},{"type":"Feature","properties":{"id_punto":535,"codigo":"PDI-PRLP0210-00006","tipo":"Natural","subtipo":"Biol_Botanica","descripcion":"Transición al monteverde (piso montano húmedo)"},"geometry":{"type":"Point","coordinates":[-17.804895,28.679418]}},{"type":"Feature","properties":{"id_punto":536,"codigo":"PDI-PRLP0210-00013","tipo":"Natural","subtipo":"Otros","descripcion":"Zona de influencia del mar de nubes"},"geometry":{"type":"Point","coordinates":[-17.81899,28.681348]}},{"type":"Feature","properties":{"id_punto":537,"codigo":"PDI-PRLP0210-00005","tipo":"Natural","subtipo":"Biol_Botanica","descripcion":"Tres ejemplares de ombú (Phytolacca dioica)"},"geometry":{"type":"Point","coordinates":[-17.800778,28.676345]}},{"type":"Feature","properties":{"id_punto":538,"codigo":"PDI-PRLP0210-00004","tipo":"Natural","subtipo":"Biol_Botanica","descripcion":"Rabo de gato (Pennisetum setaceum)"},"geometry":{"type":"Point","coordinates":[-17.79985,28.67616]}},{"type":"Feature","properties":{"id_punto":539,"codigo":"PDI-PRLP0210-00014","tipo":"Natural","subtipo":"Biol_Botanica","descripcion":"Transición al pinar (piso montano seco)"},"geometry":{"type":"Point","coordinates":[-17.821358,28.682145]}},{"type":"Feature","properties":{"id_punto":540,"codigo":"PDI-PRLP0210-00011","tipo":"Servicios","subtipo":"Otros","descripcion":"Cruce con trocha no señalizada"},"geometry":{"type":"Point","coordinates":[-17.81375,28.680332]}},{"type":"Feature","properties":{"id_punto":541,"codigo":"PDI-PRLP0210-00001","tipo":"Servicios","subtipo":"Otros","descripcion":"Camino El Reventón"},"geometry":{"type":"Point","coordinates":[-17.791111,28.67702]}},{"type":"Feature","properties":{"id_punto":542,"codigo":"PDI-PRLP0210-00002","tipo":"Servicios","subtipo":"Otros","descripcion":"Camino La Corsillada"},"geometry":{"type":"Point","coordinates":[-17.791162,28.677012]}},{"type":"Feature","properties":{"id_punto":543,"codigo":"PDI-PRLP0220-00007","tipo":"Servicios","subtipo":"Viveres_Bar_Rest","descripcion":"Restaurante Los Almendros"},"geometry":{"type":"Point","coordinates":[-17.783315,28.691214]}},{"type":"Feature","properties":{"id_punto":544,"codigo":"PDI-PRLP0220-00013","tipo":"Servicios","subtipo":"Otros","descripcion":"Vía de circunvalación de Santa Cruz de La Palma"},"geometry":{"type":"Point","coordinates":[-17.772497,28.690547]}},{"type":"Feature","properties":{"id_punto":545,"codigo":"PDI-PRLP0220-00002","tipo":"Cultural","subtipo":"Arq_Civil","descripcion":"Molino hidráulico"},"geometry":{"type":"Point","coordinates":[-17.771597,28.688384]}},{"type":"Feature","properties":{"id_punto":546,"codigo":"PDI-PRLP0220-00003","tipo":"Cultural","subtipo":"Arq_Civil","descripcion":"Depósito de agua"},"geometry":{"type":"Point","coordinates":[-17.772259,28.688301]}},{"type":"Feature","properties":{"id_punto":547,"codigo":"PDI-PRLP0220-00004","tipo":"Cultural","subtipo":"Arq_Civil","descripcion":"Molino hidráulico"},"geometry":{"type":"Point","coordinates":[-17.772302,28.688572]}},{"type":"Feature","properties":{"id_punto":548,"codigo":"PDI-PRLP0220-00005","tipo":"Cultural","subtipo":"Arq_Civil","descripcion":"Molino hidráulico"},"geometry":{"type":"Point","coordinates":[-17.772361,28.688631]}},{"type":"Feature","properties":{"id_punto":549,"codigo":"PDI-PRLP0220-00006","tipo":"Cultural","subtipo":"Arq_Civil","descripcion":"Antena de telecomunicaciones"},"geometry":{"type":"Point","coordinates":[-17.775119,28.689551]}},{"type":"Feature","properties":{"id_punto":550,"codigo":"PDI-PRLP0220-00008","tipo":"Servicios","subtipo":"Aloj_Casa_Rural","descripcion":"Casa Rural Molino El Remanente"},"geometry":{"type":"Point","coordinates":[-17.785787,28.692858]}},{"type":"Feature","properties":{"id_punto":551,"codigo":"PDI-PRLP0220-00009","tipo":"Servicios","subtipo":"Otros_Agua_Pot","descripcion":"Chorro de agua potable"},"geometry":{"type":"Point","coordinates":[-17.785439,28.692947]}},{"type":"Feature","properties":{"id_punto":552,"codigo":"PDI-PRLP0220-00010","tipo":"Cultural","subtipo":"Etnog_Otros","descripcion":"Monumento a las aguadoras"},"geometry":{"type":"Point","coordinates":[-17.785416,28.693254]}},{"type":"Feature","properties":{"id_punto":553,"codigo":"PDI-PRLP0220-00012","tipo":"Natural","subtipo":"Geol_Barranco","descripcion":"Barranco de las Nieves"},"geometry":{"type":"Point","coordinates":[-17.781269,28.693152]}},{"type":"Feature","properties":{"id_punto":554,"codigo":"PDI-PRLP0220-00001","tipo":"Servicios","subtipo":"Otros_Agua_Pot","descripcion":"Chorro de agua potable"},"geometry":{"type":"Point","coordinates":[-17.763571,28.687889]}},{"type":"Feature","properties":{"id_punto":555,"codigo":"PDI-PRLP0220-00011","tipo":"Servicios","subtipo":"Otros_Agua_Pot","descripcion":"Chorro de agua potable"},"geometry":{"type":"Point","coordinates":[-17.785417,28.693276]}},{"type":"Feature","properties":{"id_punto":556,"codigo":"PDI-PRLP0230-00001","tipo":"Cultural","subtipo":"Arq_Religiosa","descripcion":"Real Santuario Insular de las Nieves"},"geometry":{"type":"Point","coordinates":[-17.78241,28.694125]}},{"type":"Feature","properties":{"id_punto":557,"codigo":"PDI-PRLP0230-00002","tipo":"Servicios","subtipo":"Viveres_Bar_Rest","descripcion":"Bar Restaurant Parrilla Las Nieves"},"geometry":{"type":"Point","coordinates":[-17.781838,28.694464]}},{"type":"Feature","properties":{"id_punto":558,"codigo":"PDI-PRLP0230-00003","tipo":"Cultural","subtipo":"Arq_Civil","descripcion":"Canal hidráulico"},"geometry":{"type":"Point","coordinates":[-17.792051,28.706454]}},{"type":"Feature","properties":{"id_punto":559,"codigo":"PDI-PRLP0230-00004","tipo":"Cultural","subtipo":"Arq_Civil","descripcion":"[LOCALIZACION APROXIMADA] Caseta asociada a una galería"},"geometry":{"type":"Point","coordinates":[-17.798754,28.710892]}},{"type":"Feature","properties":{"id_punto":560,"codigo":"PDI-PRLP0230-00005","tipo":"Cultural","subtipo":"Arq_Civil","descripcion":"Caseta asociada a una galería"},"geometry":{"type":"Point","coordinates":[-17.800342,28.711414]}},{"type":"Feature","properties":{"id_punto":561,"codigo":"PDI-PRLP0230-00006","tipo":"Cultural","subtipo":"Arq_Civil","descripcion":"Caseta asociada a una galería"},"geometry":{"type":"Point","coordinates":[-17.80237,28.711372]}},{"type":"Feature","properties":{"id_punto":562,"codigo":"PDI-PRLP0230-00007","tipo":"Cultural","subtipo":"Arq_Civil","descripcion":"[LOCALIZACION APROXIMADA] Primer túnel del recorrido"},"geometry":{"type":"Point","coordinates":[-17.805862,28.713034]}},{"type":"Feature","properties":{"id_punto":563,"codigo":"PDI-PRLP0230-00008","tipo":"Cultural","subtipo":"Arq_Civil","descripcion":"[LOCALIZACION APROXIMADA] Galería hidráulica"},"geometry":{"type":"Point","coordinates":[-17.80767,28.714523]}},{"type":"Feature","properties":{"id_punto":564,"codigo":"PDI-PRLP0230-00009","tipo":"Natural","subtipo":"Geol_Barranco","descripcion":"[LOCALIZACION APROXIMADA] El sendero cruza el Barranco de la Madera"},"geometry":{"type":"Point","coordinates":[-17.809727,28.71584]}},{"type":"Feature","properties":{"id_punto":565,"codigo":"PDI-PRLP0230-00010","tipo":"Cultural","subtipo":"Arq_Civil","descripcion":"Caseta asociada a una galería"},"geometry":{"type":"Point","coordinates":[-17.810649,28.717388]}},{"type":"Feature","properties":{"id_punto":566,"codigo":"PDI-PRLP0230-00012","tipo":"Cultural","subtipo":"Arq_Civil","descripcion":"Tramo de canal fechado el 03/11/1950"},"geometry":{"type":"Point","coordinates":[-17.805185,28.710402]}},{"type":"Feature","properties":{"id_punto":567,"codigo":"PDI-PRLP0230-00013","tipo":"Cultural","subtipo":"Arq_Civil","descripcion":"Caseta asociada a una galería, que marca el inicio del descenso"},"geometry":{"type":"Point","coordinates":[-17.799361,28.706827]}},{"type":"Feature","properties":{"id_punto":568,"codigo":"PDI-PRLP0230-00014","tipo":"Cultural","subtipo":"Etnog_Otros","descripcion":"Era cerealista (abandonada)"},"geometry":{"type":"Point","coordinates":[-17.7851,28.696349]}},{"type":"Feature","properties":{"id_punto":569,"codigo":"PDI-PRLP0230-00011","tipo":"Cultural","subtipo":"Arq_Civil","descripcion":"[LOCALIZACION APROXIMADA] Acceso a la principal serie de túneles"},"geometry":{"type":"Point","coordinates":[-17.813719,28.718051]}},{"type":"Feature","properties":{"id_punto":570,"codigo":"PDI-PRLP0300-00001","tipo":"Servicios","subtipo":"Otros","descripcion":"Desvío hacia la Ermita del Pino de la Virgen"},"geometry":{"type":"Point","coordinates":[-17.830779,28.730184]}},{"type":"Feature","properties":{"id_punto":571,"codigo":"PDI-PRLP0300-00002","tipo":"Cultural","subtipo":"Etnog_Otros","descripcion":"Cruz situada a la vera del camino"},"geometry":{"type":"Point","coordinates":[-17.830173,28.73087]}},{"type":"Feature","properties":{"id_punto":572,"codigo":"PDI-PRLP0300-00003","tipo":"Servicios","subtipo":"Otros","descripcion":"Mirador y final de la pista accesible en vehículo"},"geometry":{"type":"Point","coordinates":[-17.828911,28.732937]}},{"type":"Feature","properties":{"id_punto":573,"codigo":"PDI-PRLP0300-00004","tipo":"Natural","subtipo":"Biol_Botanica","descripcion":"Límite superior del monteverde"},"geometry":{"type":"Point","coordinates":[-17.802973,28.728014]}},{"type":"Feature","properties":{"id_punto":574,"codigo":"PDI-PRLP0300-00005","tipo":"Cultural","subtipo":"Arq_Civil","descripcion":"Torre de alta tensión, en cuya base se disfruta de una vista directa hacia la Ciudad Deportiva de Miraflores"},"geometry":{"type":"Point","coordinates":[-17.783929,28.7127]}},{"type":"Feature","properties":{"id_punto":575,"codigo":"PDI-PRLP0300-00006","tipo":"Natural","subtipo":"Geol_Barranco","descripcion":"Barranco del Dorador"},"geometry":{"type":"Point","coordinates":[-17.773992,28.699852]}},{"type":"Feature","properties":{"id_punto":576,"codigo":"PDI-PRLP0300-00008","tipo":"Cultural","subtipo":"Arq_Religiosa","descripcion":"Ermita del Santo Cristo del Planto (s. XVII)"},"geometry":{"type":"Point","coordinates":[-17.769564,28.691951]}},{"type":"Feature","properties":{"id_punto":577,"codigo":"PDI-PRLP0300-00009","tipo":"Servicios","subtipo":"Otros_Agua_Pot","descripcion":"Chorro de agua potable"},"geometry":{"type":"Point","coordinates":[-17.76955,28.691956]}},{"type":"Feature","properties":{"id_punto":578,"codigo":"PDI-PRLP0300-00010","tipo":"Cultural","subtipo":"Arq_Religiosa","descripcion":"Ermita de Nuestra Señora de la Encarnación (s. XVI)"},"geometry":{"type":"Point","coordinates":[-17.762486,28.689509]}},{"type":"Feature","properties":{"id_punto":579,"codigo":"PDI-PRLP0300-00011","tipo":"Cultural","subtipo":"Arq_Religiosa","descripcion":"Castillo de la Virgen (s. XIX)"},"geometry":{"type":"Point","coordinates":[-17.761123,28.689204]}},{"type":"Feature","properties":{"id_punto":580,"codigo":"PDI-PRLP0300-00007","tipo":"Natural","subtipo":"Biol_Botanica","descripcion":"Franchipani (Plumeria rubra)"},"geometry":{"type":"Point","coordinates":[-17.769477,28.693442]}},{"type":"Feature","properties":{"id_punto":581,"codigo":"PDI-PRLP0310-00001","tipo":"Cultural","subtipo":"Arq_Civil","descripcion":"Cajita repartidora de aguas"},"geometry":{"type":"Point","coordinates":[-17.771445,28.717408]}},{"type":"Feature","properties":{"id_punto":582,"codigo":"PDI-PRLP0310-00002","tipo":"Cultural","subtipo":"Arq_Civil","descripcion":"Canal hidráulico"},"geometry":{"type":"Point","coordinates":[-17.769472,28.713113]}},{"type":"Feature","properties":{"id_punto":583,"codigo":"PDI-PRLP0310-00003","tipo":"Servicios","subtipo":"Viveres_Bar_Rest","descripcion":"Bar Restaurante Candelaria"},"geometry":{"type":"Point","coordinates":[-17.766239,28.707301]}},{"type":"Feature","properties":{"id_punto":584,"codigo":"PDI-PRLP0310-00004","tipo":"Cultural","subtipo":"Arq_Religiosa","descripcion":"Iglesia de Nuestra Señora de Candelaria (s. XVII)"},"geometry":{"type":"Point","coordinates":[-17.766339,28.707085]}},{"type":"Feature","properties":{"id_punto":585,"codigo":"PDI-PRLP0320-00002","tipo":"Natural","subtipo":"Geol_Barranco","descripcion":"Barranco Seco"},"geometry":{"type":"Point","coordinates":[-17.817501,28.738657]}},{"type":"Feature","properties":{"id_punto":586,"codigo":"PDI-PRLP0320-00003","tipo":"Natural","subtipo":"Geol_Barranco","descripcion":"Barranco Hondo o Barranco de Nogales"},"geometry":{"type":"Point","coordinates":[-17.818168,28.742961]}},{"type":"Feature","properties":{"id_punto":587,"codigo":"PDI-PRLP0320-00006","tipo":"Natural","subtipo":"Geol_Barranco","descripcion":"Barranquera que forma parte de la cuenca del Barranco de La Fuente"},"geometry":{"type":"Point","coordinates":[-17.820778,28.746634]}},{"type":"Feature","properties":{"id_punto":588,"codigo":"PDI-PRLP0320-00007","tipo":"Natural","subtipo":"Geol_Barranco","descripcion":"Barranco de La Fuente"},"geometry":{"type":"Point","coordinates":[-17.82105,28.747653]}},{"type":"Feature","properties":{"id_punto":589,"codigo":"PDI-PRLP0320-00011","tipo":"Servicios","subtipo":"Otros","descripcion":"Sendero sin señalizar"},"geometry":{"type":"Point","coordinates":[-17.81917,28.757146]}},{"type":"Feature","properties":{"id_punto":590,"codigo":"PDI-PRLP0320-00014","tipo":"Natural","subtipo":"Biol_Botanica","descripcion":"Primeros brezos del camino (Erica arborea)"},"geometry":{"type":"Point","coordinates":[-17.817224,28.761175]}},{"type":"Feature","properties":{"id_punto":591,"codigo":"PDI-PRLP0320-00013","tipo":"Natural","subtipo":"Biol_Botanica","descripcion":"Codesos (Adenocarpus sp.)"},"geometry":{"type":"Point","coordinates":[-17.818157,28.759829]}},{"type":"Feature","properties":{"id_punto":592,"codigo":"PDI-PRLP0320-00010","tipo":"Servicios","subtipo":"Otros","descripcion":"El sendero cruza una pista forestal"},"geometry":{"type":"Point","coordinates":[-17.817335,28.757378]}},{"type":"Feature","properties":{"id_punto":593,"codigo":"PDI-PRLP0320-00017","tipo":"Natural","subtipo":"Otros","descripcion":"Mirador natural hacia la cumbre"},"geometry":{"type":"Point","coordinates":[-17.815627,28.764057]}},{"type":"Feature","properties":{"id_punto":594,"codigo":"PDI-PRLP0320-00009","tipo":"Servicios","subtipo":"Otros","descripcion":"Sendero sin señalizar"},"geometry":{"type":"Point","coordinates":[-17.819311,28.754639]}},{"type":"Feature","properties":{"id_punto":595,"codigo":"PDI-PRLP0320-00015","tipo":"Natural","subtipo":"Biol_Botanica","descripcion":"Fayas (Morella faya)"},"geometry":{"type":"Point","coordinates":[-17.816019,28.763222]}},{"type":"Feature","properties":{"id_punto":596,"codigo":"PDI-PRLP0320-00001","tipo":"Natural","subtipo":"Biol_Botanica","descripcion":"Gualdas"},"geometry":{"type":"Point","coordinates":[-17.811284,28.733333]}},{"type":"Feature","properties":{"id_punto":597,"codigo":"PDI-PRLP0320-00008","tipo":"Natural","subtipo":"Biol_Botanica","descripcion":"Helechal"},"geometry":{"type":"Point","coordinates":[-17.818675,28.749455]}},{"type":"Feature","properties":{"id_punto":598,"codigo":"PDI-PRLP0320-00012","tipo":"Natural","subtipo":"Biol_Botanica","descripcion":"Jaras o amagantes (Cistus symphytifolius)"},"geometry":{"type":"Point","coordinates":[-17.819149,28.757663]}},{"type":"Feature","properties":{"id_punto":599,"codigo":"PDI-PRLP0320-00005","tipo":"Natural","subtipo":"Biol_Botanica","descripcion":"Malfuradas (Hypericum grandifolium)"},"geometry":{"type":"Point","coordinates":[-17.820396,28.74643]}},{"type":"Feature","properties":{"id_punto":600,"codigo":"PDI-PRLP0320-00016","tipo":"Natural","subtipo":"Geol_Otros","descripcion":"Vista de los Nacientes de Marcos"},"geometry":{"type":"Point","coordinates":[-17.815597,28.764055]}},{"type":"Feature","properties":{"id_punto":601,"codigo":"PDI-PRLP0320-00004","tipo":"Cultural","subtipo":"Etnog_Ref_Pastoril","descripcion":"Antiguo refugio pastoril (abandonado)"},"geometry":{"type":"Point","coordinates":[-17.817848,28.745947]}},{"type":"Feature","properties":{"id_punto":602,"codigo":"PDI-PRLP0400-00023","tipo":"Cultural","subtipo":"Arq_Civil","descripcion":"Vivienda tradicional, hecha con piedra de la zona"},"geometry":{"type":"Point","coordinates":[-17.752033,28.738741]}},{"type":"Feature","properties":{"id_punto":603,"codigo":"PDI-PRLP0400-00021","tipo":"Cultural","subtipo":"Arq_Civil","descripcion":"Depósito de agua"},"geometry":{"type":"Point","coordinates":[-17.757605,28.738687]}},{"type":"Feature","properties":{"id_punto":604,"codigo":"PDI-PRLP0400-00001","tipo":"Natural","subtipo":"Biol_Botanica","descripcion":"Escobón (Spartocytisus filipes)"},"geometry":{"type":"Point","coordinates":[-17.825679,28.734871]}},{"type":"Feature","properties":{"id_punto":605,"codigo":"PDI-PRLP0400-00008","tipo":"Natural","subtipo":"Otros","descripcion":"Mirador natural hacia la Montaña de El Granel"},"geometry":{"type":"Point","coordinates":[-17.807286,28.738836]}},{"type":"Feature","properties":{"id_punto":606,"codigo":"PDI-PRLP0400-00016","tipo":"Natural","subtipo":"Biol_Botanica","descripcion":"Hiedras (Hedera canariensis)"},"geometry":{"type":"Point","coordinates":[-17.774061,28.736196]}},{"type":"Feature","properties":{"id_punto":607,"codigo":"PDI-PRLP0400-00025","tipo":"Cultural","subtipo":"Arq_Religiosa","descripcion":"Iglesia de San Juan de Puntallana (BIC)"},"geometry":{"type":"Point","coordinates":[-17.745119,28.740334]}},{"type":"Feature","properties":{"id_punto":608,"codigo":"PDI-PRLP0400-00005","tipo":"Natural","subtipo":"Otros","descripcion":"Límite del Parque Natural de Las Nieves"},"geometry":{"type":"Point","coordinates":[-17.815342,28.7403]}},{"type":"Feature","properties":{"id_punto":609,"codigo":"PDI-PRLP0400-00024","tipo":"Servicios","subtipo":"Viveres_Tienda","descripcion":"Supermercado SPAR"},"geometry":{"type":"Point","coordinates":[-17.745424,28.740264]}},{"type":"Feature","properties":{"id_punto":610,"codigo":"PDI-PRLP0400-00022","tipo":"Cultural","subtipo":"Etnog_Otros","descripcion":"Pared hecha con bloques de tosca"},"geometry":{"type":"Point","coordinates":[-17.754173,28.739239]}},{"type":"Feature","properties":{"id_punto":611,"codigo":"PDI-PRLP0400-00015","tipo":"Natural","subtipo":"Biol_Botanica","descripcion":"Zona dominada por los viñátigos (Persea indica)"},"geometry":{"type":"Point","coordinates":[-17.779649,28.736438]}},{"type":"Feature","properties":{"id_punto":612,"codigo":"PDI-PRLP0400-00014","tipo":"Natural","subtipo":"Biol_Botanica","descripcion":"Campo de patas de graja (Geranium canariensis)"},"geometry":{"type":"Point","coordinates":[-17.781263,28.737602]}},{"type":"Feature","properties":{"id_punto":613,"codigo":"PDI-PRLP0400-00002","tipo":"Natural","subtipo":"Otros","descripcion":"Límite del Parque Natural de Las Nieves"},"geometry":{"type":"Point","coordinates":[-17.824308,28.735872]}},{"type":"Feature","properties":{"id_punto":614,"codigo":"PDI-PRLP0400-00012","tipo":"Natural","subtipo":"Biol_Botanica","descripcion":"Grandes ejemplares de pino canario"},"geometry":{"type":"Point","coordinates":[-17.785448,28.739189]}},{"type":"Feature","properties":{"id_punto":615,"codigo":"PDI-PRLP0400-00003","tipo":"Cultural","subtipo":"Etnog_Otros","descripcion":"Refugio pastoril abandonado"},"geometry":{"type":"Point","coordinates":[-17.82061,28.740383]}},{"type":"Feature","properties":{"id_punto":616,"codigo":"PDI-PRLP0400-00006","tipo":"Servicios","subtipo":"Otros_Refugio","descripcion":"Refugio de Puntallana (abandonado)"},"geometry":{"type":"Point","coordinates":[-17.814102,28.739864]}},{"type":"Feature","properties":{"id_punto":617,"codigo":"PDI-PRLP0400-00004","tipo":"Cultural","subtipo":"Etnog_Otros","descripcion":"Cruz del Camino Real"},"geometry":{"type":"Point","coordinates":[-17.815744,28.740189]}},{"type":"Feature","properties":{"id_punto":618,"codigo":"PDI-PRLP0400-00007","tipo":"Natural","subtipo":"Biol_Botanica","descripcion":"Zona cubierta de helechos"},"geometry":{"type":"Point","coordinates":[-17.808306,28.739417]}},{"type":"Feature","properties":{"id_punto":619,"codigo":"PDI-PRLP0400-00009","tipo":"Natural","subtipo":"Biol_Botanica","descripcion":"Zona dominada por los brezos (Erica arborea)"},"geometry":{"type":"Point","coordinates":[-17.80275,28.738389]}},{"type":"Feature","properties":{"id_punto":620,"codigo":"PDI-PRLP0400-00010","tipo":"Natural","subtipo":"Biol_Botanica","descripcion":"Zona dominada por las fayas (Myrica faya o Morella faya) y las malfuradas (Hypericum grandifolium)"},"geometry":{"type":"Point","coordinates":[-17.798444,28.738583]}},{"type":"Feature","properties":{"id_punto":621,"codigo":"PDI-PRLP0400-00011","tipo":"Natural","subtipo":"Biol_Otros","descripcion":"Líquenes (probablemente Usnea barbata, popularmente conocido como \"barbas de capuchino\")"},"geometry":{"type":"Point","coordinates":[-17.793917,28.739278]}},{"type":"Feature","properties":{"id_punto":622,"codigo":"PDI-PRLP0400-00013","tipo":"Natural","subtipo":"Biol_Botanica","descripcion":"Zona dominada por las zarzas (Rubus bollei)"},"geometry":{"type":"Point","coordinates":[-17.782667,28.738]}},{"type":"Feature","properties":{"id_punto":623,"codigo":"PDI-PRLP0400-00017","tipo":"Natural","subtipo":"Biol_Botanica","descripcion":"El sendero PR LP 4 abandona el bosque y entra en una zona de mayor antropización"},"geometry":{"type":"Point","coordinates":[-17.771111,28.735889]}},{"type":"Feature","properties":{"id_punto":624,"codigo":"PDI-PRLP0400-00018","tipo":"Cultural","subtipo":"Arq_Civil","descripcion":"Depósito de agua"},"geometry":{"type":"Point","coordinates":[-17.768972,28.736139]}},{"type":"Feature","properties":{"id_punto":625,"codigo":"PDI-PRLP0400-00019","tipo":"Servicios","subtipo":"Otros","descripcion":"Comienzo de la pista del Hoyo Benito (sin salida)"},"geometry":{"type":"Point","coordinates":[-17.766806,28.736167]}},{"type":"Feature","properties":{"id_punto":626,"codigo":"PDI-PRLP0400-00020","tipo":"Servicios","subtipo":"Otros","descripcion":"Bifurcación: Pista de El Granel (a la izquierda) y Pista del cementerio (PR LP 4, a la derecha)"},"geometry":{"type":"Point","coordinates":[-17.761444,28.739167]}},{"type":"Feature","properties":{"id_punto":627,"codigo":"PDI-PRLP0410-00005","tipo":"Servicios","subtipo":"Otros","descripcion":"Sendero sin señalizar"},"geometry":{"type":"Point","coordinates":[-17.778812,28.730719]}},{"type":"Feature","properties":{"id_punto":628,"codigo":"PDI-PRLP0410-00014","tipo":"Servicios","subtipo":"Otros","descripcion":"Sendero sin señalizar"},"geometry":{"type":"Point","coordinates":[-17.757774,28.723981]}},{"type":"Feature","properties":{"id_punto":629,"codigo":"PDI-PRLP0410-00004","tipo":"Cultural","subtipo":"Arq_Civil","descripcion":"Canal hidráulico"},"geometry":{"type":"Point","coordinates":[-17.78073,28.732108]}},{"type":"Feature","properties":{"id_punto":630,"codigo":"PDI-PRLP0410-00009","tipo":"Natural","subtipo":"Otros","descripcion":"Mirador natural hacia la cumbre"},"geometry":{"type":"Point","coordinates":[-17.773977,28.728483]}},{"type":"Feature","properties":{"id_punto":631,"codigo":"PDI-PRLP0410-00013","tipo":"Cultural","subtipo":"Etnog_Otros","descripcion":"Tramo de camino empedrado"},"geometry":{"type":"Point","coordinates":[-17.76031,28.723624]}},{"type":"Feature","properties":{"id_punto":632,"codigo":"PDI-PRLP0410-00001","tipo":"Natural","subtipo":"Biol_Botanica","descripcion":"Pino canario (Pinus canariensis) de grandes dimensiones"},"geometry":{"type":"Point","coordinates":[-17.794841,28.734943]}},{"type":"Feature","properties":{"id_punto":633,"codigo":"PDI-PRLP0410-00015","tipo":"Cultural","subtipo":"Arq_Religiosa","descripcion":"Mirador natural hacia la Ermita de Santa Lucía"},"geometry":{"type":"Point","coordinates":[-17.757222,28.723875]}},{"type":"Feature","properties":{"id_punto":634,"codigo":"PDI-PRLP0410-00007","tipo":"Natural","subtipo":"Geol_Barranco","descripcion":"Mirador natural sobre el Barranco del Agua"},"geometry":{"type":"Point","coordinates":[-17.774814,28.729038]}},{"type":"Feature","properties":{"id_punto":635,"codigo":"PDI-PRLP0410-00017","tipo":"Natural","subtipo":"Biol_Botanica","descripcion":"Palmeras (Phoenix canariensis)"},"geometry":{"type":"Point","coordinates":[-17.747981,28.720863]}},{"type":"Feature","properties":{"id_punto":636,"codigo":"PDI-PRLP0410-00008","tipo":"Natural","subtipo":"Geol_Otros","descripcion":"Espolón pétreo en el Lomo del Cuchillo"},"geometry":{"type":"Point","coordinates":[-17.774736,28.72896]}},{"type":"Feature","properties":{"id_punto":637,"codigo":"PDI-PRLP0410-00002","tipo":"Natural","subtipo":"Biol_Botanica","descripcion":"Pino canario (Pinus canariensis) con doble tronco"},"geometry":{"type":"Point","coordinates":[-17.789543,28.734091]}},{"type":"Feature","properties":{"id_punto":638,"codigo":"PDI-PRLP0410-00016","tipo":"Cultural","subtipo":"Arq_Civil","descripcion":"Portada de antigua finca agrícola"},"geometry":{"type":"Point","coordinates":[-17.750369,28.721355]}},{"type":"Feature","properties":{"id_punto":639,"codigo":"PDI-PRLP0410-00011","tipo":"Natural","subtipo":"Otros","descripcion":"Mirador natural hacia Santa Cruz de La Palma"},"geometry":{"type":"Point","coordinates":[-17.763616,28.724294]}},{"type":"Feature","properties":{"id_punto":640,"codigo":"PDI-PRLP0410-00012","tipo":"Natural","subtipo":"Otros","descripcion":"Mirador natural hacia la Montaña de Tagoja"},"geometry":{"type":"Point","coordinates":[-17.762496,28.723992]}},{"type":"Feature","properties":{"id_punto":641,"codigo":"PDI-PRLP0410-00010","tipo":"Natural","subtipo":"Otros","descripcion":"Mirador natural hacia Tenagua"},"geometry":{"type":"Point","coordinates":[-17.772787,28.728067]}},{"type":"Feature","properties":{"id_punto":642,"codigo":"PDI-PRLP0410-00003","tipo":"Natural","subtipo":"Biol_Botanica","descripcion":"Viñátigos (Persea indica) de gran porte"},"geometry":{"type":"Point","coordinates":[-17.782653,28.733723]}},{"type":"Feature","properties":{"id_punto":643,"codigo":"PDI-PRLP0410-00006","tipo":"Natural","subtipo":"Biol_Botanica","descripcion":"Vinagreras (Rumex lunaria)"},"geometry":{"type":"Point","coordinates":[-17.777683,28.729993]}},{"type":"Feature","properties":{"id_punto":644,"codigo":"PDI-PRLP0510-00001","tipo":"Natural","subtipo":"Biol_Botanica","descripcion":"Helechal"},"geometry":{"type":"Point","coordinates":[-17.779795,28.758512]}},{"type":"Feature","properties":{"id_punto":645,"codigo":"PDI-PRLP0510-00002","tipo":"Natural","subtipo":"Geol_Barranco","descripcion":"El sendero cruza un barranco"},"geometry":{"type":"Point","coordinates":[-17.784302,28.754578]}},{"type":"Feature","properties":{"id_punto":646,"codigo":"PDI-PRLP0510-00013","tipo":"Servicios","subtipo":"Viveres_Bar_Rest","descripcion":"Bar Cafetería El Recuerdo"},"geometry":{"type":"Point","coordinates":[-17.761233,28.769117]}},{"type":"Feature","properties":{"id_punto":647,"codigo":"PDI-PRLP0510-00012","tipo":"Servicios","subtipo":"Otros","descripcion":"Calle San Bartolomé"},"geometry":{"type":"Point","coordinates":[-17.762276,28.767964]}},{"type":"Feature","properties":{"id_punto":648,"codigo":"PDI-PRLP0510-00004","tipo":"Cultural","subtipo":"Arq_Civil","descripcion":"Vivienda de estilo tradicional, construida en piedra de tosca"},"geometry":{"type":"Point","coordinates":[-17.770631,28.762994]}},{"type":"Feature","properties":{"id_punto":649,"codigo":"PDI-PRLP0510-00006","tipo":"Cultural","subtipo":"Arq_Civil","descripcion":"Vivienda de estilo tradicional"},"geometry":{"type":"Point","coordinates":[-17.770375,28.763182]}},{"type":"Feature","properties":{"id_punto":650,"codigo":"PDI-PRLP0510-00010","tipo":"Cultural","subtipo":"Etnog_Otros","descripcion":"Cruz votiva"},"geometry":{"type":"Point","coordinates":[-17.762463,28.767766]}},{"type":"Feature","properties":{"id_punto":651,"codigo":"PDI-PRLP0510-00017","tipo":"Natural","subtipo":"Geol_Barranco","descripcion":"Mirador natural hacia el Barranco de Nogales"},"geometry":{"type":"Point","coordinates":[-17.753479,28.767631]}},{"type":"Feature","properties":{"id_punto":652,"codigo":"PDI-PRLP0510-00008","tipo":"Cultural","subtipo":"Arq_Civil","descripcion":"Pajero de madera (abandonado)"},"geometry":{"type":"Point","coordinates":[-17.768808,28.764221]}},{"type":"Feature","properties":{"id_punto":653,"codigo":"PDI-PRLP0510-00016","tipo":"Servicios","subtipo":"Viveres_Tienda","descripcion":"Panadería El Cubo"},"geometry":{"type":"Point","coordinates":[-17.758581,28.768502]}},{"type":"Feature","properties":{"id_punto":654,"codigo":"PDI-PRLP0510-00003","tipo":"Servicios","subtipo":"Otros","descripcion":"Pista Monte de La Galga"},"geometry":{"type":"Point","coordinates":[-17.773472,28.762083]}},{"type":"Feature","properties":{"id_punto":655,"codigo":"PDI-PRLP0510-00014","tipo":"Cultural","subtipo":"Arq_Religiosa","descripcion":"Iglesia de San Bartolomé"},"geometry":{"type":"Point","coordinates":[-17.761276,28.769229]}},{"type":"Feature","properties":{"id_punto":656,"codigo":"PDI-PRLP0510-00009","tipo":"Cultural","subtipo":"Otros","descripcion":"Plantación de próteas"},"geometry":{"type":"Point","coordinates":[-17.768387,28.764368]}},{"type":"Feature","properties":{"id_punto":657,"codigo":"PDI-PRLP0510-00015","tipo":"Natural","subtipo":"Otros","descripcion":"Mirador natural hacia Los Sauces"},"geometry":{"type":"Point","coordinates":[-17.758717,28.769101]}},{"type":"Feature","properties":{"id_punto":658,"codigo":"PDI-PRLP0510-00007","tipo":"Cultural","subtipo":"Etnog_Otros","descripcion":"Cultivos de hortalizas en bancales"},"geometry":{"type":"Point","coordinates":[-17.770174,28.763405]}},{"type":"Feature","properties":{"id_punto":659,"codigo":"PDI-PRLP0510-00005","tipo":"Servicios","subtipo":"Aloj_Casa_Rural","descripcion":"Vivienda de turismo rural"},"geometry":{"type":"Point","coordinates":[-17.770428,28.763101]}},{"type":"Feature","properties":{"id_punto":660,"codigo":"PDI-PRLP0510-00011","tipo":"Servicios","subtipo":"Otros","descripcion":"El sendero cruza la carretera LP-1"},"geometry":{"type":"Point","coordinates":[-17.762419,28.767878]}},{"type":"Feature","properties":{"id_punto":661,"codigo":"PDI-PRLP0600-00001","tipo":"Cultural","subtipo":"Toponimo","descripcion":"Verada de Las Lomadas"},"geometry":{"type":"Point","coordinates":[-17.775718,28.795353]}},{"type":"Feature","properties":{"id_punto":662,"codigo":"PDI-PRLP0600-00009","tipo":"Natural","subtipo":"Biol_Botanica","descripcion":"Faros (Gonospermum canariense)"},"geometry":{"type":"Point","coordinates":[-17.811721,28.772965]}},{"type":"Feature","properties":{"id_punto":663,"codigo":"PDI-PRLP0600-00008","tipo":"Natural","subtipo":"Biol_Botanica","descripcion":"Hiedras (Hedera canariensis)"},"geometry":{"type":"Point","coordinates":[-17.810753,28.774353]}},{"type":"Feature","properties":{"id_punto":664,"codigo":"PDI-PRLP0600-00003","tipo":"Natural","subtipo":"Biol_Botanica","descripcion":"Naranjero salvaje (Ilex perado)"},"geometry":{"type":"Point","coordinates":[-17.789937,28.788503]}},{"type":"Feature","properties":{"id_punto":665,"codigo":"PDI-PRLP0600-00005","tipo":"Natural","subtipo":"Otros","descripcion":"Mirador natural hacia Los Sauces"},"geometry":{"type":"Point","coordinates":[-17.791224,28.787638]}},{"type":"Feature","properties":{"id_punto":666,"codigo":"PDI-PRLP0600-00002","tipo":"Natural","subtipo":"Biol_Botanica","descripcion":"Trivina"},"geometry":{"type":"Point","coordinates":[-17.782962,28.793964]}},{"type":"Feature","properties":{"id_punto":667,"codigo":"PDI-PRLP0600-00006","tipo":"Natural","subtipo":"Biol_Botanica","descripcion":"Grupo de viñátigos (Persea indica)"},"geometry":{"type":"Point","coordinates":[-17.804193,28.77862]}},{"type":"Feature","properties":{"id_punto":668,"codigo":"PDI-PRLP0600-00010","tipo":"Servicios","subtipo":"Otros_Area_Recr","descripcion":"Área Recreativa de la Casa del Monte"},"geometry":{"type":"Point","coordinates":[-17.811834,28.772919]}},{"type":"Feature","properties":{"id_punto":669,"codigo":"PDI-PRLP0600-00025","tipo":"Natural","subtipo":"Fuente_Natural","descripcion":"Naciente de Marcos"},"geometry":{"type":"Point","coordinates":[-17.830917,28.762781]}},{"type":"Feature","properties":{"id_punto":670,"codigo":"PDI-PRLP0600-00027","tipo":"Natural","subtipo":"Fuente_Natural","descripcion":"Naciente de Cordero"},"geometry":{"type":"Point","coordinates":[-17.833111,28.766333]}},{"type":"Feature","properties":{"id_punto":671,"codigo":"PDI-PRLP0600-00033","tipo":"Servicios","subtipo":"Otros","descripcion":"Subida al Mirador del Espigón Atravesado"},"geometry":{"type":"Point","coordinates":[-17.807953,28.782339]}},{"type":"Feature","properties":{"id_punto":672,"codigo":"PDI-PRLP0600-00034","tipo":"Cultural","subtipo":"Toponimo","descripcion":"La Portada"},"geometry":{"type":"Point","coordinates":[-17.799292,28.791537]}},{"type":"Feature","properties":{"id_punto":673,"codigo":"PDI-PRLP0600-00012","tipo":"Cultural","subtipo":"Arq_Civil","descripcion":"Túnel 01"},"geometry":{"type":"Point","coordinates":[-17.814886,28.769642]}},{"type":"Feature","properties":{"id_punto":674,"codigo":"PDI-PRLP0600-00007","tipo":"Cultural","subtipo":"Arq_Civil","descripcion":"Caja de reparto de aguas"},"geometry":{"type":"Point","coordinates":[-17.806995,28.77684]}},{"type":"Feature","properties":{"id_punto":675,"codigo":"PDI-PRLP0600-00035","tipo":"Servicios","subtipo":"Otros","descripcion":"Centro de Visitantes de Los Tilos"},"geometry":{"type":"Point","coordinates":[-17.801794,28.790138]}},{"type":"Feature","properties":{"id_punto":676,"codigo":"PDI-PRLP0600-00032","tipo":"Natural","subtipo":"Geol_Cueva","descripcion":"Cuevas excavadas en la roca"},"geometry":{"type":"Point","coordinates":[-17.814318,28.779062]}},{"type":"Feature","properties":{"id_punto":677,"codigo":"PDI-PRLP0600-00029","tipo":"Natural","subtipo":"Biol_Botanica","descripcion":"Pino de Emiliano"},"geometry":{"type":"Point","coordinates":[-17.819902,28.772375]}},{"type":"Feature","properties":{"id_punto":678,"codigo":"PDI-PRLP0600-00004","tipo":"Cultural","subtipo":"Etnog_Otros","descripcion":"Tramo de camino empedrado"},"geometry":{"type":"Point","coordinates":[-17.790413,28.788157]}},{"type":"Feature","properties":{"id_punto":679,"codigo":"PDI-PRLP0600-00030","tipo":"Servicios","subtipo":"Otros_Agua_Pot","descripcion":"Pequeña fuente de caudal irregular"},"geometry":{"type":"Point","coordinates":[-17.819183,28.773514]}},{"type":"Feature","properties":{"id_punto":680,"codigo":"PDI-PRLP0600-00031","tipo":"Servicios","subtipo":"Otros_Agua_Pot","descripcion":"Pequeña fuente de caudal irregular"},"geometry":{"type":"Point","coordinates":[-17.818094,28.776432]}},{"type":"Feature","properties":{"id_punto":681,"codigo":"PDI-PRLP0600-00028","tipo":"Servicios","subtipo":"Otros","descripcion":"Mirador del Espejo"},"geometry":{"type":"Point","coordinates":[-17.824392,28.773272]}},{"type":"Feature","properties":{"id_punto":682,"codigo":"PDI-PRLP0600-00011","tipo":"Natural","subtipo":"Otros","descripcion":"Mirador hacia toda la cuenca del Barranco del Agua"},"geometry":{"type":"Point","coordinates":[-17.814468,28.770964]}},{"type":"Feature","properties":{"id_punto":683,"codigo":"PDI-PRLP0600-00021","tipo":"Cultural","subtipo":"Etnog_Otros","descripcion":"Pesadora de agua"},"geometry":{"type":"Point","coordinates":[-17.827173,28.763269]}},{"type":"Feature","properties":{"id_punto":684,"codigo":"PDI-PRLP0600-00015","tipo":"Cultural","subtipo":"Arq_Civil","descripcion":"Túnel 04"},"geometry":{"type":"Point","coordinates":[-17.821686,28.763428]}},{"type":"Feature","properties":{"id_punto":685,"codigo":"PDI-PRLP0600-00022","tipo":"Cultural","subtipo":"Arq_Civil","descripcion":"Túnel 10"},"geometry":{"type":"Point","coordinates":[-17.82802,28.76223]}},{"type":"Feature","properties":{"id_punto":686,"codigo":"PDI-PRLP0600-00023","tipo":"Cultural","subtipo":"Arq_Civil","descripcion":"Túnel 11"},"geometry":{"type":"Point","coordinates":[-17.829178,28.762068]}},{"type":"Feature","properties":{"id_punto":687,"codigo":"PDI-PRLP0600-00024","tipo":"Cultural","subtipo":"Arq_Civil","descripcion":"Túnel 12"},"geometry":{"type":"Point","coordinates":[-17.830234,28.762064]}},{"type":"Feature","properties":{"id_punto":688,"codigo":"PDI-PRLP0600-00026","tipo":"Cultural","subtipo":"Arq_Civil","descripcion":"Túnel 13"},"geometry":{"type":"Point","coordinates":[-17.829861,28.765385]}},{"type":"Feature","properties":{"id_punto":689,"codigo":"PDI-PRLP0600-00013","tipo":"Cultural","subtipo":"Arq_Civil","descripcion":"Túnel 02"},"geometry":{"type":"Point","coordinates":[-17.815994,28.766924]}},{"type":"Feature","properties":{"id_punto":690,"codigo":"PDI-PRLP0600-00014","tipo":"Cultural","subtipo":"Arq_Civil","descripcion":"Túnel 03"},"geometry":{"type":"Point","coordinates":[-17.818903,28.764341]}},{"type":"Feature","properties":{"id_punto":691,"codigo":"PDI-PRLP0600-00016","tipo":"Cultural","subtipo":"Arq_Civil","descripcion":"Túnel 05"},"geometry":{"type":"Point","coordinates":[-17.822441,28.761652]}},{"type":"Feature","properties":{"id_punto":692,"codigo":"PDI-PRLP0600-00017","tipo":"Cultural","subtipo":"Arq_Civil","descripcion":"Túnel 06"},"geometry":{"type":"Point","coordinates":[-17.823168,28.762091]}},{"type":"Feature","properties":{"id_punto":693,"codigo":"PDI-PRLP0600-00018","tipo":"Cultural","subtipo":"Arq_Civil","descripcion":"Túnel 07"},"geometry":{"type":"Point","coordinates":[-17.823864,28.763821]}},{"type":"Feature","properties":{"id_punto":694,"codigo":"PDI-PRLP0600-00019","tipo":"Cultural","subtipo":"Arq_Civil","descripcion":"Túnel 08"},"geometry":{"type":"Point","coordinates":[-17.82596,28.763783]}},{"type":"Feature","properties":{"id_punto":695,"codigo":"PDI-PRLP0600-00020","tipo":"Cultural","subtipo":"Arq_Civil","descripcion":"Túnel 09"},"geometry":{"type":"Point","coordinates":[-17.82659,28.763908]}},{"type":"Feature","properties":{"id_punto":696,"codigo":"PDI-PRLP0700-00016","tipo":"Servicios","subtipo":"Otros_Agua_Pot","descripcion":"Chorro de agua potable"},"geometry":{"type":"Point","coordinates":[-17.786983,28.800361]}},{"type":"Feature","properties":{"id_punto":697,"codigo":"PDI-PRLP0700-00003","tipo":"Natural","subtipo":"Geol_Barranco","descripcion":"Vista del Barranco de Gallegos"},"geometry":{"type":"Point","coordinates":[-17.840833,28.769453]}},{"type":"Feature","properties":{"id_punto":698,"codigo":"PDI-PRLP0700-00019","tipo":"Servicios","subtipo":"Viveres_Bar_Rest","descripcion":"Bar Caribe"},"geometry":{"type":"Point","coordinates":[-17.774456,28.804206]}},{"type":"Feature","properties":{"id_punto":699,"codigo":"PDI-PRLP0700-00007","tipo":"Cultural","subtipo":"Etnog_Otros","descripcion":"Altar de piedra con cruces votivas"},"geometry":{"type":"Point","coordinates":[-17.804105,28.794005]}},{"type":"Feature","properties":{"id_punto":700,"codigo":"PDI-PRLP0700-00008","tipo":"Cultural","subtipo":"Etnog_Otros","descripcion":"Altar de piedra con cruces votivas"},"geometry":{"type":"Point","coordinates":[-17.803015,28.794552]}},{"type":"Feature","properties":{"id_punto":701,"codigo":"PDI-PRLP0700-00009","tipo":"Cultural","subtipo":"Etnog_Otros","descripcion":"Altar de piedra con cruces votivas"},"geometry":{"type":"Point","coordinates":[-17.797192,28.796495]}},{"type":"Feature","properties":{"id_punto":702,"codigo":"PDI-PRLP0700-00011","tipo":"Cultural","subtipo":"Etnog_Otros","descripcion":"Altar de piedra con cruces votivas"},"geometry":{"type":"Point","coordinates":[-17.794354,28.799172]}},{"type":"Feature","properties":{"id_punto":703,"codigo":"PDI-PRLP0700-00012","tipo":"Cultural","subtipo":"Etnog_Otros","descripcion":"Altar de piedra con cruces votivas"},"geometry":{"type":"Point","coordinates":[-17.793766,28.799607]}},{"type":"Feature","properties":{"id_punto":704,"codigo":"PDI-PRLP0700-00013","tipo":"Cultural","subtipo":"Etnog_Otros","descripcion":"Altar de piedra con cruces votivas"},"geometry":{"type":"Point","coordinates":[-17.792819,28.800756]}},{"type":"Feature","properties":{"id_punto":705,"codigo":"PDI-PRLP0700-00014","tipo":"Cultural","subtipo":"Etnog_Otros","descripcion":"Altar de piedra con cruces votivas"},"geometry":{"type":"Point","coordinates":[-17.79246,28.800765]}},{"type":"Feature","properties":{"id_punto":706,"codigo":"PDI-PRLP0700-00002","tipo":"Cultural","subtipo":"Etnog_Ref_Pastoril","descripcion":"Refugios pastoriles de Los Dormitorios"},"geometry":{"type":"Point","coordinates":[-17.842887,28.765262]}},{"type":"Feature","properties":{"id_punto":707,"codigo":"PDI-PRLP0700-00006","tipo":"Natural","subtipo":"Biol_Botanica","descripcion":"Zona en la que dominan los Echium pininana"},"geometry":{"type":"Point","coordinates":[-17.808578,28.791597]}},{"type":"Feature","properties":{"id_punto":708,"codigo":"PDI-PRLP0700-00017","tipo":"Servicios","subtipo":"Otros","descripcion":"Mirador de Llano Clara"},"geometry":{"type":"Point","coordinates":[-17.786978,28.800322]}},{"type":"Feature","properties":{"id_punto":709,"codigo":"PDI-PRLP0700-00010","tipo":"Natural","subtipo":"Otros","descripcion":"Límite inferior del Parque Natural de Las Nieves"},"geometry":{"type":"Point","coordinates":[-17.794904,28.798005]}},{"type":"Feature","properties":{"id_punto":710,"codigo":"PDI-PRLP0700-00001","tipo":"Natural","subtipo":"Biol_Botanica","descripcion":"Ecotono (límite) entre el pinar y el matorral de cumbre"},"geometry":{"type":"Point","coordinates":[-17.845311,28.76312]}},{"type":"Feature","properties":{"id_punto":711,"codigo":"PDI-PRLP0700-00004","tipo":"Natural","subtipo":"Biol_Botanica","descripcion":"Ejemplar de pino canario (Pinus canariensis) de considerables dimensiones"},"geometry":{"type":"Point","coordinates":[-17.829723,28.77963]}},{"type":"Feature","properties":{"id_punto":712,"codigo":"PDI-PRLP0700-00018","tipo":"Cultural","subtipo":"Arq_Civil","descripcion":"Molino Hidráulico El Regente"},"geometry":{"type":"Point","coordinates":[-17.779399,28.803129]}},{"type":"Feature","properties":{"id_punto":713,"codigo":"PDI-PRLP0700-00015","tipo":"Cultural","subtipo":"Arq_Civil","descripcion":"Depósito de agua"},"geometry":{"type":"Point","coordinates":[-17.789195,28.801093]}},{"type":"Feature","properties":{"id_punto":714,"codigo":"PDI-PRLP0700-00005","tipo":"Natural","subtipo":"Geol_Barranco","descripcion":"Vista de la cuenca del Barranco del Agua"},"geometry":{"type":"Point","coordinates":[-17.81068,28.788604]}},{"type":"Feature","properties":{"id_punto":715,"codigo":"PDI-PRLP0710-00009","tipo":"Natural","subtipo":"Geol_Barranco","descripcion":"Barranco de La Herradura"},"geometry":{"type":"Point","coordinates":[-17.814252,28.796932]}},{"type":"Feature","properties":{"id_punto":716,"codigo":"PDI-PRLP0710-00008","tipo":"Cultural","subtipo":"Arq_Civil","descripcion":"Canal hidráulico"},"geometry":{"type":"Point","coordinates":[-17.813921,28.79706]}},{"type":"Feature","properties":{"id_punto":717,"codigo":"PDI-PRLP0710-00001","tipo":"Servicios","subtipo":"Otros","descripcion":"Pista hormigonada, accesible para vehículos"},"geometry":{"type":"Point","coordinates":[-17.795749,28.81027]}},{"type":"Feature","properties":{"id_punto":718,"codigo":"PDI-PRLP0710-00015","tipo":"Servicios","subtipo":"Otros_Agua_Pot","descripcion":"Chorro de agua potable"},"geometry":{"type":"Point","coordinates":[-17.80157,28.790395]}},{"type":"Feature","properties":{"id_punto":719,"codigo":"PDI-PRLP0710-00014","tipo":"Servicios","subtipo":"Otros_Agua_Pot","descripcion":"Chorro de agua potable"},"geometry":{"type":"Point","coordinates":[-17.797527,28.795429]}},{"type":"Feature","properties":{"id_punto":720,"codigo":"PDI-PRLP0710-00011","tipo":"Cultural","subtipo":"Etnog_Otros","descripcion":"Cuevas antropizadas"},"geometry":{"type":"Point","coordinates":[-17.813899,28.79566]}},{"type":"Feature","properties":{"id_punto":721,"codigo":"PDI-PRLP0710-00002","tipo":"Cultural","subtipo":"Arq_Civil","descripcion":"Depósito de agua"},"geometry":{"type":"Point","coordinates":[-17.796404,28.809733]}},{"type":"Feature","properties":{"id_punto":722,"codigo":"PDI-PRLP0710-00004","tipo":"Cultural","subtipo":"Etnog_Otros","descripcion":"Finca de frutales"},"geometry":{"type":"Point","coordinates":[-17.808533,28.805293]}},{"type":"Feature","properties":{"id_punto":723,"codigo":"PDI-PRLP0710-00006","tipo":"Natural","subtipo":"Fuente_Natural","descripcion":"Fuente de caudal irregular"},"geometry":{"type":"Point","coordinates":[-17.808998,28.804541]}},{"type":"Feature","properties":{"id_punto":724,"codigo":"PDI-PRLP0710-00012","tipo":"Natural","subtipo":"Biol_Botanica","descripcion":"Zona dominada por los helechos"},"geometry":{"type":"Point","coordinates":[-17.806101,28.79806]}},{"type":"Feature","properties":{"id_punto":725,"codigo":"PDI-PRLP0710-00003","tipo":"Cultural","subtipo":"Etnog_Otros","descripcion":"Huertas en producción"},"geometry":{"type":"Point","coordinates":[-17.806748,28.807384]}},{"type":"Feature","properties":{"id_punto":726,"codigo":"PDI-PRLP0710-00007","tipo":"Cultural","subtipo":"Etnog_Otros","descripcion":"Finca de manzanos"},"geometry":{"type":"Point","coordinates":[-17.808366,28.803301]}},{"type":"Feature","properties":{"id_punto":727,"codigo":"PDI-PRLP0710-00005","tipo":"Cultural","subtipo":"Etnog_Otros","descripcion":"Nogales"},"geometry":{"type":"Point","coordinates":[-17.808785,28.804785]}},{"type":"Feature","properties":{"id_punto":728,"codigo":"PDI-PRLP0710-00010","tipo":"Natural","subtipo":"Biol_Botanica","descripcion":"Echium pininana"},"geometry":{"type":"Point","coordinates":[-17.813626,28.796832]}},{"type":"Feature","properties":{"id_punto":729,"codigo":"PDI-PRLP0710-00016","tipo":"Servicios","subtipo":"Otros","descripcion":"Centro de Visitantes de Los Tilos"},"geometry":{"type":"Point","coordinates":[-17.801677,28.790083]}},{"type":"Feature","properties":{"id_punto":730,"codigo":"PDI-PRLP0710-00013","tipo":"Servicios","subtipo":"Otros","descripcion":"Mirador del Topo de Las Barandas"},"geometry":{"type":"Point","coordinates":[-17.797462,28.79547]}},{"type":"Feature","properties":{"id_punto":731,"codigo":"PDI-PRLP0800-00002","tipo":"Natural","subtipo":"Biol_Botanica","descripcion":"Comienzo del brezal (Erica arborea)"},"geometry":{"type":"Point","coordinates":[-17.832117,28.782254]}},{"type":"Feature","properties":{"id_punto":732,"codigo":"PDI-PRLP0800-00020","tipo":"Servicios","subtipo":"Otros","descripcion":"El sendero conecta con la carretera LP-109"},"geometry":{"type":"Point","coordinates":[-17.805775,28.825441]}},{"type":"Feature","properties":{"id_punto":733,"codigo":"PDI-PRLP0800-00005","tipo":"Cultural","subtipo":"Toponimo","descripcion":"Cancelitas"},"geometry":{"type":"Point","coordinates":[-17.821206,28.79817]}},{"type":"Feature","properties":{"id_punto":734,"codigo":"PDI-PRLP0800-00018","tipo":"Cultural","subtipo":"Arq_Civil","descripcion":"Cooperativa La Centinela"},"geometry":{"type":"Point","coordinates":[-17.807385,28.820533]}},{"type":"Feature","properties":{"id_punto":735,"codigo":"PDI-PRLP0800-00004","tipo":"Cultural","subtipo":"Arq_Civil","descripcion":"Estanque redondo, ubicado junto a la Pista Monte del Pueblo"},"geometry":{"type":"Point","coordinates":[-17.828066,28.79027]}},{"type":"Feature","properties":{"id_punto":736,"codigo":"PDI-PRLP0800-00015","tipo":"Cultural","subtipo":"Etnog_Otros","descripcion":"Primera construcción del Parque Etnográfico de la Laguna de Barlovento"},"geometry":{"type":"Point","coordinates":[-17.810375,28.809974]}},{"type":"Feature","properties":{"id_punto":737,"codigo":"PDI-PRLP0800-00016","tipo":"Cultural","subtipo":"Etnog_Otros","descripcion":"Segunda construcción del Parque Etnográfico de la Laguna de Barlovento"},"geometry":{"type":"Point","coordinates":[-17.809994,28.810631]}},{"type":"Feature","properties":{"id_punto":738,"codigo":"PDI-PRLP0800-00017","tipo":"Cultural","subtipo":"Etnog_Otros","descripcion":"Tercera construcción del Parque Etnográfico de la Laguna de Barlovento"},"geometry":{"type":"Point","coordinates":[-17.81001,28.811876]}},{"type":"Feature","properties":{"id_punto":739,"codigo":"PDI-PRLP0800-00019","tipo":"Cultural","subtipo":"Arq_Civil","descripcion":"Estadio municipal de fútbol de Barlovento"},"geometry":{"type":"Point","coordinates":[-17.807344,28.821497]}},{"type":"Feature","properties":{"id_punto":740,"codigo":"PDI-PRLP0800-00010","tipo":"Natural","subtipo":"Biol_Botanica","descripcion":"Helechal"},"geometry":{"type":"Point","coordinates":[-17.818878,28.802638]}},{"type":"Feature","properties":{"id_punto":741,"codigo":"PDI-PRLP0800-00009","tipo":"Natural","subtipo":"Biol_Botanica","descripcion":"Lugar dominado por las hiedras (Hedera helix canariensis)"},"geometry":{"type":"Point","coordinates":[-17.819043,28.802545]}},{"type":"Feature","properties":{"id_punto":742,"codigo":"PDI-PRLP0800-00001","tipo":"Natural","subtipo":"Biol_Botanica","descripcion":"Bosquete de jaras o amagantes (Cistus symphytifolius)"},"geometry":{"type":"Point","coordinates":[-17.83204,28.781487]}},{"type":"Feature","properties":{"id_punto":743,"codigo":"PDI-PRLP0800-00014","tipo":"Cultural","subtipo":"Arq_Civil","descripcion":"Vista panorámica sobre la Laguna de Barlovento"},"geometry":{"type":"Point","coordinates":[-17.809443,28.807758]}},{"type":"Feature","properties":{"id_punto":744,"codigo":"PDI-PRLP0800-00011","tipo":"Cultural","subtipo":"Arq_Civil","descripcion":"Vista panorámica de la Laguna de Barlovento"},"geometry":{"type":"Point","coordinates":[-17.815832,28.80484]}},{"type":"Feature","properties":{"id_punto":745,"codigo":"PDI-PRLP0800-00008","tipo":"Cultural","subtipo":"Toponimo","descripcion":"Camino de los Lances"},"geometry":{"type":"Point","coordinates":[-17.819553,28.801745]}},{"type":"Feature","properties":{"id_punto":746,"codigo":"PDI-PRLP0800-00012","tipo":"Servicios","subtipo":"Otros","descripcion":"Conexión con el Camino de los Lances"},"geometry":{"type":"Point","coordinates":[-17.81275,28.805827]}},{"type":"Feature","properties":{"id_punto":747,"codigo":"PDI-PRLP0800-00013","tipo":"Servicios","subtipo":"Otros","descripcion":"Pista Monte del Pueblo"},"geometry":{"type":"Point","coordinates":[-17.812736,28.805883]}},{"type":"Feature","properties":{"id_punto":748,"codigo":"PDI-PRLP0800-00007","tipo":"Cultural","subtipo":"Toponimo","descripcion":"Tosca del Perro"},"geometry":{"type":"Point","coordinates":[-17.821119,28.798315]}},{"type":"Feature","properties":{"id_punto":749,"codigo":"PDI-PRLP0800-00003","tipo":"Natural","subtipo":"Biol_Botanica","descripcion":"Majestuoso ejemplar de pino (Pinus canariensis)"},"geometry":{"type":"Point","coordinates":[-17.828319,28.790403]}},{"type":"Feature","properties":{"id_punto":750,"codigo":"PDI-PRLP0800-00006","tipo":"Cultural","subtipo":"Toponimo","descripcion":"Hoya de las Roscas"},"geometry":{"type":"Point","coordinates":[-17.82116,28.798214]}},{"type":"Feature","properties":{"id_punto":751,"codigo":"PDI-PRLP0900-00024","tipo":"Natural","subtipo":"Geol_Barranco","descripcion":"Barranquera que forma parte de la cuenca del Barranco del Capitán"},"geometry":{"type":"Point","coordinates":[-17.899853,28.800147]}},{"type":"Feature","properties":{"id_punto":752,"codigo":"PDI-PRLP0900-00005","tipo":"Natural","subtipo":"Biol_Botanica","descripcion":"Cedro canario (Juniperus cedrus)"},"geometry":{"type":"Point","coordinates":[-17.865151,28.770317]}},{"type":"Feature","properties":{"id_punto":753,"codigo":"PDI-PRLP0900-00011","tipo":"Cultural","subtipo":"Etnog_Otros","descripcion":"Horno de brea (en ruinas)"},"geometry":{"type":"Point","coordinates":[-17.86793,28.791895]}},{"type":"Feature","properties":{"id_punto":754,"codigo":"PDI-PRLP0900-00017","tipo":"Cultural","subtipo":"Arq_Religiosa","descripcion":"Ermita de Roque Faro"},"geometry":{"type":"Point","coordinates":[-17.878552,28.801558]}},{"type":"Feature","properties":{"id_punto":755,"codigo":"PDI-PRLP0900-00008","tipo":"Natural","subtipo":"Biol_Botanica","descripcion":"Jaras o amagantes (Cistus symphytifolius)"},"geometry":{"type":"Point","coordinates":[-17.866438,28.780762]}},{"type":"Feature","properties":{"id_punto":756,"codigo":"PDI-PRLP0900-00019","tipo":"Cultural","subtipo":"Etnog_Otros","descripcion":"Nogales"},"geometry":{"type":"Point","coordinates":[-17.886531,28.801813]}},{"type":"Feature","properties":{"id_punto":757,"codigo":"PDI-PRLP0900-00004","tipo":"Cultural","subtipo":"Etnog_Ref_Pastoril","descripcion":"Conjunto pastoril de La Tamagantera"},"geometry":{"type":"Point","coordinates":[-17.864091,28.765622]}},{"type":"Feature","properties":{"id_punto":758,"codigo":"PDI-PRLP0900-00023","tipo":"Natural","subtipo":"Biol_Botanica","descripcion":"Pino canario (Pinus canariensis) de grandes dimensiones"},"geometry":{"type":"Point","coordinates":[-17.899146,28.800297]}},{"type":"Feature","properties":{"id_punto":759,"codigo":"PDI-PRLP0900-00035","tipo":"Cultural","subtipo":"Etnog_Otros","descripcion":"Era cerealista"},"geometry":{"type":"Point","coordinates":[-17.932643,28.82941]}},{"type":"Feature","properties":{"id_punto":760,"codigo":"PDI-PRLP0900-00020","tipo":"Natural","subtipo":"Geol_Barranco","descripcion":"Barranco de Carmona"},"geometry":{"type":"Point","coordinates":[-17.889357,28.79847]}},{"type":"Feature","properties":{"id_punto":761,"codigo":"PDI-PRLP0900-00007","tipo":"Servicios","subtipo":"Otros_Agua_Pot","descripcion":"Desvío hacia la Fuente de los Ríos"},"geometry":{"type":"Point","coordinates":[-17.865036,28.772827]}},{"type":"Feature","properties":{"id_punto":762,"codigo":"PDI-PRLP0900-00025","tipo":"Servicios","subtipo":"Otros_Agua_Pot","descripcion":"Fuente del Capitán"},"geometry":{"type":"Point","coordinates":[-17.900898,28.801506]}},{"type":"Feature","properties":{"id_punto":763,"codigo":"PDI-PRLP0900-00003","tipo":"Servicios","subtipo":"Otros_Agua_Pot","descripcion":"Fuente de la Tamagantera"},"geometry":{"type":"Point","coordinates":[-17.863787,28.76564]}},{"type":"Feature","properties":{"id_punto":764,"codigo":"PDI-PRLP0900-00015","tipo":"Servicios","subtipo":"Otros","descripcion":"Granja de ganado caprino"},"geometry":{"type":"Point","coordinates":[-17.878883,28.799583]}},{"type":"Feature","properties":{"id_punto":765,"codigo":"PDI-PRLP0900-00028","tipo":"Cultural","subtipo":"Arqueologico","descripcion":"Parque Arqueológico de La Zarza"},"geometry":{"type":"Point","coordinates":[-17.907419,28.805655]}},{"type":"Feature","properties":{"id_punto":766,"codigo":"PDI-PRLP0900-00036","tipo":"Natural","subtipo":"Geol_Barranco","descripcion":"Barranco de La Luz"},"geometry":{"type":"Point","coordinates":[-17.935366,28.825078]}},{"type":"Feature","properties":{"id_punto":767,"codigo":"PDI-PRLP0900-00018","tipo":"Servicios","subtipo":"Viveres_Bar_Rest","descripcion":"Bar Restaurante Reyes"},"geometry":{"type":"Point","coordinates":[-17.878305,28.803088]}},{"type":"Feature","properties":{"id_punto":768,"codigo":"PDI-PRLP0900-00001","tipo":"Servicios","subtipo":"Otros","descripcion":"El PR LP 9 se desvía de la pista forestal"},"geometry":{"type":"Point","coordinates":[-17.863056,28.763639]}},{"type":"Feature","properties":{"id_punto":769,"codigo":"PDI-PRLP0900-00002","tipo":"Cultural","subtipo":"Etnog_Otros","descripcion":"Cruz de tea"},"geometry":{"type":"Point","coordinates":[-17.862583,28.764833]}},{"type":"Feature","properties":{"id_punto":770,"codigo":"PDI-PRLP0900-00006","tipo":"Natural","subtipo":"Biol_Botanica","descripcion":"Cedro canario (Juniperus cedrus)"},"geometry":{"type":"Point","coordinates":[-17.864944,28.770972]}},{"type":"Feature","properties":{"id_punto":771,"codigo":"PDI-PRLP0900-00009","tipo":"Natural","subtipo":"Biol_Botanica","descripcion":"Límite superior del fayal-brezal"},"geometry":{"type":"Point","coordinates":[-17.867222,28.788472]}},{"type":"Feature","properties":{"id_punto":772,"codigo":"PDI-PRLP0900-00010","tipo":"Servicios","subtipo":"Otros","descripcion":"El PR LP 9 cruza una pista forestal"},"geometry":{"type":"Point","coordinates":[-17.86775,28.791417]}},{"type":"Feature","properties":{"id_punto":773,"codigo":"PDI-PRLP0900-00012","tipo":"Natural","subtipo":"Geol_Barranco","descripcion":"Barranco de Los Hombres"},"geometry":{"type":"Point","coordinates":[-17.871806,28.791028]}},{"type":"Feature","properties":{"id_punto":774,"codigo":"PDI-PRLP0900-00013","tipo":"Natural","subtipo":"Biol_Botanica","descripcion":"Pino canario (Pinus canariensis) de grandes dimensiones"},"geometry":{"type":"Point","coordinates":[-17.87325,28.792444]}},{"type":"Feature","properties":{"id_punto":775,"codigo":"PDI-PRLP0900-00014","tipo":"Natural","subtipo":"Otros","descripcion":"Cartel que marca el límite de la Reserva Natural Integral del Pinar de Garafía"},"geometry":{"type":"Point","coordinates":[-17.874417,28.79525]}},{"type":"Feature","properties":{"id_punto":776,"codigo":"PDI-PRLP0900-00016","tipo":"Servicios","subtipo":"Otros","descripcion":"Pista de cemento que conduce al núcleo de Roque del Faro"},"geometry":{"type":"Point","coordinates":[-17.879028,28.799722]}},{"type":"Feature","properties":{"id_punto":777,"codigo":"PDI-PRLP0900-00021","tipo":"Natural","subtipo":"Biol_Botanica","descripcion":"Suajas (Echium plantagineum) y cardos (Galactites tomentosa)"},"geometry":{"type":"Point","coordinates":[-17.891028,28.800056]}},{"type":"Feature","properties":{"id_punto":778,"codigo":"PDI-PRLP0900-00022","tipo":"Cultural","subtipo":"Etnog_Otros","descripcion":"Explotación ganadera de ovejas pelibuey"},"geometry":{"type":"Point","coordinates":[-17.897944,28.799139]}},{"type":"Feature","properties":{"id_punto":779,"codigo":"PDI-PRLP0900-00027","tipo":"Servicios","subtipo":"Viveres_Bar_Rest","descripcion":"Restaurante La Mata"},"geometry":{"type":"Point","coordinates":[-17.902657,28.80464]}},{"type":"Feature","properties":{"id_punto":780,"codigo":"PDI-PRLP0900-00030","tipo":"Cultural","subtipo":"Etnog_Otros","descripcion":"Era cerealista"},"geometry":{"type":"Point","coordinates":[-17.908729,28.809152]}},{"type":"Feature","properties":{"id_punto":781,"codigo":"PDI-PRLP0900-00031","tipo":"Servicios","subtipo":"Aloj_Otros","descripcion":"Desvío hacia el Albergue Rural de San Antonio del Monte y la Granja Experimental (derecha)"},"geometry":{"type":"Point","coordinates":[-17.911041,28.811674]}},{"type":"Feature","properties":{"id_punto":782,"codigo":"PDI-PRLP0900-00032","tipo":"Servicios","subtipo":"Otros_Area_Recr","descripcion":"Recinto Ferial de San Antonio del Monte"},"geometry":{"type":"Point","coordinates":[-17.917816,28.816703]}},{"type":"Feature","properties":{"id_punto":783,"codigo":"PDI-PRLP0900-00033","tipo":"Cultural","subtipo":"Arq_Religiosa","descripcion":"Casa de Romeros de San Antonio del Monte"},"geometry":{"type":"Point","coordinates":[-17.918673,28.817463]}},{"type":"Feature","properties":{"id_punto":784,"codigo":"PDI-PRLP0900-00034","tipo":"Cultural","subtipo":"Arq_Religiosa","descripcion":"Iglesia de San Antonio del Monte"},"geometry":{"type":"Point","coordinates":[-17.918754,28.817609]}},{"type":"Feature","properties":{"id_punto":785,"codigo":"PDI-PRLP0900-00037","tipo":"Servicios","subtipo":"Otros_Agua_Pot","descripcion":"Chorro de agua potable"},"geometry":{"type":"Point","coordinates":[-17.9365,28.827028]}},{"type":"Feature","properties":{"id_punto":786,"codigo":"PDI-PRLP0900-00038","tipo":"Servicios","subtipo":"Otros_Agua_Pot","descripcion":"Chorro de agua potable"},"geometry":{"type":"Point","coordinates":[-17.942278,28.829639]}},{"type":"Feature","properties":{"id_punto":787,"codigo":"PDI-PRLP0900-00026","tipo":"Servicios","subtipo":"Otros","descripcion":"Carretera LP-1 (Circunvalación Norte)"},"geometry":{"type":"Point","coordinates":[-17.902255,28.804058]}},{"type":"Feature","properties":{"id_punto":788,"codigo":"PDI-PRLP0900-00029","tipo":"Servicios","subtipo":"Otros","descripcion":"Carretera LP-1 (Circunvalación Norte)"},"geometry":{"type":"Point","coordinates":[-17.907953,28.807173]}},{"type":"Feature","properties":{"id_punto":789,"codigo":"PDI-PRLP0910-00001","tipo":"Cultural","subtipo":"Arq_Civil","descripcion":"Vivienda tradicional abandonada"},"geometry":{"type":"Point","coordinates":[-17.878345,28.805505]}},{"type":"Feature","properties":{"id_punto":790,"codigo":"PDI-PRLP0910-00002","tipo":"Servicios","subtipo":"Aloj_Casa_Rural","descripcion":"Casa Rural El Topo"},"geometry":{"type":"Point","coordinates":[-17.878523,28.806593]}},{"type":"Feature","properties":{"id_punto":791,"codigo":"PDI-PRLP0910-00003","tipo":"Servicios","subtipo":"Otros_Agua_Pot","descripcion":"Fuente de agua con pulsador"},"geometry":{"type":"Point","coordinates":[-17.879019,28.810935]}},{"type":"Feature","properties":{"id_punto":792,"codigo":"PDI-PRLP0910-00004","tipo":"Servicios","subtipo":"Otros","descripcion":"Cruce del PR LP 9.1 con una pista forestal"},"geometry":{"type":"Point","coordinates":[-17.880294,28.821445]}},{"type":"Feature","properties":{"id_punto":793,"codigo":"PDI-PRLP0910-00005","tipo":"Servicios","subtipo":"Otros_Agua_Pot","descripcion":"Fuente de agua con pulsador"},"geometry":{"type":"Point","coordinates":[-17.87918,28.823273]}},{"type":"Feature","properties":{"id_punto":794,"codigo":"PDI-PRLP0910-00006","tipo":"Servicios","subtipo":"Otros","descripcion":"Mirador de El Moral"},"geometry":{"type":"Point","coordinates":[-17.878721,28.831173]}},{"type":"Feature","properties":{"id_punto":795,"codigo":"PDI-PRLP0910-00008","tipo":"Cultural","subtipo":"Arq_Religiosa","descripcion":"Ermita de El Tablado"},"geometry":{"type":"Point","coordinates":[-17.877661,28.833119]}},{"type":"Feature","properties":{"id_punto":796,"codigo":"PDI-PRLP0910-00010","tipo":"Cultural","subtipo":"Arq_Civil","descripcion":"Cementerio de Franceses"},"geometry":{"type":"Point","coordinates":[-17.860375,28.823276]}},{"type":"Feature","properties":{"id_punto":797,"codigo":"PDI-PRLP0910-00011","tipo":"Cultural","subtipo":"Etnog_Otros","descripcion":"Empedrado original del PR LP 9.1"},"geometry":{"type":"Point","coordinates":[-17.862825,28.816223]}},{"type":"Feature","properties":{"id_punto":798,"codigo":"PDI-PRLP0910-00014","tipo":"Natural","subtipo":"Biol_Botanica","descripcion":"Ejemplares de mimbreras (Salix fragilis)"},"geometry":{"type":"Point","coordinates":[-17.869141,28.803251]}},{"type":"Feature","properties":{"id_punto":799,"codigo":"PDI-PRLP0910-00015","tipo":"Servicios","subtipo":"Otros","descripcion":"Cruce entre la Carretera LP-1 (Circunvalación Norte) y la Carretera LP-109 (Las Mimbreras)"},"geometry":{"type":"Point","coordinates":[-17.871568,28.802622]}},{"type":"Feature","properties":{"id_punto":800,"codigo":"PDI-PRLP0910-00012","tipo":"Servicios","subtipo":"Otros","descripcion":"Cruce del PR LP 9.1 con la carretera LP-1 (Circunvalación Norte)"},"geometry":{"type":"Point","coordinates":[-17.863047,28.815235]}},{"type":"Feature","properties":{"id_punto":801,"codigo":"PDI-PRLP0910-00013","tipo":"Cultural","subtipo":"Etnog_Otros","descripcion":"Pequeña cruz de madera al borde de la carretera"},"geometry":{"type":"Point","coordinates":[-17.865022,28.802539]}},{"type":"Feature","properties":{"id_punto":802,"codigo":"PDI-PRLP0910-00007","tipo":"Servicios","subtipo":"Viveres_Bar_Rest","descripcion":"Restaurante El Moral"},"geometry":{"type":"Point","coordinates":[-17.87859,28.831244]}},{"type":"Feature","properties":{"id_punto":803,"codigo":"PDI-PRLP0910-00009","tipo":"Cultural","subtipo":"Arq_Civil","descripcion":"Típica vivienda con techo tablado"},"geometry":{"type":"Point","coordinates":[-17.859921,28.827208]}},{"type":"Feature","properties":{"id_punto":804,"codigo":"PDI-PRLP0920-00007","tipo":"Servicios","subtipo":"Otros","descripcion":"Desvío hacia la Montaña de Las Varas"},"geometry":{"type":"Point","coordinates":[-17.904136,28.817912]}},{"type":"Feature","properties":{"id_punto":805,"codigo":"PDI-PRLP0920-00011","tipo":"Natural","subtipo":"Geol_Barranco","descripcion":"Mirador natural sobre la cuenca del Barranco de Magdalena o Magdaletín"},"geometry":{"type":"Point","coordinates":[-17.896795,28.828522]}},{"type":"Feature","properties":{"id_punto":806,"codigo":"PDI-PRLP0920-00002","tipo":"Cultural","subtipo":"Etnog_Otros","descripcion":"Antiguo corral de uso ganadero"},"geometry":{"type":"Point","coordinates":[-17.90705,28.807162]}},{"type":"Feature","properties":{"id_punto":807,"codigo":"PDI-PRLP0920-00010","tipo":"Cultural","subtipo":"Etnog_Otros","descripcion":"Cruz del Gallo"},"geometry":{"type":"Point","coordinates":[-17.898184,28.822781]}},{"type":"Feature","properties":{"id_punto":808,"codigo":"PDI-PRLP0920-00001","tipo":"Cultural","subtipo":"Etnog_Otros","descripcion":"Cuevas empleadas como almacén de papas"},"geometry":{"type":"Point","coordinates":[-17.906886,28.807066]}},{"type":"Feature","properties":{"id_punto":809,"codigo":"PDI-PRLP0920-00004","tipo":"Servicios","subtipo":"Otros","descripcion":"Desvío hacia San Antonio del Monte"},"geometry":{"type":"Point","coordinates":[-17.907672,28.813923]}},{"type":"Feature","properties":{"id_punto":810,"codigo":"PDI-PRLP0920-00005","tipo":"Servicios","subtipo":"Otros_Agua_Pot","descripcion":"Fuente de la Caldera del Agua"},"geometry":{"type":"Point","coordinates":[-17.907501,28.814507]}},{"type":"Feature","properties":{"id_punto":811,"codigo":"PDI-PRLP0920-00008","tipo":"Servicios","subtipo":"Otros_Agua_Pot","descripcion":"Fuente de la Cueva de Los Palomos"},"geometry":{"type":"Point","coordinates":[-17.901837,28.822578]}},{"type":"Feature","properties":{"id_punto":812,"codigo":"PDI-PRLP0920-00006","tipo":"Cultural","subtipo":"Etnog_Otros","descripcion":"Piletas o lavaderos (abandonados)"},"geometry":{"type":"Point","coordinates":[-17.907437,28.814595]}},{"type":"Feature","properties":{"id_punto":813,"codigo":"PDI-PRLP0920-00003","tipo":"Natural","subtipo":"Geol_Otros","descripcion":"Caboco conocido como La Catedral"},"geometry":{"type":"Point","coordinates":[-17.907576,28.812271]}},{"type":"Feature","properties":{"id_punto":814,"codigo":"PDI-PRLP0920-00009","tipo":"Servicios","subtipo":"Otros_Agua_Pot","descripcion":"Fuente de La Vica"},"geometry":{"type":"Point","coordinates":[-17.900309,28.82243]}},{"type":"Feature","properties":{"id_punto":815,"codigo":"PDI-PRLP0920-00019","tipo":"Natural","subtipo":"Biol_Botanica","descripcion":"Túnel formado por los brezos (Erica arborea)"},"geometry":{"type":"Point","coordinates":[-17.899802,28.811875]}},{"type":"Feature","properties":{"id_punto":816,"codigo":"PDI-PRLP0920-00018","tipo":"Cultural","subtipo":"Etnog_Otros","descripcion":"Parcela sembrada de papas"},"geometry":{"type":"Point","coordinates":[-17.89885,28.813092]}},{"type":"Feature","properties":{"id_punto":817,"codigo":"PDI-PRLP0920-00017","tipo":"Servicios","subtipo":"Otros","descripcion":"Mirador sobre la cuenca del Barranco Fagundo / Barranco del Capitán"},"geometry":{"type":"Point","coordinates":[-17.893674,28.822999]}},{"type":"Feature","properties":{"id_punto":818,"codigo":"PDI-PRLP0920-00016","tipo":"Servicios","subtipo":"Otros","descripcion":"Fin de la pista forestal"},"geometry":{"type":"Point","coordinates":[-17.894391,28.824365]}},{"type":"Feature","properties":{"id_punto":819,"codigo":"PDI-PRLP0920-00014","tipo":"Servicios","subtipo":"Otros_Agua_Pot","descripcion":"Fuente y lavaderos de Los Dornajos"},"geometry":{"type":"Point","coordinates":[-17.892926,28.826629]}},{"type":"Feature","properties":{"id_punto":820,"codigo":"PDI-PRLP0920-00015","tipo":"Servicios","subtipo":"Otros_Area_Recr","descripcion":"Pequeño merendero anexo a la Fuente de Los Dornajos"},"geometry":{"type":"Point","coordinates":[-17.89296,28.826576]}},{"type":"Feature","properties":{"id_punto":821,"codigo":"PDI-PRLP0920-00013","tipo":"Natural","subtipo":"Biol_Botanica","descripcion":"Estrelladera (Gesnouinia arborea)"},"geometry":{"type":"Point","coordinates":[-17.892344,28.827067]}},{"type":"Feature","properties":{"id_punto":822,"codigo":"PDI-PRLP0920-00012","tipo":"Cultural","subtipo":"Arq_Civil","descripcion":"Casa de pinotea"},"geometry":{"type":"Point","coordinates":[-17.885231,28.834763]}},{"type":"Feature","properties":{"id_punto":823,"codigo":"PDI-PRLP1000-00001","tipo":"Servicios","subtipo":"Otros_Agua_Pot","descripcion":"Fuente del Capitán"},"geometry":{"type":"Point","coordinates":[-17.901227,28.801413]}},{"type":"Feature","properties":{"id_punto":824,"codigo":"PDI-PRLP1000-00002","tipo":"Servicios","subtipo":"Viveres_Bar_Rest","descripcion":"Restaurante El Bailadero"},"geometry":{"type":"Point","coordinates":[-17.919201,28.794082]}},{"type":"Feature","properties":{"id_punto":825,"codigo":"PDI-PRLP1000-00003","tipo":"Cultural","subtipo":"Arq_Civil","descripcion":"Antigua venta de Hoya Grande"},"geometry":{"type":"Point","coordinates":[-17.9228,28.793253]}},{"type":"Feature","properties":{"id_punto":826,"codigo":"PDI-PRLP1000-00004","tipo":"Natural","subtipo":"Geol_Barranco","descripcion":"Barranco del Atajo"},"geometry":{"type":"Point","coordinates":[-17.929958,28.783231]}},{"type":"Feature","properties":{"id_punto":827,"codigo":"PDI-PRLP1000-00005","tipo":"Natural","subtipo":"Geol_Barranco","descripcion":"Barranco de Briestas"},"geometry":{"type":"Point","coordinates":[-17.931537,28.781199]}},{"type":"Feature","properties":{"id_punto":828,"codigo":"PDI-PRLP1000-00006","tipo":"Servicios","subtipo":"Viveres_Bar_Rest","descripcion":"Kiosko Briesta"},"geometry":{"type":"Point","coordinates":[-17.934627,28.781136]}},{"type":"Feature","properties":{"id_punto":829,"codigo":"PDI-PRLP1000-00007","tipo":"Cultural","subtipo":"Arq_Civil","descripcion":"Antiguos lavaderos"},"geometry":{"type":"Point","coordinates":[-17.939423,28.77255]}},{"type":"Feature","properties":{"id_punto":830,"codigo":"PDI-PRLP1000-00008","tipo":"Natural","subtipo":"Geol_Barranco","descripcion":"Barranco de Izcagua"},"geometry":{"type":"Point","coordinates":[-17.934635,28.763908]}},{"type":"Feature","properties":{"id_punto":831,"codigo":"PDI-PRLP1000-00009","tipo":"Natural","subtipo":"Fuente_Natural","descripcion":"Fuente de Juanianes (caudal irregular)"},"geometry":{"type":"Point","coordinates":[-17.939543,28.759431]}},{"type":"Feature","properties":{"id_punto":832,"codigo":"PDI-PRLP1000-00010","tipo":"Cultural","subtipo":"Etnog_Otros","descripcion":"Zona de viñedos de Las Traviesas"},"geometry":{"type":"Point","coordinates":[-17.942063,28.758688]}},{"type":"Feature","properties":{"id_punto":833,"codigo":"PDI-PRLP1000-00011","tipo":"Natural","subtipo":"Geol_Barranco","descripcion":"Pequeña barranquera que forma parte de la cuenca del Barranco de Garome"},"geometry":{"type":"Point","coordinates":[-17.942457,28.749344]}},{"type":"Feature","properties":{"id_punto":834,"codigo":"PDI-PRLP1000-00012","tipo":"Natural","subtipo":"Geol_Barranco","descripcion":"Barranco de Garome"},"geometry":{"type":"Point","coordinates":[-17.941446,28.746138]}},{"type":"Feature","properties":{"id_punto":835,"codigo":"PDI-PRLP1000-00013","tipo":"Servicios","subtipo":"Otros_Refugio","descripcion":"Refugio de Tinizara"},"geometry":{"type":"Point","coordinates":[-17.943368,28.744245]}},{"type":"Feature","properties":{"id_punto":836,"codigo":"PDI-PRLP1000-00031","tipo":"Cultural","subtipo":"Etnog_Otros","descripcion":"Fuente de Trajocade"},"geometry":{"type":"Point","coordinates":[-17.929273,28.707994]}},{"type":"Feature","properties":{"id_punto":837,"codigo":"PDI-PRLP1000-00037","tipo":"Cultural","subtipo":"Etnog_Otros","descripcion":"Aljibe para recorrer el agua de lluvia"},"geometry":{"type":"Point","coordinates":[-17.93333,28.703255]}},{"type":"Feature","properties":{"id_punto":838,"codigo":"PDI-PRLP1000-00038","tipo":"Cultural","subtipo":"Etnog_Otros","descripcion":"Aljibe para recoger el agua de lluvia"},"geometry":{"type":"Point","coordinates":[-17.933357,28.700918]}},{"type":"Feature","properties":{"id_punto":839,"codigo":"PDI-PRLP1000-00016","tipo":"Cultural","subtipo":"Toponimo","descripcion":"Bellido"},"geometry":{"type":"Point","coordinates":[-17.949576,28.739152]}},{"type":"Feature","properties":{"id_punto":840,"codigo":"PDI-PRLP1000-00019","tipo":"Natural","subtipo":"Geol_Barranco","descripcion":"Barranco de La Caldereta"},"geometry":{"type":"Point","coordinates":[-17.942771,28.73022]}},{"type":"Feature","properties":{"id_punto":841,"codigo":"PDI-PRLP1000-00026","tipo":"Natural","subtipo":"Geol_Otros","descripcion":"Vista de la Caldera de Jieque"},"geometry":{"type":"Point","coordinates":[-17.931741,28.718411]}},{"type":"Feature","properties":{"id_punto":842,"codigo":"PDI-PRLP1000-00017","tipo":"Cultural","subtipo":"Arq_Civil","descripcion":"Depósito de agua"},"geometry":{"type":"Point","coordinates":[-17.948609,28.731264]}},{"type":"Feature","properties":{"id_punto":843,"codigo":"PDI-PRLP1000-00036","tipo":"Cultural","subtipo":"Arq_Civil","descripcion":"Pequeña vivienda de estilo tradicional"},"geometry":{"type":"Point","coordinates":[-17.933137,28.703625]}},{"type":"Feature","properties":{"id_punto":844,"codigo":"PDI-PRLP1000-00030","tipo":"Cultural","subtipo":"Etnog_Otros","descripcion":"Tramo de camino empedrado"},"geometry":{"type":"Point","coordinates":[-17.929178,28.712634]}},{"type":"Feature","properties":{"id_punto":845,"codigo":"PDI-PRLP1000-00027","tipo":"Cultural","subtipo":"Etnog_Otros","descripcion":"Era cerealista (abandonada)"},"geometry":{"type":"Point","coordinates":[-17.932196,28.717343]}},{"type":"Feature","properties":{"id_punto":846,"codigo":"PDI-PRLP1000-00018","tipo":"Cultural","subtipo":"Arq_Civil","descripcion":"Galería de La Caldereta"},"geometry":{"type":"Point","coordinates":[-17.941736,28.730395]}},{"type":"Feature","properties":{"id_punto":847,"codigo":"PDI-PRLP1000-00035","tipo":"Cultural","subtipo":"Etnog_Otros","descripcion":"Goro (corral destinado al ganado porcino)"},"geometry":{"type":"Point","coordinates":[-17.932045,28.705076]}},{"type":"Feature","properties":{"id_punto":848,"codigo":"PDI-PRLP1000-00039","tipo":"Natural","subtipo":"Biol_Botanica","descripcion":"Helechal (probablemente Pteridium aquilinum)"},"geometry":{"type":"Point","coordinates":[-17.927587,28.692635]}},{"type":"Feature","properties":{"id_punto":849,"codigo":"PDI-PRLP1000-00029","tipo":"Natural","subtipo":"Geol_Barranco","descripcion":"Barranco de Jieque"},"geometry":{"type":"Point","coordinates":[-17.930597,28.717093]}},{"type":"Feature","properties":{"id_punto":850,"codigo":"PDI-PRLP1000-00023","tipo":"Natural","subtipo":"Geol_Barranco","descripcion":"Mirador natural hacia la cuenca del Barranco Jorado o Jurado"},"geometry":{"type":"Point","coordinates":[-17.931911,28.724286]}},{"type":"Feature","properties":{"id_punto":851,"codigo":"PDI-PRLP1000-00014","tipo":"Natural","subtipo":"Geol_Barranco","descripcion":"Barranquero de pequeñas dimensiones, que forma parte de la cuenca del Barranco de La Baranda"},"geometry":{"type":"Point","coordinates":[-17.943402,28.742614]}},{"type":"Feature","properties":{"id_punto":852,"codigo":"PDI-PRLP1000-00022","tipo":"Natural","subtipo":"Geol_Barranco","descripcion":"Barranquero de pequeñas dimensiones"},"geometry":{"type":"Point","coordinates":[-17.933878,28.724998]}},{"type":"Feature","properties":{"id_punto":853,"codigo":"PDI-PRLP1000-00033","tipo":"Cultural","subtipo":"Etnog_Otros","descripcion":"Cruz del Llano"},"geometry":{"type":"Point","coordinates":[-17.93267,28.705745]}},{"type":"Feature","properties":{"id_punto":854,"codigo":"PDI-PRLP1000-00021","tipo":"Natural","subtipo":"Otros","descripcion":"Mirador natural hacia La Punta y Cumbre Vieja"},"geometry":{"type":"Point","coordinates":[-17.939074,28.722451]}},{"type":"Feature","properties":{"id_punto":855,"codigo":"PDI-PRLP1000-00024","tipo":"Cultural","subtipo":"Etnog_Otros","descripcion":"Pequeño pajero sin techo y con muros de piedra seca"},"geometry":{"type":"Point","coordinates":[-17.932178,28.7195]}},{"type":"Feature","properties":{"id_punto":856,"codigo":"PDI-PRLP1000-00025","tipo":"Cultural","subtipo":"Etnog_Ref_Pastoril","descripcion":"Muros que parecen haber formado parte de un antiguo refugio pastoril"},"geometry":{"type":"Point","coordinates":[-17.931763,28.718456]}},{"type":"Feature","properties":{"id_punto":857,"codigo":"PDI-PRLP1000-00028","tipo":"Cultural","subtipo":"Etnog_Ref_Pastoril","descripcion":"Muros que parecen haber formado parte de un antiguo refugio pastoril"},"geometry":{"type":"Point","coordinates":[-17.932314,28.717287]}},{"type":"Feature","properties":{"id_punto":858,"codigo":"PDI-PRLP1000-00015","tipo":"Cultural","subtipo":"Etnog_Otros","descripcion":"Zona de viñedos"},"geometry":{"type":"Point","coordinates":[-17.945576,28.741666]}},{"type":"Feature","properties":{"id_punto":859,"codigo":"PDI-PRLP1000-00020","tipo":"Servicios","subtipo":"Otros","descripcion":"Fin de la pista forestal"},"geometry":{"type":"Point","coordinates":[-17.939822,28.723867]}},{"type":"Feature","properties":{"id_punto":860,"codigo":"PDI-PRLP1000-00032","tipo":"Natural","subtipo":"Biol_Botanica","descripcion":"Eucalipto (Eucaliptus globosus)"},"geometry":{"type":"Point","coordinates":[-17.930528,28.706639]}},{"type":"Feature","properties":{"id_punto":861,"codigo":"PDI-PRLP1000-00034","tipo":"Cultural","subtipo":"Etnog_Otros","descripcion":"Pequeña cruz votiva"},"geometry":{"type":"Point","coordinates":[-17.932664,28.705674]}},{"type":"Feature","properties":{"id_punto":862,"codigo":"PDI-PRLP1100-00006","tipo":"Natural","subtipo":"Geol_Barranco","descripcion":"Barranquera perteneciente a la cuenca del Barranco de Izcagua"},"geometry":{"type":"Point","coordinates":[-17.906551,28.751331]}},{"type":"Feature","properties":{"id_punto":863,"codigo":"PDI-PRLP1100-00008","tipo":"Cultural","subtipo":"Toponimo","descripcion":"Llano de las Ánimas"},"geometry":{"type":"Point","coordinates":[-17.914645,28.748406]}},{"type":"Feature","properties":{"id_punto":864,"codigo":"PDI-PRLP1100-00001","tipo":"Cultural","subtipo":"Arq_Civil","descripcion":"Desvío hacia el Gran Telescopio Canarias (GTC)"},"geometry":{"type":"Point","coordinates":[-17.89,28.754972]}},{"type":"Feature","properties":{"id_punto":865,"codigo":"PDI-PRLP1100-00002","tipo":"Cultural","subtipo":"Arq_Civil","descripcion":"Desvío hacia el grupo de telescopios de Fuente Nueva (WHT, Meridiano Carlsberg, INT, SST, DOT y JKT)"},"geometry":{"type":"Point","coordinates":[-17.886556,28.761]}},{"type":"Feature","properties":{"id_punto":866,"codigo":"PDI-PRLP1100-00004","tipo":"Natural","subtipo":"Biol_Botanica","descripcion":"Parcela de repoblación con especies de cumbre (Echium gentianoides, Teline benehoavensis, etc.)"},"geometry":{"type":"Point","coordinates":[-17.900806,28.757306]}},{"type":"Feature","properties":{"id_punto":867,"codigo":"PDI-PRLP1100-00009","tipo":"Cultural","subtipo":"Etnog_Otros","descripcion":"Pequeña explotación apícola"},"geometry":{"type":"Point","coordinates":[-17.9175,28.748917]}},{"type":"Feature","properties":{"id_punto":868,"codigo":"PDI-PRLP1100-00014","tipo":"Cultural","subtipo":"Etnog_Otros","descripcion":"Zona de cultivos: almendros, higueras, castaños, manzanos y ciruelos"},"geometry":{"type":"Point","coordinates":[-17.936722,28.757639]}},{"type":"Feature","properties":{"id_punto":869,"codigo":"PDI-PRLP1100-00025","tipo":"Cultural","subtipo":"Etnog_Otros","descripcion":"Cruz religiosa"},"geometry":{"type":"Point","coordinates":[-17.966278,28.771056]}},{"type":"Feature","properties":{"id_punto":870,"codigo":"PDI-PRLP1100-00026","tipo":"Servicios","subtipo":"Otros","descripcion":"Parada de autobús (guagua) al borde de la carretera LP-1 (Circunvalación Norte)"},"geometry":{"type":"Point","coordinates":[-17.970806,28.771528]}},{"type":"Feature","properties":{"id_punto":871,"codigo":"PDI-PRLP1100-00027","tipo":"Natural","subtipo":"Biol_Botanica","descripcion":"Pino de la Virgen (Puntagorda)"},"geometry":{"type":"Point","coordinates":[-17.980028,28.765861]}},{"type":"Feature","properties":{"id_punto":872,"codigo":"PDI-PRLP1100-00022","tipo":"Natural","subtipo":"Geol_Montaña","descripcion":"Enfrente de la Montaña del Arco"},"geometry":{"type":"Point","coordinates":[-17.957035,28.763851]}},{"type":"Feature","properties":{"id_punto":873,"codigo":"PDI-PRLP1100-00003","tipo":"Cultural","subtipo":"Otros","descripcion":"Equipos de medición de la calidad del cielo pertenecientes al ORM"},"geometry":{"type":"Point","coordinates":[-17.894302,28.760571]}},{"type":"Feature","properties":{"id_punto":874,"codigo":"PDI-PRLP1100-00023","tipo":"Cultural","subtipo":"Etnog_Otros","descripcion":"Terreno trabajado en bancales"},"geometry":{"type":"Point","coordinates":[-17.959425,28.766888]}},{"type":"Feature","properties":{"id_punto":875,"codigo":"PDI-PRLP1100-00017","tipo":"Servicios","subtipo":"Otros","descripcion":"Cruce con la Pista del Cabildo"},"geometry":{"type":"Point","coordinates":[-17.949926,28.760584]}},{"type":"Feature","properties":{"id_punto":876,"codigo":"PDI-PRLP1100-00010","tipo":"Servicios","subtipo":"Otros","descripcion":"El sendero abandona la pista cementada"},"geometry":{"type":"Point","coordinates":[-17.921383,28.750462]}},{"type":"Feature","properties":{"id_punto":877,"codigo":"PDI-PRLP1100-00024","tipo":"Cultural","subtipo":"Arq_Civil","descripcion":"Embalse de la Montaña del Arco"},"geometry":{"type":"Point","coordinates":[-17.963192,28.768972]}},{"type":"Feature","properties":{"id_punto":878,"codigo":"PDI-PRLP1100-00018","tipo":"Cultural","subtipo":"Etnog_Otros","descripcion":"Era cerealista"},"geometry":{"type":"Point","coordinates":[-17.950111,28.760628]}},{"type":"Feature","properties":{"id_punto":879,"codigo":"PDI-PRLP1100-00021","tipo":"Servicios","subtipo":"Otros_Agua_Pot","descripcion":"Fuente estacional"},"geometry":{"type":"Point","coordinates":[-17.954779,28.762333]}},{"type":"Feature","properties":{"id_punto":880,"codigo":"PDI-PRLP1100-00019","tipo":"Cultural","subtipo":"Arq_Civil","descripcion":"Canal de la galería Las Goteras"},"geometry":{"type":"Point","coordinates":[-17.950602,28.760729]}},{"type":"Feature","properties":{"id_punto":881,"codigo":"PDI-PRLP1100-00005","tipo":"Natural","subtipo":"Geol_Barranco","descripcion":"Barranco de Izcagua"},"geometry":{"type":"Point","coordinates":[-17.904989,28.7544]}},{"type":"Feature","properties":{"id_punto":882,"codigo":"PDI-PRLP1100-00007","tipo":"Natural","subtipo":"Geol_Barranco","descripcion":"Barranquera de pequeñas dimensiones"},"geometry":{"type":"Point","coordinates":[-17.911577,28.749058]}},{"type":"Feature","properties":{"id_punto":883,"codigo":"PDI-PRLP1100-00020","tipo":"Cultural","subtipo":"Arq_Civil","descripcion":"Pajero de estilo tradicional"},"geometry":{"type":"Point","coordinates":[-17.951519,28.760874]}},{"type":"Feature","properties":{"id_punto":884,"codigo":"PDI-PRLP1100-00011","tipo":"Natural","subtipo":"Biol_Botanica","descripcion":"Pino de porte considerable"},"geometry":{"type":"Point","coordinates":[-17.931831,28.755072]}},{"type":"Feature","properties":{"id_punto":885,"codigo":"PDI-PRLP1100-00015","tipo":"Cultural","subtipo":"Arq_Civil","descripcion":"Pajero rehabilitado y paisaje de viñas"},"geometry":{"type":"Point","coordinates":[-17.939758,28.757734]}},{"type":"Feature","properties":{"id_punto":886,"codigo":"PDI-PRLP1100-00016","tipo":"Servicios","subtipo":"Otros","descripcion":"Camino de La Rosa"},"geometry":{"type":"Point","coordinates":[-17.942787,28.758369]}},{"type":"Feature","properties":{"id_punto":887,"codigo":"PDI-PRLP1100-00013","tipo":"Cultural","subtipo":"Etnog_Otros","descripcion":"Paisaje con bancales de viñas"},"geometry":{"type":"Point","coordinates":[-17.934378,28.756117]}},{"type":"Feature","properties":{"id_punto":888,"codigo":"PDI-PRLP1100-00012","tipo":"Cultural","subtipo":"Etnog_Otros","descripcion":"Era cerealista"},"geometry":{"type":"Point","coordinates":[-17.933195,28.755783]}},{"type":"Feature","properties":{"id_punto":889,"codigo":"PDI-PRLP1200-00002","tipo":"Natural","subtipo":"Biol_Botanica","descripcion":"Cancela de acceso a parcela de repoblación"},"geometry":{"type":"Point","coordinates":[-17.914766,28.747219]}},{"type":"Feature","properties":{"id_punto":890,"codigo":"PDI-PRLP1200-00003","tipo":"Natural","subtipo":"Biol_Botanica","descripcion":"Pino cuyo tronco se ha vaciado, probablemente como consecuencia de un incendio"},"geometry":{"type":"Point","coordinates":[-17.913742,28.74662]}},{"type":"Feature","properties":{"id_punto":891,"codigo":"PDI-PRLP1200-00004","tipo":"Natural","subtipo":"Geol_Barranco","descripcion":"Barranquera de escaso desarrollo, que corresponde con la cabecera del Barranco de Garome"},"geometry":{"type":"Point","coordinates":[-17.917697,28.742594]}},{"type":"Feature","properties":{"id_punto":892,"codigo":"PDI-PRLP1200-00005","tipo":"Natural","subtipo":"Geol_Barranco","descripcion":"Barranquera de escaso desarrollo, que corresponde la cabecera del Barranco de la Baranda"},"geometry":{"type":"Point","coordinates":[-17.920929,28.739464]}},{"type":"Feature","properties":{"id_punto":893,"codigo":"PDI-PRLP1200-00006","tipo":"Servicios","subtipo":"Otros","descripcion":"Pista forestal, junto a la que se ubica una parcela de repoblación"},"geometry":{"type":"Point","coordinates":[-17.923356,28.738871]}},{"type":"Feature","properties":{"id_punto":894,"codigo":"PDI-PRLP1200-00007","tipo":"Natural","subtipo":"Biol_Botanica","descripcion":"Ladera cubierta de gamonas (Asphodelus aestivus)"},"geometry":{"type":"Point","coordinates":[-17.927544,28.738373]}},{"type":"Feature","properties":{"id_punto":895,"codigo":"PDI-PRLP1200-00008","tipo":"Cultural","subtipo":"Etnog_Otros","descripcion":"Primeros cultivos en la traza del sendero: viñedos, higueras y manzanos"},"geometry":{"type":"Point","coordinates":[-17.941271,28.720054]}},{"type":"Feature","properties":{"id_punto":896,"codigo":"PDI-PRLP1200-00009","tipo":"Cultural","subtipo":"Etnog_Otros","descripcion":"Era con el suelo de cemento"},"geometry":{"type":"Point","coordinates":[-17.942337,28.718564]}},{"type":"Feature","properties":{"id_punto":897,"codigo":"PDI-PRLP1200-00010","tipo":"Servicios","subtipo":"Otros","descripcion":"Pista hormigonada, accesible para vehículos"},"geometry":{"type":"Point","coordinates":[-17.942976,28.717151]}},{"type":"Feature","properties":{"id_punto":898,"codigo":"PDI-PRLP1200-00011","tipo":"Cultural","subtipo":"Arq_Civil","descripcion":"Pequeño aljibe con brocal de madera y lavadero anexo"},"geometry":{"type":"Point","coordinates":[-17.945006,28.714045]}},{"type":"Feature","properties":{"id_punto":899,"codigo":"PDI-PRLP1200-00001","tipo":"Natural","subtipo":"Biol_Botanica","descripcion":"Cancela de acceso a parcela de repoblación"},"geometry":{"type":"Point","coordinates":[-17.914569,28.748319]}},{"type":"Feature","properties":{"id_punto":900,"codigo":"PDI-PRLP1200-00014","tipo":"Cultural","subtipo":"Arq_Civil","descripcion":"Plaza de la Era"},"geometry":{"type":"Point","coordinates":[-17.951919,28.712382]}},{"type":"Feature","properties":{"id_punto":901,"codigo":"PDI-PRLP1200-00013","tipo":"Servicios","subtipo":"Otros_Agua_Pot","descripcion":"Chorro de agua potable"},"geometry":{"type":"Point","coordinates":[-17.948944,28.713472]}},{"type":"Feature","properties":{"id_punto":902,"codigo":"PDI-PRLP1200-00015","tipo":"Servicios","subtipo":"Aloj_Otros","descripcion":"Vivienda turística (Casa Dulce)"},"geometry":{"type":"Point","coordinates":[-17.952028,28.711806]}},{"type":"Feature","properties":{"id_punto":903,"codigo":"PDI-PRLP1200-00012","tipo":"Cultural","subtipo":"Arq_Civil","descripcion":"Depósito de agua"},"geometry":{"type":"Point","coordinates":[-17.94826,28.713697]}},{"type":"Feature","properties":{"id_punto":904,"codigo":"PDI-PRLP1210-00013","tipo":"Cultural","subtipo":"Etnog_Otros","descripcion":"Aljibe para recoger el agua de lluvia"},"geometry":{"type":"Point","coordinates":[-17.964882,28.743183]}},{"type":"Feature","properties":{"id_punto":905,"codigo":"PDI-PRLP1210-00014","tipo":"Cultural","subtipo":"Etnog_Otros","descripcion":"Aljibe para recoger el agua de lluvia"},"geometry":{"type":"Point","coordinates":[-17.965799,28.742705]}},{"type":"Feature","properties":{"id_punto":906,"codigo":"PDI-PRLP1210-00016","tipo":"Cultural","subtipo":"Etnog_Otros","descripcion":"Aljibe para recoger el agua de lluvia"},"geometry":{"type":"Point","coordinates":[-17.966435,28.742537]}},{"type":"Feature","properties":{"id_punto":907,"codigo":"PDI-PRLP1210-00008","tipo":"Cultural","subtipo":"Etnog_Otros","descripcion":"Bancales de viña"},"geometry":{"type":"Point","coordinates":[-17.951316,28.744147]}},{"type":"Feature","properties":{"id_punto":908,"codigo":"PDI-PRLP1210-00012","tipo":"Cultural","subtipo":"Etnog_Otros","descripcion":"Tramo de camino empedrado"},"geometry":{"type":"Point","coordinates":[-17.962939,28.7438]}},{"type":"Feature","properties":{"id_punto":909,"codigo":"PDI-PRLP1210-00002","tipo":"Servicios","subtipo":"Otros","descripcion":"Enlace con trocha no señalizada"},"geometry":{"type":"Point","coordinates":[-17.926148,28.742601]}},{"type":"Feature","properties":{"id_punto":910,"codigo":"PDI-PRLP1210-00001","tipo":"Cultural","subtipo":"Etnog_Otros","descripcion":"Era cerealista (abandonada)"},"geometry":{"type":"Point","coordinates":[-17.922201,28.741446]}},{"type":"Feature","properties":{"id_punto":911,"codigo":"PDI-PRLP1210-00009","tipo":"Servicios","subtipo":"Otros_Area_Recr","descripcion":"Área Recreativa de Llano del Lance"},"geometry":{"type":"Point","coordinates":[-17.958415,28.744013]}},{"type":"Feature","properties":{"id_punto":912,"codigo":"PDI-PRLP1210-00006","tipo":"Cultural","subtipo":"Arq_Civil","descripcion":"Pequeño pajero de estilo tradicional"},"geometry":{"type":"Point","coordinates":[-17.946322,28.745488]}},{"type":"Feature","properties":{"id_punto":913,"codigo":"PDI-PRLP1210-00015","tipo":"Cultural","subtipo":"Arq_Civil","descripcion":"Pequeño pajero de estilo tradicional"},"geometry":{"type":"Point","coordinates":[-17.966423,28.742554]}},{"type":"Feature","properties":{"id_punto":914,"codigo":"PDI-PRLP1210-00007","tipo":"Natural","subtipo":"Otros","descripcion":"Buena panorámica del tramo superior del sendero"},"geometry":{"type":"Point","coordinates":[-17.94917,28.744855]}},{"type":"Feature","properties":{"id_punto":915,"codigo":"PDI-PRLP1210-00003","tipo":"Natural","subtipo":"Biol_Botanica","descripcion":"Pino canario (Pinus canariensis) de grandes dimensiones"},"geometry":{"type":"Point","coordinates":[-17.927304,28.742266]}},{"type":"Feature","properties":{"id_punto":916,"codigo":"PDI-PRLP1210-00005","tipo":"Servicios","subtipo":"Otros_Refugio","descripcion":"Refugio de Tinizara"},"geometry":{"type":"Point","coordinates":[-17.94334,28.744235]}},{"type":"Feature","properties":{"id_punto":917,"codigo":"PDI-PRLP1210-00010","tipo":"Cultural","subtipo":"Toponimo","descripcion":"El Topito"},"geometry":{"type":"Point","coordinates":[-17.961769,28.744174]}},{"type":"Feature","properties":{"id_punto":918,"codigo":"PDI-PRLP1210-00004","tipo":"Cultural","subtipo":"Etnog_Otros","descripcion":"Zona de viñedos"},"geometry":{"type":"Point","coordinates":[-17.93377,28.743513]}},{"type":"Feature","properties":{"id_punto":919,"codigo":"PDI-PRLP1210-00011","tipo":"Cultural","subtipo":"Etnog_Otros","descripcion":"Pequeña hornacina de carácter religioso"},"geometry":{"type":"Point","coordinates":[-17.962484,28.743903]}},{"type":"Feature","properties":{"id_punto":920,"codigo":"PDI-PRLP1220-00001","tipo":"Natural","subtipo":"Biol_Botanica","descripcion":"Palmera canaria (Phoenix canariensis)"},"geometry":{"type":"Point","coordinates":[-17.964928,28.712252]}},{"type":"Feature","properties":{"id_punto":921,"codigo":"PDI-PRLP1220-00002","tipo":"Natural","subtipo":"Biol_Botanica","descripcion":"Cardonal (Euphorbia canariensis)"},"geometry":{"type":"Point","coordinates":[-17.972578,28.703911]}},{"type":"Feature","properties":{"id_punto":922,"codigo":"PDI-PRLP1220-00003","tipo":"Servicios","subtipo":"Otros","descripcion":"Acceso al Porís de Candelaria"},"geometry":{"type":"Point","coordinates":[-17.973027,28.702743]}},{"type":"Feature","properties":{"id_punto":923,"codigo":"PDI-PRLP1220-00004","tipo":"Servicios","subtipo":"Otros","descripcion":"Fin de la pista de acceso al Porís de Candelaria"},"geometry":{"type":"Point","coordinates":[-17.972483,28.703181]}},{"type":"Feature","properties":{"id_punto":924,"codigo":"PDI-PRLP1220-00005","tipo":"Natural","subtipo":"Geol_Otros","descripcion":"Playa del Jurado"},"geometry":{"type":"Point","coordinates":[-17.970165,28.700569]}},{"type":"Feature","properties":{"id_punto":925,"codigo":"PDI-PRLP1220-00006","tipo":"Cultural","subtipo":"Arq_Religiosa","descripcion":"Iglesia del Buen Jesús (BIC)"},"geometry":{"type":"Point","coordinates":[-17.953716,28.702416]}},{"type":"Feature","properties":{"id_punto":926,"codigo":"PDI-PRLP1300-00012","tipo":"Cultural","subtipo":"Toponimo","descripcion":"Los Brecitos"},"geometry":{"type":"Point","coordinates":[-17.900568,28.711592]}},{"type":"Feature","properties":{"id_punto":927,"codigo":"PDI-PRLP1300-00010","tipo":"Cultural","subtipo":"Toponimo","descripcion":"Hacienda del Cura"},"geometry":{"type":"Point","coordinates":[-17.911655,28.69633]}},{"type":"Feature","properties":{"id_punto":928,"codigo":"PDI-PRLP1300-00001","tipo":"Servicios","subtipo":"Viveres_Bar_Rest","descripcion":"La Pérgola"},"geometry":{"type":"Point","coordinates":[-17.912939,28.659004]}},{"type":"Feature","properties":{"id_punto":929,"codigo":"PDI-PRLP1300-00004","tipo":"Servicios","subtipo":"Otros","descripcion":"Desvío al Mirador de La Cancelita"},"geometry":{"type":"Point","coordinates":[-17.917436,28.672915]}},{"type":"Feature","properties":{"id_punto":930,"codigo":"PDI-PRLP1300-00011","tipo":"Cultural","subtipo":"Toponimo","descripcion":"La Farola"},"geometry":{"type":"Point","coordinates":[-17.907933,28.7058]}},{"type":"Feature","properties":{"id_punto":931,"codigo":"PDI-PRLP1300-00006","tipo":"Servicios","subtipo":"Otros","descripcion":"Mirador de Los Barros hacia el Barranco de las Angustias (no acondicionado)"},"geometry":{"type":"Point","coordinates":[-17.917937,28.674578]}},{"type":"Feature","properties":{"id_punto":932,"codigo":"PDI-PRLP1300-00008","tipo":"Natural","subtipo":"Geol_Barranco","descripcion":"Barranco de Las Angustias"},"geometry":{"type":"Point","coordinates":[-17.908669,28.687141]}},{"type":"Feature","properties":{"id_punto":933,"codigo":"PDI-PRLP1300-00007","tipo":"Natural","subtipo":"Biol_Botanica","descripcion":"Cedro (Juniperus cedrus)"},"geometry":{"type":"Point","coordinates":[-17.913715,28.677961]}},{"type":"Feature","properties":{"id_punto":934,"codigo":"PDI-PRLP1300-00009","tipo":"Servicios","subtipo":"Aloj_Casa_Rural","descripcion":"Casa de Turismo Rural Ángel"},"geometry":{"type":"Point","coordinates":[-17.911604,28.696098]}},{"type":"Feature","properties":{"id_punto":935,"codigo":"PDI-PRLP1300-00005","tipo":"Servicios","subtipo":"Viveres_Bar_Rest","descripcion":"Bar Restaurante Balcón Taburiente"},"geometry":{"type":"Point","coordinates":[-17.918797,28.673732]}},{"type":"Feature","properties":{"id_punto":936,"codigo":"PDI-PRLP1300-00003","tipo":"Servicios","subtipo":"Viveres_Bar_Rest","descripcion":"Pequeño bar en forma de kiosko"},"geometry":{"type":"Point","coordinates":[-17.915219,28.668739]}},{"type":"Feature","properties":{"id_punto":937,"codigo":"PDI-PRLP1300-00002","tipo":"Cultural","subtipo":"Arq_Civil","descripcion":"Plaza de Elías Santos Abreu"},"geometry":{"type":"Point","coordinates":[-17.912845,28.659348]}},{"type":"Feature","properties":{"id_punto":938,"codigo":"PDI-PRLP1300-00020","tipo":"Natural","subtipo":"Fuente_Natural","descripcion":"Fuente de la Mula o Fuente de la Faya"},"geometry":{"type":"Point","coordinates":[-17.887131,28.722498]}},{"type":"Feature","properties":{"id_punto":939,"codigo":"PDI-PRLP1300-00015","tipo":"Cultural","subtipo":"Toponimo","descripcion":"Tenerra"},"geometry":{"type":"Point","coordinates":[-17.896605,28.717058]}},{"type":"Feature","properties":{"id_punto":940,"codigo":"PDI-PRLP1300-00018","tipo":"Servicios","subtipo":"Otros","descripcion":"Lomo y Mirador del Tagasaste"},"geometry":{"type":"Point","coordinates":[-17.889502,28.721203]}},{"type":"Feature","properties":{"id_punto":941,"codigo":"PDI-PRLP1300-00023","tipo":"Natural","subtipo":"Geol_Barranco","descripcion":"Barranco de las Bombas de Agua"},"geometry":{"type":"Point","coordinates":[-17.879767,28.723684]}},{"type":"Feature","properties":{"id_punto":942,"codigo":"PDI-PRLP1300-00017","tipo":"Natural","subtipo":"Geol_Barranco","descripcion":"Barranco de las Piedras Redondas"},"geometry":{"type":"Point","coordinates":[-17.893134,28.722298]}},{"type":"Feature","properties":{"id_punto":943,"codigo":"PDI-PRLP1300-00016","tipo":"Natural","subtipo":"Geol_Barranco","descripcion":"Barranco de Las Traves"},"geometry":{"type":"Point","coordinates":[-17.896134,28.720502]}},{"type":"Feature","properties":{"id_punto":944,"codigo":"PDI-PRLP1300-00028","tipo":"Servicios","subtipo":"Aloj_Otros","descripcion":"Zona de acampada"},"geometry":{"type":"Point","coordinates":[-17.875486,28.723488]}},{"type":"Feature","properties":{"id_punto":945,"codigo":"PDI-PRLP1300-00013","tipo":"Natural","subtipo":"Geol_Barranco","descripcion":"Barranco del Ciempiés"},"geometry":{"type":"Point","coordinates":[-17.901423,28.716219]}},{"type":"Feature","properties":{"id_punto":946,"codigo":"PDI-PRLP1300-00025","tipo":"Cultural","subtipo":"Toponimo","descripcion":"Playa de Taburiente"},"geometry":{"type":"Point","coordinates":[-17.876421,28.724668]}},{"type":"Feature","properties":{"id_punto":947,"codigo":"PDI-PRLP1300-00014","tipo":"Natural","subtipo":"Geol_Barranco","descripcion":"Barranco de Las Cañeras"},"geometry":{"type":"Point","coordinates":[-17.899019,28.717344]}},{"type":"Feature","properties":{"id_punto":948,"codigo":"PDI-PRLP1300-00021","tipo":"Natural","subtipo":"Geol_Barranco","descripcion":"Barranco de Risco Liso"},"geometry":{"type":"Point","coordinates":[-17.882919,28.723938]}},{"type":"Feature","properties":{"id_punto":949,"codigo":"PDI-PRLP1300-00019","tipo":"Natural","subtipo":"Biol_Botanica","descripcion":"Grupo de viñátigos (Persea indica)"},"geometry":{"type":"Point","coordinates":[-17.88829,28.721643]}},{"type":"Feature","properties":{"id_punto":950,"codigo":"PDI-PRLP1300-00024","tipo":"Servicios","subtipo":"Otros","descripcion":"Desvío hacia la Desfondada"},"geometry":{"type":"Point","coordinates":[-17.87649,28.724827]}},{"type":"Feature","properties":{"id_punto":951,"codigo":"PDI-PRLP1300-00022","tipo":"Cultural","subtipo":"Toponimo","descripcion":"Llano de las Vacas"},"geometry":{"type":"Point","coordinates":[-17.881012,28.722204]}},{"type":"Feature","properties":{"id_punto":952,"codigo":"PDI-PRLP1300-00027","tipo":"Natural","subtipo":"Biol_Botanica","descripcion":"Sauceda de Taburiente (Salix canariensis)"},"geometry":{"type":"Point","coordinates":[-17.8757,28.72361]}},{"type":"Feature","properties":{"id_punto":953,"codigo":"PDI-PRLP1300-00035","tipo":"Servicios","subtipo":"Otros","descripcion":"Inicio del atajo de las Lajitas del Viento"},"geometry":{"type":"Point","coordinates":[-17.878887,28.710501]}},{"type":"Feature","properties":{"id_punto":954,"codigo":"PDI-PRLP1300-00039","tipo":"Cultural","subtipo":"Toponimo","descripcion":"Dos Aguas"},"geometry":{"type":"Point","coordinates":[-17.883337,28.706955]}},{"type":"Feature","properties":{"id_punto":955,"codigo":"PDI-PRLP1300-00031","tipo":"Cultural","subtipo":"Toponimo","descripcion":"Somada del Palo"},"geometry":{"type":"Point","coordinates":[-17.876396,28.718414]}},{"type":"Feature","properties":{"id_punto":956,"codigo":"PDI-PRLP1300-00026","tipo":"Natural","subtipo":"Geol_Barranco","descripcion":"Barranco de Taburiente (\"Río de Taburiente\")"},"geometry":{"type":"Point","coordinates":[-17.875962,28.723747]}},{"type":"Feature","properties":{"id_punto":957,"codigo":"PDI-PRLP1300-00037","tipo":"Servicios","subtipo":"Otros","descripcion":"Desvío hacia la Cascada de Colores"},"geometry":{"type":"Point","coordinates":[-17.879606,28.708567]}},{"type":"Feature","properties":{"id_punto":958,"codigo":"PDI-PRLP1300-00051","tipo":"Natural","subtipo":"Geol_Otros","descripcion":"Lavas almohadilladas"},"geometry":{"type":"Point","coordinates":[-17.900553,28.691931]}},{"type":"Feature","properties":{"id_punto":959,"codigo":"PDI-PRLP1300-00036","tipo":"Servicios","subtipo":"Otros","descripcion":"Final del atajo de las Lajitas del Viento"},"geometry":{"type":"Point","coordinates":[-17.879806,28.709833]}},{"type":"Feature","properties":{"id_punto":960,"codigo":"PDI-PRLP1300-00038","tipo":"Natural","subtipo":"Geol_Barranco","descripcion":"Barranco del Almendro Amargo"},"geometry":{"type":"Point","coordinates":[-17.881361,28.707417]}},{"type":"Feature","properties":{"id_punto":961,"codigo":"PDI-PRLP1300-00041","tipo":"Cultural","subtipo":"Arq_Civil","descripcion":"Puente metálico"},"geometry":{"type":"Point","coordinates":[-17.891278,28.704556]}},{"type":"Feature","properties":{"id_punto":962,"codigo":"PDI-PRLP1300-00042","tipo":"Natural","subtipo":"Biol_Botanica","descripcion":"Cornicales (Periploca laevigata)"},"geometry":{"type":"Point","coordinates":[-17.891639,28.703639]}},{"type":"Feature","properties":{"id_punto":963,"codigo":"PDI-PRLP1300-00046","tipo":"Cultural","subtipo":"Arq_Civil","descripcion":"Vivienda tradicional abandonada en el Morro de la Era"},"geometry":{"type":"Point","coordinates":[-17.894917,28.698222]}},{"type":"Feature","properties":{"id_punto":964,"codigo":"PDI-PRLP1300-00049","tipo":"Natural","subtipo":"Biol_Botanica","descripcion":"Peralillo canario (Maytenus canariensis)"},"geometry":{"type":"Point","coordinates":[-17.896472,28.694806]}},{"type":"Feature","properties":{"id_punto":965,"codigo":"PDI-PRLP1300-00052","tipo":"Cultural","subtipo":"Arq_Civil","descripcion":"Puente sobre el Barranco de Las Angustias"},"geometry":{"type":"Point","coordinates":[-17.905611,28.689611]}},{"type":"Feature","properties":{"id_punto":966,"codigo":"PDI-PRLP1300-00040","tipo":"Natural","subtipo":"Geol_Barranco","descripcion":"Barranco de las Angustias"},"geometry":{"type":"Point","coordinates":[-17.8866,28.706123]}},{"type":"Feature","properties":{"id_punto":967,"codigo":"PDI-PRLP1300-00047","tipo":"Cultural","subtipo":"Toponimo","descripcion":"Canal Chico"},"geometry":{"type":"Point","coordinates":[-17.894922,28.696995]}},{"type":"Feature","properties":{"id_punto":968,"codigo":"PDI-PRLP1300-00045","tipo":"Cultural","subtipo":"Toponimo","descripcion":"La Estrechura"},"geometry":{"type":"Point","coordinates":[-17.895586,28.698736]}},{"type":"Feature","properties":{"id_punto":969,"codigo":"PDI-PRLP1300-00030","tipo":"Cultural","subtipo":"Toponimo","descripcion":"Llano del Capadero"},"geometry":{"type":"Point","coordinates":[-17.875639,28.721331]}},{"type":"Feature","properties":{"id_punto":970,"codigo":"PDI-PRLP1300-00048","tipo":"Cultural","subtipo":"Arq_Civil","descripcion":"Puente del Canal Chico"},"geometry":{"type":"Point","coordinates":[-17.895454,28.696974]}},{"type":"Feature","properties":{"id_punto":971,"codigo":"PDI-PRLP1300-00034","tipo":"Natural","subtipo":"Biol_Botanica","descripcion":"Retamas (Retama rhodorhizoides) de porte considerable"},"geometry":{"type":"Point","coordinates":[-17.87801,28.71685]}},{"type":"Feature","properties":{"id_punto":972,"codigo":"PDI-PRLP1300-00050","tipo":"Natural","subtipo":"Biol_Botanica","descripcion":"Sabina (Juniperus turbinata ssp. canariensis)"},"geometry":{"type":"Point","coordinates":[-17.900415,28.693712]}},{"type":"Feature","properties":{"id_punto":973,"codigo":"PDI-PRLP1300-00032","tipo":"Cultural","subtipo":"Toponimo","descripcion":"Cuesta del Reventón"},"geometry":{"type":"Point","coordinates":[-17.876606,28.718296]}},{"type":"Feature","properties":{"id_punto":974,"codigo":"PDI-PRLP1300-00029","tipo":"Servicios","subtipo":"Otros","descripcion":"Centro de Visitantes de la Zona de Acampada"},"geometry":{"type":"Point","coordinates":[-17.87571,28.722958]}},{"type":"Feature","properties":{"id_punto":975,"codigo":"PDI-PRLP1300-00044","tipo":"Cultural","subtipo":"Toponimo","descripcion":"El Carbón"},"geometry":{"type":"Point","coordinates":[-17.893979,28.70154]}},{"type":"Feature","properties":{"id_punto":976,"codigo":"PDI-PRLP1300-00053","tipo":"Servicios","subtipo":"Otros","descripcion":"El sendero abandona el cauce del Barranco de Las Angustias y se interna en una pista forestal"},"geometry":{"type":"Point","coordinates":[-17.905898,28.689525]}},{"type":"Feature","properties":{"id_punto":977,"codigo":"PDI-PRLP1300-00033","tipo":"Natural","subtipo":"Geol_Otros","descripcion":"Espectacular vista del Roque Idafe"},"geometry":{"type":"Point","coordinates":[-17.877845,28.717315]}},{"type":"Feature","properties":{"id_punto":978,"codigo":"PDI-PRLP1300-00043","tipo":"Cultural","subtipo":"Toponimo","descripcion":"La Rosera"},"geometry":{"type":"Point","coordinates":[-17.892864,28.702599]}},{"type":"Feature","properties":{"id_punto":979,"codigo":"PDI-PRLP1310-00002","tipo":"Servicios","subtipo":"Otros","descripcion":"Comienzo del sendero de enlace entre La Cumbrecita y la Ermita del Pino"},"geometry":{"type":"Point","coordinates":[-17.855709,28.698372]}},{"type":"Feature","properties":{"id_punto":980,"codigo":"PDI-PRLP1310-00001","tipo":"Servicios","subtipo":"Otros","descripcion":"Caseta informativa de La Cumbrecita"},"geometry":{"type":"Point","coordinates":[-17.856338,28.697869]}},{"type":"Feature","properties":{"id_punto":981,"codigo":"PDI-PRLP1310-00020","tipo":"Cultural","subtipo":"Arq_Civil","descripcion":"Puente de tea que soporta el sendero"},"geometry":{"type":"Point","coordinates":[-17.852638,28.739281]}},{"type":"Feature","properties":{"id_punto":982,"codigo":"PDI-PRLP1310-00018","tipo":"Cultural","subtipo":"Arq_Civil","descripcion":"Galería de Altaguna"},"geometry":{"type":"Point","coordinates":[-17.847746,28.731653]}},{"type":"Feature","properties":{"id_punto":983,"codigo":"PDI-PRLP1310-00003","tipo":"Servicios","subtipo":"Otros","descripcion":"Desvío hacia el sendero autoguiado del Lomo de Las Chozas desde el PR LP 13.1"},"geometry":{"type":"Point","coordinates":[-17.855974,28.699137]}},{"type":"Feature","properties":{"id_punto":984,"codigo":"PDI-PRLP1310-00023","tipo":"Cultural","subtipo":"Arq_Civil","descripcion":"Acceso a la Galería de Verduras de Alfonso"},"geometry":{"type":"Point","coordinates":[-17.857904,28.740629]}},{"type":"Feature","properties":{"id_punto":985,"codigo":"PDI-PRLP1310-00007","tipo":"Cultural","subtipo":"Arq_Civil","descripcion":"Galería de La Faya"},"geometry":{"type":"Point","coordinates":[-17.849974,28.714817]}},{"type":"Feature","properties":{"id_punto":986,"codigo":"PDI-PRLP1310-00028","tipo":"Servicios","subtipo":"Otros","descripcion":"Zona de aterrizaje de helicópteros en la Playa de Taburiente"},"geometry":{"type":"Point","coordinates":[-17.874821,28.725466]}},{"type":"Feature","properties":{"id_punto":987,"codigo":"PDI-PRLP1310-00008","tipo":"Natural","subtipo":"Geol_Barranco","descripcion":"Barranco del Hoyo de Los Pinos (subida del Escuchadero)"},"geometry":{"type":"Point","coordinates":[-17.848021,28.717915]}},{"type":"Feature","properties":{"id_punto":988,"codigo":"PDI-PRLP1310-00011","tipo":"Natural","subtipo":"Geol_Barranco","descripcion":"Barranco del Limonero o de las Rivanceras"},"geometry":{"type":"Point","coordinates":[-17.847069,28.722578]}},{"type":"Feature","properties":{"id_punto":989,"codigo":"PDI-PRLP1310-00017","tipo":"Natural","subtipo":"Fuente_Natural","descripcion":"Fuente de Prieto"},"geometry":{"type":"Point","coordinates":[-17.845673,28.729578]}},{"type":"Feature","properties":{"id_punto":990,"codigo":"PDI-PRLP1310-00006","tipo":"Cultural","subtipo":"Arq_Civil","descripcion":"Galería de Tacote"},"geometry":{"type":"Point","coordinates":[-17.852854,28.708193]}},{"type":"Feature","properties":{"id_punto":991,"codigo":"PDI-PRLP1310-00014","tipo":"Natural","subtipo":"Geol_Barranco","descripcion":"Cascada del Barranco de Piedra Majorera"},"geometry":{"type":"Point","coordinates":[-17.846687,28.726803]}},{"type":"Feature","properties":{"id_punto":992,"codigo":"PDI-PRLP1310-00022","tipo":"Cultural","subtipo":"Toponimo","descripcion":"Lomo Lajuraga"},"geometry":{"type":"Point","coordinates":[-17.856279,28.7371]}},{"type":"Feature","properties":{"id_punto":993,"codigo":"PDI-PRLP1310-00004","tipo":"Cultural","subtipo":"Arq_Civil","descripcion":"Comienzo del canal de agua"},"geometry":{"type":"Point","coordinates":[-17.855833,28.701]}},{"type":"Feature","properties":{"id_punto":994,"codigo":"PDI-PRLP1310-00005","tipo":"Cultural","subtipo":"Otros","descripcion":"Pluviómetro"},"geometry":{"type":"Point","coordinates":[-17.853111,28.706222]}},{"type":"Feature","properties":{"id_punto":995,"codigo":"PDI-PRLP1310-00009","tipo":"Cultural","subtipo":"Etnog_Otros","descripcion":"Antiguo refugio de uso ganadero"},"geometry":{"type":"Point","coordinates":[-17.846333,28.719444]}},{"type":"Feature","properties":{"id_punto":996,"codigo":"PDI-PRLP1310-00010","tipo":"Cultural","subtipo":"Toponimo","descripcion":"Lomo del Escuchadero"},"geometry":{"type":"Point","coordinates":[-17.847556,28.722167]}},{"type":"Feature","properties":{"id_punto":997,"codigo":"PDI-PRLP1310-00012","tipo":"Natural","subtipo":"Biol_Botanica","descripcion":"Zona cubierta de amagantes (Cistus symphitifolius)"},"geometry":{"type":"Point","coordinates":[-17.847361,28.723028]}},{"type":"Feature","properties":{"id_punto":998,"codigo":"PDI-PRLP1310-00013","tipo":"Natural","subtipo":"Otros","descripcion":"Zona de reserva de Lomo del Mato"},"geometry":{"type":"Point","coordinates":[-17.849306,28.725917]}},{"type":"Feature","properties":{"id_punto":999,"codigo":"PDI-PRLP1310-00015","tipo":"Cultural","subtipo":"Etnog_Otros","descripcion":"Antiguo abrigo pastoril"},"geometry":{"type":"Point","coordinates":[-17.846778,28.727167]}},{"type":"Feature","properties":{"id_punto":1000,"codigo":"PDI-PRLP1310-00019","tipo":"Natural","subtipo":"Geol_Barranco","descripcion":"Barranco de Los Guanches"},"geometry":{"type":"Point","coordinates":[-17.850306,28.740472]}},{"type":"Feature","properties":{"id_punto":1001,"codigo":"PDI-PRLP1310-00024","tipo":"Natural","subtipo":"Geol_Barranco","descripcion":"Pequeña barranquera de caudal irregular"},"geometry":{"type":"Point","coordinates":[-17.859361,28.739639]}},{"type":"Feature","properties":{"id_punto":1002,"codigo":"PDI-PRLP1310-00025","tipo":"Natural","subtipo":"Geol_Barranco","descripcion":"Pequeña barranquera de caudal irregular"},"geometry":{"type":"Point","coordinates":[-17.861306,28.73725]}},{"type":"Feature","properties":{"id_punto":1003,"codigo":"PDI-PRLP1310-00026","tipo":"Natural","subtipo":"Biol_Botanica","descripcion":"Helechera (Pteridium aquilinum)"},"geometry":{"type":"Point","coordinates":[-17.861806,28.737278]}},{"type":"Feature","properties":{"id_punto":1004,"codigo":"PDI-PRLP1310-00029","tipo":"Servicios","subtipo":"Otros","descripcion":"Acceso a la Zona de Acampada desde la Playa de Taburiente"},"geometry":{"type":"Point","coordinates":[-17.874333,28.724806]}},{"type":"Feature","properties":{"id_punto":1005,"codigo":"PDI-PRLP1310-00027","tipo":"Natural","subtipo":"Geol_Barranco","descripcion":"Barranco de las Verduras de Alfonso"},"geometry":{"type":"Point","coordinates":[-17.868571,28.732781]}},{"type":"Feature","properties":{"id_punto":1006,"codigo":"PDI-PRLP1310-00016","tipo":"Cultural","subtipo":"Toponimo","descripcion":"Lomo de Las Goteras"},"geometry":{"type":"Point","coordinates":[-17.846468,28.729006]}},{"type":"Feature","properties":{"id_punto":1007,"codigo":"PDI-PRLP1310-00021","tipo":"Cultural","subtipo":"Arq_Civil","descripcion":"Vista de la Galería de Los Guanches"},"geometry":{"type":"Point","coordinates":[-17.853226,28.738339]}},{"type":"Feature","properties":{"id_punto":1008,"codigo":"PDI-PRLP1330-00002","tipo":"Servicios","subtipo":"Otros","descripcion":"Calle Barrial del Medio"},"geometry":{"type":"Point","coordinates":[-17.858437,28.665424]}},{"type":"Feature","properties":{"id_punto":1009,"codigo":"PDI-PRLP1330-00003","tipo":"Natural","subtipo":"Geol_Barranco","descripcion":"Barranco de los Cardos"},"geometry":{"type":"Point","coordinates":[-17.849524,28.672562]}},{"type":"Feature","properties":{"id_punto":1010,"codigo":"PDI-PRLP1330-00001","tipo":"Servicios","subtipo":"Otros","descripcion":"Centro de Visitantes de El Paso (Parque Nacional de La Caldera de Taburiente)"},"geometry":{"type":"Point","coordinates":[-17.852648,28.654331]}},{"type":"Feature","properties":{"id_punto":1011,"codigo":"PDI-PRLP1330-00004","tipo":"Servicios","subtipo":"Otros","descripcion":"Bifurcación de caminos al Bejenado: a la izquierda, por los petroglifos de Tamarahoya y a la derecha por el Roque de los Cuervos"},"geometry":{"type":"Point","coordinates":[-17.854639,28.680159]}},{"type":"Feature","properties":{"id_punto":1012,"codigo":"PDI-PRLP1330-00006","tipo":"Servicios","subtipo":"Otros","descripcion":"Final de la Pista de Ferrer y comienzo del sendero propiamente dicho"},"geometry":{"type":"Point","coordinates":[-17.861925,28.68306]}},{"type":"Feature","properties":{"id_punto":1013,"codigo":"PDI-PRLP1330-00010","tipo":"Cultural","subtipo":"Toponimo","descripcion":"El Rodeo"},"geometry":{"type":"Point","coordinates":[-17.870064,28.689171]}},{"type":"Feature","properties":{"id_punto":1014,"codigo":"PDI-PRLP1330-00009","tipo":"Servicios","subtipo":"Otros","descripcion":"Comienzo del sendero alternativo (por el Roque de los Cuervos, no homologado)"},"geometry":{"type":"Point","coordinates":[-17.869699,28.68911]}},{"type":"Feature","properties":{"id_punto":1015,"codigo":"PDI-PRLP1330-00011","tipo":"Natural","subtipo":"Geol_Montaña","descripcion":"Cima del Bejenado (1.854 m)"},"geometry":{"type":"Point","coordinates":[-17.876852,28.69249]}},{"type":"Feature","properties":{"id_punto":1016,"codigo":"PDI-PRLP1330-00008","tipo":"Natural","subtipo":"Biol_Botanica","descripcion":"Garbancera (Cicer canariensis)"},"geometry":{"type":"Point","coordinates":[-17.862879,28.687201]}},{"type":"Feature","properties":{"id_punto":1017,"codigo":"PDI-PRLP1330-00007","tipo":"Cultural","subtipo":"Arqueologico","descripcion":"Desvío a los petroglifos del Lomo de Tamarahoya"},"geometry":{"type":"Point","coordinates":[-17.861883,28.686592]}},{"type":"Feature","properties":{"id_punto":1018,"codigo":"PDI-PRLP1330-00005","tipo":"Natural","subtipo":"Geol_Otros","descripcion":"Tubo volcánico"},"geometry":{"type":"Point","coordinates":[-17.858509,28.683205]}},{"type":"Feature","properties":{"id_punto":1019,"codigo":"PDI-PRLP1400-00014","tipo":"Cultural","subtipo":"Etnog_Otros","descripcion":"Desvío hacia la casa del Alma de Tacande"},"geometry":{"type":"Point","coordinates":[-17.852769,28.645599]}},{"type":"Feature","properties":{"id_punto":1020,"codigo":"PDI-PRLP1400-00003","tipo":"Natural","subtipo":"Geol_Otros","descripcion":"Los Arenales. Vistas hacia La Caldera y Cumbre Vieja"},"geometry":{"type":"Point","coordinates":[-17.844869,28.623047]}},{"type":"Feature","properties":{"id_punto":1021,"codigo":"PDI-PRLP1400-00007","tipo":"Natural","subtipo":"Geol_Montaña","descripcion":"Vistas hacia el Bejenao"},"geometry":{"type":"Point","coordinates":[-17.845771,28.63398]}},{"type":"Feature","properties":{"id_punto":1022,"codigo":"PDI-PRLP1400-00018","tipo":"Servicios","subtipo":"Otros","descripcion":"Camino de enlace con el Centro de Visitantes del Parque Nacional de La Caldera de Taburiente"},"geometry":{"type":"Point","coordinates":[-17.854994,28.650623]}},{"type":"Feature","properties":{"id_punto":1023,"codigo":"PDI-PRLP1400-00009","tipo":"Servicios","subtipo":"Otros","descripcion":"Camino alternativo hacia las coladas del Volcán de Tacande (sin balizar)"},"geometry":{"type":"Point","coordinates":[-17.846708,28.635279]}},{"type":"Feature","properties":{"id_punto":1024,"codigo":"PDI-PRLP1400-00016","tipo":"Cultural","subtipo":"Arq_Civil","descripcion":"Grupo rehabilitado de viviendas tradicionales"},"geometry":{"type":"Point","coordinates":[-17.854614,28.649852]}},{"type":"Feature","properties":{"id_punto":1025,"codigo":"PDI-PRLP1400-00024","tipo":"Cultural","subtipo":"Arq_Civil","descripcion":"Vivienda de estilo tradicional"},"geometry":{"type":"Point","coordinates":[-17.863622,28.652742]}},{"type":"Feature","properties":{"id_punto":1026,"codigo":"PDI-PRLP1400-00026","tipo":"Servicios","subtipo":"Aloj_Casa_Rural","descripcion":"Casas Rurales La Centenaria"},"geometry":{"type":"Point","coordinates":[-17.867936,28.653188]}},{"type":"Feature","properties":{"id_punto":1027,"codigo":"PDI-PRLP1400-00021","tipo":"Servicios","subtipo":"Otros_Agua_Pot","descripcion":"Chorro de Montaña Colorada"},"geometry":{"type":"Point","coordinates":[-17.85721,28.652291]}},{"type":"Feature","properties":{"id_punto":1028,"codigo":"PDI-PRLP1400-000","tipo":"Cultural","subtipo":"Etnog_Otros","descripcion":"Cruz votiva"},"geometry":{"type":"Point","coordinates":[-17.841681,28.61922]}},{"type":"Feature","properties":{"id_punto":1029,"codigo":"PDI-PRLP1400-00027","tipo":"Servicios","subtipo":"Aloj_Otros","descripcion":"Bungalows Doña Elida"},"geometry":{"type":"Point","coordinates":[-17.869691,28.653166]}},{"type":"Feature","properties":{"id_punto":1030,"codigo":"PDI-PRLP1400-00011","tipo":"Cultural","subtipo":"Etnog_Otros","descripcion":"Tramo de camino empedrado"},"geometry":{"type":"Point","coordinates":[-17.847852,28.638533]}},{"type":"Feature","properties":{"id_punto":1031,"codigo":"PDI-PRLP1400-00010","tipo":"Cultural","subtipo":"Etnog_Otros","descripcion":"Tramo de camino empedrado"},"geometry":{"type":"Point","coordinates":[-17.847135,28.637026]}},{"type":"Feature","properties":{"id_punto":1032,"codigo":"PDI-PRLP1400-00013","tipo":"Cultural","subtipo":"Etnog_Otros","descripcion":"Finca de frutales"},"geometry":{"type":"Point","coordinates":[-17.85089,28.642497]}},{"type":"Feature","properties":{"id_punto":1033,"codigo":"PDI-PRLP1400-00019","tipo":"Cultural","subtipo":"Arq_Civil","descripcion":"Vivienda tradicional con horno adosado"},"geometry":{"type":"Point","coordinates":[-17.855274,28.651127]}},{"type":"Feature","properties":{"id_punto":1034,"codigo":"PDI-PRLP1400-00004","tipo":"Cultural","subtipo":"Arq_Civil","descripcion":"Pajero abandonado"},"geometry":{"type":"Point","coordinates":[-17.845756,28.630677]}},{"type":"Feature","properties":{"id_punto":1035,"codigo":"PDI-PRLP1400-00017","tipo":"Cultural","subtipo":"Arq_Civil","descripcion":"Pajeros de estilo tradicional (en ruinas)"},"geometry":{"type":"Point","coordinates":[-17.854878,28.650274]}},{"type":"Feature","properties":{"id_punto":1036,"codigo":"PDI-PRLP1400-00005","tipo":"Cultural","subtipo":"Arq_Civil","descripcion":"Muro de piedra seca"},"geometry":{"type":"Point","coordinates":[-17.845936,28.63143]}},{"type":"Feature","properties":{"id_punto":1037,"codigo":"PDI-PRLP1400-00015","tipo":"Natural","subtipo":"Otros","descripcion":"Vistas hacia El Paso y el Pico Bejenao"},"geometry":{"type":"Point","coordinates":[-17.853031,28.647085]}},{"type":"Feature","properties":{"id_punto":1038,"codigo":"PDI-PRLP1400-00006","tipo":"Cultural","subtipo":"Arq_Civil","descripcion":"Paredes de piedra seca"},"geometry":{"type":"Point","coordinates":[-17.845691,28.633267]}},{"type":"Feature","properties":{"id_punto":1039,"codigo":"PDI-PRLP1400-00008","tipo":"Natural","subtipo":"Biol_Botanica","descripcion":"Pino canario (Pinus canariensis) de grandes dimensiones"},"geometry":{"type":"Point","coordinates":[-17.846084,28.634244]}},{"type":"Feature","properties":{"id_punto":1040,"codigo":"PDI-PRLP1400-00012","tipo":"Natural","subtipo":"Biol_Botanica","descripcion":"Pino canario (Pinus canariensis) de grandes dimensiones"},"geometry":{"type":"Point","coordinates":[-17.848045,28.639141]}},{"type":"Feature","properties":{"id_punto":1041,"codigo":"PDI-PRLP1400-00022","tipo":"Cultural","subtipo":"Etnog_Otros","descripcion":"Portadas de estilo tradicional"},"geometry":{"type":"Point","coordinates":[-17.861147,28.652762]}},{"type":"Feature","properties":{"id_punto":1042,"codigo":"PDI-PRLP1400-00002","tipo":"Natural","subtipo":"Geol_Crater","descripcion":"Vista del cráter de Montaña Quemada (s. XV)"},"geometry":{"type":"Point","coordinates":[-17.844157,28.62259]}},{"type":"Feature","properties":{"id_punto":1043,"codigo":"PDI-PRLP1400-00025","tipo":"Cultural","subtipo":"Arq_Civil","descripcion":"Vivienda de estilo tradicional"},"geometry":{"type":"Point","coordinates":[-17.863879,28.652946]}},{"type":"Feature","properties":{"id_punto":1044,"codigo":"PDI-PRLP1400-00020","tipo":"Cultural","subtipo":"Etnog_Otros","descripcion":"Viñedos"},"geometry":{"type":"Point","coordinates":[-17.856915,28.651747]}},{"type":"Feature","properties":{"id_punto":1045,"codigo":"PDI-PRLP1400-00023","tipo":"Servicios","subtipo":"Viveres_Tienda","descripcion":"Tienda de víveres"},"geometry":{"type":"Point","coordinates":[-17.862915,28.652527]}},{"type":"Feature","properties":{"id_punto":1046,"codigo":"PDI-PRLP1410-00003","tipo":"Natural","subtipo":"Biol_Botanica","descripcion":"Comienzo del pinar"},"geometry":{"type":"Point","coordinates":[-17.870264,28.605636]}},{"type":"Feature","properties":{"id_punto":1047,"codigo":"PDI-PRLP1410-00004","tipo":"Servicios","subtipo":"Otros_Area_Recr","descripcion":"Pequeña zona de descanso con bancos y mesas"},"geometry":{"type":"Point","coordinates":[-17.868715,28.60638]}},{"type":"Feature","properties":{"id_punto":1048,"codigo":"PDI-PRLP1410-00005","tipo":"Natural","subtipo":"Geol_Otros","descripcion":"Lavas Tipo AA"},"geometry":{"type":"Point","coordinates":[-17.859235,28.602885]}},{"type":"Feature","properties":{"id_punto":1049,"codigo":"PDI-PRLP1410-00006","tipo":"Natural","subtipo":"Biol_Botanica","descripcion":"Vinagreras (Rumex lunaria)"},"geometry":{"type":"Point","coordinates":[-17.859602,28.602115]}},{"type":"Feature","properties":{"id_punto":1050,"codigo":"PDI-PRLP1410-00007","tipo":"Natural","subtipo":"Geol_Otros","descripcion":"Lavas Tipo Pahoe-hoe (cordadas)"},"geometry":{"type":"Point","coordinates":[-17.860723,28.600976]}},{"type":"Feature","properties":{"id_punto":1051,"codigo":"PDI-PRLP1410-00008","tipo":"Natural","subtipo":"Geol_Otros","descripcion":"Tubo volcánico"},"geometry":{"type":"Point","coordinates":[-17.860673,28.600762]}},{"type":"Feature","properties":{"id_punto":1052,"codigo":"PDI-PRLP1410-00009","tipo":"Natural","subtipo":"Biol_Botanica","descripcion":"Vuelta al pinar"},"geometry":{"type":"Point","coordinates":[-17.86087,28.599801]}},{"type":"Feature","properties":{"id_punto":1053,"codigo":"PDI-PRLP1410-00010","tipo":"Cultural","subtipo":"Toponimo","descripcion":"Llano de Tamanca"},"geometry":{"type":"Point","coordinates":[-17.869655,28.597367]}},{"type":"Feature","properties":{"id_punto":1054,"codigo":"PDI-PRLP1410-00011","tipo":"Natural","subtipo":"Geol_Otros","descripcion":"Vista de los Roques de Jedey (Los Campanarios)"},"geometry":{"type":"Point","coordinates":[-17.873218,28.592905]}},{"type":"Feature","properties":{"id_punto":1055,"codigo":"PDI-PRLP1410-00012","tipo":"Cultural","subtipo":"Otros","descripcion":"Pequeña cruz en hornacina de piedra"},"geometry":{"type":"Point","coordinates":[-17.875778,28.591018]}},{"type":"Feature","properties":{"id_punto":1056,"codigo":"PDI-PRLP1500-00001","tipo":"Servicios","subtipo":"Otros_Area_Recr","descripcion":"Pequeña zona de descanso con mesa y bancos"},"geometry":{"type":"Point","coordinates":[-17.877335,28.584435]}},{"type":"Feature","properties":{"id_punto":1057,"codigo":"PDI-PRLP1500-00002","tipo":"Natural","subtipo":"Geol_Otros","descripcion":"Vista de los Roques de Jedey (Los Campanarios)"},"geometry":{"type":"Point","coordinates":[-17.872321,28.580566]}},{"type":"Feature","properties":{"id_punto":1058,"codigo":"PDI-PRLP1500-00003","tipo":"Natural","subtipo":"Biol_Botanica","descripcion":"Codesar (Adenocarpus foliolosus)"},"geometry":{"type":"Point","coordinates":[-17.870077,28.578449]}},{"type":"Feature","properties":{"id_punto":1059,"codigo":"PDI-PRLP1500-00004","tipo":"Natural","subtipo":"Geol_Barranco","descripcion":"Pequeña barranquera"},"geometry":{"type":"Point","coordinates":[-17.866366,28.574947]}},{"type":"Feature","properties":{"id_punto":1060,"codigo":"PDI-PRLP1500-00005","tipo":"Natural","subtipo":"Geol_Barranco","descripcion":"Pequeña barranquera"},"geometry":{"type":"Point","coordinates":[-17.865881,28.574144]}},{"type":"Feature","properties":{"id_punto":1061,"codigo":"PDI-PRLP1500-00006","tipo":"Natural","subtipo":"Geol_Barranco","descripcion":"Pequeña barranquera"},"geometry":{"type":"Point","coordinates":[-17.862108,28.568583]}},{"type":"Feature","properties":{"id_punto":1062,"codigo":"PDI-PRLP1500-00007","tipo":"Servicios","subtipo":"Otros","descripcion":"Fin de la pista forestal"},"geometry":{"type":"Point","coordinates":[-17.846155,28.561568]}},{"type":"Feature","properties":{"id_punto":1063,"codigo":"PDI-PRLP1500-00008","tipo":"Servicios","subtipo":"Otros_Refugio","descripcion":"Pista hacia el Refugio de Tigalate (el edificio está a apenas 100 metros hacia el suroeste de este punto)"},"geometry":{"type":"Point","coordinates":[-17.818914,28.564317]}},{"type":"Feature","properties":{"id_punto":1064,"codigo":"PDI-PRLP1500-00009","tipo":"Cultural","subtipo":"Arq_Civil","descripcion":"Pequeña vivienda tradicional, en estado de ruina"},"geometry":{"type":"Point","coordinates":[-17.815437,28.557809]}},{"type":"Feature","properties":{"id_punto":1065,"codigo":"PDI-PRLP1500-00010","tipo":"Cultural","subtipo":"Arq_Civil","descripcion":"Depósito de agua (vallado)"},"geometry":{"type":"Point","coordinates":[-17.802701,28.556722]}},{"type":"Feature","properties":{"id_punto":1066,"codigo":"PDI-PRLP1600-00004","tipo":"Natural","subtipo":"Geol_Barranco","descripcion":"Barranco de La Quebrada"},"geometry":{"type":"Point","coordinates":[-17.830666,28.600604]}},{"type":"Feature","properties":{"id_punto":1067,"codigo":"PDI-PRLP1600-00017","tipo":"Cultural","subtipo":"Etnog_Otros","descripcion":"Algibe para la captación de agua de lluvia"},"geometry":{"type":"Point","coordinates":[-17.782311,28.602442]}},{"type":"Feature","properties":{"id_punto":1068,"codigo":"PDI-PRLP1600-00018","tipo":"Cultural","subtipo":"Arq_Civil","descripcion":"Ayuntamiento de Villa de Mazo"},"geometry":{"type":"Point","coordinates":[-17.779592,28.606237]}},{"type":"Feature","properties":{"id_punto":1069,"codigo":"PDI-PRLP1600-00002","tipo":"Natural","subtipo":"Geol_Montaña","descripcion":"Mirador natural hacia la Montaña de la Venta y Cumbre Nueva"},"geometry":{"type":"Point","coordinates":[-17.831709,28.604438]}},{"type":"Feature","properties":{"id_punto":1070,"codigo":"PDI-PRLP1600-00013","tipo":"Cultural","subtipo":"Etnog_Otros","descripcion":"Pastizales"},"geometry":{"type":"Point","coordinates":[-17.796003,28.599215]}},{"type":"Feature","properties":{"id_punto":1071,"codigo":"PDI-PRLP1600-00014","tipo":"Cultural","subtipo":"Arq_Civil","descripcion":"Canal Barlovento - Fuencaliente"},"geometry":{"type":"Point","coordinates":[-17.786301,28.60153]}},{"type":"Feature","properties":{"id_punto":1072,"codigo":"PDI-PRLP1600-00006","tipo":"Natural","subtipo":"Geol_Otros","descripcion":"Colada reciente"},"geometry":{"type":"Point","coordinates":[-17.824931,28.594195]}},{"type":"Feature","properties":{"id_punto":1073,"codigo":"PDI-PRLP1600-00005","tipo":"Natural","subtipo":"Biol_Botanica","descripcion":"Rosalillo de cumbre o falsa conejera (Pterocephalus porphyranthus)"},"geometry":{"type":"Point","coordinates":[-17.830725,28.600479]}},{"type":"Feature","properties":{"id_punto":1074,"codigo":"PDI-PRLP1600-00011","tipo":"Natural","subtipo":"Geol_Otros","descripcion":"Cueva o Sima del Niquiomo"},"geometry":{"type":"Point","coordinates":[-17.805149,28.598249]}},{"type":"Feature","properties":{"id_punto":1075,"codigo":"PDI-PRLP1600-00015","tipo":"Cultural","subtipo":"Arq_Civil","descripcion":"Depósito de agua"},"geometry":{"type":"Point","coordinates":[-17.78545,28.601824]}},{"type":"Feature","properties":{"id_punto":1076,"codigo":"PDI-PRLP1600-00008","tipo":"Cultural","subtipo":"Arq_Civil","descripcion":"Estanque de pequeñas dimensiones"},"geometry":{"type":"Point","coordinates":[-17.818713,28.591914]}},{"type":"Feature","properties":{"id_punto":1077,"codigo":"PDI-PRLP1600-00009","tipo":"Cultural","subtipo":"Etnog_Otros","descripcion":"Finca de frutales"},"geometry":{"type":"Point","coordinates":[-17.815295,28.595074]}},{"type":"Feature","properties":{"id_punto":1078,"codigo":"PDI-PRLP1600-00010","tipo":"Natural","subtipo":"Biol_Botanica","descripcion":"Hiedras (Helix canariensis)"},"geometry":{"type":"Point","coordinates":[-17.805592,28.598285]}},{"type":"Feature","properties":{"id_punto":1079,"codigo":"PDI-PRLP1600-00016","tipo":"Cultural","subtipo":"Etnog_Otros","descripcion":"Huertas en producción"},"geometry":{"type":"Point","coordinates":[-17.784041,28.602086]}},{"type":"Feature","properties":{"id_punto":1080,"codigo":"PDI-PRLP1600-00020","tipo":"Cultural","subtipo":"Arq_Civil","descripcion":"Molino de viento tradicional"},"geometry":{"type":"Point","coordinates":[-17.771513,28.609669]}},{"type":"Feature","properties":{"id_punto":1081,"codigo":"PDI-PRLP1600-00001","tipo":"Natural","subtipo":"Geol_Otros","descripcion":"Ladera formada por arenas volcánicas de tono anaranjado"},"geometry":{"type":"Point","coordinates":[-17.832538,28.604527]}},{"type":"Feature","properties":{"id_punto":1082,"codigo":"PDI-PRLP1600-00007","tipo":"Cultural","subtipo":"Toponimo","descripcion":"Llano de La Mosca"},"geometry":{"type":"Point","coordinates":[-17.822647,28.592115]}},{"type":"Feature","properties":{"id_punto":1083,"codigo":"PDI-PRLP1600-00012","tipo":"Natural","subtipo":"Geol_Otros","descripcion":"Vista del Roque Niquiomo"},"geometry":{"type":"Point","coordinates":[-17.803497,28.59808]}},{"type":"Feature","properties":{"id_punto":1084,"codigo":"PDI-PRLP1600-00019","tipo":"Cultural","subtipo":"Arq_Religiosa","descripcion":"Iglesia de San Blas"},"geometry":{"type":"Point","coordinates":[-17.776973,28.606378]}},{"type":"Feature","properties":{"id_punto":1085,"codigo":"PDI-PRLP1600-00003","tipo":"Natural","subtipo":"Geol_Montaña","descripcion":"Vistas hacia el Pico Birigoyo"},"geometry":{"type":"Point","coordinates":[-17.831537,28.60439]}},{"type":"Feature","properties":{"id_punto":1086,"codigo":"PDI-PRLP1610-00001","tipo":"Natural","subtipo":"Geol_Barranco","descripcion":"Barranco de Las Cuevas"},"geometry":{"type":"Point","coordinates":[-17.796217,28.587986]}},{"type":"Feature","properties":{"id_punto":1087,"codigo":"PDI-PRLP1610-00002","tipo":"Cultural","subtipo":"Arq_Civil","descripcion":"Depósito de agua"},"geometry":{"type":"Point","coordinates":[-17.788543,28.585497]}},{"type":"Feature","properties":{"id_punto":1088,"codigo":"PDI-PRLP1610-00003","tipo":"Cultural","subtipo":"Etnog_Otros","descripcion":"Cruz de La Sabina"},"geometry":{"type":"Point","coordinates":[-17.78708,28.583626]}},{"type":"Feature","properties":{"id_punto":1089,"codigo":"PDI-PRLP1610-00004","tipo":"Servicios","subtipo":"Otros","descripcion":"Pequeño mirador con vistas hacia la Montaña de Azufre"},"geometry":{"type":"Point","coordinates":[-17.786726,28.583266]}},{"type":"Feature","properties":{"id_punto":1090,"codigo":"PDI-PRLP1610-00005","tipo":"Cultural","subtipo":"Arq_Civil","descripcion":"Canal de agua"},"geometry":{"type":"Point","coordinates":[-17.778731,28.575034]}},{"type":"Feature","properties":{"id_punto":1091,"codigo":"PDI-PRLP1610-00006","tipo":"Servicios","subtipo":"Viveres_Bar_Rest","descripcion":"Bar Arepera Chaplin"},"geometry":{"type":"Point","coordinates":[-17.778575,28.573246]}},{"type":"Feature","properties":{"id_punto":1092,"codigo":"PDI-PRLP1610-00008","tipo":"Servicios","subtipo":"Viveres_Bar_Rest","descripcion":"Kiosko Playa La Salemera"},"geometry":{"type":"Point","coordinates":[-17.762083,28.56987]}},{"type":"Feature","properties":{"id_punto":1093,"codigo":"PDI-PRLP1610-00009","tipo":"Servicios","subtipo":"Viveres_Bar_Rest","descripcion":"Chiringuito Casa Pepe"},"geometry":{"type":"Point","coordinates":[-17.762144,28.569671]}},{"type":"Feature","properties":{"id_punto":1094,"codigo":"PDI-PRLP1610-00007","tipo":"Servicios","subtipo":"Viveres_Tienda","descripcion":"Supermercado Goyo"},"geometry":{"type":"Point","coordinates":[-17.778498,28.573326]}},{"type":"Feature","properties":{"id_punto":1095,"codigo":"PDI-PRLP1700-00003","tipo":"Cultural","subtipo":"Arq_religiosa","descripcion":"Edificación destinada a la celebración de convivencias religiosas"},"geometry":{"type":"Point","coordinates":[-17.821544,28.607851]}},{"type":"Feature","properties":{"id_punto":1096,"codigo":"PDI-PRLP1700-00001","tipo":"Servicios","subtipo":"Otros_Area_Recr","descripcion":"Entrada al Área Recreativa de la Hoya del Rehielo"},"geometry":{"type":"Point","coordinates":[-17.829011,28.609775]}},{"type":"Feature","properties":{"id_punto":1097,"codigo":"PDI-PRLP1700-00002","tipo":"Servicios","subtipo":"Otros_Refugio","descripcion":"Refugio de Pajonales (cerrado)"},"geometry":{"type":"Point","coordinates":[-17.826764,28.609981]}},{"type":"Feature","properties":{"id_punto":1098,"codigo":"PDI-PRLP1700-00004","tipo":"Servicios","subtipo":"Otros","descripcion":"Mirador del Camino de la Faya"},"geometry":{"type":"Point","coordinates":[-17.820837,28.607784]}},{"type":"Feature","properties":{"id_punto":1099,"codigo":"PDI-PRLP1700-00005","tipo":"Natural","subtipo":"Biol_Botanica","descripcion":"Patas de graja (Geranium canariensis)"},"geometry":{"type":"Point","coordinates":[-17.819149,28.607662]}},{"type":"Feature","properties":{"id_punto":1100,"codigo":"PDI-PRLP1700-00006","tipo":"Cultural","subtipo":"Etnog_Otros","descripcion":"Finca de manzanos inserta en pleno monteverde"},"geometry":{"type":"Point","coordinates":[-17.809883,28.608395]}},{"type":"Feature","properties":{"id_punto":1101,"codigo":"PDI-PRLP1700-00007","tipo":"Natural","subtipo":"Otros","descripcion":"Mirador natural hacia la rada de Santa Cruz de La Palma"},"geometry":{"type":"Point","coordinates":[-17.802489,28.610717]}},{"type":"Feature","properties":{"id_punto":1102,"codigo":"PDI-PRLP1700-00008","tipo":"Cultural","subtipo":"Arq_Civil","descripcion":"Canal Barlovento - Fuencaliente"},"geometry":{"type":"Point","coordinates":[-17.789504,28.614966]}},{"type":"Feature","properties":{"id_punto":1103,"codigo":"PDI-PRLP1700-00009","tipo":"Natural","subtipo":"Biol_Botanica","descripcion":"Castaños de gran porte (Castanea sativa)"},"geometry":{"type":"Point","coordinates":[-17.787856,28.615155]}},{"type":"Feature","properties":{"id_punto":1104,"codigo":"PDI-PRLP1700-00010","tipo":"Cultural","subtipo":"Otros","descripcion":"Escuela Infantil La Tamaya"},"geometry":{"type":"Point","coordinates":[-17.779728,28.616169]}},{"type":"Feature","properties":{"id_punto":1105,"codigo":"PDI-PRLP1700-00011","tipo":"Cultural","subtipo":"Etnog_Otros","descripcion":"Cruz religiosa"},"geometry":{"type":"Point","coordinates":[-17.778967,28.616481]}},{"type":"Feature","properties":{"id_punto":1106,"codigo":"PDI-PRLP1700-00012","tipo":"Cultural","subtipo":"Arq_Civil","descripcion":"Depósito de agua"},"geometry":{"type":"Point","coordinates":[-17.778778,28.618457]}},{"type":"Feature","properties":{"id_punto":1107,"codigo":"PDI-PRLP1700-00013","tipo":"Cultural","subtipo":"Etnog_Otros","descripcion":"Cruz religiosa"},"geometry":{"type":"Point","coordinates":[-17.773398,28.612257]}},{"type":"Feature","properties":{"id_punto":1108,"codigo":"PDI-PRLP1700-00014","tipo":"Cultural","subtipo":"Arq_Civil","descripcion":"Alpendre o voladizo"},"geometry":{"type":"Point","coordinates":[-17.771429,28.610625]}},{"type":"Feature","properties":{"id_punto":1109,"codigo":"PDI-PRLP1700-00015","tipo":"Cultural","subtipo":"Etnog_Otros","descripcion":"Viñedos sobre empedrado"},"geometry":{"type":"Point","coordinates":[-17.769997,28.612465]}},{"type":"Feature","properties":{"id_punto":1110,"codigo":"PDI-PRLP1700-00016","tipo":"Cultural","subtipo":"Etnog_Otros","descripcion":"Viñedos sobre empedrado"},"geometry":{"type":"Point","coordinates":[-17.767031,28.615597]}},{"type":"Feature","properties":{"id_punto":1111,"codigo":"PDI-PRLP1700-00017","tipo":"Cultural","subtipo":"Etnog_Otros","descripcion":"Viñedos sobre empedrado"},"geometry":{"type":"Point","coordinates":[-17.765457,28.615325]}},{"type":"Feature","properties":{"id_punto":1112,"codigo":"PDI-PRLP1700-00018","tipo":"Servicios","subtipo":"Viveres_Bar_Rest","descripcion":"Restaurante Casa Goyo"},"geometry":{"type":"Point","coordinates":[-17.756245,28.613836]}},{"type":"Feature","properties":{"id_punto":1113,"codigo":"PDI-PRLP1800-00006","tipo":"Servicios","subtipo":"Otros","descripcion":"Camino Las Dos Cruces"},"geometry":{"type":"Point","coordinates":[-17.789555,28.640106]}},{"type":"Feature","properties":{"id_punto":1114,"codigo":"PDI-PRLP1800-00017","tipo":"Servicios","subtipo":"Otros","descripcion":"Avenida de Bajamar"},"geometry":{"type":"Point","coordinates":[-17.768339,28.667856]}},{"type":"Feature","properties":{"id_punto":1115,"codigo":"PDI-PRLP1800-00013","tipo":"Servicios","subtipo":"Otros","descripcion":"Carretera LP-3"},"geometry":{"type":"Point","coordinates":[-17.770018,28.658663]}},{"type":"Feature","properties":{"id_punto":1116,"codigo":"PDI-PRLP1800-00015","tipo":"Cultural","subtipo":"Arq_Civil","descripcion":"Antiguo horno de cal"},"geometry":{"type":"Point","coordinates":[-17.768343,28.661093]}},{"type":"Feature","properties":{"id_punto":1117,"codigo":"PDI-PRLP1800-00008","tipo":"Cultural","subtipo":"Arq_Civil","descripcion":"Casona tradicional de dos alturas, en estado de ruina"},"geometry":{"type":"Point","coordinates":[-17.777315,28.648521]}},{"type":"Feature","properties":{"id_punto":1118,"codigo":"PDI-PRLP1800-00011","tipo":"Cultural","subtipo":"Etnog_Otros","descripcion":"Cruz votiva de madera"},"geometry":{"type":"Point","coordinates":[-17.772717,28.657021]}},{"type":"Feature","properties":{"id_punto":1119,"codigo":"PDI-PRLP1800-00009","tipo":"Servicios","subtipo":"Otros","descripcion":"Camino El Socorro"},"geometry":{"type":"Point","coordinates":[-17.775425,28.65519]}},{"type":"Feature","properties":{"id_punto":1120,"codigo":"PDI-PRLP1800-00004","tipo":"Cultural","subtipo":"Arq_Civil","descripcion":"Camino El Pino"},"geometry":{"type":"Point","coordinates":[-17.793276,28.638136]}},{"type":"Feature","properties":{"id_punto":1121,"codigo":"PDI-PRLP1800-00010","tipo":"Servicios","subtipo":"Otros","descripcion":"Panorámica de San Pedro (Breña Alta)"},"geometry":{"type":"Point","coordinates":[-17.773979,28.656168]}},{"type":"Feature","properties":{"id_punto":1122,"codigo":"PDI-PRLP1800-00005","tipo":"Cultural","subtipo":"Etnog_Otros","descripcion":"Cruz del Centro"},"geometry":{"type":"Point","coordinates":[-17.791178,28.639061]}},{"type":"Feature","properties":{"id_punto":1123,"codigo":"PDI-PRLP1800-00007","tipo":"Cultural","subtipo":"Etnog_Otros","descripcion":"Cruz de Las Ledas"},"geometry":{"type":"Point","coordinates":[-17.782974,28.644861]}},{"type":"Feature","properties":{"id_punto":1124,"codigo":"PDI-PRLP1800-00001","tipo":"Cultural","subtipo":"Etnog_Otros","descripcion":"Cruz de La Pavona"},"geometry":{"type":"Point","coordinates":[-17.797912,28.635721]}},{"type":"Feature","properties":{"id_punto":1125,"codigo":"PDI-PRLP1800-00014","tipo":"Servicios","subtipo":"Otros","descripcion":"Cuesta La Pata"},"geometry":{"type":"Point","coordinates":[-17.771223,28.66023]}},{"type":"Feature","properties":{"id_punto":1126,"codigo":"PDI-PRLP1800-00016","tipo":"Servicios","subtipo":"Otros","descripcion":"Carretera LP-2 (Circunvalación Sur)"},"geometry":{"type":"Point","coordinates":[-17.76792,28.66149]}},{"type":"Feature","properties":{"id_punto":1127,"codigo":"PDI-PRLP1800-00002","tipo":"Cultural","subtipo":"Arq_Civil","descripcion":"Pajero tradicional en estado de ruina"},"geometry":{"type":"Point","coordinates":[-17.793959,28.637905]}},{"type":"Feature","properties":{"id_punto":1128,"codigo":"PDI-PRLP1800-00012","tipo":"Cultural","subtipo":"Arq_Religiosa","descripcion":"Iglesia del Socorro"},"geometry":{"type":"Point","coordinates":[-17.771498,28.657898]}},{"type":"Feature","properties":{"id_punto":1129,"codigo":"PDI-PRLP1800-00003","tipo":"Cultural","subtipo":"Arq_Civil","descripcion":"Camino tradicional empedrado (no homologado)"},"geometry":{"type":"Point","coordinates":[-17.793638,28.63801]}},{"type":"Feature","properties":{"id_punto":1130,"codigo":"PDI-PRLP1800-00018","tipo":"Natural","subtipo":"Geol_Otros","descripcion":"Playa de Bajamar"},"geometry":{"type":"Point","coordinates":[-17.769596,28.670904]}},{"type":"Feature","properties":{"id_punto":1131,"codigo":"PDI-PRLP1810-00016","tipo":"Cultural","subtipo":"Arq_Civil","descripcion":"Canal Barlovento - Fuencaliente"},"geometry":{"type":"Point","coordinates":[-17.781996,28.636143]}},{"type":"Feature","properties":{"id_punto":1132,"codigo":"PDI-PRLP1810-00015","tipo":"Cultural","subtipo":"Arq_Civil","descripcion":"Transformador eléctrico"},"geometry":{"type":"Point","coordinates":[-17.778705,28.63781]}},{"type":"Feature","properties":{"id_punto":1133,"codigo":"PDI-PRLP1810-00014","tipo":"Servicios","subtipo":"Viveres_Tienda","descripcion":"Pequeña tienda de víveres"},"geometry":{"type":"Point","coordinates":[-17.775022,28.6429]}},{"type":"Feature","properties":{"id_punto":1134,"codigo":"PDI-PRLP1810-00013","tipo":"Servicios","subtipo":"Viveres_Tienda","descripcion":"Supermercado SPAR"},"geometry":{"type":"Point","coordinates":[-17.775019,28.643432]}},{"type":"Feature","properties":{"id_punto":1135,"codigo":"PDI-PRLP1810-00012","tipo":"Servicios","subtipo":"Viveres_Bar_Rest","descripcion":"Bar La Travesía"},"geometry":{"type":"Point","coordinates":[-17.775128,28.644022]}},{"type":"Feature","properties":{"id_punto":1136,"codigo":"PDI-PRLP1810-00011","tipo":"Cultural","subtipo":"Arq_Religiosa","descripcion":"Antigua Iglesia de San José (BIC)"},"geometry":{"type":"Point","coordinates":[-17.775241,28.645524]}},{"type":"Feature","properties":{"id_punto":1137,"codigo":"PDI-PRLP1810-00009","tipo":"Cultural","subtipo":"Etnog_Otros","descripcion":"Centro de Artesanía La Carnicería"},"geometry":{"type":"Point","coordinates":[-17.775907,28.648121]}},{"type":"Feature","properties":{"id_punto":1138,"codigo":"PDI-PRLP1810-00008","tipo":"Servicios","subtipo":"Aloj_Otros","descripcion":"Parador Nacional de La Palma"},"geometry":{"type":"Point","coordinates":[-17.775245,28.651272]}},{"type":"Feature","properties":{"id_punto":1139,"codigo":"PDI-PRLP1810-00007","tipo":"Natural","subtipo":"Biol_Botanica","descripcion":"Vegetación autóctona: Palmeras, inciensos, vinagreras, tederas, cerrajones y verodes"},"geometry":{"type":"Point","coordinates":[-17.773087,28.65243]}},{"type":"Feature","properties":{"id_punto":1140,"codigo":"PDI-PRLP1810-00006","tipo":"Servicios","subtipo":"Otros_Area_Recr","descripcion":"Pequeña área recreativa con bancos de cemento y entre dragos"},"geometry":{"type":"Point","coordinates":[-17.769587,28.652407]}},{"type":"Feature","properties":{"id_punto":1141,"codigo":"PDI-PRLP1810-00005","tipo":"Servicios","subtipo":"Viveres_Bar_Rest","descripcion":"Restaurante El Cantillo"},"geometry":{"type":"Point","coordinates":[-17.764412,28.654067]}},{"type":"Feature","properties":{"id_punto":1142,"codigo":"PDI-PRLP1810-00004","tipo":"Natural","subtipo":"Geol_Otros","descripcion":"Playa de Los Cancajos (cala Norte)"},"geometry":{"type":"Point","coordinates":[-17.762,28.653712]}},{"type":"Feature","properties":{"id_punto":1143,"codigo":"PDI-PRLP1810-00003","tipo":"Natural","subtipo":"Geol_Otros","descripcion":"Playa de Los Cancajos (cala Sur)"},"geometry":{"type":"Point","coordinates":[-17.761189,28.652951]}},{"type":"Feature","properties":{"id_punto":1144,"codigo":"PDI-PRLP1810-00002","tipo":"Servicios","subtipo":"Viveres_Bar_Rest","descripcion":"Bar El Pulpito"},"geometry":{"type":"Point","coordinates":[-17.76108,28.652711]}},{"type":"Feature","properties":{"id_punto":1145,"codigo":"PDI-PRLP1810-00001","tipo":"Servicios","subtipo":"Otros","descripcion":"Oficina de Información Turística de Los Cancajos"},"geometry":{"type":"Point","coordinates":[-17.75949,28.651575]}},{"type":"Feature","properties":{"id_punto":1146,"codigo":"PDI-PRLP1810-00010","tipo":"Cultural","subtipo":"Arq_Civil","descripcion":"Ayuntamiento de Breña Baja"},"geometry":{"type":"Point","coordinates":[-17.775401,28.64572]}},{"type":"Feature","properties":{"id_punto":1147,"codigo":"PDI-PRLP1810-00001","tipo":"Natural","subtipo":"Geol_Barranco","descripcion":"Barranco de Amargavinos"},"geometry":{"type":"Point","coordinates":[-17.798246,28.628245]}},{"type":"Feature","properties":{"id_punto":1148,"codigo":"PDI-PRLP1810-00018","tipo":"Cultural","subtipo":"Arq_Civil","descripcion":"Depósito Municipal de Agua (Breña Baja)"},"geometry":{"type":"Point","coordinates":[-17.795766,28.627673]}},{"type":"Feature","properties":{"id_punto":1149,"codigo":"PDI-PRLP1810-00017","tipo":"Cultural","subtipo":"Arq_Civil","descripcion":"Cementerio Municipal de Breña Baja"},"geometry":{"type":"Point","coordinates":[-17.790018,28.626798]}},{"type":"Feature","properties":{"id_punto":1150,"codigo":"PDI-PRLP1820-00019","tipo":"Natural","subtipo":"Geol_Barranco","descripcion":"Barranco de Aduares"},"geometry":{"type":"Point","coordinates":[-17.789878,28.656029]}},{"type":"Feature","properties":{"id_punto":1151,"codigo":"PDI-PRLP1820-00002","tipo":"Cultural","subtipo":"Etnog_Otros","descripcion":"Pastizales"},"geometry":{"type":"Point","coordinates":[-17.808102,28.633769]}},{"type":"Feature","properties":{"id_punto":1152,"codigo":"PDI-PRLP1820-00004","tipo":"Cultural","subtipo":"Arq_Civil","descripcion":"Canal hidráulico"},"geometry":{"type":"Point","coordinates":[-17.805625,28.637069]}},{"type":"Feature","properties":{"id_punto":1153,"codigo":"PDI-PRLP1820-00005","tipo":"Cultural","subtipo":"Arq_Civil","descripcion":"Canal hidráulico"},"geometry":{"type":"Point","coordinates":[-17.805458,28.637201]}},{"type":"Feature","properties":{"id_punto":1154,"codigo":"PDI-PRLP1820-00009","tipo":"Servicios","subtipo":"Otros_Agua_Pot","descripcion":"Chorro de agua potable"},"geometry":{"type":"Point","coordinates":[-17.798434,28.64587]}},{"type":"Feature","properties":{"id_punto":1155,"codigo":"PDI-PRLP1820-00015","tipo":"Servicios","subtipo":"Otros_Agua_Pot","descripcion":"Chorro de agua potable"},"geometry":{"type":"Point","coordinates":[-17.79568,28.648807]}},{"type":"Feature","properties":{"id_punto":1156,"codigo":"PDI-PRLP1820-00018","tipo":"Servicios","subtipo":"Otros","descripcion":"El sendero cruza la carretera LP-202"},"geometry":{"type":"Point","coordinates":[-17.789875,28.655502]}},{"type":"Feature","properties":{"id_punto":1157,"codigo":"PDI-PRLP1820-00012","tipo":"Cultural","subtipo":"Etnog_Otros","descripcion":"Cruz votiva"},"geometry":{"type":"Point","coordinates":[-17.79714,28.647496]}},{"type":"Feature","properties":{"id_punto":1158,"codigo":"PDI-PRLP1820-00001","tipo":"Cultural","subtipo":"Etnog_Otros","descripcion":"Cultivo de frutales en el interior del monteverde"},"geometry":{"type":"Point","coordinates":[-17.810251,28.630214]}},{"type":"Feature","properties":{"id_punto":1159,"codigo":"PDI-PRLP1820-00020","tipo":"Servicios","subtipo":"Otros","descripcion":"Camino Las Curias"},"geometry":{"type":"Point","coordinates":[-17.789574,28.656758]}},{"type":"Feature","properties":{"id_punto":1160,"codigo":"PDI-PRLP1820-00006","tipo":"Cultural","subtipo":"Arq_Civil","descripcion":"Depósito de agua"},"geometry":{"type":"Point","coordinates":[-17.804522,28.638243]}},{"type":"Feature","properties":{"id_punto":1161,"codigo":"PDI-PRLP1820-00010","tipo":"Cultural","subtipo":"Etnog_Otros","descripcion":"Dornajo (abrevadero) situado al margen del camino"},"geometry":{"type":"Point","coordinates":[-17.798333,28.646003]}},{"type":"Feature","properties":{"id_punto":1162,"codigo":"PDI-PRLP1820-00003","tipo":"Cultural","subtipo":"Etnog_Otros","descripcion":"Explotación de ganado vacuno al aire libre"},"geometry":{"type":"Point","coordinates":[-17.80672,28.635922]}},{"type":"Feature","properties":{"id_punto":1163,"codigo":"PDI-PRLP1820-00021","tipo":"Cultural","subtipo":"Arq_Civil","descripcion":"Antiguo horno de tejas"},"geometry":{"type":"Point","coordinates":[-17.78971,28.657743]}},{"type":"Feature","properties":{"id_punto":1164,"codigo":"PDI-PRLP1820-00023","tipo":"Cultural","subtipo":"Etnog_Otros","descripcion":"Cruz de La Dura"},"geometry":{"type":"Point","coordinates":[-17.78875,28.661456]}},{"type":"Feature","properties":{"id_punto":1165,"codigo":"PDI-PRLP1820-00008","tipo":"Cultural","subtipo":"Etnog_Otros","descripcion":"Cruz del Manchón"},"geometry":{"type":"Point","coordinates":[-17.799996,28.644635]}},{"type":"Feature","properties":{"id_punto":1166,"codigo":"PDI-PRLP1820-00007","tipo":"Cultural","subtipo":"Arq_Civil","descripcion":"Pajero de estilo tradicional"},"geometry":{"type":"Point","coordinates":[-17.801343,28.643008]}},{"type":"Feature","properties":{"id_punto":1167,"codigo":"PDI-PRLP1820-00014","tipo":"Cultural","subtipo":"Etnog_Otros","descripcion":"Cruz de La Piedad"},"geometry":{"type":"Point","coordinates":[-17.795714,28.648781]}},{"type":"Feature","properties":{"id_punto":1168,"codigo":"PDI-PRLP1820-00013","tipo":"Cultural","subtipo":"Arq_Civil","descripcion":"Portada de antigua hacienda agrícola"},"geometry":{"type":"Point","coordinates":[-17.795851,28.648642]}},{"type":"Feature","properties":{"id_punto":1169,"codigo":"PDI-PRLP1820-00017","tipo":"Cultural","subtipo":"Arq_Civil","descripcion":"Portada de antigua hacienda agrícola"},"geometry":{"type":"Point","coordinates":[-17.791258,28.652534]}},{"type":"Feature","properties":{"id_punto":1170,"codigo":"PDI-PRLP1820-00022","tipo":"Cultural","subtipo":"Arq_Civil","descripcion":"Portada de antigua hacienda agrícola"},"geometry":{"type":"Point","coordinates":[-17.789394,28.659041]}},{"type":"Feature","properties":{"id_punto":1171,"codigo":"PDI-PRLP1820-00016","tipo":"Cultural","subtipo":"Etnog_Otros","descripcion":"Cruz de La Unión"},"geometry":{"type":"Point","coordinates":[-17.791218,28.652458]}},{"type":"Feature","properties":{"id_punto":1172,"codigo":"PDI-PRLP1820-00011","tipo":"Cultural","subtipo":"Etnog_Otros","descripcion":"Cruz de La Sociedad"},"geometry":{"type":"Point","coordinates":[-17.797319,28.647341]}},{"type":"Feature","properties":{"id_punto":1173,"codigo":"PDI-PRLP1900-00003","tipo":"Cultural","subtipo":"Arq_Civil","descripcion":"Canal de agua que cruza el barranco"},"geometry":{"type":"Point","coordinates":[-17.801952,28.664082]}},{"type":"Feature","properties":{"id_punto":1174,"codigo":"PDI-PRLP1900-00012","tipo":"Cultural","subtipo":"Etnog_Otros","descripcion":"Cuidado altar natural con cruces e imágenes religiosas"},"geometry":{"type":"Point","coordinates":[-17.799883,28.650408]}},{"type":"Feature","properties":{"id_punto":1175,"codigo":"PDI-PRLP1900-00005","tipo":"Servicios","subtipo":"Otros_Agua_Pot","descripcion":"Fuente Espinel"},"geometry":{"type":"Point","coordinates":[-17.803997,28.661446]}},{"type":"Feature","properties":{"id_punto":1176,"codigo":"PDI-PRLP1900-00009","tipo":"Cultural","subtipo":"Arq_Civil","descripcion":"Galería de agua en desuso"},"geometry":{"type":"Point","coordinates":[-17.803801,28.651356]}},{"type":"Feature","properties":{"id_punto":1177,"codigo":"PDI-PRLP1900-00002","tipo":"Cultural","subtipo":"Arq_Civil","descripcion":"Lavaderos de Fuente Grande"},"geometry":{"type":"Point","coordinates":[-17.801365,28.664501]}},{"type":"Feature","properties":{"id_punto":1178,"codigo":"PDI-PRLP1900-00011","tipo":"Cultural","subtipo":"Arq_Civil","descripcion":"Pajero tradicional situado en finca en desuso"},"geometry":{"type":"Point","coordinates":[-17.800154,28.651167]}},{"type":"Feature","properties":{"id_punto":1179,"codigo":"PDI-PRLP1900-00010","tipo":"Natural","subtipo":"Biol_Botanica","descripcion":"Pequeño grupo de palmeras (Phoenix canariensis)"},"geometry":{"type":"Point","coordinates":[-17.803238,28.651295]}},{"type":"Feature","properties":{"id_punto":1180,"codigo":"PDI-PRLP1900-00007","tipo":"Servicios","subtipo":"Otros_Agua_Pot","descripcion":"Desvío a Fuente Melchora"},"geometry":{"type":"Point","coordinates":[-17.802332,28.658268]}},{"type":"Feature","properties":{"id_punto":1181,"codigo":"PDI-PRLP1900-00008","tipo":"Servicios","subtipo":"Otros_Agua_Pot","descripcion":"Fuente de Aduares"},"geometry":{"type":"Point","coordinates":[-17.804165,28.652966]}},{"type":"Feature","properties":{"id_punto":1182,"codigo":"PDI-PRLP1900-00004","tipo":"Servicios","subtipo":"Otros_Agua_Pot","descripcion":"Desvío a Fuente Nueva"},"geometry":{"type":"Point","coordinates":[-17.803631,28.664558]}},{"type":"Feature","properties":{"id_punto":1183,"codigo":"PDI-PRLP1900-00001","tipo":"Natural","subtipo":"Geol_Barranco","descripcion":"Barranco de Aguacencio"},"geometry":{"type":"Point","coordinates":[-17.791109,28.662067]}},{"type":"Feature","properties":{"id_punto":1184,"codigo":"PDI-PRLP1900-00006","tipo":"Cultural","subtipo":"Toponimo","descripcion":"Lomo Grande"},"geometry":{"type":"Point","coordinates":[-17.801722,28.660088]}},{"type":"Feature","properties":{"id_punto":1185,"codigo":"PDI-GR13010-00006","tipo":"Natural","subtipo":"Geol_Botanica","descripcion":"Bosquete de dragos (Dracaena draco)"},"geometry":{"type":"Point","coordinates":[-17.975063,28.791168]}},{"type":"Feature","properties":{"id_punto":1186,"codigo":"PDI-GR13010-00004","tipo":"Servicios","subtipo":"Otros_Agua_Pot","descripcion":"Fuente de Buracas. Con abundante agua todo el año"},"geometry":{"type":"Point","coordinates":[-17.976271,28.792547]}},{"type":"Feature","properties":{"id_punto":1187,"codigo":"PDI-GR13010-00002","tipo":"Cultural","subtipo":"Arqueologico","descripcion":"Petroglifos en el mismo camino"},"geometry":{"type":"Point","coordinates":[-17.975826,28.793083]}},{"type":"Feature","properties":{"id_punto":1188,"codigo":"PDI-GR13010-00001","tipo":"Cultural","subtipo":"Etnog_Otros","descripcion":"Zona llana antiguamente cultivada"},"geometry":{"type":"Point","coordinates":[-17.975332,28.794676]}},{"type":"Feature","properties":{"id_punto":1189,"codigo":"PDI-GR13010-00003","tipo":"Cultural","subtipo":"Etnog_Otros","descripcion":"Depósito acumulador de agua, dornajo y lavaderos"},"geometry":{"type":"Point","coordinates":[-17.975515,28.792891]}},{"type":"Feature","properties":{"id_punto":1190,"codigo":"PDI-GR13010-00005","tipo":"Natural","subtipo":"Geol_Cueva","descripcion":"Cuevas de Buracas"},"geometry":{"type":"Point","coordinates":[-17.976631,28.792753]}}]}